
build/Servo_Controller_f103.elf:     file format elf32-littlearm

Sections:
Idx Name          Size      VMA       LMA       File off  Algn
  0 .isr_vector   0000010c  08000000  08000000  00001000  2**0
                  CONTENTS, ALLOC, LOAD, READONLY, DATA
  1 .text         00003d8c  0800010c  0800010c  0000110c  2**2
                  CONTENTS, ALLOC, LOAD, READONLY, CODE
  2 .rodata       00000040  08003e98  08003e98  00004e98  2**2
                  CONTENTS, ALLOC, LOAD, READONLY, DATA
  3 .init_array   00000004  08003ed8  08003ed8  00004ed8  2**2
                  CONTENTS, ALLOC, LOAD, DATA
  4 .fini_array   00000004  08003edc  08003edc  00004edc  2**2
                  CONTENTS, ALLOC, LOAD, DATA
  5 .data         00000060  20000000  08003ee0  00005000  2**2
                  CONTENTS, ALLOC, LOAD, DATA
  6 .bss          000005d8  20000060  08003f40  00005060  2**2
                  ALLOC
  7 ._user_heap_stack 00000600  20000638  08003f40  00005638  2**0
                  ALLOC
  8 .ARM.attributes 00000029  00000000  00000000  00005060  2**0
                  CONTENTS, READONLY
  9 .comment      00000039  00000000  00000000  00005089  2**0
                  CONTENTS, READONLY
 10 .debug_info   00017b8b  00000000  00000000  000050c2  2**0
                  CONTENTS, READONLY, DEBUGGING, OCTETS
 11 .debug_abbrev 000045e7  00000000  00000000  0001cc4d  2**0
                  CONTENTS, READONLY, DEBUGGING, OCTETS
 12 .debug_loclists 0000953d  00000000  00000000  00021234  2**0
                  CONTENTS, READONLY, DEBUGGING, OCTETS
 13 .debug_aranges 000011f8  00000000  00000000  0002a778  2**3
                  CONTENTS, READONLY, DEBUGGING, OCTETS
 14 .debug_rnglists 00000d05  00000000  00000000  0002b970  2**0
                  CONTENTS, READONLY, DEBUGGING, OCTETS
 15 .debug_line   00012e8b  00000000  00000000  0002c675  2**0
                  CONTENTS, READONLY, DEBUGGING, OCTETS
 16 .debug_str    00004d74  00000000  00000000  0003f500  2**0
                  CONTENTS, READONLY, DEBUGGING, OCTETS
 17 .debug_frame  00002cd4  00000000  00000000  00044274  2**2
                  CONTENTS, READONLY, DEBUGGING, OCTETS
 18 .debug_line_str 00000177  00000000  00000000  00046f48  2**0
                  CONTENTS, READONLY, DEBUGGING, OCTETS

Disassembly of section .text:

0800010c <__aeabi_frsub>:
 800010c:	f080 4000 	eor.w	r0, r0, #2147483648	@ 0x80000000
 8000110:	e002      	b.n	8000118 <__addsf3>
 8000112:	bf00      	nop

08000114 <__aeabi_fsub>:
 8000114:	f081 4100 	eor.w	r1, r1, #2147483648	@ 0x80000000

08000118 <__addsf3>:
 8000118:	0042      	lsls	r2, r0, #1
 800011a:	bf1f      	itttt	ne
 800011c:	ea5f 0341 	movsne.w	r3, r1, lsl #1
 8000120:	ea92 0f03 	teqne	r2, r3
 8000124:	ea7f 6c22 	mvnsne.w	ip, r2, asr #24
 8000128:	ea7f 6c23 	mvnsne.w	ip, r3, asr #24
 800012c:	d06a      	beq.n	8000204 <__addsf3+0xec>
 800012e:	ea4f 6212 	mov.w	r2, r2, lsr #24
 8000132:	ebd2 6313 	rsbs	r3, r2, r3, lsr #24
 8000136:	bfc1      	itttt	gt
 8000138:	18d2      	addgt	r2, r2, r3
 800013a:	4041      	eorgt	r1, r0
 800013c:	4048      	eorgt	r0, r1
 800013e:	4041      	eorgt	r1, r0
 8000140:	bfb8      	it	lt
 8000142:	425b      	neglt	r3, r3
 8000144:	2b19      	cmp	r3, #25
 8000146:	bf88      	it	hi
 8000148:	4770      	bxhi	lr
 800014a:	f010 4f00 	tst.w	r0, #2147483648	@ 0x80000000
 800014e:	f440 0000 	orr.w	r0, r0, #8388608	@ 0x800000
 8000152:	f020 407f 	bic.w	r0, r0, #4278190080	@ 0xff000000
 8000156:	bf18      	it	ne
 8000158:	4240      	negne	r0, r0
 800015a:	f011 4f00 	tst.w	r1, #2147483648	@ 0x80000000
 800015e:	f441 0100 	orr.w	r1, r1, #8388608	@ 0x800000
 8000162:	f021 417f 	bic.w	r1, r1, #4278190080	@ 0xff000000
 8000166:	bf18      	it	ne
 8000168:	4249      	negne	r1, r1
 800016a:	ea92 0f03 	teq	r2, r3
 800016e:	d03f      	beq.n	80001f0 <__addsf3+0xd8>
 8000170:	f1a2 0201 	sub.w	r2, r2, #1
 8000174:	fa41 fc03 	asr.w	ip, r1, r3
 8000178:	eb10 000c 	adds.w	r0, r0, ip
 800017c:	f1c3 0320 	rsb	r3, r3, #32
 8000180:	fa01 f103 	lsl.w	r1, r1, r3
 8000184:	f000 4300 	and.w	r3, r0, #2147483648	@ 0x80000000
 8000188:	d502      	bpl.n	8000190 <__addsf3+0x78>
 800018a:	4249      	negs	r1, r1
 800018c:	eb60 0040 	sbc.w	r0, r0, r0, lsl #1
 8000190:	f5b0 0f00 	cmp.w	r0, #8388608	@ 0x800000
 8000194:	d313      	bcc.n	80001be <__addsf3+0xa6>
 8000196:	f1b0 7f80 	cmp.w	r0, #16777216	@ 0x1000000
 800019a:	d306      	bcc.n	80001aa <__addsf3+0x92>
 800019c:	0840      	lsrs	r0, r0, #1
 800019e:	ea4f 0131 	mov.w	r1, r1, rrx
 80001a2:	f102 0201 	add.w	r2, r2, #1
 80001a6:	2afe      	cmp	r2, #254	@ 0xfe
 80001a8:	d251      	bcs.n	800024e <__addsf3+0x136>
 80001aa:	f1b1 4f00 	cmp.w	r1, #2147483648	@ 0x80000000
 80001ae:	eb40 50c2 	adc.w	r0, r0, r2, lsl #23
 80001b2:	bf08      	it	eq
 80001b4:	f020 0001 	biceq.w	r0, r0, #1
 80001b8:	ea40 0003 	orr.w	r0, r0, r3
 80001bc:	4770      	bx	lr
 80001be:	0049      	lsls	r1, r1, #1
 80001c0:	eb40 0000 	adc.w	r0, r0, r0
 80001c4:	3a01      	subs	r2, #1
 80001c6:	bf28      	it	cs
 80001c8:	f5b0 0f00 	cmpcs.w	r0, #8388608	@ 0x800000
 80001cc:	d2ed      	bcs.n	80001aa <__addsf3+0x92>
 80001ce:	fab0 fc80 	clz	ip, r0
 80001d2:	f1ac 0c08 	sub.w	ip, ip, #8
 80001d6:	ebb2 020c 	subs.w	r2, r2, ip
 80001da:	fa00 f00c 	lsl.w	r0, r0, ip
 80001de:	bfaa      	itet	ge
 80001e0:	eb00 50c2 	addge.w	r0, r0, r2, lsl #23
 80001e4:	4252      	neglt	r2, r2
 80001e6:	4318      	orrge	r0, r3
 80001e8:	bfbc      	itt	lt
 80001ea:	40d0      	lsrlt	r0, r2
 80001ec:	4318      	orrlt	r0, r3
 80001ee:	4770      	bx	lr
 80001f0:	f092 0f00 	teq	r2, #0
 80001f4:	f481 0100 	eor.w	r1, r1, #8388608	@ 0x800000
 80001f8:	bf06      	itte	eq
 80001fa:	f480 0000 	eoreq.w	r0, r0, #8388608	@ 0x800000
 80001fe:	3201      	addeq	r2, #1
 8000200:	3b01      	subne	r3, #1
 8000202:	e7b5      	b.n	8000170 <__addsf3+0x58>
 8000204:	ea4f 0341 	mov.w	r3, r1, lsl #1
 8000208:	ea7f 6c22 	mvns.w	ip, r2, asr #24
 800020c:	bf18      	it	ne
 800020e:	ea7f 6c23 	mvnsne.w	ip, r3, asr #24
 8000212:	d021      	beq.n	8000258 <__addsf3+0x140>
 8000214:	ea92 0f03 	teq	r2, r3
 8000218:	d004      	beq.n	8000224 <__addsf3+0x10c>
 800021a:	f092 0f00 	teq	r2, #0
 800021e:	bf08      	it	eq
 8000220:	4608      	moveq	r0, r1
 8000222:	4770      	bx	lr
 8000224:	ea90 0f01 	teq	r0, r1
 8000228:	bf1c      	itt	ne
 800022a:	2000      	movne	r0, #0
 800022c:	4770      	bxne	lr
 800022e:	f012 4f7f 	tst.w	r2, #4278190080	@ 0xff000000
 8000232:	d104      	bne.n	800023e <__addsf3+0x126>
 8000234:	0040      	lsls	r0, r0, #1
 8000236:	bf28      	it	cs
 8000238:	f040 4000 	orrcs.w	r0, r0, #2147483648	@ 0x80000000
 800023c:	4770      	bx	lr
 800023e:	f112 7200 	adds.w	r2, r2, #33554432	@ 0x2000000
 8000242:	bf3c      	itt	cc
 8000244:	f500 0000 	addcc.w	r0, r0, #8388608	@ 0x800000
 8000248:	4770      	bxcc	lr
 800024a:	f000 4300 	and.w	r3, r0, #2147483648	@ 0x80000000
 800024e:	f043 40fe 	orr.w	r0, r3, #2130706432	@ 0x7f000000
 8000252:	f440 0000 	orr.w	r0, r0, #8388608	@ 0x800000
 8000256:	4770      	bx	lr
 8000258:	ea7f 6222 	mvns.w	r2, r2, asr #24
 800025c:	bf16      	itet	ne
 800025e:	4608      	movne	r0, r1
 8000260:	ea7f 6323 	mvnseq.w	r3, r3, asr #24
 8000264:	4601      	movne	r1, r0
 8000266:	0242      	lsls	r2, r0, #9
 8000268:	bf06      	itte	eq
 800026a:	ea5f 2341 	movseq.w	r3, r1, lsl #9
 800026e:	ea90 0f01 	teqeq	r0, r1
 8000272:	f440 0080 	orrne.w	r0, r0, #4194304	@ 0x400000
 8000276:	4770      	bx	lr

08000278 <__aeabi_ui2f>:
 8000278:	f04f 0300 	mov.w	r3, #0
 800027c:	e004      	b.n	8000288 <__aeabi_i2f+0x8>
 800027e:	bf00      	nop

08000280 <__aeabi_i2f>:
 8000280:	f010 4300 	ands.w	r3, r0, #2147483648	@ 0x80000000
 8000284:	bf48      	it	mi
 8000286:	4240      	negmi	r0, r0
 8000288:	ea5f 0c00 	movs.w	ip, r0
 800028c:	bf08      	it	eq
 800028e:	4770      	bxeq	lr
 8000290:	f043 4396 	orr.w	r3, r3, #1258291200	@ 0x4b000000
 8000294:	4601      	mov	r1, r0
 8000296:	f04f 0000 	mov.w	r0, #0
 800029a:	e01c      	b.n	80002d6 <__aeabi_l2f+0x2a>

0800029c <__aeabi_ul2f>:
 800029c:	ea50 0201 	orrs.w	r2, r0, r1
 80002a0:	bf08      	it	eq
 80002a2:	4770      	bxeq	lr
 80002a4:	f04f 0300 	mov.w	r3, #0
 80002a8:	e00a      	b.n	80002c0 <__aeabi_l2f+0x14>
 80002aa:	bf00      	nop

080002ac <__aeabi_l2f>:
 80002ac:	ea50 0201 	orrs.w	r2, r0, r1
 80002b0:	bf08      	it	eq
 80002b2:	4770      	bxeq	lr
 80002b4:	f011 4300 	ands.w	r3, r1, #2147483648	@ 0x80000000
 80002b8:	d502      	bpl.n	80002c0 <__aeabi_l2f+0x14>
 80002ba:	4240      	negs	r0, r0
 80002bc:	eb61 0141 	sbc.w	r1, r1, r1, lsl #1
 80002c0:	ea5f 0c01 	movs.w	ip, r1
 80002c4:	bf02      	ittt	eq
 80002c6:	4684      	moveq	ip, r0
 80002c8:	4601      	moveq	r1, r0
 80002ca:	2000      	moveq	r0, #0
 80002cc:	f043 43b6 	orr.w	r3, r3, #1526726656	@ 0x5b000000
 80002d0:	bf08      	it	eq
 80002d2:	f1a3 5380 	subeq.w	r3, r3, #268435456	@ 0x10000000
 80002d6:	f5a3 0300 	sub.w	r3, r3, #8388608	@ 0x800000
 80002da:	fabc f28c 	clz	r2, ip
 80002de:	3a08      	subs	r2, #8
 80002e0:	eba3 53c2 	sub.w	r3, r3, r2, lsl #23
 80002e4:	db10      	blt.n	8000308 <__aeabi_l2f+0x5c>
 80002e6:	fa01 fc02 	lsl.w	ip, r1, r2
 80002ea:	4463      	add	r3, ip
 80002ec:	fa00 fc02 	lsl.w	ip, r0, r2
 80002f0:	f1c2 0220 	rsb	r2, r2, #32
 80002f4:	f1bc 4f00 	cmp.w	ip, #2147483648	@ 0x80000000
 80002f8:	fa20 f202 	lsr.w	r2, r0, r2
 80002fc:	eb43 0002 	adc.w	r0, r3, r2
 8000300:	bf08      	it	eq
 8000302:	f020 0001 	biceq.w	r0, r0, #1
 8000306:	4770      	bx	lr
 8000308:	f102 0220 	add.w	r2, r2, #32
 800030c:	fa01 fc02 	lsl.w	ip, r1, r2
 8000310:	f1c2 0220 	rsb	r2, r2, #32
 8000314:	ea50 004c 	orrs.w	r0, r0, ip, lsl #1
 8000318:	fa21 f202 	lsr.w	r2, r1, r2
 800031c:	eb43 0002 	adc.w	r0, r3, r2
 8000320:	bf08      	it	eq
 8000322:	ea20 70dc 	biceq.w	r0, r0, ip, lsr #31
 8000326:	4770      	bx	lr

08000328 <__aeabi_fmul>:
 8000328:	f04f 0cff 	mov.w	ip, #255	@ 0xff
 800032c:	ea1c 52d0 	ands.w	r2, ip, r0, lsr #23
 8000330:	bf1e      	ittt	ne
 8000332:	ea1c 53d1 	andsne.w	r3, ip, r1, lsr #23
 8000336:	ea92 0f0c 	teqne	r2, ip
 800033a:	ea93 0f0c 	teqne	r3, ip
 800033e:	d06f      	beq.n	8000420 <__aeabi_fmul+0xf8>
 8000340:	441a      	add	r2, r3
 8000342:	ea80 0c01 	eor.w	ip, r0, r1
 8000346:	0240      	lsls	r0, r0, #9
 8000348:	bf18      	it	ne
 800034a:	ea5f 2141 	movsne.w	r1, r1, lsl #9
 800034e:	d01e      	beq.n	800038e <__aeabi_fmul+0x66>
 8000350:	f04f 6300 	mov.w	r3, #134217728	@ 0x8000000
 8000354:	ea43 1050 	orr.w	r0, r3, r0, lsr #5
 8000358:	ea43 1151 	orr.w	r1, r3, r1, lsr #5
 800035c:	fba0 3101 	umull	r3, r1, r0, r1
 8000360:	f00c 4000 	and.w	r0, ip, #2147483648	@ 0x80000000
 8000364:	f5b1 0f00 	cmp.w	r1, #8388608	@ 0x800000
 8000368:	bf3e      	ittt	cc
 800036a:	0049      	lslcc	r1, r1, #1
 800036c:	ea41 71d3 	orrcc.w	r1, r1, r3, lsr #31
 8000370:	005b      	lslcc	r3, r3, #1
 8000372:	ea40 0001 	orr.w	r0, r0, r1
 8000376:	f162 027f 	sbc.w	r2, r2, #127	@ 0x7f
 800037a:	2afd      	cmp	r2, #253	@ 0xfd
 800037c:	d81d      	bhi.n	80003ba <__aeabi_fmul+0x92>
 800037e:	f1b3 4f00 	cmp.w	r3, #2147483648	@ 0x80000000
 8000382:	eb40 50c2 	adc.w	r0, r0, r2, lsl #23
 8000386:	bf08      	it	eq
 8000388:	f020 0001 	biceq.w	r0, r0, #1
 800038c:	4770      	bx	lr
 800038e:	f090 0f00 	teq	r0, #0
 8000392:	f00c 4c00 	and.w	ip, ip, #2147483648	@ 0x80000000
 8000396:	bf08      	it	eq
 8000398:	0249      	lsleq	r1, r1, #9
 800039a:	ea4c 2050 	orr.w	r0, ip, r0, lsr #9
 800039e:	ea40 2051 	orr.w	r0, r0, r1, lsr #9
 80003a2:	3a7f      	subs	r2, #127	@ 0x7f
 80003a4:	bfc2      	ittt	gt
 80003a6:	f1d2 03ff 	rsbsgt	r3, r2, #255	@ 0xff
 80003aa:	ea40 50c2 	orrgt.w	r0, r0, r2, lsl #23
 80003ae:	4770      	bxgt	lr
 80003b0:	f440 0000 	orr.w	r0, r0, #8388608	@ 0x800000
 80003b4:	f04f 0300 	mov.w	r3, #0
 80003b8:	3a01      	subs	r2, #1
 80003ba:	dc5d      	bgt.n	8000478 <__aeabi_fmul+0x150>
 80003bc:	f112 0f19 	cmn.w	r2, #25
 80003c0:	bfdc      	itt	le
 80003c2:	f000 4000 	andle.w	r0, r0, #2147483648	@ 0x80000000
 80003c6:	4770      	bxle	lr
 80003c8:	f1c2 0200 	rsb	r2, r2, #0
 80003cc:	0041      	lsls	r1, r0, #1
 80003ce:	fa21 f102 	lsr.w	r1, r1, r2
 80003d2:	f1c2 0220 	rsb	r2, r2, #32
 80003d6:	fa00 fc02 	lsl.w	ip, r0, r2
 80003da:	ea5f 0031 	movs.w	r0, r1, rrx
 80003de:	f140 0000 	adc.w	r0, r0, #0
 80003e2:	ea53 034c 	orrs.w	r3, r3, ip, lsl #1
 80003e6:	bf08      	it	eq
 80003e8:	ea20 70dc 	biceq.w	r0, r0, ip, lsr #31
 80003ec:	4770      	bx	lr
 80003ee:	f092 0f00 	teq	r2, #0
 80003f2:	f000 4c00 	and.w	ip, r0, #2147483648	@ 0x80000000
 80003f6:	bf02      	ittt	eq
 80003f8:	0040      	lsleq	r0, r0, #1
 80003fa:	f410 0f00 	tsteq.w	r0, #8388608	@ 0x800000
 80003fe:	3a01      	subeq	r2, #1
 8000400:	d0f9      	beq.n	80003f6 <__aeabi_fmul+0xce>
 8000402:	ea40 000c 	orr.w	r0, r0, ip
 8000406:	f093 0f00 	teq	r3, #0
 800040a:	f001 4c00 	and.w	ip, r1, #2147483648	@ 0x80000000
 800040e:	bf02      	ittt	eq
 8000410:	0049      	lsleq	r1, r1, #1
 8000412:	f411 0f00 	tsteq.w	r1, #8388608	@ 0x800000
 8000416:	3b01      	subeq	r3, #1
 8000418:	d0f9      	beq.n	800040e <__aeabi_fmul+0xe6>
 800041a:	ea41 010c 	orr.w	r1, r1, ip
 800041e:	e78f      	b.n	8000340 <__aeabi_fmul+0x18>
 8000420:	ea0c 53d1 	and.w	r3, ip, r1, lsr #23
 8000424:	ea92 0f0c 	teq	r2, ip
 8000428:	bf18      	it	ne
 800042a:	ea93 0f0c 	teqne	r3, ip
 800042e:	d00a      	beq.n	8000446 <__aeabi_fmul+0x11e>
 8000430:	f030 4c00 	bics.w	ip, r0, #2147483648	@ 0x80000000
 8000434:	bf18      	it	ne
 8000436:	f031 4c00 	bicsne.w	ip, r1, #2147483648	@ 0x80000000
 800043a:	d1d8      	bne.n	80003ee <__aeabi_fmul+0xc6>
 800043c:	ea80 0001 	eor.w	r0, r0, r1
 8000440:	f000 4000 	and.w	r0, r0, #2147483648	@ 0x80000000
 8000444:	4770      	bx	lr
 8000446:	f090 0f00 	teq	r0, #0
 800044a:	bf17      	itett	ne
 800044c:	f090 4f00 	teqne	r0, #2147483648	@ 0x80000000
 8000450:	4608      	moveq	r0, r1
 8000452:	f091 0f00 	teqne	r1, #0
 8000456:	f091 4f00 	teqne	r1, #2147483648	@ 0x80000000
 800045a:	d014      	beq.n	8000486 <__aeabi_fmul+0x15e>
 800045c:	ea92 0f0c 	teq	r2, ip
 8000460:	d101      	bne.n	8000466 <__aeabi_fmul+0x13e>
 8000462:	0242      	lsls	r2, r0, #9
 8000464:	d10f      	bne.n	8000486 <__aeabi_fmul+0x15e>
 8000466:	ea93 0f0c 	teq	r3, ip
 800046a:	d103      	bne.n	8000474 <__aeabi_fmul+0x14c>
 800046c:	024b      	lsls	r3, r1, #9
 800046e:	bf18      	it	ne
 8000470:	4608      	movne	r0, r1
 8000472:	d108      	bne.n	8000486 <__aeabi_fmul+0x15e>
 8000474:	ea80 0001 	eor.w	r0, r0, r1
 8000478:	f000 4000 	and.w	r0, r0, #2147483648	@ 0x80000000
 800047c:	f040 40fe 	orr.w	r0, r0, #2130706432	@ 0x7f000000
 8000480:	f440 0000 	orr.w	r0, r0, #8388608	@ 0x800000
 8000484:	4770      	bx	lr
 8000486:	f040 40fe 	orr.w	r0, r0, #2130706432	@ 0x7f000000
 800048a:	f440 0040 	orr.w	r0, r0, #12582912	@ 0xc00000
 800048e:	4770      	bx	lr

08000490 <__aeabi_fdiv>:
 8000490:	f04f 0cff 	mov.w	ip, #255	@ 0xff
 8000494:	ea1c 52d0 	ands.w	r2, ip, r0, lsr #23
 8000498:	bf1e      	ittt	ne
 800049a:	ea1c 53d1 	andsne.w	r3, ip, r1, lsr #23
 800049e:	ea92 0f0c 	teqne	r2, ip
 80004a2:	ea93 0f0c 	teqne	r3, ip
 80004a6:	d069      	beq.n	800057c <__aeabi_fdiv+0xec>
 80004a8:	eba2 0203 	sub.w	r2, r2, r3
 80004ac:	ea80 0c01 	eor.w	ip, r0, r1
 80004b0:	0249      	lsls	r1, r1, #9
 80004b2:	ea4f 2040 	mov.w	r0, r0, lsl #9
 80004b6:	d037      	beq.n	8000528 <__aeabi_fdiv+0x98>
 80004b8:	f04f 5380 	mov.w	r3, #268435456	@ 0x10000000
 80004bc:	ea43 1111 	orr.w	r1, r3, r1, lsr #4
 80004c0:	ea43 1310 	orr.w	r3, r3, r0, lsr #4
 80004c4:	f00c 4000 	and.w	r0, ip, #2147483648	@ 0x80000000
 80004c8:	428b      	cmp	r3, r1
 80004ca:	bf38      	it	cc
 80004cc:	005b      	lslcc	r3, r3, #1
 80004ce:	f142 027d 	adc.w	r2, r2, #125	@ 0x7d
 80004d2:	f44f 0c00 	mov.w	ip, #8388608	@ 0x800000
 80004d6:	428b      	cmp	r3, r1
 80004d8:	bf24      	itt	cs
 80004da:	1a5b      	subcs	r3, r3, r1
 80004dc:	ea40 000c 	orrcs.w	r0, r0, ip
 80004e0:	ebb3 0f51 	cmp.w	r3, r1, lsr #1
 80004e4:	bf24      	itt	cs
 80004e6:	eba3 0351 	subcs.w	r3, r3, r1, lsr #1
 80004ea:	ea40 005c 	orrcs.w	r0, r0, ip, lsr #1
 80004ee:	ebb3 0f91 	cmp.w	r3, r1, lsr #2
 80004f2:	bf24      	itt	cs
 80004f4:	eba3 0391 	subcs.w	r3, r3, r1, lsr #2
 80004f8:	ea40 009c 	orrcs.w	r0, r0, ip, lsr #2
 80004fc:	ebb3 0fd1 	cmp.w	r3, r1, lsr #3
 8000500:	bf24      	itt	cs
 8000502:	eba3 03d1 	subcs.w	r3, r3, r1, lsr #3
 8000506:	ea40 00dc 	orrcs.w	r0, r0, ip, lsr #3
 800050a:	011b      	lsls	r3, r3, #4
 800050c:	bf18      	it	ne
 800050e:	ea5f 1c1c 	movsne.w	ip, ip, lsr #4
 8000512:	d1e0      	bne.n	80004d6 <__aeabi_fdiv+0x46>
 8000514:	2afd      	cmp	r2, #253	@ 0xfd
 8000516:	f63f af50 	bhi.w	80003ba <__aeabi_fmul+0x92>
 800051a:	428b      	cmp	r3, r1
 800051c:	eb40 50c2 	adc.w	r0, r0, r2, lsl #23
 8000520:	bf08      	it	eq
 8000522:	f020 0001 	biceq.w	r0, r0, #1
 8000526:	4770      	bx	lr
 8000528:	f00c 4c00 	and.w	ip, ip, #2147483648	@ 0x80000000
 800052c:	ea4c 2050 	orr.w	r0, ip, r0, lsr #9
 8000530:	327f      	adds	r2, #127	@ 0x7f
 8000532:	bfc2      	ittt	gt
 8000534:	f1d2 03ff 	rsbsgt	r3, r2, #255	@ 0xff
 8000538:	ea40 50c2 	orrgt.w	r0, r0, r2, lsl #23
 800053c:	4770      	bxgt	lr
 800053e:	f440 0000 	orr.w	r0, r0, #8388608	@ 0x800000
 8000542:	f04f 0300 	mov.w	r3, #0
 8000546:	3a01      	subs	r2, #1
 8000548:	e737      	b.n	80003ba <__aeabi_fmul+0x92>
 800054a:	f092 0f00 	teq	r2, #0
 800054e:	f000 4c00 	and.w	ip, r0, #2147483648	@ 0x80000000
 8000552:	bf02      	ittt	eq
 8000554:	0040      	lsleq	r0, r0, #1
 8000556:	f410 0f00 	tsteq.w	r0, #8388608	@ 0x800000
 800055a:	3a01      	subeq	r2, #1
 800055c:	d0f9      	beq.n	8000552 <__aeabi_fdiv+0xc2>
 800055e:	ea40 000c 	orr.w	r0, r0, ip
 8000562:	f093 0f00 	teq	r3, #0
 8000566:	f001 4c00 	and.w	ip, r1, #2147483648	@ 0x80000000
 800056a:	bf02      	ittt	eq
 800056c:	0049      	lsleq	r1, r1, #1
 800056e:	f411 0f00 	tsteq.w	r1, #8388608	@ 0x800000
 8000572:	3b01      	subeq	r3, #1
 8000574:	d0f9      	beq.n	800056a <__aeabi_fdiv+0xda>
 8000576:	ea41 010c 	orr.w	r1, r1, ip
 800057a:	e795      	b.n	80004a8 <__aeabi_fdiv+0x18>
 800057c:	ea0c 53d1 	and.w	r3, ip, r1, lsr #23
 8000580:	ea92 0f0c 	teq	r2, ip
 8000584:	d108      	bne.n	8000598 <__aeabi_fdiv+0x108>
 8000586:	0242      	lsls	r2, r0, #9
 8000588:	f47f af7d 	bne.w	8000486 <__aeabi_fmul+0x15e>
 800058c:	ea93 0f0c 	teq	r3, ip
 8000590:	f47f af70 	bne.w	8000474 <__aeabi_fmul+0x14c>
 8000594:	4608      	mov	r0, r1
 8000596:	e776      	b.n	8000486 <__aeabi_fmul+0x15e>
 8000598:	ea93 0f0c 	teq	r3, ip
 800059c:	d104      	bne.n	80005a8 <__aeabi_fdiv+0x118>
 800059e:	024b      	lsls	r3, r1, #9
 80005a0:	f43f af4c 	beq.w	800043c <__aeabi_fmul+0x114>
 80005a4:	4608      	mov	r0, r1
 80005a6:	e76e      	b.n	8000486 <__aeabi_fmul+0x15e>
 80005a8:	f030 4c00 	bics.w	ip, r0, #2147483648	@ 0x80000000
 80005ac:	bf18      	it	ne
 80005ae:	f031 4c00 	bicsne.w	ip, r1, #2147483648	@ 0x80000000
 80005b2:	d1ca      	bne.n	800054a <__aeabi_fdiv+0xba>
 80005b4:	f030 4200 	bics.w	r2, r0, #2147483648	@ 0x80000000
 80005b8:	f47f af5c 	bne.w	8000474 <__aeabi_fmul+0x14c>
 80005bc:	f031 4300 	bics.w	r3, r1, #2147483648	@ 0x80000000
 80005c0:	f47f af3c 	bne.w	800043c <__aeabi_fmul+0x114>
 80005c4:	e75f      	b.n	8000486 <__aeabi_fmul+0x15e>
 80005c6:	bf00      	nop

080005c8 <__aeabi_f2iz>:
 80005c8:	ea4f 0240 	mov.w	r2, r0, lsl #1
 80005cc:	f1b2 4ffe 	cmp.w	r2, #2130706432	@ 0x7f000000
 80005d0:	d30f      	bcc.n	80005f2 <__aeabi_f2iz+0x2a>
 80005d2:	f04f 039e 	mov.w	r3, #158	@ 0x9e
 80005d6:	ebb3 6212 	subs.w	r2, r3, r2, lsr #24
 80005da:	d90d      	bls.n	80005f8 <__aeabi_f2iz+0x30>
 80005dc:	ea4f 2300 	mov.w	r3, r0, lsl #8
 80005e0:	f043 4300 	orr.w	r3, r3, #2147483648	@ 0x80000000
 80005e4:	f010 4f00 	tst.w	r0, #2147483648	@ 0x80000000
 80005e8:	fa23 f002 	lsr.w	r0, r3, r2
 80005ec:	bf18      	it	ne
 80005ee:	4240      	negne	r0, r0
 80005f0:	4770      	bx	lr
 80005f2:	f04f 0000 	mov.w	r0, #0
 80005f6:	4770      	bx	lr
 80005f8:	f112 0f61 	cmn.w	r2, #97	@ 0x61
 80005fc:	d101      	bne.n	8000602 <__aeabi_f2iz+0x3a>
 80005fe:	0242      	lsls	r2, r0, #9
 8000600:	d105      	bne.n	800060e <__aeabi_f2iz+0x46>
 8000602:	f010 4000 	ands.w	r0, r0, #2147483648	@ 0x80000000
 8000606:	bf08      	it	eq
 8000608:	f06f 4000 	mvneq.w	r0, #2147483648	@ 0x80000000
 800060c:	4770      	bx	lr
 800060e:	f04f 0000 	mov.w	r0, #0
 8000612:	4770      	bx	lr

08000614 <__do_global_dtors_aux>:
 8000614:	b510      	push	{r4, lr}
 8000616:	4c05      	ldr	r4, [pc, #20]	@ (800062c <__do_global_dtors_aux+0x18>)
 8000618:	7823      	ldrb	r3, [r4, #0]
 800061a:	b933      	cbnz	r3, 800062a <__do_global_dtors_aux+0x16>
 800061c:	4b04      	ldr	r3, [pc, #16]	@ (8000630 <__do_global_dtors_aux+0x1c>)
 800061e:	b113      	cbz	r3, 8000626 <__do_global_dtors_aux+0x12>
 8000620:	4804      	ldr	r0, [pc, #16]	@ (8000634 <__do_global_dtors_aux+0x20>)
 8000622:	f3af 8000 	nop.w
 8000626:	2301      	movs	r3, #1
 8000628:	7023      	strb	r3, [r4, #0]
 800062a:	bd10      	pop	{r4, pc}
 800062c:	20000060 	.word	0x20000060
 8000630:	00000000 	.word	0x00000000
 8000634:	08003e80 	.word	0x08003e80

08000638 <frame_dummy>:
 8000638:	b508      	push	{r3, lr}
 800063a:	4b03      	ldr	r3, [pc, #12]	@ (8000648 <frame_dummy+0x10>)
 800063c:	b11b      	cbz	r3, 8000646 <frame_dummy+0xe>
 800063e:	4903      	ldr	r1, [pc, #12]	@ (800064c <frame_dummy+0x14>)
 8000640:	4803      	ldr	r0, [pc, #12]	@ (8000650 <frame_dummy+0x18>)
 8000642:	f3af 8000 	nop.w
 8000646:	bd08      	pop	{r3, pc}
 8000648:	00000000 	.word	0x00000000
 800064c:	20000064 	.word	0x20000064
 8000650:	08003e80 	.word	0x08003e80

08000654 <MX_ADC1_Init>:
ADC_HandleTypeDef hadc1;
DMA_HandleTypeDef hdma_adc1;

/* ADC1 init function */
void MX_ADC1_Init(void)
{
 8000654:	b500      	push	{lr}
 8000656:	b085      	sub	sp, #20

  /* USER CODE BEGIN ADC1_Init 0 */

  /* USER CODE END ADC1_Init 0 */

  ADC_ChannelConfTypeDef sConfig = {0};
 8000658:	2300      	movs	r3, #0
 800065a:	9301      	str	r3, [sp, #4]
 800065c:	9302      	str	r3, [sp, #8]
 800065e:	9303      	str	r3, [sp, #12]

  /* USER CODE END ADC1_Init 1 */

  /** Common config
  */
  hadc1.Instance = ADC1;
 8000660:	4818      	ldr	r0, [pc, #96]	@ (80006c4 <MX_ADC1_Init+0x70>)
 8000662:	4a19      	ldr	r2, [pc, #100]	@ (80006c8 <MX_ADC1_Init+0x74>)
 8000664:	6002      	str	r2, [r0, #0]
  hadc1.Init.ScanConvMode = ADC_SCAN_ENABLE;
 8000666:	f44f 7280 	mov.w	r2, #256	@ 0x100
 800066a:	6082      	str	r2, [r0, #8]
  hadc1.Init.ContinuousConvMode = DISABLE;
 800066c:	7303      	strb	r3, [r0, #12]
  hadc1.Init.DiscontinuousConvMode = DISABLE;
 800066e:	7503      	strb	r3, [r0, #20]
  hadc1.Init.ExternalTrigConv = ADC_EXTERNALTRIGCONV_T3_TRGO;
 8000670:	f44f 2200 	mov.w	r2, #524288	@ 0x80000
 8000674:	61c2      	str	r2, [r0, #28]
  hadc1.Init.DataAlign = ADC_DATAALIGN_RIGHT;
 8000676:	6043      	str	r3, [r0, #4]
  hadc1.Init.NbrOfConversion = 2;
 8000678:	2302      	movs	r3, #2
 800067a:	6103      	str	r3, [r0, #16]
  if (HAL_ADC_Init(&hadc1) != HAL_OK)
 800067c:	f001 fb9c 	bl	8001db8 <HAL_ADC_Init>
 8000680:	b9b0      	cbnz	r0, 80006b0 <MX_ADC1_Init+0x5c>
    Error_Handler();
  }

  /** Configure Regular Channel
  */
  sConfig.Channel = ADC_CHANNEL_2;
 8000682:	2302      	movs	r3, #2
 8000684:	9301      	str	r3, [sp, #4]
  sConfig.Rank = ADC_REGULAR_RANK_1;
 8000686:	2301      	movs	r3, #1
 8000688:	9302      	str	r3, [sp, #8]
  sConfig.SamplingTime = ADC_SAMPLETIME_239CYCLES_5;
 800068a:	2307      	movs	r3, #7
 800068c:	9303      	str	r3, [sp, #12]
  if (HAL_ADC_ConfigChannel(&hadc1, &sConfig) != HAL_OK)
 800068e:	a901      	add	r1, sp, #4
 8000690:	480c      	ldr	r0, [pc, #48]	@ (80006c4 <MX_ADC1_Init+0x70>)
 8000692:	f001 f9e9 	bl	8001a68 <HAL_ADC_ConfigChannel>
 8000696:	b970      	cbnz	r0, 80006b6 <MX_ADC1_Init+0x62>
    Error_Handler();
  }

  /** Configure Regular Channel
  */
  sConfig.Channel = ADC_CHANNEL_3;
 8000698:	2303      	movs	r3, #3
 800069a:	9301      	str	r3, [sp, #4]
  sConfig.Rank = ADC_REGULAR_RANK_2;
 800069c:	2302      	movs	r3, #2
 800069e:	9302      	str	r3, [sp, #8]
  if (HAL_ADC_ConfigChannel(&hadc1, &sConfig) != HAL_OK)
 80006a0:	a901      	add	r1, sp, #4
 80006a2:	4808      	ldr	r0, [pc, #32]	@ (80006c4 <MX_ADC1_Init+0x70>)
 80006a4:	f001 f9e0 	bl	8001a68 <HAL_ADC_ConfigChannel>
 80006a8:	b940      	cbnz	r0, 80006bc <MX_ADC1_Init+0x68>
  }
  /* USER CODE BEGIN ADC1_Init 2 */

  /* USER CODE END ADC1_Init 2 */

}
 80006aa:	b005      	add	sp, #20
 80006ac:	f85d fb04 	ldr.w	pc, [sp], #4
    Error_Handler();
 80006b0:	f000 fa94 	bl	8000bdc <Error_Handler>
 80006b4:	e7e5      	b.n	8000682 <MX_ADC1_Init+0x2e>
    Error_Handler();
 80006b6:	f000 fa91 	bl	8000bdc <Error_Handler>
 80006ba:	e7ed      	b.n	8000698 <MX_ADC1_Init+0x44>
    Error_Handler();
 80006bc:	f000 fa8e 	bl	8000bdc <Error_Handler>
}
 80006c0:	e7f3      	b.n	80006aa <MX_ADC1_Init+0x56>
 80006c2:	bf00      	nop
 80006c4:	200000c0 	.word	0x200000c0
 80006c8:	40012400 	.word	0x40012400

080006cc <HAL_ADC_MspInit>:

void HAL_ADC_MspInit(ADC_HandleTypeDef* adcHandle)
{
 80006cc:	b510      	push	{r4, lr}
 80006ce:	b086      	sub	sp, #24

  GPIO_InitTypeDef GPIO_InitStruct = {0};
 80006d0:	2300      	movs	r3, #0
 80006d2:	9302      	str	r3, [sp, #8]
 80006d4:	9303      	str	r3, [sp, #12]
 80006d6:	9304      	str	r3, [sp, #16]
 80006d8:	9305      	str	r3, [sp, #20]
  if(adcHandle->Instance==ADC1)
 80006da:	6802      	ldr	r2, [r0, #0]
 80006dc:	4b1e      	ldr	r3, [pc, #120]	@ (8000758 <HAL_ADC_MspInit+0x8c>)
 80006de:	429a      	cmp	r2, r3
 80006e0:	d001      	beq.n	80006e6 <HAL_ADC_MspInit+0x1a>

  /* USER CODE BEGIN ADC1_MspInit 1 */

  /* USER CODE END ADC1_MspInit 1 */
  }
}
 80006e2:	b006      	add	sp, #24
 80006e4:	bd10      	pop	{r4, pc}
 80006e6:	4604      	mov	r4, r0
    __HAL_RCC_ADC1_CLK_ENABLE();
 80006e8:	f503 436c 	add.w	r3, r3, #60416	@ 0xec00
 80006ec:	699a      	ldr	r2, [r3, #24]
 80006ee:	f442 7200 	orr.w	r2, r2, #512	@ 0x200
 80006f2:	619a      	str	r2, [r3, #24]
 80006f4:	699a      	ldr	r2, [r3, #24]
 80006f6:	f402 7200 	and.w	r2, r2, #512	@ 0x200
 80006fa:	9200      	str	r2, [sp, #0]
 80006fc:	9a00      	ldr	r2, [sp, #0]
    __HAL_RCC_GPIOA_CLK_ENABLE();
 80006fe:	699a      	ldr	r2, [r3, #24]
 8000700:	f042 0204 	orr.w	r2, r2, #4
 8000704:	619a      	str	r2, [r3, #24]
 8000706:	699b      	ldr	r3, [r3, #24]
 8000708:	f003 0304 	and.w	r3, r3, #4
 800070c:	9301      	str	r3, [sp, #4]
 800070e:	9b01      	ldr	r3, [sp, #4]
    GPIO_InitStruct.Pin = GPIO_PIN_2|GPIO_PIN_3;
 8000710:	230c      	movs	r3, #12
 8000712:	9302      	str	r3, [sp, #8]
    GPIO_InitStruct.Mode = GPIO_MODE_ANALOG;
 8000714:	2303      	movs	r3, #3
 8000716:	9303      	str	r3, [sp, #12]
    HAL_GPIO_Init(GPIOA, &GPIO_InitStruct);
 8000718:	a902      	add	r1, sp, #8
 800071a:	4810      	ldr	r0, [pc, #64]	@ (800075c <HAL_ADC_MspInit+0x90>)
 800071c:	f001 fe70 	bl	8002400 <HAL_GPIO_Init>
    hdma_adc1.Instance = DMA1_Channel1;
 8000720:	480f      	ldr	r0, [pc, #60]	@ (8000760 <HAL_ADC_MspInit+0x94>)
 8000722:	4b10      	ldr	r3, [pc, #64]	@ (8000764 <HAL_ADC_MspInit+0x98>)
 8000724:	6003      	str	r3, [r0, #0]
    hdma_adc1.Init.Direction = DMA_PERIPH_TO_MEMORY;
 8000726:	2300      	movs	r3, #0
 8000728:	6043      	str	r3, [r0, #4]
    hdma_adc1.Init.PeriphInc = DMA_PINC_DISABLE;
 800072a:	6083      	str	r3, [r0, #8]
    hdma_adc1.Init.MemInc = DMA_MINC_ENABLE;
 800072c:	2280      	movs	r2, #128	@ 0x80
 800072e:	60c2      	str	r2, [r0, #12]
    hdma_adc1.Init.PeriphDataAlignment = DMA_PDATAALIGN_HALFWORD;
 8000730:	f44f 7280 	mov.w	r2, #256	@ 0x100
 8000734:	6102      	str	r2, [r0, #16]
    hdma_adc1.Init.MemDataAlignment = DMA_MDATAALIGN_HALFWORD;
 8000736:	f44f 6280 	mov.w	r2, #1024	@ 0x400
 800073a:	6142      	str	r2, [r0, #20]
    hdma_adc1.Init.Mode = DMA_CIRCULAR;
 800073c:	2220      	movs	r2, #32
 800073e:	6182      	str	r2, [r0, #24]
    hdma_adc1.Init.Priority = DMA_PRIORITY_LOW;
 8000740:	61c3      	str	r3, [r0, #28]
    if (HAL_DMA_Init(&hdma_adc1) != HAL_OK)
 8000742:	f001 fcff 	bl	8002144 <HAL_DMA_Init>
 8000746:	b918      	cbnz	r0, 8000750 <HAL_ADC_MspInit+0x84>
    __HAL_LINKDMA(adcHandle,DMA_Handle,hdma_adc1);
 8000748:	4b05      	ldr	r3, [pc, #20]	@ (8000760 <HAL_ADC_MspInit+0x94>)
 800074a:	6223      	str	r3, [r4, #32]
 800074c:	625c      	str	r4, [r3, #36]	@ 0x24
}
 800074e:	e7c8      	b.n	80006e2 <HAL_ADC_MspInit+0x16>
      Error_Handler();
 8000750:	f000 fa44 	bl	8000bdc <Error_Handler>
 8000754:	e7f8      	b.n	8000748 <HAL_ADC_MspInit+0x7c>
 8000756:	bf00      	nop
 8000758:	40012400 	.word	0x40012400
 800075c:	40010800 	.word	0x40010800
 8000760:	2000007c 	.word	0x2000007c
 8000764:	40020008 	.word	0x40020008

08000768 <adc_cur_init>:
EMA_iq18 *filter1, *filter2;
uint32_t check;
int ch_order = 1;

void adc_cur_init()
{
 8000768:	b538      	push	{r3, r4, r5, lr}
    // Starting DMA for capturing current measures from ADC
    HAL_ADC_Start_DMA(&hadc1, (uint32_t *)&adc, 2);
 800076a:	4c0d      	ldr	r4, [pc, #52]	@ (80007a0 <adc_cur_init+0x38>)
 800076c:	2202      	movs	r2, #2
 800076e:	4621      	mov	r1, r4
 8000770:	480c      	ldr	r0, [pc, #48]	@ (80007a4 <adc_cur_init+0x3c>)
 8000772:	f001 fa5d 	bl	8001c30 <HAL_ADC_Start_DMA>

    // Initia;lization of filters
    filter1 = initEMA_iq18(0.005, _IQ18(2048));
 8000776:	4d0c      	ldr	r5, [pc, #48]	@ (80007a8 <adc_cur_init+0x40>)
 8000778:	f04f 5100 	mov.w	r1, #536870912	@ 0x20000000
 800077c:	4628      	mov	r0, r5
 800077e:	f000 f8a1 	bl	80008c4 <initEMA_iq18>
 8000782:	4b0a      	ldr	r3, [pc, #40]	@ (80007ac <adc_cur_init+0x44>)
 8000784:	6018      	str	r0, [r3, #0]
    filter2 = initEMA_iq18(0.005, _IQ18(2048));
 8000786:	f04f 5100 	mov.w	r1, #536870912	@ 0x20000000
 800078a:	4628      	mov	r0, r5
 800078c:	f000 f89a 	bl	80008c4 <initEMA_iq18>
 8000790:	4b07      	ldr	r3, [pc, #28]	@ (80007b0 <adc_cur_init+0x48>)
 8000792:	6018      	str	r0, [r3, #0]
    adc[0] = 2048;
 8000794:	f44f 6300 	mov.w	r3, #2048	@ 0x800
 8000798:	8023      	strh	r3, [r4, #0]
    adc[1] = 2048;
 800079a:	8063      	strh	r3, [r4, #2]
}
 800079c:	bd38      	pop	{r3, r4, r5, pc}
 800079e:	bf00      	nop
 80007a0:	20000100 	.word	0x20000100
 80007a4:	200000c0 	.word	0x200000c0
 80007a8:	3ba3d70a 	.word	0x3ba3d70a
 80007ac:	200000f4 	.word	0x200000f4
 80007b0:	200000f0 	.word	0x200000f0

080007b4 <adc_callback_handler>:

void adc_callback_handler()
{
    ch_order = !ch_order;
 80007b4:	4a1b      	ldr	r2, [pc, #108]	@ (8000824 <adc_callback_handler+0x70>)
 80007b6:	6813      	ldr	r3, [r2, #0]
 80007b8:	fab3 f383 	clz	r3, r3
 80007bc:	095b      	lsrs	r3, r3, #5
 80007be:	6013      	str	r3, [r2, #0]

    if (system_enabled)
 80007c0:	4a19      	ldr	r2, [pc, #100]	@ (8000828 <adc_callback_handler+0x74>)
 80007c2:	7812      	ldrb	r2, [r2, #0]
 80007c4:	b36a      	cbz	r2, 8000822 <adc_callback_handler+0x6e>
{
 80007c6:	b510      	push	{r4, lr}
    {
        if (!ch_order)
 80007c8:	b9ab      	cbnz	r3, 80007f6 <adc_callback_handler+0x42>
        {
            _iq18 adc_filtered = updateEMA_iq18(filter1, _IQ18(adc[ch_order]));
 80007ca:	4a18      	ldr	r2, [pc, #96]	@ (800082c <adc_callback_handler+0x78>)
 80007cc:	f832 1013 	ldrh.w	r1, [r2, r3, lsl #1]
 80007d0:	0489      	lsls	r1, r1, #18
 80007d2:	4b17      	ldr	r3, [pc, #92]	@ (8000830 <adc_callback_handler+0x7c>)
 80007d4:	6818      	ldr	r0, [r3, #0]
 80007d6:	f000 f888 	bl	80008ea <updateEMA_iq18>
            current[ch_order] = _IQ18mpy((adc_filtered - _IQ18(2048)), _IQ18(CUR_SENSOR_GAIN));
 80007da:	f44f 71a0 	mov.w	r1, #320	@ 0x140
 80007de:	f100 4060 	add.w	r0, r0, #3758096384	@ 0xe0000000
 80007e2:	f003 fa39 	bl	8003c58 <_IQ18mpy>
 80007e6:	4b0f      	ldr	r3, [pc, #60]	@ (8000824 <adc_callback_handler+0x70>)
 80007e8:	681c      	ldr	r4, [r3, #0]
 80007ea:	f7ff fd49 	bl	8000280 <__aeabi_i2f>
 80007ee:	4b11      	ldr	r3, [pc, #68]	@ (8000834 <adc_callback_handler+0x80>)
 80007f0:	f843 0024 	str.w	r0, [r3, r4, lsl #2]
        {
            _iq18 adc_filtered = updateEMA_iq18(filter2, _IQ18(adc[ch_order]));
            current[ch_order] = _IQ18mpy((adc_filtered - _IQ18(2048)), _IQ18(CUR_SENSOR_GAIN));
        }
    }
}
 80007f4:	bd10      	pop	{r4, pc}
            _iq18 adc_filtered = updateEMA_iq18(filter2, _IQ18(adc[ch_order]));
 80007f6:	4a0d      	ldr	r2, [pc, #52]	@ (800082c <adc_callback_handler+0x78>)
 80007f8:	f832 1013 	ldrh.w	r1, [r2, r3, lsl #1]
 80007fc:	0489      	lsls	r1, r1, #18
 80007fe:	4b0e      	ldr	r3, [pc, #56]	@ (8000838 <adc_callback_handler+0x84>)
 8000800:	6818      	ldr	r0, [r3, #0]
 8000802:	f000 f872 	bl	80008ea <updateEMA_iq18>
            current[ch_order] = _IQ18mpy((adc_filtered - _IQ18(2048)), _IQ18(CUR_SENSOR_GAIN));
 8000806:	f44f 71a0 	mov.w	r1, #320	@ 0x140
 800080a:	f100 4060 	add.w	r0, r0, #3758096384	@ 0xe0000000
 800080e:	f003 fa23 	bl	8003c58 <_IQ18mpy>
 8000812:	4b04      	ldr	r3, [pc, #16]	@ (8000824 <adc_callback_handler+0x70>)
 8000814:	681c      	ldr	r4, [r3, #0]
 8000816:	f7ff fd33 	bl	8000280 <__aeabi_i2f>
 800081a:	4b06      	ldr	r3, [pc, #24]	@ (8000834 <adc_callback_handler+0x80>)
 800081c:	f843 0024 	str.w	r0, [r3, r4, lsl #2]
}
 8000820:	e7e8      	b.n	80007f4 <adc_callback_handler+0x40>
 8000822:	4770      	bx	lr
 8000824:	20000000 	.word	0x20000000
 8000828:	2000010d 	.word	0x2000010d
 800082c:	20000100 	.word	0x20000100
 8000830:	200000f4 	.word	0x200000f4
 8000834:	200000f8 	.word	0x200000f8
 8000838:	200000f0 	.word	0x200000f0

0800083c <HAL_ADC_ConvCpltCallback>:

void HAL_ADC_ConvCpltCallback(ADC_HandleTypeDef *hadc)
{
 800083c:	b508      	push	{r3, lr}
    // check++;
    adc_callback_handler();
 800083e:	f7ff ffb9 	bl	80007b4 <adc_callback_handler>
 8000842:	bd08      	pop	{r3, pc}

08000844 <MX_CRC_Init>:

CRC_HandleTypeDef hcrc;

/* CRC init function */
void MX_CRC_Init(void)
{
 8000844:	b508      	push	{r3, lr}
  /* USER CODE END CRC_Init 0 */

  /* USER CODE BEGIN CRC_Init 1 */

  /* USER CODE END CRC_Init 1 */
  hcrc.Instance = CRC;
 8000846:	4805      	ldr	r0, [pc, #20]	@ (800085c <MX_CRC_Init+0x18>)
 8000848:	4b05      	ldr	r3, [pc, #20]	@ (8000860 <MX_CRC_Init+0x1c>)
 800084a:	6003      	str	r3, [r0, #0]
  if (HAL_CRC_Init(&hcrc) != HAL_OK)
 800084c:	f001 fc30 	bl	80020b0 <HAL_CRC_Init>
 8000850:	b900      	cbnz	r0, 8000854 <MX_CRC_Init+0x10>
  }
  /* USER CODE BEGIN CRC_Init 2 */

  /* USER CODE END CRC_Init 2 */

}
 8000852:	bd08      	pop	{r3, pc}
    Error_Handler();
 8000854:	f000 f9c2 	bl	8000bdc <Error_Handler>
}
 8000858:	e7fb      	b.n	8000852 <MX_CRC_Init+0xe>
 800085a:	bf00      	nop
 800085c:	20000104 	.word	0x20000104
 8000860:	40023000 	.word	0x40023000

08000864 <HAL_CRC_MspInit>:

void HAL_CRC_MspInit(CRC_HandleTypeDef* crcHandle)
{

  if(crcHandle->Instance==CRC)
 8000864:	6802      	ldr	r2, [r0, #0]
 8000866:	4b09      	ldr	r3, [pc, #36]	@ (800088c <HAL_CRC_MspInit+0x28>)
 8000868:	429a      	cmp	r2, r3
 800086a:	d000      	beq.n	800086e <HAL_CRC_MspInit+0xa>
 800086c:	4770      	bx	lr
{
 800086e:	b082      	sub	sp, #8
  {
  /* USER CODE BEGIN CRC_MspInit 0 */

  /* USER CODE END CRC_MspInit 0 */
    /* CRC clock enable */
    __HAL_RCC_CRC_CLK_ENABLE();
 8000870:	f5a3 5300 	sub.w	r3, r3, #8192	@ 0x2000
 8000874:	695a      	ldr	r2, [r3, #20]
 8000876:	f042 0240 	orr.w	r2, r2, #64	@ 0x40
 800087a:	615a      	str	r2, [r3, #20]
 800087c:	695b      	ldr	r3, [r3, #20]
 800087e:	f003 0340 	and.w	r3, r3, #64	@ 0x40
 8000882:	9301      	str	r3, [sp, #4]
 8000884:	9b01      	ldr	r3, [sp, #4]
  /* USER CODE BEGIN CRC_MspInit 1 */

  /* USER CODE END CRC_MspInit 1 */
  }
}
 8000886:	b002      	add	sp, #8
 8000888:	4770      	bx	lr
 800088a:	bf00      	nop
 800088c:	40023000 	.word	0x40023000

08000890 <MX_DMA_Init>:

/**
  * Enable DMA controller clock
  */
void MX_DMA_Init(void)
{
 8000890:	b500      	push	{lr}
 8000892:	b083      	sub	sp, #12

  /* DMA controller clock enable */
  __HAL_RCC_DMA1_CLK_ENABLE();
 8000894:	4b0a      	ldr	r3, [pc, #40]	@ (80008c0 <MX_DMA_Init+0x30>)
 8000896:	695a      	ldr	r2, [r3, #20]
 8000898:	f042 0201 	orr.w	r2, r2, #1
 800089c:	615a      	str	r2, [r3, #20]
 800089e:	695b      	ldr	r3, [r3, #20]
 80008a0:	f003 0301 	and.w	r3, r3, #1
 80008a4:	9301      	str	r3, [sp, #4]
 80008a6:	9b01      	ldr	r3, [sp, #4]

  /* DMA interrupt init */
  /* DMA1_Channel1_IRQn interrupt configuration */
  HAL_NVIC_SetPriority(DMA1_Channel1_IRQn, 0, 0);
 80008a8:	2200      	movs	r2, #0
 80008aa:	4611      	mov	r1, r2
 80008ac:	200b      	movs	r0, #11
 80008ae:	f001 fbcd 	bl	800204c <HAL_NVIC_SetPriority>
  HAL_NVIC_EnableIRQ(DMA1_Channel1_IRQn);
 80008b2:	200b      	movs	r0, #11
 80008b4:	f001 fbda 	bl	800206c <HAL_NVIC_EnableIRQ>

}
 80008b8:	b003      	add	sp, #12
 80008ba:	f85d fb04 	ldr.w	pc, [sp], #4
 80008be:	bf00      	nop
 80008c0:	40021000 	.word	0x40021000

080008c4 <initEMA_iq18>:

#include "ema_iq18.h"
#include <stdlib.h>

// Initialize the EMA filter
EMA_iq18* initEMA_iq18(float alpha, _iq18 initial_value) {
 80008c4:	b570      	push	{r4, r5, r6, lr}
 80008c6:	4605      	mov	r5, r0
 80008c8:	460c      	mov	r4, r1
	EMA_iq18 *filter = (EMA_iq18*) malloc(sizeof(EMA_iq18));
 80008ca:	2008      	movs	r0, #8
 80008cc:	f003 f9de 	bl	8003c8c <malloc>
	if (filter != NULL) {
 80008d0:	4606      	mov	r6, r0
 80008d2:	b140      	cbz	r0, 80008e6 <initEMA_iq18+0x22>
		filter->alpha = _IQ18(alpha);
 80008d4:	f04f 4191 	mov.w	r1, #1216348160	@ 0x48800000
 80008d8:	4628      	mov	r0, r5
 80008da:	f7ff fd25 	bl	8000328 <__aeabi_fmul>
 80008de:	f7ff fe73 	bl	80005c8 <__aeabi_f2iz>
 80008e2:	6030      	str	r0, [r6, #0]
		filter->previous = initial_value;
 80008e4:	6074      	str	r4, [r6, #4]
	}
	return filter;
}
 80008e6:	4630      	mov	r0, r6
 80008e8:	bd70      	pop	{r4, r5, r6, pc}

080008ea <updateEMA_iq18>:

// Update the EMA filter with a new value and return the filtered result
_iq18 updateEMA_iq18(EMA_iq18 *filter, _iq18 newValue) {
	if (filter != NULL) {
 80008ea:	b908      	cbnz	r0, 80008f0 <updateEMA_iq18+0x6>
		_iq18 ema = _IQ18mpy(filter->alpha, newValue)
				+ _IQ18mpy((_IQ18(1) - filter->alpha), filter->previous);
		filter->previous = ema;
		return ema;
	}
	return 0; // Handle errors appropriately
 80008ec:	2000      	movs	r0, #0
}
 80008ee:	4770      	bx	lr
_iq18 updateEMA_iq18(EMA_iq18 *filter, _iq18 newValue) {
 80008f0:	b538      	push	{r3, r4, r5, lr}
 80008f2:	4605      	mov	r5, r0
		_iq18 ema = _IQ18mpy(filter->alpha, newValue)
 80008f4:	6800      	ldr	r0, [r0, #0]
 80008f6:	f003 f9af 	bl	8003c58 <_IQ18mpy>
 80008fa:	4604      	mov	r4, r0
				+ _IQ18mpy((_IQ18(1) - filter->alpha), filter->previous);
 80008fc:	6828      	ldr	r0, [r5, #0]
 80008fe:	6869      	ldr	r1, [r5, #4]
 8000900:	f5c0 2080 	rsb	r0, r0, #262144	@ 0x40000
 8000904:	f003 f9a8 	bl	8003c58 <_IQ18mpy>
		_iq18 ema = _IQ18mpy(filter->alpha, newValue)
 8000908:	4420      	add	r0, r4
		filter->previous = ema;
 800090a:	6068      	str	r0, [r5, #4]
}
 800090c:	bd38      	pop	{r3, r4, r5, pc}
	...

08000910 <encoder_updatePosition_iq18>:
		encoder->reverse_flag = 1;
	} else {
		encoder->reverse_flag = -1;
	}
}
void encoder_updatePosition_iq18(encoder_iq18_t *encoder) {
 8000910:	b538      	push	{r3, r4, r5, lr}
 8000912:	4604      	mov	r4, r0
	encoder->currentTicks = (int16_t) encoder->htim->Instance->CNT;
 8000914:	6803      	ldr	r3, [r0, #0]
 8000916:	681b      	ldr	r3, [r3, #0]
 8000918:	6a58      	ldr	r0, [r3, #36]	@ 0x24
 800091a:	b200      	sxth	r0, r0
 800091c:	8220      	strh	r0, [r4, #16]

	encoder->fullRevolutions += _IQ18div(
			_IQ18(encoder->currentTicks / encoder->countsPerRevolution),
 800091e:	88a3      	ldrh	r3, [r4, #4]
 8000920:	fb90 f0f3 	sdiv	r0, r0, r3
	encoder->fullRevolutions += _IQ18div(
 8000924:	6a21      	ldr	r1, [r4, #32]
 8000926:	0480      	lsls	r0, r0, #18
 8000928:	f003 f94e 	bl	8003bc8 <_IQ18div>
 800092c:	6963      	ldr	r3, [r4, #20]
 800092e:	4403      	add	r3, r0
 8000930:	6163      	str	r3, [r4, #20]
			encoder->gearRatio);

	encoder->currentTicks = encoder->currentTicks
 8000932:	f9b4 3010 	ldrsh.w	r3, [r4, #16]
			% encoder->countsPerRevolution;
 8000936:	88a2      	ldrh	r2, [r4, #4]
 8000938:	fb93 f1f2 	sdiv	r1, r3, r2
 800093c:	fb02 3311 	mls	r3, r2, r1, r3
	encoder->currentTicks = encoder->currentTicks
 8000940:	8223      	strh	r3, [r4, #16]
	encoder->htim->Instance->CNT = (uint16_t) encoder->currentTicks;
 8000942:	6822      	ldr	r2, [r4, #0]
 8000944:	6812      	ldr	r2, [r2, #0]
 8000946:	b29b      	uxth	r3, r3
 8000948:	6253      	str	r3, [r2, #36]	@ 0x24

	encoder->angle = _IQ18mpy(
			(encoder->fullRevolutions
 800094a:	6965      	ldr	r5, [r4, #20]
					+ _IQ18div(
							_IQ18div(_IQ18(encoder->currentTicks),
 800094c:	f9b4 0010 	ldrsh.w	r0, [r4, #16]
									_IQ18(encoder->countsPerRevolution)),
 8000950:	88a1      	ldrh	r1, [r4, #4]
					+ _IQ18div(
 8000952:	0489      	lsls	r1, r1, #18
 8000954:	0480      	lsls	r0, r0, #18
 8000956:	f003 f937 	bl	8003bc8 <_IQ18div>
 800095a:	6a21      	ldr	r1, [r4, #32]
 800095c:	f003 f934 	bl	8003bc8 <_IQ18div>
 8000960:	4428      	add	r0, r5
	encoder->angle = _IQ18mpy(
 8000962:	4903      	ldr	r1, [pc, #12]	@ (8000970 <encoder_updatePosition_iq18+0x60>)
 8000964:	0040      	lsls	r0, r0, #1
 8000966:	f003 f977 	bl	8003c58 <_IQ18mpy>
 800096a:	60a0      	str	r0, [r4, #8]
							encoder->gearRatio)) << 1,
			PI_IQ18);
}
 800096c:	bd38      	pop	{r3, r4, r5, pc}
 800096e:	bf00      	nop
 8000970:	000c90fd 	.word	0x000c90fd

08000974 <encoder_updateVelocity_qep_iq18>:
void encoder_updateVelocity_qep_iq18(encoder_iq18_t *encoder) {
 8000974:	b510      	push	{r4, lr}
 8000976:	4604      	mov	r4, r0
	_iq18 velocity = _IQ18div((encoder->angle - encoder->previousAngle),
 8000978:	6880      	ldr	r0, [r0, #8]
 800097a:	6a63      	ldr	r3, [r4, #36]	@ 0x24
 800097c:	69e1      	ldr	r1, [r4, #28]
 800097e:	1ac0      	subs	r0, r0, r3
 8000980:	f003 f922 	bl	8003bc8 <_IQ18div>
 8000984:	4601      	mov	r1, r0
			encoder->dt);
//	encoder->angularVelocity = velocity;
	encoder->angularVelocity = updateEMA_iq18(encoder->filter, velocity);
 8000986:	6ae0      	ldr	r0, [r4, #44]	@ 0x2c
 8000988:	f7ff ffaf 	bl	80008ea <updateEMA_iq18>
 800098c:	60e0      	str	r0, [r4, #12]
	encoder->previousAngle = encoder->angle;
 800098e:	68a3      	ldr	r3, [r4, #8]
 8000990:	6263      	str	r3, [r4, #36]	@ 0x24
}
 8000992:	bd10      	pop	{r4, pc}

08000994 <encoder_reset_iq18>:
void encoder_reset_iq18(encoder_iq18_t *encoder) {
	encoder->htim->Instance->CNT = 0;
 8000994:	6803      	ldr	r3, [r0, #0]
 8000996:	681a      	ldr	r2, [r3, #0]
 8000998:	2300      	movs	r3, #0
 800099a:	6253      	str	r3, [r2, #36]	@ 0x24
	encoder->angularVelocity = 0;
 800099c:	60c3      	str	r3, [r0, #12]
	encoder->previousAngle = 0;
 800099e:	6243      	str	r3, [r0, #36]	@ 0x24
	encoder->angle = 0;
 80009a0:	6083      	str	r3, [r0, #8]
	encoder->fullRevolutions = 0;
 80009a2:	6143      	str	r3, [r0, #20]
	encoder->currentTicks = 0;
 80009a4:	8203      	strh	r3, [r0, #16]
}
 80009a6:	4770      	bx	lr

080009a8 <encoder_getVelocity_iq18>:

_iq18 encoder_getAngle_iq18(encoder_iq18_t *encoder) {
	return encoder->angle * encoder->reverse_flag;
}
_iq18 encoder_getVelocity_iq18(encoder_iq18_t *encoder) {
	return encoder->angularVelocity * encoder->reverse_flag;
 80009a8:	68c3      	ldr	r3, [r0, #12]
 80009aa:	f990 0028 	ldrsb.w	r0, [r0, #40]	@ 0x28
}
 80009ae:	fb03 f000 	mul.w	r0, r3, r0
 80009b2:	4770      	bx	lr

080009b4 <MX_GPIO_Init>:
        * Output
        * EVENT_OUT
        * EXTI
*/
void MX_GPIO_Init(void)
{
 80009b4:	e92d 41f0 	stmdb	sp!, {r4, r5, r6, r7, r8, lr}
 80009b8:	b088      	sub	sp, #32

  GPIO_InitTypeDef GPIO_InitStruct = {0};
 80009ba:	2400      	movs	r4, #0
 80009bc:	9404      	str	r4, [sp, #16]
 80009be:	9405      	str	r4, [sp, #20]
 80009c0:	9406      	str	r4, [sp, #24]
 80009c2:	9407      	str	r4, [sp, #28]

  /* GPIO Ports Clock Enable */
  __HAL_RCC_GPIOD_CLK_ENABLE();
 80009c4:	4b2e      	ldr	r3, [pc, #184]	@ (8000a80 <MX_GPIO_Init+0xcc>)
 80009c6:	699a      	ldr	r2, [r3, #24]
 80009c8:	f042 0220 	orr.w	r2, r2, #32
 80009cc:	619a      	str	r2, [r3, #24]
 80009ce:	699a      	ldr	r2, [r3, #24]
 80009d0:	f002 0220 	and.w	r2, r2, #32
 80009d4:	9201      	str	r2, [sp, #4]
 80009d6:	9a01      	ldr	r2, [sp, #4]
  __HAL_RCC_GPIOA_CLK_ENABLE();
 80009d8:	699a      	ldr	r2, [r3, #24]
 80009da:	f042 0204 	orr.w	r2, r2, #4
 80009de:	619a      	str	r2, [r3, #24]
 80009e0:	699a      	ldr	r2, [r3, #24]
 80009e2:	f002 0204 	and.w	r2, r2, #4
 80009e6:	9202      	str	r2, [sp, #8]
 80009e8:	9a02      	ldr	r2, [sp, #8]
  __HAL_RCC_GPIOB_CLK_ENABLE();
 80009ea:	699a      	ldr	r2, [r3, #24]
 80009ec:	f042 0208 	orr.w	r2, r2, #8
 80009f0:	619a      	str	r2, [r3, #24]
 80009f2:	699b      	ldr	r3, [r3, #24]
 80009f4:	f003 0308 	and.w	r3, r3, #8
 80009f8:	9303      	str	r3, [sp, #12]
 80009fa:	9b03      	ldr	r3, [sp, #12]

  /*Configure GPIO pin Output Level */
  HAL_GPIO_WritePin(ENA_GPIO_Port, ENA_Pin, GPIO_PIN_RESET);
 80009fc:	f8df 8084 	ldr.w	r8, [pc, #132]	@ 8000a84 <MX_GPIO_Init+0xd0>
 8000a00:	4622      	mov	r2, r4
 8000a02:	f44f 4100 	mov.w	r1, #32768	@ 0x8000
 8000a06:	4640      	mov	r0, r8
 8000a08:	f001 fe0f 	bl	800262a <HAL_GPIO_WritePin>

  /*Configure GPIO pin Output Level */
  HAL_GPIO_WritePin(GPIOB, INA2_Pin|INB2_Pin|ENA2_Pin|INA_Pin
 8000a0c:	4e1e      	ldr	r6, [pc, #120]	@ (8000a88 <MX_GPIO_Init+0xd4>)
 8000a0e:	4622      	mov	r2, r4
 8000a10:	21f8      	movs	r1, #248	@ 0xf8
 8000a12:	4630      	mov	r0, r6
 8000a14:	f001 fe09 	bl	800262a <HAL_GPIO_WritePin>
                          |INB_Pin, GPIO_PIN_RESET);

  /*Configure GPIO pin : PtPin */
  GPIO_InitStruct.Pin = NSS_Pin;
 8000a18:	f44f 5380 	mov.w	r3, #4096	@ 0x1000
 8000a1c:	9304      	str	r3, [sp, #16]
  GPIO_InitStruct.Mode = GPIO_MODE_IT_RISING_FALLING;
 8000a1e:	4b1b      	ldr	r3, [pc, #108]	@ (8000a8c <MX_GPIO_Init+0xd8>)
 8000a20:	9305      	str	r3, [sp, #20]
  GPIO_InitStruct.Pull = GPIO_NOPULL;
 8000a22:	9406      	str	r4, [sp, #24]
  HAL_GPIO_Init(NSS_GPIO_Port, &GPIO_InitStruct);
 8000a24:	a904      	add	r1, sp, #16
 8000a26:	4630      	mov	r0, r6
 8000a28:	f001 fcea 	bl	8002400 <HAL_GPIO_Init>

  /*Configure GPIO pin : PtPin */
  GPIO_InitStruct.Pin = ENA_Pin;
 8000a2c:	f44f 4300 	mov.w	r3, #32768	@ 0x8000
 8000a30:	9304      	str	r3, [sp, #16]
  GPIO_InitStruct.Mode = GPIO_MODE_OUTPUT_PP;
 8000a32:	2701      	movs	r7, #1
 8000a34:	9705      	str	r7, [sp, #20]
  GPIO_InitStruct.Pull = GPIO_PULLDOWN;
 8000a36:	2502      	movs	r5, #2
 8000a38:	9506      	str	r5, [sp, #24]
  GPIO_InitStruct.Speed = GPIO_SPEED_FREQ_LOW;
 8000a3a:	9507      	str	r5, [sp, #28]
  HAL_GPIO_Init(ENA_GPIO_Port, &GPIO_InitStruct);
 8000a3c:	a904      	add	r1, sp, #16
 8000a3e:	4640      	mov	r0, r8
 8000a40:	f001 fcde 	bl	8002400 <HAL_GPIO_Init>

  /*Configure GPIO pin : PtPin */
  GPIO_InitStruct.Pin = INA2_Pin;
 8000a44:	2308      	movs	r3, #8
 8000a46:	9304      	str	r3, [sp, #16]
  GPIO_InitStruct.Mode = GPIO_MODE_OUTPUT_PP;
 8000a48:	9705      	str	r7, [sp, #20]
  GPIO_InitStruct.Pull = GPIO_PULLDOWN;
 8000a4a:	9506      	str	r5, [sp, #24]
  GPIO_InitStruct.Speed = GPIO_SPEED_FREQ_LOW;
 8000a4c:	9507      	str	r5, [sp, #28]
  HAL_GPIO_Init(INA2_GPIO_Port, &GPIO_InitStruct);
 8000a4e:	a904      	add	r1, sp, #16
 8000a50:	4630      	mov	r0, r6
 8000a52:	f001 fcd5 	bl	8002400 <HAL_GPIO_Init>

  /*Configure GPIO pins : PBPin PBPin PBPin PBPin */
  GPIO_InitStruct.Pin = INB2_Pin|ENA2_Pin|INA_Pin|INB_Pin;
 8000a56:	23f0      	movs	r3, #240	@ 0xf0
 8000a58:	9304      	str	r3, [sp, #16]
  GPIO_InitStruct.Mode = GPIO_MODE_OUTPUT_PP;
 8000a5a:	9705      	str	r7, [sp, #20]
  GPIO_InitStruct.Pull = GPIO_NOPULL;
 8000a5c:	9406      	str	r4, [sp, #24]
  GPIO_InitStruct.Speed = GPIO_SPEED_FREQ_LOW;
 8000a5e:	9507      	str	r5, [sp, #28]
  HAL_GPIO_Init(GPIOB, &GPIO_InitStruct);
 8000a60:	a904      	add	r1, sp, #16
 8000a62:	4630      	mov	r0, r6
 8000a64:	f001 fccc 	bl	8002400 <HAL_GPIO_Init>

  /* EXTI interrupt init*/
  HAL_NVIC_SetPriority(EXTI15_10_IRQn, 0, 0);
 8000a68:	4622      	mov	r2, r4
 8000a6a:	4621      	mov	r1, r4
 8000a6c:	2028      	movs	r0, #40	@ 0x28
 8000a6e:	f001 faed 	bl	800204c <HAL_NVIC_SetPriority>
  HAL_NVIC_EnableIRQ(EXTI15_10_IRQn);
 8000a72:	2028      	movs	r0, #40	@ 0x28
 8000a74:	f001 fafa 	bl	800206c <HAL_NVIC_EnableIRQ>

}
 8000a78:	b008      	add	sp, #32
 8000a7a:	e8bd 81f0 	ldmia.w	sp!, {r4, r5, r6, r7, r8, pc}
 8000a7e:	bf00      	nop
 8000a80:	40021000 	.word	0x40021000
 8000a84:	40010800 	.word	0x40010800
 8000a88:	40010c00 	.word	0x40010c00
 8000a8c:	10310000 	.word	0x10310000

08000a90 <HAL_TIM_PeriodElapsedCallback>:

uint16_t irq_counter9k, irq_counter250;

void HAL_TIM_PeriodElapsedCallback(TIM_HandleTypeDef *htim)
{
    if (htim == &htim3)
 8000a90:	4b46      	ldr	r3, [pc, #280]	@ (8000bac <HAL_TIM_PeriodElapsedCallback+0x11c>)
 8000a92:	4283      	cmp	r3, r0
 8000a94:	d000      	beq.n	8000a98 <HAL_TIM_PeriodElapsedCallback+0x8>
 8000a96:	4770      	bx	lr
{
 8000a98:	b570      	push	{r4, r5, r6, lr}
    {
        if (system_enabled)
 8000a9a:	4b45      	ldr	r3, [pc, #276]	@ (8000bb0 <HAL_TIM_PeriodElapsedCallback+0x120>)
 8000a9c:	781b      	ldrb	r3, [r3, #0]
 8000a9e:	2b00      	cmp	r3, #0
 8000aa0:	d064      	beq.n	8000b6c <HAL_TIM_PeriodElapsedCallback+0xdc>
        {

            // Allow powering motors by setting Enable pins of a driver HIGH
            HAL_GPIO_WritePin(ENA_GPIO_Port, ENA_Pin, GPIO_PIN_SET);
 8000aa2:	2201      	movs	r2, #1
 8000aa4:	f44f 4100 	mov.w	r1, #32768	@ 0x8000
 8000aa8:	4842      	ldr	r0, [pc, #264]	@ (8000bb4 <HAL_TIM_PeriodElapsedCallback+0x124>)
 8000aaa:	f001 fdbe 	bl	800262a <HAL_GPIO_WritePin>
            HAL_GPIO_WritePin(ENA2_GPIO_Port, ENA2_Pin, GPIO_PIN_SET);
 8000aae:	2201      	movs	r2, #1
 8000ab0:	2120      	movs	r1, #32
 8000ab2:	4841      	ldr	r0, [pc, #260]	@ (8000bb8 <HAL_TIM_PeriodElapsedCallback+0x128>)
 8000ab4:	f001 fdb9 	bl	800262a <HAL_GPIO_WritePin>
            if (!irq_counter9k)
 8000ab8:	4b40      	ldr	r3, [pc, #256]	@ (8000bbc <HAL_TIM_PeriodElapsedCallback+0x12c>)
 8000aba:	881b      	ldrh	r3, [r3, #0]
 8000abc:	2b00      	cmp	r3, #0
 8000abe:	d138      	bne.n	8000b32 <HAL_TIM_PeriodElapsedCallback+0xa2>
            {
                servo_iq18_currentLoop(&servo1_g, current[0]);
 8000ac0:	4b3f      	ldr	r3, [pc, #252]	@ (8000bc0 <HAL_TIM_PeriodElapsedCallback+0x130>)
 8000ac2:	6818      	ldr	r0, [r3, #0]
 8000ac4:	f7ff fd80 	bl	80005c8 <__aeabi_f2iz>
 8000ac8:	4601      	mov	r1, r0
 8000aca:	483e      	ldr	r0, [pc, #248]	@ (8000bc4 <HAL_TIM_PeriodElapsedCallback+0x134>)
 8000acc:	f000 fc18 	bl	8001300 <servo_iq18_currentLoop>
            {
                servo_iq18_currentLoop(&servo2_g, current[1]);
                slave_current_feedback(&transmit_packet, _IQ18toF(current[0]), _IQ18toF(current[1]));
            }

            irq_counter9k = !irq_counter9k;
 8000ad0:	4a3a      	ldr	r2, [pc, #232]	@ (8000bbc <HAL_TIM_PeriodElapsedCallback+0x12c>)
 8000ad2:	8813      	ldrh	r3, [r2, #0]
 8000ad4:	fab3 f383 	clz	r3, r3
 8000ad8:	095b      	lsrs	r3, r3, #5
 8000ada:	8013      	strh	r3, [r2, #0]

            irq_counter250++;
 8000adc:	4a3a      	ldr	r2, [pc, #232]	@ (8000bc8 <HAL_TIM_PeriodElapsedCallback+0x138>)
 8000ade:	8813      	ldrh	r3, [r2, #0]
 8000ae0:	3301      	adds	r3, #1
 8000ae2:	b29b      	uxth	r3, r3
 8000ae4:	8013      	strh	r3, [r2, #0]

            if (irq_counter250 == 36)
 8000ae6:	2b24      	cmp	r3, #36	@ 0x24
 8000ae8:	d03c      	beq.n	8000b64 <HAL_TIM_PeriodElapsedCallback+0xd4>
            {
                servo_iq18_velocityLoop(&servo1_g);
            }

            if (irq_counter250 == 72)
 8000aea:	4b37      	ldr	r3, [pc, #220]	@ (8000bc8 <HAL_TIM_PeriodElapsedCallback+0x138>)
 8000aec:	881b      	ldrh	r3, [r3, #0]
 8000aee:	2b48      	cmp	r3, #72	@ 0x48
 8000af0:	d14d      	bne.n	8000b8e <HAL_TIM_PeriodElapsedCallback+0xfe>
            {
                servo_iq18_velocityLoop(&servo2_g);
 8000af2:	4c36      	ldr	r4, [pc, #216]	@ (8000bcc <HAL_TIM_PeriodElapsedCallback+0x13c>)
 8000af4:	4620      	mov	r0, r4
 8000af6:	f000 fbb7 	bl	8001268 <servo_iq18_velocityLoop>
                irq_counter250 = 0;
 8000afa:	4b33      	ldr	r3, [pc, #204]	@ (8000bc8 <HAL_TIM_PeriodElapsedCallback+0x138>)
 8000afc:	2200      	movs	r2, #0
 8000afe:	801a      	strh	r2, [r3, #0]

                slave_velocity_feedback(&transmit_packet, _IQ18toF(servo1_g.encoder.angularVelocity), _IQ18toF(servo2_g.encoder.angularVelocity));
 8000b00:	4e30      	ldr	r6, [pc, #192]	@ (8000bc4 <HAL_TIM_PeriodElapsedCallback+0x134>)
 8000b02:	68f0      	ldr	r0, [r6, #12]
 8000b04:	f003 f8b0 	bl	8003c68 <_IQ18toF>
 8000b08:	4605      	mov	r5, r0
 8000b0a:	68e0      	ldr	r0, [r4, #12]
 8000b0c:	f003 f8ac 	bl	8003c68 <_IQ18toF>
 8000b10:	4602      	mov	r2, r0
 8000b12:	4629      	mov	r1, r5
 8000b14:	482e      	ldr	r0, [pc, #184]	@ (8000bd0 <HAL_TIM_PeriodElapsedCallback+0x140>)
 8000b16:	f000 fce8 	bl	80014ea <slave_velocity_feedback>
                servo_iq18_controlVelocity(&servo1_g, valid_packet.velocity_task1);
 8000b1a:	4d2e      	ldr	r5, [pc, #184]	@ (8000bd4 <HAL_TIM_PeriodElapsedCallback+0x144>)
 8000b1c:	f8d5 1009 	ldr.w	r1, [r5, #9]
 8000b20:	4630      	mov	r0, r6
 8000b22:	f000 fc14 	bl	800134e <servo_iq18_controlVelocity>
                servo_iq18_controlVelocity(&servo2_g, valid_packet.velocity_task2);
 8000b26:	f8d5 100d 	ldr.w	r1, [r5, #13]
 8000b2a:	4620      	mov	r0, r4
 8000b2c:	f000 fc0f 	bl	800134e <servo_iq18_controlVelocity>
 8000b30:	e02d      	b.n	8000b8e <HAL_TIM_PeriodElapsedCallback+0xfe>
                servo_iq18_currentLoop(&servo2_g, current[1]);
 8000b32:	4d23      	ldr	r5, [pc, #140]	@ (8000bc0 <HAL_TIM_PeriodElapsedCallback+0x130>)
 8000b34:	6868      	ldr	r0, [r5, #4]
 8000b36:	f7ff fd47 	bl	80005c8 <__aeabi_f2iz>
 8000b3a:	4601      	mov	r1, r0
 8000b3c:	4823      	ldr	r0, [pc, #140]	@ (8000bcc <HAL_TIM_PeriodElapsedCallback+0x13c>)
 8000b3e:	f000 fbdf 	bl	8001300 <servo_iq18_currentLoop>
                slave_current_feedback(&transmit_packet, _IQ18toF(current[0]), _IQ18toF(current[1]));
 8000b42:	6828      	ldr	r0, [r5, #0]
 8000b44:	f7ff fd40 	bl	80005c8 <__aeabi_f2iz>
 8000b48:	f003 f88e 	bl	8003c68 <_IQ18toF>
 8000b4c:	4604      	mov	r4, r0
 8000b4e:	6868      	ldr	r0, [r5, #4]
 8000b50:	f7ff fd3a 	bl	80005c8 <__aeabi_f2iz>
 8000b54:	f003 f888 	bl	8003c68 <_IQ18toF>
 8000b58:	4602      	mov	r2, r0
 8000b5a:	4621      	mov	r1, r4
 8000b5c:	481c      	ldr	r0, [pc, #112]	@ (8000bd0 <HAL_TIM_PeriodElapsedCallback+0x140>)
 8000b5e:	f000 fcc9 	bl	80014f4 <slave_current_feedback>
 8000b62:	e7b5      	b.n	8000ad0 <HAL_TIM_PeriodElapsedCallback+0x40>
                servo_iq18_velocityLoop(&servo1_g);
 8000b64:	4817      	ldr	r0, [pc, #92]	@ (8000bc4 <HAL_TIM_PeriodElapsedCallback+0x134>)
 8000b66:	f000 fb7f 	bl	8001268 <servo_iq18_velocityLoop>
 8000b6a:	e7be      	b.n	8000aea <HAL_TIM_PeriodElapsedCallback+0x5a>
            }
        }
        else
        {
            HAL_GPIO_WritePin(ENA_GPIO_Port, ENA_Pin, GPIO_PIN_RESET);
 8000b6c:	2200      	movs	r2, #0
 8000b6e:	f44f 4100 	mov.w	r1, #32768	@ 0x8000
 8000b72:	4810      	ldr	r0, [pc, #64]	@ (8000bb4 <HAL_TIM_PeriodElapsedCallback+0x124>)
 8000b74:	f001 fd59 	bl	800262a <HAL_GPIO_WritePin>
            HAL_GPIO_WritePin(ENA2_GPIO_Port, ENA2_Pin, GPIO_PIN_RESET);
 8000b78:	2200      	movs	r2, #0
 8000b7a:	2120      	movs	r1, #32
 8000b7c:	480e      	ldr	r0, [pc, #56]	@ (8000bb8 <HAL_TIM_PeriodElapsedCallback+0x128>)
 8000b7e:	f001 fd54 	bl	800262a <HAL_GPIO_WritePin>
            servo_iq18_reset(&servo1_g);
 8000b82:	4810      	ldr	r0, [pc, #64]	@ (8000bc4 <HAL_TIM_PeriodElapsedCallback+0x134>)
 8000b84:	f000 fc01 	bl	800138a <servo_iq18_reset>
            servo_iq18_reset(&servo2_g);
 8000b88:	4810      	ldr	r0, [pc, #64]	@ (8000bcc <HAL_TIM_PeriodElapsedCallback+0x13c>)
 8000b8a:	f000 fbfe 	bl	800138a <servo_iq18_reset>
        }
        if (reset_flag)
 8000b8e:	4b12      	ldr	r3, [pc, #72]	@ (8000bd8 <HAL_TIM_PeriodElapsedCallback+0x148>)
 8000b90:	781b      	ldrb	r3, [r3, #0]
 8000b92:	b903      	cbnz	r3, 8000b96 <HAL_TIM_PeriodElapsedCallback+0x106>
            servo_iq18_reset(&servo2_g);
            slave_servo_enc_is_reset(&transmit_packet);
            // transmit_packet.servos_reset = 0;
        }
    }
 8000b94:	bd70      	pop	{r4, r5, r6, pc}
            servo_iq18_reset(&servo1_g);
 8000b96:	480b      	ldr	r0, [pc, #44]	@ (8000bc4 <HAL_TIM_PeriodElapsedCallback+0x134>)
 8000b98:	f000 fbf7 	bl	800138a <servo_iq18_reset>
            servo_iq18_reset(&servo2_g);
 8000b9c:	480b      	ldr	r0, [pc, #44]	@ (8000bcc <HAL_TIM_PeriodElapsedCallback+0x13c>)
 8000b9e:	f000 fbf4 	bl	800138a <servo_iq18_reset>
            slave_servo_enc_is_reset(&transmit_packet);
 8000ba2:	480b      	ldr	r0, [pc, #44]	@ (8000bd0 <HAL_TIM_PeriodElapsedCallback+0x140>)
 8000ba4:	f000 fc9e 	bl	80014e4 <slave_servo_enc_is_reset>
 8000ba8:	e7f4      	b.n	8000b94 <HAL_TIM_PeriodElapsedCallback+0x104>
 8000baa:	bf00      	nop
 8000bac:	20000414 	.word	0x20000414
 8000bb0:	2000010d 	.word	0x2000010d
 8000bb4:	40010800 	.word	0x40010800
 8000bb8:	40010c00 	.word	0x40010c00
 8000bbc:	20000110 	.word	0x20000110
 8000bc0:	200000f8 	.word	0x200000f8
 8000bc4:	20000238 	.word	0x20000238
 8000bc8:	2000010e 	.word	0x2000010e
 8000bcc:	20000114 	.word	0x20000114
 8000bd0:	200003f0 	.word	0x200003f0
 8000bd4:	200003c0 	.word	0x200003c0
 8000bd8:	2000010c 	.word	0x2000010c

08000bdc <Error_Handler>:
  \details Disables IRQ interrupts by setting the I-bit in the CPSR.
           Can only be executed in Privileged modes.
 */
__STATIC_FORCEINLINE void __disable_irq(void)
{
  __ASM volatile ("cpsid i" : : : "memory");
 8000bdc:	b672      	cpsid	i
void Error_Handler(void)
{
  /* USER CODE BEGIN Error_Handler_Debug */
  /* User can add his own implementation to report the HAL error return state */
  __disable_irq();
  while (1)
 8000bde:	e7fe      	b.n	8000bde <Error_Handler+0x2>

08000be0 <SystemClock_Config>:
{
 8000be0:	b500      	push	{lr}
 8000be2:	b095      	sub	sp, #84	@ 0x54
  RCC_OscInitTypeDef RCC_OscInitStruct = {0};
 8000be4:	2228      	movs	r2, #40	@ 0x28
 8000be6:	2100      	movs	r1, #0
 8000be8:	eb0d 0002 	add.w	r0, sp, r2
 8000bec:	f003 f904 	bl	8003df8 <memset>
  RCC_ClkInitTypeDef RCC_ClkInitStruct = {0};
 8000bf0:	2300      	movs	r3, #0
 8000bf2:	9305      	str	r3, [sp, #20]
 8000bf4:	9306      	str	r3, [sp, #24]
 8000bf6:	9307      	str	r3, [sp, #28]
 8000bf8:	9308      	str	r3, [sp, #32]
 8000bfa:	9309      	str	r3, [sp, #36]	@ 0x24
  RCC_PeriphCLKInitTypeDef PeriphClkInit = {0};
 8000bfc:	9301      	str	r3, [sp, #4]
 8000bfe:	9302      	str	r3, [sp, #8]
 8000c00:	9303      	str	r3, [sp, #12]
 8000c02:	9304      	str	r3, [sp, #16]
  RCC_OscInitStruct.OscillatorType = RCC_OSCILLATORTYPE_HSE;
 8000c04:	2201      	movs	r2, #1
 8000c06:	920a      	str	r2, [sp, #40]	@ 0x28
  RCC_OscInitStruct.HSEState = RCC_HSE_ON;
 8000c08:	f44f 3380 	mov.w	r3, #65536	@ 0x10000
 8000c0c:	930b      	str	r3, [sp, #44]	@ 0x2c
  RCC_OscInitStruct.HSIState = RCC_HSI_ON;
 8000c0e:	920e      	str	r2, [sp, #56]	@ 0x38
  RCC_OscInitStruct.PLL.PLLState = RCC_PLL_ON;
 8000c10:	2202      	movs	r2, #2
 8000c12:	9211      	str	r2, [sp, #68]	@ 0x44
  RCC_OscInitStruct.PLL.PLLSource = RCC_PLLSOURCE_HSE;
 8000c14:	9312      	str	r3, [sp, #72]	@ 0x48
  RCC_OscInitStruct.PLL.PLLMUL = RCC_PLL_MUL9;
 8000c16:	f44f 13e0 	mov.w	r3, #1835008	@ 0x1c0000
 8000c1a:	9313      	str	r3, [sp, #76]	@ 0x4c
  if (HAL_RCC_OscConfig(&RCC_OscInitStruct) != HAL_OK)
 8000c1c:	a80a      	add	r0, sp, #40	@ 0x28
 8000c1e:	f001 fd2f 	bl	8002680 <HAL_RCC_OscConfig>
 8000c22:	b9c8      	cbnz	r0, 8000c58 <SystemClock_Config+0x78>
  RCC_ClkInitStruct.ClockType = RCC_CLOCKTYPE_HCLK|RCC_CLOCKTYPE_SYSCLK
 8000c24:	230f      	movs	r3, #15
 8000c26:	9305      	str	r3, [sp, #20]
  RCC_ClkInitStruct.SYSCLKSource = RCC_SYSCLKSOURCE_PLLCLK;
 8000c28:	2102      	movs	r1, #2
 8000c2a:	9106      	str	r1, [sp, #24]
  RCC_ClkInitStruct.AHBCLKDivider = RCC_SYSCLK_DIV1;
 8000c2c:	2300      	movs	r3, #0
 8000c2e:	9307      	str	r3, [sp, #28]
  RCC_ClkInitStruct.APB1CLKDivider = RCC_HCLK_DIV2;
 8000c30:	f44f 6280 	mov.w	r2, #1024	@ 0x400
 8000c34:	9208      	str	r2, [sp, #32]
  RCC_ClkInitStruct.APB2CLKDivider = RCC_HCLK_DIV1;
 8000c36:	9309      	str	r3, [sp, #36]	@ 0x24
  if (HAL_RCC_ClockConfig(&RCC_ClkInitStruct, FLASH_LATENCY_2) != HAL_OK)
 8000c38:	a805      	add	r0, sp, #20
 8000c3a:	f001 ff53 	bl	8002ae4 <HAL_RCC_ClockConfig>
 8000c3e:	b968      	cbnz	r0, 8000c5c <SystemClock_Config+0x7c>
  PeriphClkInit.PeriphClockSelection = RCC_PERIPHCLK_ADC;
 8000c40:	2302      	movs	r3, #2
 8000c42:	9301      	str	r3, [sp, #4]
  PeriphClkInit.AdcClockSelection = RCC_ADCPCLK2_DIV6;
 8000c44:	f44f 4300 	mov.w	r3, #32768	@ 0x8000
 8000c48:	9303      	str	r3, [sp, #12]
  if (HAL_RCCEx_PeriphCLKConfig(&PeriphClkInit) != HAL_OK)
 8000c4a:	a801      	add	r0, sp, #4
 8000c4c:	f002 f816 	bl	8002c7c <HAL_RCCEx_PeriphCLKConfig>
 8000c50:	b930      	cbnz	r0, 8000c60 <SystemClock_Config+0x80>
}
 8000c52:	b015      	add	sp, #84	@ 0x54
 8000c54:	f85d fb04 	ldr.w	pc, [sp], #4
    Error_Handler();
 8000c58:	f7ff ffc0 	bl	8000bdc <Error_Handler>
    Error_Handler();
 8000c5c:	f7ff ffbe 	bl	8000bdc <Error_Handler>
    Error_Handler();
 8000c60:	f7ff ffbc 	bl	8000bdc <Error_Handler>

08000c64 <main>:
{
 8000c64:	b508      	push	{r3, lr}
  HAL_Init();
 8000c66:	f000 fe9d 	bl	80019a4 <HAL_Init>
  SystemClock_Config();
 8000c6a:	f7ff ffb9 	bl	8000be0 <SystemClock_Config>
  MX_GPIO_Init();
 8000c6e:	f7ff fea1 	bl	80009b4 <MX_GPIO_Init>
  MX_DMA_Init();
 8000c72:	f7ff fe0d 	bl	8000890 <MX_DMA_Init>
  MX_TIM1_Init();
 8000c76:	f000 fd23 	bl	80016c0 <MX_TIM1_Init>
  MX_TIM2_Init();
 8000c7a:	f000 fd57 	bl	800172c <MX_TIM2_Init>
  MX_TIM3_Init();
 8000c7e:	f000 fe1f 	bl	80018c0 <MX_TIM3_Init>
  MX_ADC1_Init();
 8000c82:	f7ff fce7 	bl	8000654 <MX_ADC1_Init>
  MX_SPI2_Init();
 8000c86:	f000 fb91 	bl	80013ac <MX_SPI2_Init>
  MX_CRC_Init();
 8000c8a:	f7ff fddb 	bl	8000844 <MX_CRC_Init>
  MX_SPI2_Init();
 8000c8e:	f000 fb8d 	bl	80013ac <MX_SPI2_Init>
  MX_CRC_Init();
 8000c92:	f7ff fdd7 	bl	8000844 <MX_CRC_Init>
  init_mtr_ctrl(); // Initializes all peripherals and structures needed for motor control
 8000c96:	f000 f801 	bl	8000c9c <init_mtr_ctrl>
  while (1)
 8000c9a:	e7fe      	b.n	8000c9a <main+0x36>

08000c9c <init_mtr_ctrl>:
#include "main_init.h"

void init_mtr_ctrl()
{
 8000c9c:	b508      	push	{r3, lr}
    // Init GPIO and set some pin states
    pin_init_mtcrl();
 8000c9e:	f000 f861 	bl	8000d64 <pin_init_mtcrl>

    // Init TIMERS and start them
    servo_periph_init();
 8000ca2:	f000 f8cd 	bl	8000e40 <servo_periph_init>

    // Init servo structures
    servo_init();
 8000ca6:	f000 f8fb 	bl	8000ea0 <servo_init>

    // Init ADC&DMA
    adc_cur_init();
 8000caa:	f7ff fd5d 	bl	8000768 <adc_cur_init>

    // Reset servos
    servo_iq18_reset(&servo1_g);
 8000cae:	4805      	ldr	r0, [pc, #20]	@ (8000cc4 <init_mtr_ctrl+0x28>)
 8000cb0:	f000 fb6b 	bl	800138a <servo_iq18_reset>
    servo_iq18_reset(&servo2_g);
 8000cb4:	4804      	ldr	r0, [pc, #16]	@ (8000cc8 <init_mtr_ctrl+0x2c>)
 8000cb6:	f000 fb68 	bl	800138a <servo_iq18_reset>

    // Init finished
    system_enabled = 1;
 8000cba:	4b04      	ldr	r3, [pc, #16]	@ (8000ccc <init_mtr_ctrl+0x30>)
 8000cbc:	2201      	movs	r2, #1
 8000cbe:	701a      	strb	r2, [r3, #0]
}
 8000cc0:	bd08      	pop	{r3, pc}
 8000cc2:	bf00      	nop
 8000cc4:	20000238 	.word	0x20000238
 8000cc8:	20000114 	.word	0x20000114
 8000ccc:	2000010d 	.word	0x2000010d

08000cd0 <pid_iq18_reset>:
	pid->previousError = pid->error;
}

// Resets all the components and previous error
void pid_iq18_reset(pid_iq18_t *pid) {
	pid->P = 0;
 8000cd0:	2300      	movs	r3, #0
 8000cd2:	6183      	str	r3, [r0, #24]
	pid->I = 0;
 8000cd4:	61c3      	str	r3, [r0, #28]
	pid->D = 0;
 8000cd6:	6203      	str	r3, [r0, #32]
	pid->previousError = 0;
 8000cd8:	6383      	str	r3, [r0, #56]	@ 0x38
	pid->output = 0;
 8000cda:	6343      	str	r3, [r0, #52]	@ 0x34
}
 8000cdc:	4770      	bx	lr

08000cde <pid_iq18_calculate>:
void pid_iq18_calculate(pid_iq18_t *pid, _iq18 setpoint, _iq18 feedback) {
 8000cde:	b538      	push	{r3, r4, r5, lr}
 8000ce0:	4604      	mov	r4, r0
	pid->error = setpoint - feedback;
 8000ce2:	1a89      	subs	r1, r1, r2
 8000ce4:	6001      	str	r1, [r0, #0]
	if ((pid->error > -(pid->toleranceBand))
 8000ce6:	6943      	ldr	r3, [r0, #20]
 8000ce8:	425a      	negs	r2, r3
 8000cea:	4291      	cmp	r1, r2
 8000cec:	dd01      	ble.n	8000cf2 <pid_iq18_calculate+0x14>
			&& (pid->error < pid->toleranceBand)) {
 8000cee:	4299      	cmp	r1, r3
 8000cf0:	db30      	blt.n	8000d54 <pid_iq18_calculate+0x76>
	pid->P = _IQ18mpy(pid->error, pid->kp);
 8000cf2:	6861      	ldr	r1, [r4, #4]
 8000cf4:	6820      	ldr	r0, [r4, #0]
 8000cf6:	f002 ffaf 	bl	8003c58 <_IQ18mpy>
 8000cfa:	61a0      	str	r0, [r4, #24]
			(_IQ18mpy(pid->error, pid->ki)
 8000cfc:	68a1      	ldr	r1, [r4, #8]
 8000cfe:	6820      	ldr	r0, [r4, #0]
 8000d00:	f002 ffaa 	bl	8003c58 <_IQ18mpy>
 8000d04:	4605      	mov	r5, r0
					+ _IQ18mpy(pid->output - pid->rawOutput, pid->kb)),
 8000d06:	6b60      	ldr	r0, [r4, #52]	@ 0x34
 8000d08:	6b23      	ldr	r3, [r4, #48]	@ 0x30
 8000d0a:	6921      	ldr	r1, [r4, #16]
 8000d0c:	1ac0      	subs	r0, r0, r3
 8000d0e:	f002 ffa3 	bl	8003c58 <_IQ18mpy>
	pid->I += _IQ18mpy(
 8000d12:	6a61      	ldr	r1, [r4, #36]	@ 0x24
 8000d14:	4428      	add	r0, r5
 8000d16:	f002 ff9f 	bl	8003c58 <_IQ18mpy>
 8000d1a:	69e3      	ldr	r3, [r4, #28]
 8000d1c:	4403      	add	r3, r0
 8000d1e:	61e3      	str	r3, [r4, #28]
	pid->D = _IQ18div(_IQ18mpy((pid->error - pid->previousError), pid->kd),
 8000d20:	6820      	ldr	r0, [r4, #0]
 8000d22:	6ba3      	ldr	r3, [r4, #56]	@ 0x38
 8000d24:	68e1      	ldr	r1, [r4, #12]
 8000d26:	1ac0      	subs	r0, r0, r3
 8000d28:	f002 ff96 	bl	8003c58 <_IQ18mpy>
 8000d2c:	6a61      	ldr	r1, [r4, #36]	@ 0x24
 8000d2e:	f002 ff4b 	bl	8003bc8 <_IQ18div>
 8000d32:	6220      	str	r0, [r4, #32]
	pid->rawOutput = pid->P + pid->I + pid->D;
 8000d34:	69a3      	ldr	r3, [r4, #24]
 8000d36:	69e2      	ldr	r2, [r4, #28]
 8000d38:	4413      	add	r3, r2
 8000d3a:	4418      	add	r0, r3
 8000d3c:	6320      	str	r0, [r4, #48]	@ 0x30
	pid->output = _IQsat(pid->rawOutput, pid->upperLimit, pid->lowerLimit);
 8000d3e:	6aa3      	ldr	r3, [r4, #40]	@ 0x28
 8000d40:	4298      	cmp	r0, r3
 8000d42:	dc03      	bgt.n	8000d4c <pid_iq18_calculate+0x6e>
 8000d44:	6ae3      	ldr	r3, [r4, #44]	@ 0x2c
 8000d46:	4283      	cmp	r3, r0
 8000d48:	bfb8      	it	lt
 8000d4a:	4603      	movlt	r3, r0
 8000d4c:	6363      	str	r3, [r4, #52]	@ 0x34
	pid->previousError = pid->error;
 8000d4e:	6823      	ldr	r3, [r4, #0]
 8000d50:	63a3      	str	r3, [r4, #56]	@ 0x38
}
 8000d52:	bd38      	pop	{r3, r4, r5, pc}
		pid->error = 0;
 8000d54:	2300      	movs	r3, #0
 8000d56:	6003      	str	r3, [r0, #0]
		pid_iq18_reset(pid);
 8000d58:	f7ff ffba 	bl	8000cd0 <pid_iq18_reset>
 8000d5c:	e7c9      	b.n	8000cf2 <pid_iq18_calculate+0x14>

08000d5e <pid_iq18_getOutput>:

// Getter for output
_iq18 pid_iq18_getOutput(pid_iq18_t *pid) {
	return pid->output;
}
 8000d5e:	6b40      	ldr	r0, [r0, #52]	@ 0x34
 8000d60:	4770      	bx	lr
	...

08000d64 <pin_init_mtcrl>:
#include "pins_init.h"

void pin_init_mtcrl()
{
 8000d64:	b508      	push	{r3, lr}
    // Init DMA
    MX_DMA_Init();
 8000d66:	f7ff fd93 	bl	8000890 <MX_DMA_Init>
    // Initialize gpio; dma for adc
    MX_GPIO_Init();
 8000d6a:	f7ff fe23 	bl	80009b4 <MX_GPIO_Init>

    // Block powering motors by setting Enable pins of a driver LOW
	HAL_GPIO_WritePin(ENA_GPIO_Port, ENA_Pin, GPIO_PIN_RESET);
 8000d6e:	2200      	movs	r2, #0
 8000d70:	f44f 4100 	mov.w	r1, #32768	@ 0x8000
 8000d74:	4804      	ldr	r0, [pc, #16]	@ (8000d88 <pin_init_mtcrl+0x24>)
 8000d76:	f001 fc58 	bl	800262a <HAL_GPIO_WritePin>
	HAL_GPIO_WritePin(ENA2_GPIO_Port, ENA2_Pin, GPIO_PIN_RESET);
 8000d7a:	2200      	movs	r2, #0
 8000d7c:	2120      	movs	r1, #32
 8000d7e:	4803      	ldr	r0, [pc, #12]	@ (8000d8c <pin_init_mtcrl+0x28>)
 8000d80:	f001 fc53 	bl	800262a <HAL_GPIO_WritePin>
 8000d84:	bd08      	pop	{r3, pc}
 8000d86:	bf00      	nop
 8000d88:	40010800 	.word	0x40010800
 8000d8c:	40010c00 	.word	0x40010c00

08000d90 <pwm_setSpeed>:
void pwm_dutyLimits(pwmControl_t *driver, uint16_t minDuty, uint16_t maxDuty) {
	driver->minDuty = minDuty;
	driver->maxDuty = maxDuty;
}

void pwm_setSpeed(pwmControl_t *driver, int32_t duty) {
 8000d90:	b538      	push	{r3, r4, r5, lr}
 8000d92:	4604      	mov	r4, r0
	if (!duty) {
 8000d94:	b319      	cbz	r1, 8000dde <pwm_setSpeed+0x4e>
 8000d96:	460a      	mov	r2, r1
		driver->_duty = 0;
		HAL_GPIO_WritePin(driver->dir1_Port, driver->dir1_Pin, 0);
		HAL_GPIO_WritePin(driver->dir2_Port, driver->dir2_Pin, 0);
		driver->dir = 0;
	} else {
		driver->_duty = constrain(ABS(duty), driver->minDuty, driver->maxDuty);
 8000d98:	ea81 71e1 	eor.w	r1, r1, r1, asr #31
 8000d9c:	eba1 71e2 	sub.w	r1, r1, r2, asr #31
 8000da0:	8b43      	ldrh	r3, [r0, #26]
 8000da2:	4299      	cmp	r1, r3
 8000da4:	db03      	blt.n	8000dae <pwm_setSpeed+0x1e>
 8000da6:	8b03      	ldrh	r3, [r0, #24]
 8000da8:	428b      	cmp	r3, r1
 8000daa:	bfa8      	it	ge
 8000dac:	460b      	movge	r3, r1
 8000dae:	61e3      	str	r3, [r4, #28]
		if (duty > 0) {
 8000db0:	2a00      	cmp	r2, #0
 8000db2:	dd23      	ble.n	8000dfc <pwm_setSpeed+0x6c>
			HAL_GPIO_WritePin(driver->dir1_Port, driver->dir1_Pin, 1);
 8000db4:	2201      	movs	r2, #1
 8000db6:	8921      	ldrh	r1, [r4, #8]
 8000db8:	68e0      	ldr	r0, [r4, #12]
 8000dba:	f001 fc36 	bl	800262a <HAL_GPIO_WritePin>
			HAL_GPIO_WritePin(driver->dir2_Port, driver->dir2_Pin, 0);
 8000dbe:	2200      	movs	r2, #0
 8000dc0:	8a21      	ldrh	r1, [r4, #16]
 8000dc2:	6960      	ldr	r0, [r4, #20]
 8000dc4:	f001 fc31 	bl	800262a <HAL_GPIO_WritePin>
			driver->dir = 1;
 8000dc8:	2301      	movs	r3, #1
 8000dca:	f884 3020 	strb.w	r3, [r4, #32]
			HAL_GPIO_WritePin(driver->dir2_Port, driver->dir2_Pin, 1);
			driver->dir = -1;
		}
	}

	switch (driver->timerChannel) {
 8000dce:	7923      	ldrb	r3, [r4, #4]
 8000dd0:	3b01      	subs	r3, #1
 8000dd2:	2b03      	cmp	r3, #3
 8000dd4:	d824      	bhi.n	8000e20 <pwm_setSpeed+0x90>
 8000dd6:	e8df f003 	tbb	[pc, r3]
 8000dda:	241f      	.short	0x241f
 8000ddc:	2e29      	.short	0x2e29
		driver->_duty = 0;
 8000dde:	2500      	movs	r5, #0
 8000de0:	61c5      	str	r5, [r0, #28]
		HAL_GPIO_WritePin(driver->dir1_Port, driver->dir1_Pin, 0);
 8000de2:	462a      	mov	r2, r5
 8000de4:	8901      	ldrh	r1, [r0, #8]
 8000de6:	68c0      	ldr	r0, [r0, #12]
 8000de8:	f001 fc1f 	bl	800262a <HAL_GPIO_WritePin>
		HAL_GPIO_WritePin(driver->dir2_Port, driver->dir2_Pin, 0);
 8000dec:	462a      	mov	r2, r5
 8000dee:	8a21      	ldrh	r1, [r4, #16]
 8000df0:	6960      	ldr	r0, [r4, #20]
 8000df2:	f001 fc1a 	bl	800262a <HAL_GPIO_WritePin>
		driver->dir = 0;
 8000df6:	f884 5020 	strb.w	r5, [r4, #32]
 8000dfa:	e7e8      	b.n	8000dce <pwm_setSpeed+0x3e>
			HAL_GPIO_WritePin(driver->dir1_Port, driver->dir1_Pin, 0);
 8000dfc:	2200      	movs	r2, #0
 8000dfe:	8921      	ldrh	r1, [r4, #8]
 8000e00:	68e0      	ldr	r0, [r4, #12]
 8000e02:	f001 fc12 	bl	800262a <HAL_GPIO_WritePin>
			HAL_GPIO_WritePin(driver->dir2_Port, driver->dir2_Pin, 1);
 8000e06:	2201      	movs	r2, #1
 8000e08:	8a21      	ldrh	r1, [r4, #16]
 8000e0a:	6960      	ldr	r0, [r4, #20]
 8000e0c:	f001 fc0d 	bl	800262a <HAL_GPIO_WritePin>
			driver->dir = -1;
 8000e10:	23ff      	movs	r3, #255	@ 0xff
 8000e12:	f884 3020 	strb.w	r3, [r4, #32]
 8000e16:	e7da      	b.n	8000dce <pwm_setSpeed+0x3e>
	case 1:
		driver->htim->Instance->CCR1 = driver->_duty;
 8000e18:	6823      	ldr	r3, [r4, #0]
 8000e1a:	681b      	ldr	r3, [r3, #0]
 8000e1c:	69e2      	ldr	r2, [r4, #28]
 8000e1e:	635a      	str	r2, [r3, #52]	@ 0x34
		driver->htim->Instance->CCR4 = driver->_duty;
		break;
	default:
		break;
	}
}
 8000e20:	bd38      	pop	{r3, r4, r5, pc}
		driver->htim->Instance->CCR2 = driver->_duty;
 8000e22:	6823      	ldr	r3, [r4, #0]
 8000e24:	681b      	ldr	r3, [r3, #0]
 8000e26:	69e2      	ldr	r2, [r4, #28]
 8000e28:	639a      	str	r2, [r3, #56]	@ 0x38
		break;
 8000e2a:	e7f9      	b.n	8000e20 <pwm_setSpeed+0x90>
		driver->htim->Instance->CCR3 = driver->_duty;
 8000e2c:	6823      	ldr	r3, [r4, #0]
 8000e2e:	681b      	ldr	r3, [r3, #0]
 8000e30:	69e2      	ldr	r2, [r4, #28]
 8000e32:	63da      	str	r2, [r3, #60]	@ 0x3c
		break;
 8000e34:	e7f4      	b.n	8000e20 <pwm_setSpeed+0x90>
		driver->htim->Instance->CCR4 = driver->_duty;
 8000e36:	6823      	ldr	r3, [r4, #0]
 8000e38:	681b      	ldr	r3, [r3, #0]
 8000e3a:	69e2      	ldr	r2, [r4, #28]
 8000e3c:	641a      	str	r2, [r3, #64]	@ 0x40
}
 8000e3e:	e7ef      	b.n	8000e20 <pwm_setSpeed+0x90>

08000e40 <servo_periph_init>:
#include "servo_init.h"

servo_iq18_t servo1_g, servo2_g;

void servo_periph_init()
{
 8000e40:	b510      	push	{r4, lr}

    // Init timers

    // TIM1&2 for encoders
    MX_TIM1_Init();
 8000e42:	f000 fc3d 	bl	80016c0 <MX_TIM1_Init>
    MX_TIM2_Init();
 8000e46:	f000 fc71 	bl	800172c <MX_TIM2_Init>

    // TIM3&4 for periodical tasks
    MX_TIM3_Init(); // PWM as well
 8000e4a:	f000 fd39 	bl	80018c0 <MX_TIM3_Init>

    // Init & calibrate ADC
    MX_ADC1_Init();
 8000e4e:	f7ff fc01 	bl	8000654 <MX_ADC1_Init>
    HAL_ADCEx_Calibration_Start(&hadc1);
 8000e52:	480f      	ldr	r0, [pc, #60]	@ (8000e90 <servo_periph_init+0x50>)
 8000e54:	f001 f834 	bl	8001ec0 <HAL_ADCEx_Calibration_Start>

    // Start timers

    // Clear CNT and start timers 1&2 in encoder mode
    __HAL_TIM_CLEAR_IT(&htim1, TIM_IT_UPDATE);
 8000e58:	480e      	ldr	r0, [pc, #56]	@ (8000e94 <servo_periph_init+0x54>)
 8000e5a:	6803      	ldr	r3, [r0, #0]
 8000e5c:	f06f 0401 	mvn.w	r4, #1
 8000e60:	611c      	str	r4, [r3, #16]
    HAL_TIM_Encoder_Start(&htim1, TIM_CHANNEL_ALL);
 8000e62:	213c      	movs	r1, #60	@ 0x3c
 8000e64:	f002 fdec 	bl	8003a40 <HAL_TIM_Encoder_Start>
    __HAL_TIM_CLEAR_IT(&htim2, TIM_IT_UPDATE);
 8000e68:	480b      	ldr	r0, [pc, #44]	@ (8000e98 <servo_periph_init+0x58>)
 8000e6a:	6803      	ldr	r3, [r0, #0]
 8000e6c:	611c      	str	r4, [r3, #16]
    HAL_TIM_Encoder_Start(&htim2, TIM_CHANNEL_ALL);
 8000e6e:	213c      	movs	r1, #60	@ 0x3c
 8000e70:	f002 fde6 	bl	8003a40 <HAL_TIM_Encoder_Start>

    // Start TIM3 in PWM mode and also turn on interrupts
    HAL_TIM_PWM_Start(&htim3, TIM_CHANNEL_1);
 8000e74:	4c09      	ldr	r4, [pc, #36]	@ (8000e9c <servo_periph_init+0x5c>)
 8000e76:	2100      	movs	r1, #0
 8000e78:	4620      	mov	r0, r4
 8000e7a:	f002 fd73 	bl	8003964 <HAL_TIM_PWM_Start>
    HAL_TIM_PWM_Start(&htim3, TIM_CHANNEL_2);
 8000e7e:	2104      	movs	r1, #4
 8000e80:	4620      	mov	r0, r4
 8000e82:	f002 fd6f 	bl	8003964 <HAL_TIM_PWM_Start>
    HAL_TIM_Base_Start_IT(&htim3);
 8000e86:	4620      	mov	r0, r4
 8000e88:	f002 fb08 	bl	800349c <HAL_TIM_Base_Start_IT>
}
 8000e8c:	bd10      	pop	{r4, pc}
 8000e8e:	bf00      	nop
 8000e90:	200000c0 	.word	0x200000c0
 8000e94:	200004a4 	.word	0x200004a4
 8000e98:	2000045c 	.word	0x2000045c
 8000e9c:	20000414 	.word	0x20000414

08000ea0 <servo_init>:

void servo_init()
{
 8000ea0:	e92d 4ff0 	stmdb	sp!, {r4, r5, r6, r7, r8, r9, sl, fp, lr}
 8000ea4:	b087      	sub	sp, #28
    // Init servo1
    if (SERVO1_ENABLE)
    {
        servo_iq18_base_init(&servo1_g, Triple, MT_VELOCITY, MT_GEAR_RATIO, SERVO1_REVERSE);
 8000ea6:	4d48      	ldr	r5, [pc, #288]	@ (8000fc8 <servo_init+0x128>)
 8000ea8:	2601      	movs	r6, #1
 8000eaa:	9600      	str	r6, [sp, #0]
 8000eac:	4b47      	ldr	r3, [pc, #284]	@ (8000fcc <servo_init+0x12c>)
 8000eae:	4a48      	ldr	r2, [pc, #288]	@ (8000fd0 <servo_init+0x130>)
 8000eb0:	2102      	movs	r1, #2
 8000eb2:	4628      	mov	r0, r5
 8000eb4:	f000 f8aa 	bl	800100c <servo_iq18_base_init>
        servo_iq18_encoder_init(&servo1_g, &htim2, ENC_TPR, SERVO1_ENC_REVERSE);
 8000eb8:	4633      	mov	r3, r6
 8000eba:	222c      	movs	r2, #44	@ 0x2c
 8000ebc:	4945      	ldr	r1, [pc, #276]	@ (8000fd4 <servo_init+0x134>)
 8000ebe:	4628      	mov	r0, r5
 8000ec0:	f000 f8d2 	bl	8001068 <servo_iq18_encoder_init>

        servo_iq18_driver_init(&servo1_g, &htim3, 1, INA_GPIO_Port, INA_Pin,
 8000ec4:	f8df 9110 	ldr.w	r9, [pc, #272]	@ 8000fd8 <servo_init+0x138>
 8000ec8:	f44f 737a 	mov.w	r3, #1000	@ 0x3e8
 8000ecc:	9304      	str	r3, [sp, #16]
 8000ece:	2200      	movs	r2, #0
 8000ed0:	9203      	str	r2, [sp, #12]
 8000ed2:	2380      	movs	r3, #128	@ 0x80
 8000ed4:	9302      	str	r3, [sp, #8]
 8000ed6:	f8cd 9004 	str.w	r9, [sp, #4]
 8000eda:	2340      	movs	r3, #64	@ 0x40
 8000edc:	9300      	str	r3, [sp, #0]
 8000ede:	464b      	mov	r3, r9
 8000ee0:	4632      	mov	r2, r6
 8000ee2:	493e      	ldr	r1, [pc, #248]	@ (8000fdc <servo_init+0x13c>)
 8000ee4:	4628      	mov	r0, r5
 8000ee6:	f000 f8d5 	bl	8001094 <servo_iq18_driver_init>
                               INB_GPIO_Port,
                               INB_Pin, 0, 1000);

        servo_iq18_position_init(&servo1_g, ANG_KP, ANG_KI, ANG_KD, ANG_DT, ANG_KB);
 8000eea:	2400      	movs	r4, #0
 8000eec:	9401      	str	r4, [sp, #4]
 8000eee:	f8df 80f0 	ldr.w	r8, [pc, #240]	@ 8000fe0 <servo_init+0x140>
 8000ef2:	f8cd 8000 	str.w	r8, [sp]
 8000ef6:	4623      	mov	r3, r4
 8000ef8:	4622      	mov	r2, r4
 8000efa:	493a      	ldr	r1, [pc, #232]	@ (8000fe4 <servo_init+0x144>)
 8000efc:	4628      	mov	r0, r5
 8000efe:	f000 f901 	bl	8001104 <servo_iq18_position_init>
        servo_iq18_velocity_init(&servo1_g, VEL_KP, VEL_KI,
 8000f02:	f8df b0e4 	ldr.w	fp, [pc, #228]	@ 8000fe8 <servo_init+0x148>
 8000f06:	f8cd b004 	str.w	fp, [sp, #4]
 8000f0a:	f8cd 8000 	str.w	r8, [sp]
 8000f0e:	4623      	mov	r3, r4
 8000f10:	4a36      	ldr	r2, [pc, #216]	@ (8000fec <servo_init+0x14c>)
 8000f12:	4937      	ldr	r1, [pc, #220]	@ (8000ff0 <servo_init+0x150>)
 8000f14:	4628      	mov	r0, r5
 8000f16:	f000 f922 	bl	800115e <servo_iq18_velocity_init>
                                 VEL_KD, VEL_DT, VEL_KB);
        servo_iq18_current_init(&servo1_g, CUR_LIMIT, CUR_KP, CUR_KI, CUR_KD,
 8000f1a:	4f36      	ldr	r7, [pc, #216]	@ (8000ff4 <servo_init+0x154>)
 8000f1c:	9702      	str	r7, [sp, #8]
 8000f1e:	f8df a0d8 	ldr.w	sl, [pc, #216]	@ 8000ff8 <servo_init+0x158>
 8000f22:	f8cd a004 	str.w	sl, [sp, #4]
 8000f26:	9400      	str	r4, [sp, #0]
 8000f28:	463b      	mov	r3, r7
 8000f2a:	4a34      	ldr	r2, [pc, #208]	@ (8000ffc <servo_init+0x15c>)
 8000f2c:	f04f 517e 	mov.w	r1, #1065353216	@ 0x3f800000
 8000f30:	4628      	mov	r0, r5
 8000f32:	f000 f944 	bl	80011be <servo_iq18_current_init>
                                CUR_DT, CUR_KB);
        servo_iq18_setPositionTolerance(&servo1_g, ANG_TOLERANCE);
 8000f36:	4932      	ldr	r1, [pc, #200]	@ (8001000 <servo_init+0x160>)
 8000f38:	4628      	mov	r0, r5
 8000f3a:	f000 f98a 	bl	8001252 <servo_iq18_setPositionTolerance>
    }

    // Init servo2
    if (SERVO2_ENABLE)
    {
        servo_iq18_base_init(&servo2_g, Triple, MT_VELOCITY, MT_GEAR_RATIO, SERVO2_REVERSE);
 8000f3e:	4d31      	ldr	r5, [pc, #196]	@ (8001004 <servo_init+0x164>)
 8000f40:	9600      	str	r6, [sp, #0]
 8000f42:	4b22      	ldr	r3, [pc, #136]	@ (8000fcc <servo_init+0x12c>)
 8000f44:	4a22      	ldr	r2, [pc, #136]	@ (8000fd0 <servo_init+0x130>)
 8000f46:	2102      	movs	r1, #2
 8000f48:	4628      	mov	r0, r5
 8000f4a:	f000 f85f 	bl	800100c <servo_iq18_base_init>
        servo_iq18_encoder_init(&servo2_g, &htim1, ENC_TPR, SERVO2_ENC_REVERSE);
 8000f4e:	4633      	mov	r3, r6
 8000f50:	222c      	movs	r2, #44	@ 0x2c
 8000f52:	492d      	ldr	r1, [pc, #180]	@ (8001008 <servo_init+0x168>)
 8000f54:	4628      	mov	r0, r5
 8000f56:	f000 f887 	bl	8001068 <servo_iq18_encoder_init>

        servo_iq18_driver_init(&servo2_g, &htim3, 2, INA2_GPIO_Port, INA2_Pin,
 8000f5a:	f44f 737a 	mov.w	r3, #1000	@ 0x3e8
 8000f5e:	9304      	str	r3, [sp, #16]
 8000f60:	2200      	movs	r2, #0
 8000f62:	9203      	str	r2, [sp, #12]
 8000f64:	2310      	movs	r3, #16
 8000f66:	9302      	str	r3, [sp, #8]
 8000f68:	f8cd 9004 	str.w	r9, [sp, #4]
 8000f6c:	2308      	movs	r3, #8
 8000f6e:	9300      	str	r3, [sp, #0]
 8000f70:	464b      	mov	r3, r9
 8000f72:	2202      	movs	r2, #2
 8000f74:	4919      	ldr	r1, [pc, #100]	@ (8000fdc <servo_init+0x13c>)
 8000f76:	4628      	mov	r0, r5
 8000f78:	f000 f88c 	bl	8001094 <servo_iq18_driver_init>
                               INB2_GPIO_Port,
                               INB2_Pin, 0, 1000);

        servo_iq18_position_init(&servo2_g, ANG_KP, ANG_KI, ANG_KD, ANG_DT, ANG_KB);
 8000f7c:	9401      	str	r4, [sp, #4]
 8000f7e:	f8cd 8000 	str.w	r8, [sp]
 8000f82:	4623      	mov	r3, r4
 8000f84:	4622      	mov	r2, r4
 8000f86:	4917      	ldr	r1, [pc, #92]	@ (8000fe4 <servo_init+0x144>)
 8000f88:	4628      	mov	r0, r5
 8000f8a:	f000 f8bb 	bl	8001104 <servo_iq18_position_init>
        servo_iq18_velocity_init(&servo2_g, VEL_KP, VEL_KI,
 8000f8e:	f8cd b004 	str.w	fp, [sp, #4]
 8000f92:	f8cd 8000 	str.w	r8, [sp]
 8000f96:	4623      	mov	r3, r4
 8000f98:	4a14      	ldr	r2, [pc, #80]	@ (8000fec <servo_init+0x14c>)
 8000f9a:	4915      	ldr	r1, [pc, #84]	@ (8000ff0 <servo_init+0x150>)
 8000f9c:	4628      	mov	r0, r5
 8000f9e:	f000 f8de 	bl	800115e <servo_iq18_velocity_init>
                                 VEL_KD, VEL_DT, VEL_KB);
        servo_iq18_current_init(&servo2_g, CUR_LIMIT, CUR_KP, CUR_KI, CUR_KD,
 8000fa2:	9702      	str	r7, [sp, #8]
 8000fa4:	f8cd a004 	str.w	sl, [sp, #4]
 8000fa8:	9400      	str	r4, [sp, #0]
 8000faa:	463b      	mov	r3, r7
 8000fac:	4a13      	ldr	r2, [pc, #76]	@ (8000ffc <servo_init+0x15c>)
 8000fae:	f04f 517e 	mov.w	r1, #1065353216	@ 0x3f800000
 8000fb2:	4628      	mov	r0, r5
 8000fb4:	f000 f903 	bl	80011be <servo_iq18_current_init>
                                CUR_DT, CUR_KB);
        servo_iq18_setPositionTolerance(&servo2_g, ANG_TOLERANCE);
 8000fb8:	4911      	ldr	r1, [pc, #68]	@ (8001000 <servo_init+0x160>)
 8000fba:	4628      	mov	r0, r5
 8000fbc:	f000 f949 	bl	8001252 <servo_iq18_setPositionTolerance>
    }
 8000fc0:	b007      	add	sp, #28
 8000fc2:	e8bd 8ff0 	ldmia.w	sp!, {r4, r5, r6, r7, r8, r9, sl, fp, pc}
 8000fc6:	bf00      	nop
 8000fc8:	20000238 	.word	0x20000238
 8000fcc:	41aa6666 	.word	0x41aa6666
 8000fd0:	44852000 	.word	0x44852000
 8000fd4:	2000045c 	.word	0x2000045c
 8000fd8:	40010c00 	.word	0x40010c00
 8000fdc:	20000414 	.word	0x20000414
 8000fe0:	3b83126f 	.word	0x3b83126f
 8000fe4:	4064dd2f 	.word	0x4064dd2f
 8000fe8:	3f126e98 	.word	0x3f126e98
 8000fec:	3e428f5c 	.word	0x3e428f5c
 8000ff0:	3d6a5f85 	.word	0x3d6a5f85
 8000ff4:	446159cb 	.word	0x446159cb
 8000ff8:	38e90444 	.word	0x38e90444
 8000ffc:	40891687 	.word	0x40891687
 8001000:	3ca3d70a 	.word	0x3ca3d70a
 8001004:	20000114 	.word	0x20000114
 8001008:	200004a4 	.word	0x200004a4

0800100c <servo_iq18_base_init>:
 *      Author: zhmis
 */
#include "servo_iq18.h"

void servo_iq18_base_init(servo_iq18_t *servo, enum loops servoLoops,
		float motorSpeed, float gearRatio, uint8_t reverse) {
 800100c:	e92d 41f0 	stmdb	sp!, {r4, r5, r6, r7, r8, lr}
 8001010:	4604      	mov	r4, r0
 8001012:	460d      	mov	r5, r1
 8001014:	4617      	mov	r7, r2
 8001016:	461e      	mov	r6, r3
 8001018:	f89d 8018 	ldrb.w	r8, [sp, #24]
	servo->controllerLoops = servoLoops;
 800101c:	f880 1119 	strb.w	r1, [r0, #281]	@ 0x119
	servo->encoder.gearRatio = _IQ18(gearRatio);
 8001020:	f04f 4191 	mov.w	r1, #1216348160	@ 0x48800000
 8001024:	4618      	mov	r0, r3
 8001026:	f7ff f97f 	bl	8000328 <__aeabi_fmul>
 800102a:	f7ff facd 	bl	80005c8 <__aeabi_f2iz>
 800102e:	6220      	str	r0, [r4, #32]
	if (reverse) {
 8001030:	f1b8 0f00 	cmp.w	r8, #0
 8001034:	d014      	beq.n	8001060 <servo_iq18_base_init+0x54>
		servo->reverseFlag = -1;
 8001036:	23ff      	movs	r3, #255	@ 0xff
 8001038:	f884 3108 	strb.w	r3, [r4, #264]	@ 0x108
	} else {
		servo->reverseFlag = 1;
	}
	servo->maxShaftSpeed = _IQ18(motorSpeed / gearRatio);
 800103c:	4631      	mov	r1, r6
 800103e:	4638      	mov	r0, r7
 8001040:	f7ff fa26 	bl	8000490 <__aeabi_fdiv>
 8001044:	f04f 4191 	mov.w	r1, #1216348160	@ 0x48800000
 8001048:	f7ff f96e 	bl	8000328 <__aeabi_fmul>
 800104c:	f7ff fabc 	bl	80005c8 <__aeabi_f2iz>
 8001050:	f8c4 011c 	str.w	r0, [r4, #284]	@ 0x11c

	if (servoLoops != Single) {
 8001054:	b115      	cbz	r5, 800105c <servo_iq18_base_init+0x50>
		servo->pid_position.lowerLimit = -servo->maxShaftSpeed;
 8001056:	4243      	negs	r3, r0
 8001058:	65e3      	str	r3, [r4, #92]	@ 0x5c
		servo->pid_position.upperLimit = servo->maxShaftSpeed;
 800105a:	65a0      	str	r0, [r4, #88]	@ 0x58
	}
}
 800105c:	e8bd 81f0 	ldmia.w	sp!, {r4, r5, r6, r7, r8, pc}
		servo->reverseFlag = 1;
 8001060:	2301      	movs	r3, #1
 8001062:	f884 3108 	strb.w	r3, [r4, #264]	@ 0x108
 8001066:	e7e9      	b.n	800103c <servo_iq18_base_init+0x30>

08001068 <servo_iq18_encoder_init>:

void servo_iq18_encoder_init(servo_iq18_t *servo, TIM_HandleTypeDef *htim,
		uint16_t CPR, uint8_t encoder_is_reversed) {
 8001068:	b538      	push	{r3, r4, r5, lr}
 800106a:	4604      	mov	r4, r0
 800106c:	461d      	mov	r5, r3
	servo->encoder.htim = htim;
 800106e:	6001      	str	r1, [r0, #0]
	servo->encoder.countsPerRevolution = CPR;
 8001070:	8082      	strh	r2, [r0, #4]
	servo->encoder.filter = initEMA_iq18(VEL_EMA, 0);
 8001072:	2100      	movs	r1, #0
 8001074:	4806      	ldr	r0, [pc, #24]	@ (8001090 <servo_iq18_encoder_init+0x28>)
 8001076:	f7ff fc25 	bl	80008c4 <initEMA_iq18>
 800107a:	62e0      	str	r0, [r4, #44]	@ 0x2c
	if(!encoder_is_reversed){
 800107c:	b91d      	cbnz	r5, 8001086 <servo_iq18_encoder_init+0x1e>
		servo->encoder.reverse_flag = 1;
 800107e:	2301      	movs	r3, #1
 8001080:	f884 3028 	strb.w	r3, [r4, #40]	@ 0x28
	}else{
		servo->encoder.reverse_flag = -1;
	}
}
 8001084:	bd38      	pop	{r3, r4, r5, pc}
		servo->encoder.reverse_flag = -1;
 8001086:	23ff      	movs	r3, #255	@ 0xff
 8001088:	f884 3028 	strb.w	r3, [r4, #40]	@ 0x28
}
 800108c:	e7fa      	b.n	8001084 <servo_iq18_encoder_init+0x1c>
 800108e:	bf00      	nop
 8001090:	3ecccccd 	.word	0x3ecccccd

08001094 <servo_iq18_driver_init>:

void servo_iq18_driver_init(servo_iq18_t *servo, TIM_HandleTypeDef *htim,
		uint8_t timerChannel, GPIO_TypeDef *dir1_Port, uint32_t dir1_Pin,
		GPIO_TypeDef *dir2_Port, uint32_t dir2_Pin, uint16_t minDuty,
		uint16_t maxDuty) {
	servo->driver.htim = htim;
 8001094:	f8c0 10e4 	str.w	r1, [r0, #228]	@ 0xe4
	servo->driver.timerChannel = timerChannel;
 8001098:	f880 20e8 	strb.w	r2, [r0, #232]	@ 0xe8
	servo->driver.dir1_Port = dir1_Port;
 800109c:	f8c0 30f0 	str.w	r3, [r0, #240]	@ 0xf0
	servo->driver.dir1_Pin = dir1_Pin;
 80010a0:	9b00      	ldr	r3, [sp, #0]
 80010a2:	f8c0 30ec 	str.w	r3, [r0, #236]	@ 0xec
	servo->driver.dir2_Port = dir2_Port;
 80010a6:	9b01      	ldr	r3, [sp, #4]
 80010a8:	f8c0 30f8 	str.w	r3, [r0, #248]	@ 0xf8
	servo->driver.dir2_Pin = dir2_Pin;
 80010ac:	9b02      	ldr	r3, [sp, #8]
 80010ae:	f8c0 30f4 	str.w	r3, [r0, #244]	@ 0xf4

	servo->driver.minDuty = minDuty;
 80010b2:	f8bd 300c 	ldrh.w	r3, [sp, #12]
 80010b6:	f8a0 30fe 	strh.w	r3, [r0, #254]	@ 0xfe
	servo->driver.maxDuty = maxDuty;
 80010ba:	f8bd 3010 	ldrh.w	r3, [sp, #16]
 80010be:	f8a0 30fc 	strh.w	r3, [r0, #252]	@ 0xfc

	switch (servo->controllerLoops) {
 80010c2:	f890 3119 	ldrb.w	r3, [r0, #281]	@ 0x119
 80010c6:	2b01      	cmp	r3, #1
 80010c8:	d009      	beq.n	80010de <servo_iq18_driver_init+0x4a>
 80010ca:	2b02      	cmp	r3, #2
 80010cc:	d00f      	beq.n	80010ee <servo_iq18_driver_init+0x5a>
 80010ce:	b9ab      	cbnz	r3, 80010fc <servo_iq18_driver_init+0x68>
	case Single:
		servo->pid_position.lowerLimit = _IQ18(-1);
 80010d0:	f5a3 2380 	sub.w	r3, r3, #262144	@ 0x40000
 80010d4:	65c3      	str	r3, [r0, #92]	@ 0x5c
		servo->pid_position.upperLimit = _IQ18(1);
 80010d6:	f44f 2380 	mov.w	r3, #262144	@ 0x40000
 80010da:	6583      	str	r3, [r0, #88]	@ 0x58
		break;
 80010dc:	4770      	bx	lr
	case Double:
		servo->pid_velocity.lowerLimit = _IQ18(-1);
 80010de:	4b08      	ldr	r3, [pc, #32]	@ (8001100 <servo_iq18_driver_init+0x6c>)
 80010e0:	f8c0 3098 	str.w	r3, [r0, #152]	@ 0x98
		servo->pid_velocity.upperLimit = _IQ18(1);
 80010e4:	f44f 2380 	mov.w	r3, #262144	@ 0x40000
 80010e8:	f8c0 3094 	str.w	r3, [r0, #148]	@ 0x94
		break;
 80010ec:	4770      	bx	lr
	case Triple:
		servo->pid_current.lowerLimit = _IQ18(-1);
 80010ee:	4b04      	ldr	r3, [pc, #16]	@ (8001100 <servo_iq18_driver_init+0x6c>)
 80010f0:	f8c0 30d4 	str.w	r3, [r0, #212]	@ 0xd4
		servo->pid_current.upperLimit = _IQ18(1);
 80010f4:	f44f 2380 	mov.w	r3, #262144	@ 0x40000
 80010f8:	f8c0 30d0 	str.w	r3, [r0, #208]	@ 0xd0
		break;
	default:
		break;
	}
}
 80010fc:	4770      	bx	lr
 80010fe:	bf00      	nop
 8001100:	fffc0000 	.word	0xfffc0000

08001104 <servo_iq18_position_init>:

void servo_iq18_position_init(servo_iq18_t *servo, float kp, float ki, float kd,
		float dt, float kb) {
 8001104:	b570      	push	{r4, r5, r6, lr}
 8001106:	4604      	mov	r4, r0
 8001108:	4608      	mov	r0, r1
 800110a:	4616      	mov	r6, r2
 800110c:	461d      	mov	r5, r3
	servo->pid_position.kp = _IQ18(kp);
 800110e:	f04f 4191 	mov.w	r1, #1216348160	@ 0x48800000
 8001112:	f7ff f909 	bl	8000328 <__aeabi_fmul>
 8001116:	f7ff fa57 	bl	80005c8 <__aeabi_f2iz>
 800111a:	6360      	str	r0, [r4, #52]	@ 0x34
	servo->pid_position.ki = _IQ18(ki);
 800111c:	f04f 4191 	mov.w	r1, #1216348160	@ 0x48800000
 8001120:	4630      	mov	r0, r6
 8001122:	f7ff f901 	bl	8000328 <__aeabi_fmul>
 8001126:	f7ff fa4f 	bl	80005c8 <__aeabi_f2iz>
 800112a:	63a0      	str	r0, [r4, #56]	@ 0x38
	servo->pid_position.kd = _IQ18(kd);
 800112c:	f04f 4191 	mov.w	r1, #1216348160	@ 0x48800000
 8001130:	4628      	mov	r0, r5
 8001132:	f7ff f8f9 	bl	8000328 <__aeabi_fmul>
 8001136:	f7ff fa47 	bl	80005c8 <__aeabi_f2iz>
 800113a:	63e0      	str	r0, [r4, #60]	@ 0x3c
	servo->pid_position.dt = _IQ18(dt);
 800113c:	f04f 4191 	mov.w	r1, #1216348160	@ 0x48800000
 8001140:	9804      	ldr	r0, [sp, #16]
 8001142:	f7ff f8f1 	bl	8000328 <__aeabi_fmul>
 8001146:	f7ff fa3f 	bl	80005c8 <__aeabi_f2iz>
 800114a:	6560      	str	r0, [r4, #84]	@ 0x54
	servo->pid_position.kb = _IQ18(kb);
 800114c:	f04f 4191 	mov.w	r1, #1216348160	@ 0x48800000
 8001150:	9805      	ldr	r0, [sp, #20]
 8001152:	f7ff f8e9 	bl	8000328 <__aeabi_fmul>
 8001156:	f7ff fa37 	bl	80005c8 <__aeabi_f2iz>
 800115a:	6420      	str	r0, [r4, #64]	@ 0x40
}
 800115c:	bd70      	pop	{r4, r5, r6, pc}

0800115e <servo_iq18_velocity_init>:

void servo_iq18_velocity_init(servo_iq18_t *servo, float kp, float ki, float kd,
		float dt, float kb) {
 800115e:	b570      	push	{r4, r5, r6, lr}
 8001160:	4604      	mov	r4, r0
 8001162:	4608      	mov	r0, r1
 8001164:	4616      	mov	r6, r2
 8001166:	461d      	mov	r5, r3
	servo->pid_velocity.kp = _IQ18(kp);
 8001168:	f04f 4191 	mov.w	r1, #1216348160	@ 0x48800000
 800116c:	f7ff f8dc 	bl	8000328 <__aeabi_fmul>
 8001170:	f7ff fa2a 	bl	80005c8 <__aeabi_f2iz>
 8001174:	6720      	str	r0, [r4, #112]	@ 0x70
	servo->pid_velocity.ki = _IQ18(ki);
 8001176:	f04f 4191 	mov.w	r1, #1216348160	@ 0x48800000
 800117a:	4630      	mov	r0, r6
 800117c:	f7ff f8d4 	bl	8000328 <__aeabi_fmul>
 8001180:	f7ff fa22 	bl	80005c8 <__aeabi_f2iz>
 8001184:	6760      	str	r0, [r4, #116]	@ 0x74
	servo->pid_velocity.kd = _IQ18(kd);
 8001186:	f04f 4191 	mov.w	r1, #1216348160	@ 0x48800000
 800118a:	4628      	mov	r0, r5
 800118c:	f7ff f8cc 	bl	8000328 <__aeabi_fmul>
 8001190:	f7ff fa1a 	bl	80005c8 <__aeabi_f2iz>
 8001194:	67a0      	str	r0, [r4, #120]	@ 0x78
	servo->pid_velocity.dt = _IQ18(dt);
 8001196:	f04f 4191 	mov.w	r1, #1216348160	@ 0x48800000
 800119a:	9804      	ldr	r0, [sp, #16]
 800119c:	f7ff f8c4 	bl	8000328 <__aeabi_fmul>
 80011a0:	f7ff fa12 	bl	80005c8 <__aeabi_f2iz>
 80011a4:	4605      	mov	r5, r0
 80011a6:	f8c4 0090 	str.w	r0, [r4, #144]	@ 0x90
	servo->pid_velocity.kb = _IQ18(kb);
 80011aa:	f04f 4191 	mov.w	r1, #1216348160	@ 0x48800000
 80011ae:	9805      	ldr	r0, [sp, #20]
 80011b0:	f7ff f8ba 	bl	8000328 <__aeabi_fmul>
 80011b4:	f7ff fa08 	bl	80005c8 <__aeabi_f2iz>
 80011b8:	67e0      	str	r0, [r4, #124]	@ 0x7c
	servo->encoder.dt = _IQ18(dt);
 80011ba:	61e5      	str	r5, [r4, #28]
}
 80011bc:	bd70      	pop	{r4, r5, r6, pc}

080011be <servo_iq18_current_init>:

void servo_iq18_current_init(servo_iq18_t *servo, float ratedCurrent, float kp,
		float ki, float kd, float dt, float kb) {
 80011be:	b570      	push	{r4, r5, r6, lr}
 80011c0:	4604      	mov	r4, r0
 80011c2:	460d      	mov	r5, r1
 80011c4:	461e      	mov	r6, r3
	servo->pid_current.kp = _IQ18(kp);
 80011c6:	f04f 4191 	mov.w	r1, #1216348160	@ 0x48800000
 80011ca:	4610      	mov	r0, r2
 80011cc:	f7ff f8ac 	bl	8000328 <__aeabi_fmul>
 80011d0:	f7ff f9fa 	bl	80005c8 <__aeabi_f2iz>
 80011d4:	f8c4 00ac 	str.w	r0, [r4, #172]	@ 0xac
	servo->pid_current.ki = _IQ18(ki);
 80011d8:	f04f 4191 	mov.w	r1, #1216348160	@ 0x48800000
 80011dc:	4630      	mov	r0, r6
 80011de:	f7ff f8a3 	bl	8000328 <__aeabi_fmul>
 80011e2:	f7ff f9f1 	bl	80005c8 <__aeabi_f2iz>
 80011e6:	f8c4 00b0 	str.w	r0, [r4, #176]	@ 0xb0
	servo->pid_current.kd = _IQ18(kd);
 80011ea:	f04f 4191 	mov.w	r1, #1216348160	@ 0x48800000
 80011ee:	9804      	ldr	r0, [sp, #16]
 80011f0:	f7ff f89a 	bl	8000328 <__aeabi_fmul>
 80011f4:	f7ff f9e8 	bl	80005c8 <__aeabi_f2iz>
 80011f8:	f8c4 00b4 	str.w	r0, [r4, #180]	@ 0xb4
	servo->pid_current.dt = _IQ18(dt);
 80011fc:	f04f 4191 	mov.w	r1, #1216348160	@ 0x48800000
 8001200:	9805      	ldr	r0, [sp, #20]
 8001202:	f7ff f891 	bl	8000328 <__aeabi_fmul>
 8001206:	f7ff f9df 	bl	80005c8 <__aeabi_f2iz>
 800120a:	f8c4 00cc 	str.w	r0, [r4, #204]	@ 0xcc
	servo->pid_current.kb = _IQ18(kb);
 800120e:	f04f 4191 	mov.w	r1, #1216348160	@ 0x48800000
 8001212:	9806      	ldr	r0, [sp, #24]
 8001214:	f7ff f888 	bl	8000328 <__aeabi_fmul>
 8001218:	f7ff f9d6 	bl	80005c8 <__aeabi_f2iz>
 800121c:	f8c4 00b8 	str.w	r0, [r4, #184]	@ 0xb8
	servo->maxCurrent = _IQ18(ratedCurrent);
 8001220:	f04f 4191 	mov.w	r1, #1216348160	@ 0x48800000
 8001224:	4628      	mov	r0, r5
 8001226:	f7ff f87f 	bl	8000328 <__aeabi_fmul>
 800122a:	4606      	mov	r6, r0
 800122c:	f7ff f9cc 	bl	80005c8 <__aeabi_f2iz>
 8001230:	f8c4 0120 	str.w	r0, [r4, #288]	@ 0x120
	if (servo->controllerLoops == Triple) {
 8001234:	f894 3119 	ldrb.w	r3, [r4, #281]	@ 0x119
 8001238:	2b02      	cmp	r3, #2
 800123a:	d000      	beq.n	800123e <servo_iq18_current_init+0x80>
		servo->pid_velocity.lowerLimit = _IQ18(-ratedCurrent);
		servo->pid_velocity.upperLimit = _IQ18(ratedCurrent);
	}
}
 800123c:	bd70      	pop	{r4, r5, r6, pc}
 800123e:	4605      	mov	r5, r0
		servo->pid_velocity.lowerLimit = _IQ18(-ratedCurrent);
 8001240:	f106 4000 	add.w	r0, r6, #2147483648	@ 0x80000000
 8001244:	f7ff f9c0 	bl	80005c8 <__aeabi_f2iz>
 8001248:	f8c4 0098 	str.w	r0, [r4, #152]	@ 0x98
		servo->pid_velocity.upperLimit = _IQ18(ratedCurrent);
 800124c:	f8c4 5094 	str.w	r5, [r4, #148]	@ 0x94
}
 8001250:	e7f4      	b.n	800123c <servo_iq18_current_init+0x7e>

08001252 <servo_iq18_setPositionTolerance>:

void servo_iq18_setPositionTolerance(servo_iq18_t *servo, float tolerance) {
 8001252:	b510      	push	{r4, lr}
 8001254:	4604      	mov	r4, r0
 8001256:	4608      	mov	r0, r1
	servo->pid_position.toleranceBand = _IQ18(tolerance);
 8001258:	f04f 4191 	mov.w	r1, #1216348160	@ 0x48800000
 800125c:	f7ff f864 	bl	8000328 <__aeabi_fmul>
 8001260:	f7ff f9b2 	bl	80005c8 <__aeabi_f2iz>
 8001264:	6460      	str	r0, [r4, #68]	@ 0x44
}
 8001266:	bd10      	pop	{r4, pc}

08001268 <servo_iq18_velocityLoop>:
		break;
	}
	}
}

void servo_iq18_velocityLoop(servo_iq18_t *servo) {
 8001268:	b538      	push	{r3, r4, r5, lr}
 800126a:	4604      	mov	r4, r0
	encoder_updatePosition_iq18(&servo->encoder);
 800126c:	f7ff fb50 	bl	8000910 <encoder_updatePosition_iq18>
	encoder_updateVelocity_qep_iq18(&servo->encoder);
 8001270:	4620      	mov	r0, r4
 8001272:	f7ff fb7f 	bl	8000974 <encoder_updateVelocity_qep_iq18>
	if (servo->currentMode != Current) {
 8001276:	f894 311a 	ldrb.w	r3, [r4, #282]	@ 0x11a
 800127a:	2b03      	cmp	r3, #3
 800127c:	d10e      	bne.n	800129c <servo_iq18_velocityLoop+0x34>
		pid_iq18_calculate(&servo->pid_velocity, servo->velocitySetpoint,
				encoder_getVelocity_iq18(&servo->encoder));
	}

	switch (servo->controllerLoops) {
 800127e:	f894 3119 	ldrb.w	r3, [r4, #281]	@ 0x119
 8001282:	2b01      	cmp	r3, #1
 8001284:	d016      	beq.n	80012b4 <servo_iq18_velocityLoop+0x4c>
 8001286:	2b02      	cmp	r3, #2
 8001288:	d027      	beq.n	80012da <servo_iq18_velocityLoop+0x72>
 800128a:	b933      	cbnz	r3, 800129a <servo_iq18_velocityLoop+0x32>
	case Single:
		pid_iq18_reset(&servo->pid_velocity);
 800128c:	f104 006c 	add.w	r0, r4, #108	@ 0x6c
 8001290:	f7ff fd1e 	bl	8000cd0 <pid_iq18_reset>
		servo->velocitySetpoint = 0;
 8001294:	2300      	movs	r3, #0
 8001296:	f8c4 3110 	str.w	r3, [r4, #272]	@ 0x110
			pid_iq18_reset(&servo->pid_velocity);
			servo->velocitySetpoint = 0;
		}
		break;
	}
}
 800129a:	bd38      	pop	{r3, r4, r5, pc}
		pid_iq18_calculate(&servo->pid_velocity, servo->velocitySetpoint,
 800129c:	f8d4 5110 	ldr.w	r5, [r4, #272]	@ 0x110
 80012a0:	4620      	mov	r0, r4
 80012a2:	f7ff fb81 	bl	80009a8 <encoder_getVelocity_iq18>
 80012a6:	4602      	mov	r2, r0
 80012a8:	4629      	mov	r1, r5
 80012aa:	f104 006c 	add.w	r0, r4, #108	@ 0x6c
 80012ae:	f7ff fd16 	bl	8000cde <pid_iq18_calculate>
 80012b2:	e7e4      	b.n	800127e <servo_iq18_velocityLoop+0x16>
		int32_t duty = (int32_t) (((int64_t) pid_iq18_getOutput(
 80012b4:	f104 006c 	add.w	r0, r4, #108	@ 0x6c
 80012b8:	f7ff fd51 	bl	8000d5e <pid_iq18_getOutput>
 80012bc:	17c2      	asrs	r2, r0, #31
				&servo->pid_velocity) * servo->driver.maxDuty) >> 18);
 80012be:	f8b4 30fc 	ldrh.w	r3, [r4, #252]	@ 0xfc
 80012c2:	fba0 0103 	umull	r0, r1, r0, r3
 80012c6:	fb03 1102 	mla	r1, r3, r2, r1
 80012ca:	0c80      	lsrs	r0, r0, #18
		pwm_setSpeed(&servo->driver, duty);
 80012cc:	ea40 3181 	orr.w	r1, r0, r1, lsl #14
 80012d0:	f104 00e4 	add.w	r0, r4, #228	@ 0xe4
 80012d4:	f7ff fd5c 	bl	8000d90 <pwm_setSpeed>
		break;
 80012d8:	e7df      	b.n	800129a <servo_iq18_velocityLoop+0x32>
		if (servo->currentMode != Current) {
 80012da:	f894 311a 	ldrb.w	r3, [r4, #282]	@ 0x11a
 80012de:	2b03      	cmp	r3, #3
 80012e0:	d006      	beq.n	80012f0 <servo_iq18_velocityLoop+0x88>
			servo->currentSetpoint = pid_iq18_getOutput(&servo->pid_velocity);
 80012e2:	f104 006c 	add.w	r0, r4, #108	@ 0x6c
 80012e6:	f7ff fd3a 	bl	8000d5e <pid_iq18_getOutput>
 80012ea:	f8c4 0114 	str.w	r0, [r4, #276]	@ 0x114
 80012ee:	e7d4      	b.n	800129a <servo_iq18_velocityLoop+0x32>
			pid_iq18_reset(&servo->pid_velocity);
 80012f0:	f104 006c 	add.w	r0, r4, #108	@ 0x6c
 80012f4:	f7ff fcec 	bl	8000cd0 <pid_iq18_reset>
			servo->velocitySetpoint = 0;
 80012f8:	2300      	movs	r3, #0
 80012fa:	f8c4 3110 	str.w	r3, [r4, #272]	@ 0x110
}
 80012fe:	e7cc      	b.n	800129a <servo_iq18_velocityLoop+0x32>

08001300 <servo_iq18_currentLoop>:

void servo_iq18_currentLoop(servo_iq18_t *servo, _iq18 currentFeedback) {
 8001300:	b538      	push	{r3, r4, r5, lr}
 8001302:	4604      	mov	r4, r0
	if (servo->controllerLoops == Triple) {
 8001304:	f890 3119 	ldrb.w	r3, [r0, #281]	@ 0x119
 8001308:	2b02      	cmp	r3, #2
 800130a:	d006      	beq.n	800131a <servo_iq18_currentLoop+0x1a>
				currentFeedback);
		int32_t duty = (int32_t) (((int64_t) pid_iq18_getOutput(
				&servo->pid_current) * servo->driver.maxDuty) >> 18);
		pwm_setSpeed(&servo->driver, duty);
	} else {
		pid_iq18_reset(&servo->pid_current);
 800130c:	30a8      	adds	r0, #168	@ 0xa8
 800130e:	f7ff fcdf 	bl	8000cd0 <pid_iq18_reset>
		servo->currentSetpoint = 0;
 8001312:	2300      	movs	r3, #0
 8001314:	f8c4 3114 	str.w	r3, [r4, #276]	@ 0x114
	}
}
 8001318:	bd38      	pop	{r3, r4, r5, pc}
		pid_iq18_calculate(&servo->pid_current, servo->currentSetpoint,
 800131a:	f100 05a8 	add.w	r5, r0, #168	@ 0xa8
 800131e:	460a      	mov	r2, r1
 8001320:	f8d0 1114 	ldr.w	r1, [r0, #276]	@ 0x114
 8001324:	4628      	mov	r0, r5
 8001326:	f7ff fcda 	bl	8000cde <pid_iq18_calculate>
		int32_t duty = (int32_t) (((int64_t) pid_iq18_getOutput(
 800132a:	4628      	mov	r0, r5
 800132c:	f7ff fd17 	bl	8000d5e <pid_iq18_getOutput>
 8001330:	17c2      	asrs	r2, r0, #31
				&servo->pid_current) * servo->driver.maxDuty) >> 18);
 8001332:	f8b4 30fc 	ldrh.w	r3, [r4, #252]	@ 0xfc
 8001336:	fba0 0103 	umull	r0, r1, r0, r3
 800133a:	fb03 1102 	mla	r1, r3, r2, r1
 800133e:	0c80      	lsrs	r0, r0, #18
		pwm_setSpeed(&servo->driver, duty);
 8001340:	ea40 3181 	orr.w	r1, r0, r1, lsl #14
 8001344:	f104 00e4 	add.w	r0, r4, #228	@ 0xe4
 8001348:	f7ff fd22 	bl	8000d90 <pwm_setSpeed>
 800134c:	e7e4      	b.n	8001318 <servo_iq18_currentLoop+0x18>

0800134e <servo_iq18_controlVelocity>:
void servo_iq18_controlPosition(servo_iq18_t *servo, float setpoint) {
	servo->currentMode = Position;
	servo->positionSetpoint = _IQ18(setpoint) * servo->reverseFlag;
}

void servo_iq18_controlVelocity(servo_iq18_t *servo, float setpoint) {
 800134e:	b510      	push	{r4, lr}
 8001350:	4604      	mov	r4, r0
	if (servo->controllerLoops != Single) {
 8001352:	f890 3119 	ldrb.w	r3, [r0, #281]	@ 0x119
 8001356:	b1bb      	cbz	r3, 8001388 <servo_iq18_controlVelocity+0x3a>
 8001358:	4608      	mov	r0, r1
		servo->currentMode = Velocity;
 800135a:	2302      	movs	r3, #2
 800135c:	f884 311a 	strb.w	r3, [r4, #282]	@ 0x11a
		servo->velocitySetpoint = _IQsat(_IQ18(setpoint) * servo->reverseFlag,
 8001360:	f04f 4191 	mov.w	r1, #1216348160	@ 0x48800000
 8001364:	f7fe ffe0 	bl	8000328 <__aeabi_fmul>
 8001368:	f7ff f92e 	bl	80005c8 <__aeabi_f2iz>
 800136c:	f994 3108 	ldrsb.w	r3, [r4, #264]	@ 0x108
 8001370:	fb03 f000 	mul.w	r0, r3, r0
 8001374:	f8d4 311c 	ldr.w	r3, [r4, #284]	@ 0x11c
 8001378:	4298      	cmp	r0, r3
 800137a:	dc03      	bgt.n	8001384 <servo_iq18_controlVelocity+0x36>
 800137c:	425b      	negs	r3, r3
 800137e:	4283      	cmp	r3, r0
 8001380:	bfb8      	it	lt
 8001382:	4603      	movlt	r3, r0
 8001384:	f8c4 3110 	str.w	r3, [r4, #272]	@ 0x110
				servo->maxShaftSpeed, -servo->maxShaftSpeed);
	}
}
 8001388:	bd10      	pop	{r4, pc}

0800138a <servo_iq18_reset>:
		servo->currentSetpoint = _IQsat(_IQ18(setpoint * servo->reverseFlag),
				servo->maxCurrent, -servo->maxCurrent);
	}
}

void servo_iq18_reset(servo_iq18_t *servo){
 800138a:	b510      	push	{r4, lr}
 800138c:	4604      	mov	r4, r0
	encoder_reset_iq18(&servo->encoder);
 800138e:	f7ff fb01 	bl	8000994 <encoder_reset_iq18>
	pid_iq18_reset(&servo->pid_current);
 8001392:	f104 00a8 	add.w	r0, r4, #168	@ 0xa8
 8001396:	f7ff fc9b 	bl	8000cd0 <pid_iq18_reset>
	pid_iq18_reset(&servo->pid_velocity);
 800139a:	f104 006c 	add.w	r0, r4, #108	@ 0x6c
 800139e:	f7ff fc97 	bl	8000cd0 <pid_iq18_reset>
	pid_iq18_reset(&servo->pid_position);
 80013a2:	f104 0030 	add.w	r0, r4, #48	@ 0x30
 80013a6:	f7ff fc93 	bl	8000cd0 <pid_iq18_reset>
 80013aa:	bd10      	pop	{r4, pc}

080013ac <MX_SPI2_Init>:

SPI_HandleTypeDef hspi2;

/* SPI2 init function */
void MX_SPI2_Init(void)
{
 80013ac:	b508      	push	{r3, lr}
  /* USER CODE END SPI2_Init 0 */

  /* USER CODE BEGIN SPI2_Init 1 */

  /* USER CODE END SPI2_Init 1 */
  hspi2.Instance = SPI2;
 80013ae:	480c      	ldr	r0, [pc, #48]	@ (80013e0 <MX_SPI2_Init+0x34>)
 80013b0:	4b0c      	ldr	r3, [pc, #48]	@ (80013e4 <MX_SPI2_Init+0x38>)
 80013b2:	6003      	str	r3, [r0, #0]
  hspi2.Init.Mode = SPI_MODE_SLAVE;
 80013b4:	2300      	movs	r3, #0
 80013b6:	6043      	str	r3, [r0, #4]
  hspi2.Init.Direction = SPI_DIRECTION_2LINES;
 80013b8:	6083      	str	r3, [r0, #8]
  hspi2.Init.DataSize = SPI_DATASIZE_8BIT;
 80013ba:	60c3      	str	r3, [r0, #12]
  hspi2.Init.CLKPolarity = SPI_POLARITY_LOW;
 80013bc:	6103      	str	r3, [r0, #16]
  hspi2.Init.CLKPhase = SPI_PHASE_1EDGE;
 80013be:	6143      	str	r3, [r0, #20]
  hspi2.Init.NSS = SPI_NSS_SOFT;
 80013c0:	f44f 7200 	mov.w	r2, #512	@ 0x200
 80013c4:	6182      	str	r2, [r0, #24]
  hspi2.Init.FirstBit = SPI_FIRSTBIT_MSB;
 80013c6:	6203      	str	r3, [r0, #32]
  hspi2.Init.TIMode = SPI_TIMODE_DISABLE;
 80013c8:	6243      	str	r3, [r0, #36]	@ 0x24
  hspi2.Init.CRCCalculation = SPI_CRCCALCULATION_DISABLE;
 80013ca:	6283      	str	r3, [r0, #40]	@ 0x28
  hspi2.Init.CRCPolynomial = 10;
 80013cc:	230a      	movs	r3, #10
 80013ce:	62c3      	str	r3, [r0, #44]	@ 0x2c
  if (HAL_SPI_Init(&hspi2) != HAL_OK)
 80013d0:	f001 fdc2 	bl	8002f58 <HAL_SPI_Init>
 80013d4:	b900      	cbnz	r0, 80013d8 <MX_SPI2_Init+0x2c>
  }
  /* USER CODE BEGIN SPI2_Init 2 */

  /* USER CODE END SPI2_Init 2 */

}
 80013d6:	bd08      	pop	{r3, pc}
    Error_Handler();
 80013d8:	f7ff fc00 	bl	8000bdc <Error_Handler>
}
 80013dc:	e7fb      	b.n	80013d6 <MX_SPI2_Init+0x2a>
 80013de:	bf00      	nop
 80013e0:	2000035c 	.word	0x2000035c
 80013e4:	40003800 	.word	0x40003800

080013e8 <HAL_SPI_MspInit>:

void HAL_SPI_MspInit(SPI_HandleTypeDef* spiHandle)
{
 80013e8:	b510      	push	{r4, lr}
 80013ea:	b086      	sub	sp, #24

  GPIO_InitTypeDef GPIO_InitStruct = {0};
 80013ec:	2300      	movs	r3, #0
 80013ee:	9302      	str	r3, [sp, #8]
 80013f0:	9303      	str	r3, [sp, #12]
 80013f2:	9304      	str	r3, [sp, #16]
 80013f4:	9305      	str	r3, [sp, #20]
  if(spiHandle->Instance==SPI2)
 80013f6:	6802      	ldr	r2, [r0, #0]
 80013f8:	4b1a      	ldr	r3, [pc, #104]	@ (8001464 <HAL_SPI_MspInit+0x7c>)
 80013fa:	429a      	cmp	r2, r3
 80013fc:	d001      	beq.n	8001402 <HAL_SPI_MspInit+0x1a>
    HAL_NVIC_EnableIRQ(SPI2_IRQn);
  /* USER CODE BEGIN SPI2_MspInit 1 */

  /* USER CODE END SPI2_MspInit 1 */
  }
}
 80013fe:	b006      	add	sp, #24
 8001400:	bd10      	pop	{r4, pc}
    __HAL_RCC_SPI2_CLK_ENABLE();
 8001402:	f503 33ec 	add.w	r3, r3, #120832	@ 0x1d800
 8001406:	69da      	ldr	r2, [r3, #28]
 8001408:	f442 4280 	orr.w	r2, r2, #16384	@ 0x4000
 800140c:	61da      	str	r2, [r3, #28]
 800140e:	69da      	ldr	r2, [r3, #28]
 8001410:	f402 4280 	and.w	r2, r2, #16384	@ 0x4000
 8001414:	9200      	str	r2, [sp, #0]
 8001416:	9a00      	ldr	r2, [sp, #0]
    __HAL_RCC_GPIOB_CLK_ENABLE();
 8001418:	699a      	ldr	r2, [r3, #24]
 800141a:	f042 0208 	orr.w	r2, r2, #8
 800141e:	619a      	str	r2, [r3, #24]
 8001420:	699b      	ldr	r3, [r3, #24]
 8001422:	f003 0308 	and.w	r3, r3, #8
 8001426:	9301      	str	r3, [sp, #4]
 8001428:	9b01      	ldr	r3, [sp, #4]
    GPIO_InitStruct.Pin = GPIO_PIN_13|GPIO_PIN_15;
 800142a:	f44f 4320 	mov.w	r3, #40960	@ 0xa000
 800142e:	9302      	str	r3, [sp, #8]
    HAL_GPIO_Init(GPIOB, &GPIO_InitStruct);
 8001430:	4c0d      	ldr	r4, [pc, #52]	@ (8001468 <HAL_SPI_MspInit+0x80>)
 8001432:	a902      	add	r1, sp, #8
 8001434:	4620      	mov	r0, r4
 8001436:	f000 ffe3 	bl	8002400 <HAL_GPIO_Init>
    GPIO_InitStruct.Pin = GPIO_PIN_14;
 800143a:	f44f 4380 	mov.w	r3, #16384	@ 0x4000
 800143e:	9302      	str	r3, [sp, #8]
    GPIO_InitStruct.Mode = GPIO_MODE_AF_PP;
 8001440:	2302      	movs	r3, #2
 8001442:	9303      	str	r3, [sp, #12]
    GPIO_InitStruct.Speed = GPIO_SPEED_FREQ_HIGH;
 8001444:	2303      	movs	r3, #3
 8001446:	9305      	str	r3, [sp, #20]
    HAL_GPIO_Init(GPIOB, &GPIO_InitStruct);
 8001448:	a902      	add	r1, sp, #8
 800144a:	4620      	mov	r0, r4
 800144c:	f000 ffd8 	bl	8002400 <HAL_GPIO_Init>
    HAL_NVIC_SetPriority(SPI2_IRQn, 0, 0);
 8001450:	2200      	movs	r2, #0
 8001452:	4611      	mov	r1, r2
 8001454:	2024      	movs	r0, #36	@ 0x24
 8001456:	f000 fdf9 	bl	800204c <HAL_NVIC_SetPriority>
    HAL_NVIC_EnableIRQ(SPI2_IRQn);
 800145a:	2024      	movs	r0, #36	@ 0x24
 800145c:	f000 fe06 	bl	800206c <HAL_NVIC_EnableIRQ>
}
 8001460:	e7cd      	b.n	80013fe <HAL_SPI_MspInit+0x16>
 8001462:	bf00      	nop
 8001464:	40003800 	.word	0x40003800
 8001468:	40010c00 	.word	0x40010c00

0800146c <slave_crc_packet>:
/* Slave methods ---------------------------------------------------------*/
void slave_reset_mosi_packet(mosi_packet_t *packet) {
    memset(packet, 0, sizeof(mosi_packet_t));
}

void slave_crc_packet(miso_packet_t *packet) {
 800146c:	b510      	push	{r4, lr}
 800146e:	b088      	sub	sp, #32
 8001470:	4604      	mov	r4, r0
    uint32_t buffer[sizeof(miso_packet_t) / 4];
    memcpy(buffer, packet, sizeof(miso_packet_t) - sizeof(uint32_t));
 8001472:	f10d 0c04 	add.w	ip, sp, #4
 8001476:	6800      	ldr	r0, [r0, #0]
 8001478:	6861      	ldr	r1, [r4, #4]
 800147a:	68a2      	ldr	r2, [r4, #8]
 800147c:	68e3      	ldr	r3, [r4, #12]
 800147e:	e8ac 000f 	stmia.w	ip!, {r0, r1, r2, r3}
 8001482:	6920      	ldr	r0, [r4, #16]
 8001484:	6961      	ldr	r1, [r4, #20]
 8001486:	e8ac 0003 	stmia.w	ip!, {r0, r1}
 800148a:	8b23      	ldrh	r3, [r4, #24]
 800148c:	f8ac 3000 	strh.w	r3, [ip]
    uint32_t crc_check = HAL_CRC_Calculate(&hcrc, buffer, (sizeof(miso_packet_t) - sizeof(uint32_t)) / 4);
 8001490:	2206      	movs	r2, #6
 8001492:	a901      	add	r1, sp, #4
 8001494:	4803      	ldr	r0, [pc, #12]	@ (80014a4 <slave_crc_packet+0x38>)
 8001496:	f000 fe1a 	bl	80020ce <HAL_CRC_Calculate>
    packet->crc_res = crc_check;
 800149a:	f8c4 001a 	str.w	r0, [r4, #26]
}
 800149e:	b008      	add	sp, #32
 80014a0:	bd10      	pop	{r4, pc}
 80014a2:	bf00      	nop
 80014a4:	20000104 	.word	0x20000104

080014a8 <slave_verify_mosi_packet>:

uint8_t slave_verify_mosi_packet(mosi_packet_t *packet) {
 80014a8:	b510      	push	{r4, lr}
 80014aa:	b086      	sub	sp, #24
 80014ac:	4604      	mov	r4, r0
    uint32_t buffer[sizeof(mosi_packet_t) / 4];
    memcpy(buffer, packet, sizeof(mosi_packet_t) - sizeof(uint32_t));
 80014ae:	f10d 0c04 	add.w	ip, sp, #4
 80014b2:	6800      	ldr	r0, [r0, #0]
 80014b4:	6861      	ldr	r1, [r4, #4]
 80014b6:	68a2      	ldr	r2, [r4, #8]
 80014b8:	68e3      	ldr	r3, [r4, #12]
 80014ba:	e8ac 000f 	stmia.w	ip!, {r0, r1, r2, r3}
 80014be:	8a23      	ldrh	r3, [r4, #16]
 80014c0:	f8ac 3000 	strh.w	r3, [ip]
    uint32_t crc_check = HAL_CRC_Calculate(&hcrc, buffer, (sizeof(mosi_packet_t) - sizeof(uint32_t)) / 4);
 80014c4:	2204      	movs	r2, #4
 80014c6:	eb0d 0102 	add.w	r1, sp, r2
 80014ca:	4805      	ldr	r0, [pc, #20]	@ (80014e0 <slave_verify_mosi_packet+0x38>)
 80014cc:	f000 fdff 	bl	80020ce <HAL_CRC_Calculate>
    return (packet->crc_res == crc_check);
 80014d0:	f8d4 3012 	ldr.w	r3, [r4, #18]
}
 80014d4:	4283      	cmp	r3, r0
 80014d6:	bf14      	ite	ne
 80014d8:	2000      	movne	r0, #0
 80014da:	2001      	moveq	r0, #1
 80014dc:	b006      	add	sp, #24
 80014de:	bd10      	pop	{r4, pc}
 80014e0:	20000104 	.word	0x20000104

080014e4 <slave_servo_enc_is_reset>:
void slave_system_disabled(miso_packet_t *packet_to_master) {
    packet_to_master->status &= ~0x01;
}

void slave_servo_enc_is_reset(miso_packet_t *packet_to_master) {
    packet_to_master->servos_reset = 1;
 80014e4:	2301      	movs	r3, #1
 80014e6:	7643      	strb	r3, [r0, #25]
}
 80014e8:	4770      	bx	lr

080014ea <slave_velocity_feedback>:

void slave_velocity_feedback(miso_packet_t *packet_to_master, float velocity1, float velocity2) {
    packet_to_master->velocity_feedback1 = velocity1;
 80014ea:	f8c0 1009 	str.w	r1, [r0, #9]
    packet_to_master->velocity_feedback2 = velocity2;
 80014ee:	f8c0 200d 	str.w	r2, [r0, #13]
}
 80014f2:	4770      	bx	lr

080014f4 <slave_current_feedback>:

void slave_current_feedback(miso_packet_t *packet_to_master, float current1, float current2) {
    packet_to_master->current_feedback1 = current1;
 80014f4:	f8c0 1011 	str.w	r1, [r0, #17]
    packet_to_master->current_feedback2 = current2;
 80014f8:	f8c0 2015 	str.w	r2, [r0, #21]
}
 80014fc:	4770      	bx	lr
	...

08001500 <HAL_GPIO_EXTI_Callback>:
uint32_t txrxthing;

void HAL_GPIO_EXTI_Callback(uint16_t GPIO_Pin)
{
	// interrupr_cnt++;
	if (GPIO_Pin == NSS_Pin)
 8001500:	f5b0 5f80 	cmp.w	r0, #4096	@ 0x1000
 8001504:	d000      	beq.n	8001508 <HAL_GPIO_EXTI_Callback+0x8>
 8001506:	4770      	bx	lr
{
 8001508:	b510      	push	{r4, lr}
	{
		if (HAL_GPIO_ReadPin(NSS_GPIO_Port, NSS_Pin))
 800150a:	f44f 5180 	mov.w	r1, #4096	@ 0x1000
 800150e:	4812      	ldr	r0, [pc, #72]	@ (8001558 <HAL_GPIO_EXTI_Callback+0x58>)
 8001510:	f001 f884 	bl	800261c <HAL_GPIO_ReadPin>
 8001514:	b130      	cbz	r0, 8001524 <HAL_GPIO_EXTI_Callback+0x24>
		{
			// interrupr_cnt++;
			hspi2.Instance->CR1 |= 0x100; // Set SSI bit
 8001516:	4b11      	ldr	r3, [pc, #68]	@ (800155c <HAL_GPIO_EXTI_Callback+0x5c>)
 8001518:	681a      	ldr	r2, [r3, #0]
 800151a:	6813      	ldr	r3, [r2, #0]
 800151c:	f443 7380 	orr.w	r3, r3, #256	@ 0x100
 8001520:	6013      	str	r3, [r2, #0]
				// Todo: add servo reset code
				transmit_packet.servos_reset = 0;
			}
		}
	}
}
 8001522:	bd10      	pop	{r4, pc}
			slave_crc_packet(&transmit_packet);
 8001524:	4c0e      	ldr	r4, [pc, #56]	@ (8001560 <HAL_GPIO_EXTI_Callback+0x60>)
 8001526:	4620      	mov	r0, r4
 8001528:	f7ff ffa0 	bl	800146c <slave_crc_packet>
			hspi2.Instance->CR1 &= 0xFEFF; // Reset SSI bit
 800152c:	480b      	ldr	r0, [pc, #44]	@ (800155c <HAL_GPIO_EXTI_Callback+0x5c>)
 800152e:	6802      	ldr	r2, [r0, #0]
 8001530:	6813      	ldr	r3, [r2, #0]
 8001532:	f423 7380 	bic.w	r3, r3, #256	@ 0x100
 8001536:	041b      	lsls	r3, r3, #16
 8001538:	0c1b      	lsrs	r3, r3, #16
 800153a:	6013      	str	r3, [r2, #0]
			txrxthing = (uint32_t)HAL_SPI_TransmitReceive_IT(&hspi2, (uint8_t *)&transmit_packet,
 800153c:	2316      	movs	r3, #22
 800153e:	4a09      	ldr	r2, [pc, #36]	@ (8001564 <HAL_GPIO_EXTI_Callback+0x64>)
 8001540:	4621      	mov	r1, r4
 8001542:	f001 fd65 	bl	8003010 <HAL_SPI_TransmitReceive_IT>
 8001546:	4b08      	ldr	r3, [pc, #32]	@ (8001568 <HAL_GPIO_EXTI_Callback+0x68>)
 8001548:	6018      	str	r0, [r3, #0]
			if (transmit_packet.servos_reset)
 800154a:	7e63      	ldrb	r3, [r4, #25]
 800154c:	2b00      	cmp	r3, #0
 800154e:	d0e8      	beq.n	8001522 <HAL_GPIO_EXTI_Callback+0x22>
				transmit_packet.servos_reset = 0;
 8001550:	2200      	movs	r2, #0
 8001552:	7662      	strb	r2, [r4, #25]
}
 8001554:	e7e5      	b.n	8001522 <HAL_GPIO_EXTI_Callback+0x22>
 8001556:	bf00      	nop
 8001558:	40010c00 	.word	0x40010c00
 800155c:	2000035c 	.word	0x2000035c
 8001560:	200003f0 	.word	0x200003f0
 8001564:	200003d8 	.word	0x200003d8
 8001568:	200003b4 	.word	0x200003b4

0800156c <HAL_SPI_TxRxCpltCallback>:

void HAL_SPI_TxRxCpltCallback(SPI_HandleTypeDef *hspi)
{
 800156c:	b538      	push	{r3, r4, r5, lr}
	callback_cnt++;
 800156e:	4a14      	ldr	r2, [pc, #80]	@ (80015c0 <HAL_SPI_TxRxCpltCallback+0x54>)
 8001570:	6813      	ldr	r3, [r2, #0]
 8001572:	3301      	adds	r3, #1
 8001574:	6013      	str	r3, [r2, #0]

	if (slave_verify_mosi_packet(&received_packet))
 8001576:	4813      	ldr	r0, [pc, #76]	@ (80015c4 <HAL_SPI_TxRxCpltCallback+0x58>)
 8001578:	f7ff ff96 	bl	80014a8 <slave_verify_mosi_packet>
 800157c:	b1c0      	cbz	r0, 80015b0 <HAL_SPI_TxRxCpltCallback+0x44>
	{
		memcpy(&valid_packet, &received_packet, sizeof(mosi_packet_t));
 800157e:	4d12      	ldr	r5, [pc, #72]	@ (80015c8 <HAL_SPI_TxRxCpltCallback+0x5c>)
 8001580:	46ac      	mov	ip, r5
 8001582:	4c10      	ldr	r4, [pc, #64]	@ (80015c4 <HAL_SPI_TxRxCpltCallback+0x58>)
 8001584:	cc0f      	ldmia	r4!, {r0, r1, r2, r3}
 8001586:	e8ac 000f 	stmia.w	ip!, {r0, r1, r2, r3}
 800158a:	e894 0003 	ldmia.w	r4, {r0, r1}
 800158e:	f84c 0b04 	str.w	r0, [ip], #4
 8001592:	f8ac 1000 	strh.w	r1, [ip]
		system_enabled = valid_packet.mode;
 8001596:	782a      	ldrb	r2, [r5, #0]
 8001598:	4b0c      	ldr	r3, [pc, #48]	@ (80015cc <HAL_SPI_TxRxCpltCallback+0x60>)
 800159a:	701a      	strb	r2, [r3, #0]
		reset_flag = valid_packet.reset_servos;
 800159c:	7c6a      	ldrb	r2, [r5, #17]
 800159e:	4b0c      	ldr	r3, [pc, #48]	@ (80015d0 <HAL_SPI_TxRxCpltCallback+0x64>)
 80015a0:	701a      	strb	r2, [r3, #0]
	else
	{
		invalid_cnt++;
		system_enabled = 0;
	}
	hspi2.Instance->CR1 |= 0x100; // Set SSI bit
 80015a2:	4b0c      	ldr	r3, [pc, #48]	@ (80015d4 <HAL_SPI_TxRxCpltCallback+0x68>)
 80015a4:	681a      	ldr	r2, [r3, #0]
 80015a6:	6813      	ldr	r3, [r2, #0]
 80015a8:	f443 7380 	orr.w	r3, r3, #256	@ 0x100
 80015ac:	6013      	str	r3, [r2, #0]
}
 80015ae:	bd38      	pop	{r3, r4, r5, pc}
		invalid_cnt++;
 80015b0:	4a09      	ldr	r2, [pc, #36]	@ (80015d8 <HAL_SPI_TxRxCpltCallback+0x6c>)
 80015b2:	6813      	ldr	r3, [r2, #0]
 80015b4:	3301      	adds	r3, #1
 80015b6:	6013      	str	r3, [r2, #0]
		system_enabled = 0;
 80015b8:	4b04      	ldr	r3, [pc, #16]	@ (80015cc <HAL_SPI_TxRxCpltCallback+0x60>)
 80015ba:	2200      	movs	r2, #0
 80015bc:	701a      	strb	r2, [r3, #0]
 80015be:	e7f0      	b.n	80015a2 <HAL_SPI_TxRxCpltCallback+0x36>
 80015c0:	200003bc 	.word	0x200003bc
 80015c4:	200003d8 	.word	0x200003d8
 80015c8:	200003c0 	.word	0x200003c0
 80015cc:	2000010d 	.word	0x2000010d
 80015d0:	2000010c 	.word	0x2000010c
 80015d4:	2000035c 	.word	0x2000035c
 80015d8:	200003b8 	.word	0x200003b8

080015dc <HAL_MspInit>:
/* USER CODE END 0 */
/**
  * Initializes the Global MSP.
  */
void HAL_MspInit(void)
{
 80015dc:	b082      	sub	sp, #8

  /* USER CODE BEGIN MspInit 0 */

  /* USER CODE END MspInit 0 */

  __HAL_RCC_AFIO_CLK_ENABLE();
 80015de:	4b0e      	ldr	r3, [pc, #56]	@ (8001618 <HAL_MspInit+0x3c>)
 80015e0:	699a      	ldr	r2, [r3, #24]
 80015e2:	f042 0201 	orr.w	r2, r2, #1
 80015e6:	619a      	str	r2, [r3, #24]
 80015e8:	699a      	ldr	r2, [r3, #24]
 80015ea:	f002 0201 	and.w	r2, r2, #1
 80015ee:	9200      	str	r2, [sp, #0]
 80015f0:	9a00      	ldr	r2, [sp, #0]
  __HAL_RCC_PWR_CLK_ENABLE();
 80015f2:	69da      	ldr	r2, [r3, #28]
 80015f4:	f042 5280 	orr.w	r2, r2, #268435456	@ 0x10000000
 80015f8:	61da      	str	r2, [r3, #28]
 80015fa:	69db      	ldr	r3, [r3, #28]
 80015fc:	f003 5380 	and.w	r3, r3, #268435456	@ 0x10000000
 8001600:	9301      	str	r3, [sp, #4]
 8001602:	9b01      	ldr	r3, [sp, #4]

  /* System interrupt init*/

  /** NOJTAG: JTAG-DP Disabled and SW-DP Enabled
  */
  __HAL_AFIO_REMAP_SWJ_NOJTAG();
 8001604:	4a05      	ldr	r2, [pc, #20]	@ (800161c <HAL_MspInit+0x40>)
 8001606:	6853      	ldr	r3, [r2, #4]
 8001608:	f023 63e0 	bic.w	r3, r3, #117440512	@ 0x7000000
 800160c:	f043 7300 	orr.w	r3, r3, #33554432	@ 0x2000000
 8001610:	6053      	str	r3, [r2, #4]

  /* USER CODE BEGIN MspInit 1 */

  /* USER CODE END MspInit 1 */
}
 8001612:	b002      	add	sp, #8
 8001614:	4770      	bx	lr
 8001616:	bf00      	nop
 8001618:	40021000 	.word	0x40021000
 800161c:	40010000 	.word	0x40010000

08001620 <NMI_Handler>:
{
  /* USER CODE BEGIN NonMaskableInt_IRQn 0 */

  /* USER CODE END NonMaskableInt_IRQn 0 */
  /* USER CODE BEGIN NonMaskableInt_IRQn 1 */
	while (1) {
 8001620:	e7fe      	b.n	8001620 <NMI_Handler>

08001622 <HardFault_Handler>:
void HardFault_Handler(void)
{
  /* USER CODE BEGIN HardFault_IRQn 0 */

  /* USER CODE END HardFault_IRQn 0 */
  while (1)
 8001622:	e7fe      	b.n	8001622 <HardFault_Handler>

08001624 <MemManage_Handler>:
void MemManage_Handler(void)
{
  /* USER CODE BEGIN MemoryManagement_IRQn 0 */

  /* USER CODE END MemoryManagement_IRQn 0 */
  while (1)
 8001624:	e7fe      	b.n	8001624 <MemManage_Handler>

08001626 <BusFault_Handler>:
void BusFault_Handler(void)
{
  /* USER CODE BEGIN BusFault_IRQn 0 */

  /* USER CODE END BusFault_IRQn 0 */
  while (1)
 8001626:	e7fe      	b.n	8001626 <BusFault_Handler>

08001628 <UsageFault_Handler>:
void UsageFault_Handler(void)
{
  /* USER CODE BEGIN UsageFault_IRQn 0 */

  /* USER CODE END UsageFault_IRQn 0 */
  while (1)
 8001628:	e7fe      	b.n	8001628 <UsageFault_Handler>

0800162a <SVC_Handler>:

  /* USER CODE END SVCall_IRQn 0 */
  /* USER CODE BEGIN SVCall_IRQn 1 */

  /* USER CODE END SVCall_IRQn 1 */
}
 800162a:	4770      	bx	lr

0800162c <DebugMon_Handler>:

  /* USER CODE END DebugMonitor_IRQn 0 */
  /* USER CODE BEGIN DebugMonitor_IRQn 1 */

  /* USER CODE END DebugMonitor_IRQn 1 */
}
 800162c:	4770      	bx	lr

0800162e <PendSV_Handler>:

  /* USER CODE END PendSV_IRQn 0 */
  /* USER CODE BEGIN PendSV_IRQn 1 */

  /* USER CODE END PendSV_IRQn 1 */
}
 800162e:	4770      	bx	lr

08001630 <SysTick_Handler>:

/**
  * @brief This function handles System tick timer.
  */
void SysTick_Handler(void)
{
 8001630:	b508      	push	{r3, lr}
  /* USER CODE BEGIN SysTick_IRQn 0 */

  /* USER CODE END SysTick_IRQn 0 */
  HAL_IncTick();
 8001632:	f000 f9c9 	bl	80019c8 <HAL_IncTick>
  /* USER CODE BEGIN SysTick_IRQn 1 */


  /* USER CODE END SysTick_IRQn 1 */
}
 8001636:	bd08      	pop	{r3, pc}

08001638 <DMA1_Channel1_IRQHandler>:

/**
  * @brief This function handles DMA1 channel1 global interrupt.
  */
void DMA1_Channel1_IRQHandler(void)
{
 8001638:	b508      	push	{r3, lr}
  /* USER CODE BEGIN DMA1_Channel1_IRQn 0 */

  /* USER CODE END DMA1_Channel1_IRQn 0 */
  HAL_DMA_IRQHandler(&hdma_adc1);
 800163a:	4802      	ldr	r0, [pc, #8]	@ (8001644 <DMA1_Channel1_IRQHandler+0xc>)
 800163c:	f000 fe3e 	bl	80022bc <HAL_DMA_IRQHandler>
  /* USER CODE BEGIN DMA1_Channel1_IRQn 1 */

  /* USER CODE END DMA1_Channel1_IRQn 1 */
}
 8001640:	bd08      	pop	{r3, pc}
 8001642:	bf00      	nop
 8001644:	2000007c 	.word	0x2000007c

08001648 <TIM3_IRQHandler>:

/**
  * @brief This function handles TIM3 global interrupt.
  */
void TIM3_IRQHandler(void)
{
 8001648:	b508      	push	{r3, lr}
  /* USER CODE BEGIN TIM3_IRQn 0 */

  /* USER CODE END TIM3_IRQn 0 */
  HAL_TIM_IRQHandler(&htim3);
 800164a:	4802      	ldr	r0, [pc, #8]	@ (8001654 <TIM3_IRQHandler+0xc>)
 800164c:	f001 ff5e 	bl	800350c <HAL_TIM_IRQHandler>
  /* USER CODE BEGIN TIM3_IRQn 1 */

  /* USER CODE END TIM3_IRQn 1 */
}
 8001650:	bd08      	pop	{r3, pc}
 8001652:	bf00      	nop
 8001654:	20000414 	.word	0x20000414

08001658 <SPI2_IRQHandler>:

/**
  * @brief This function handles SPI2 global interrupt.
  */
void SPI2_IRQHandler(void)
{
 8001658:	b508      	push	{r3, lr}
  /* USER CODE BEGIN SPI2_IRQn 0 */

  /* USER CODE END SPI2_IRQn 0 */
  HAL_SPI_IRQHandler(&hspi2);
 800165a:	4802      	ldr	r0, [pc, #8]	@ (8001664 <SPI2_IRQHandler+0xc>)
 800165c:	f001 fe16 	bl	800328c <HAL_SPI_IRQHandler>
  /* USER CODE BEGIN SPI2_IRQn 1 */

  /* USER CODE END SPI2_IRQn 1 */
}
 8001660:	bd08      	pop	{r3, pc}
 8001662:	bf00      	nop
 8001664:	2000035c 	.word	0x2000035c

08001668 <EXTI15_10_IRQHandler>:

/**
  * @brief This function handles EXTI line[15:10] interrupts.
  */
void EXTI15_10_IRQHandler(void)
{
 8001668:	b508      	push	{r3, lr}
  /* USER CODE BEGIN EXTI15_10_IRQn 0 */

  /* USER CODE END EXTI15_10_IRQn 0 */
  HAL_GPIO_EXTI_IRQHandler(NSS_Pin);
 800166a:	f44f 5080 	mov.w	r0, #4096	@ 0x1000
 800166e:	f000 ffe3 	bl	8002638 <HAL_GPIO_EXTI_IRQHandler>
  /* USER CODE BEGIN EXTI15_10_IRQn 1 */

  /* USER CODE END EXTI15_10_IRQn 1 */
}
 8001672:	bd08      	pop	{r3, pc}

08001674 <_sbrk>:
 *
 * @param incr Memory size
 * @return Pointer to allocated memory
 */
void *_sbrk(ptrdiff_t incr)
{
 8001674:	b510      	push	{r4, lr}
 8001676:	4603      	mov	r3, r0
  extern uint8_t _end; /* Symbol defined in the linker script */
  extern uint8_t _estack; /* Symbol defined in the linker script */
  extern uint32_t _Min_Stack_Size; /* Symbol defined in the linker script */
  const uint32_t stack_limit = (uint32_t)&_estack - (uint32_t)&_Min_Stack_Size;
 8001678:	4a0c      	ldr	r2, [pc, #48]	@ (80016ac <_sbrk+0x38>)
 800167a:	490d      	ldr	r1, [pc, #52]	@ (80016b0 <_sbrk+0x3c>)
  const uint8_t *max_heap = (uint8_t *)stack_limit;
  uint8_t *prev_heap_end;

  /* Initialize heap end at first call */
  if (NULL == __sbrk_heap_end)
 800167c:	480d      	ldr	r0, [pc, #52]	@ (80016b4 <_sbrk+0x40>)
 800167e:	6800      	ldr	r0, [r0, #0]
 8001680:	b140      	cbz	r0, 8001694 <_sbrk+0x20>
  {
    __sbrk_heap_end = &_end;
  }

  /* Protect heap from growing into the reserved MSP stack */
  if (__sbrk_heap_end + incr > max_heap)
 8001682:	480c      	ldr	r0, [pc, #48]	@ (80016b4 <_sbrk+0x40>)
 8001684:	6800      	ldr	r0, [r0, #0]
 8001686:	4403      	add	r3, r0
 8001688:	1a52      	subs	r2, r2, r1
 800168a:	4293      	cmp	r3, r2
 800168c:	d806      	bhi.n	800169c <_sbrk+0x28>
    errno = ENOMEM;
    return (void *)-1;
  }

  prev_heap_end = __sbrk_heap_end;
  __sbrk_heap_end += incr;
 800168e:	4a09      	ldr	r2, [pc, #36]	@ (80016b4 <_sbrk+0x40>)
 8001690:	6013      	str	r3, [r2, #0]

  return (void *)prev_heap_end;
}
 8001692:	bd10      	pop	{r4, pc}
    __sbrk_heap_end = &_end;
 8001694:	4807      	ldr	r0, [pc, #28]	@ (80016b4 <_sbrk+0x40>)
 8001696:	4c08      	ldr	r4, [pc, #32]	@ (80016b8 <_sbrk+0x44>)
 8001698:	6004      	str	r4, [r0, #0]
 800169a:	e7f2      	b.n	8001682 <_sbrk+0xe>
    errno = ENOMEM;
 800169c:	f002 fbc4 	bl	8003e28 <__errno>
 80016a0:	230c      	movs	r3, #12
 80016a2:	6003      	str	r3, [r0, #0]
    return (void *)-1;
 80016a4:	f04f 30ff 	mov.w	r0, #4294967295
 80016a8:	e7f3      	b.n	8001692 <_sbrk+0x1e>
 80016aa:	bf00      	nop
 80016ac:	20005000 	.word	0x20005000
 80016b0:	00000400 	.word	0x00000400
 80016b4:	20000410 	.word	0x20000410
 80016b8:	20000638 	.word	0x20000638

080016bc <SystemInit>:

  /* Configure the Vector Table location -------------------------------------*/
#if defined(USER_VECT_TAB_ADDRESS)
  SCB->VTOR = VECT_TAB_BASE_ADDRESS | VECT_TAB_OFFSET; /* Vector Table Relocation in Internal SRAM. */
#endif /* USER_VECT_TAB_ADDRESS */
}
 80016bc:	4770      	bx	lr
	...

080016c0 <MX_TIM1_Init>:
TIM_HandleTypeDef htim2;
TIM_HandleTypeDef htim3;

/* TIM1 init function */
void MX_TIM1_Init(void)
{
 80016c0:	b500      	push	{lr}
 80016c2:	b08d      	sub	sp, #52	@ 0x34

  /* USER CODE BEGIN TIM1_Init 0 */

  /* USER CODE END TIM1_Init 0 */

  TIM_Encoder_InitTypeDef sConfig = {0};
 80016c4:	2224      	movs	r2, #36	@ 0x24
 80016c6:	2100      	movs	r1, #0
 80016c8:	a803      	add	r0, sp, #12
 80016ca:	f002 fb95 	bl	8003df8 <memset>
  TIM_MasterConfigTypeDef sMasterConfig = {0};
 80016ce:	2300      	movs	r3, #0
 80016d0:	9301      	str	r3, [sp, #4]
 80016d2:	9302      	str	r3, [sp, #8]

  /* USER CODE BEGIN TIM1_Init 1 */

  /* USER CODE END TIM1_Init 1 */
  htim1.Instance = TIM1;
 80016d4:	4813      	ldr	r0, [pc, #76]	@ (8001724 <MX_TIM1_Init+0x64>)
 80016d6:	4a14      	ldr	r2, [pc, #80]	@ (8001728 <MX_TIM1_Init+0x68>)
 80016d8:	6002      	str	r2, [r0, #0]
  htim1.Init.Prescaler = 0;
 80016da:	6043      	str	r3, [r0, #4]
  htim1.Init.CounterMode = TIM_COUNTERMODE_UP;
 80016dc:	6083      	str	r3, [r0, #8]
  htim1.Init.Period = 65535;
 80016de:	f64f 72ff 	movw	r2, #65535	@ 0xffff
 80016e2:	60c2      	str	r2, [r0, #12]
  htim1.Init.ClockDivision = TIM_CLOCKDIVISION_DIV1;
 80016e4:	6103      	str	r3, [r0, #16]
  htim1.Init.RepetitionCounter = 0;
 80016e6:	6143      	str	r3, [r0, #20]
  htim1.Init.AutoReloadPreload = TIM_AUTORELOAD_PRELOAD_DISABLE;
 80016e8:	6183      	str	r3, [r0, #24]
  sConfig.EncoderMode = TIM_ENCODERMODE_TI12;
 80016ea:	2303      	movs	r3, #3
 80016ec:	9303      	str	r3, [sp, #12]
  sConfig.IC1Polarity = TIM_ICPOLARITY_RISING;
  sConfig.IC1Selection = TIM_ICSELECTION_DIRECTTI;
 80016ee:	2201      	movs	r2, #1
 80016f0:	9205      	str	r2, [sp, #20]
  sConfig.IC1Prescaler = TIM_ICPSC_DIV1;
  sConfig.IC1Filter = 15;
 80016f2:	230f      	movs	r3, #15
 80016f4:	9307      	str	r3, [sp, #28]
  sConfig.IC2Polarity = TIM_ICPOLARITY_RISING;
  sConfig.IC2Selection = TIM_ICSELECTION_DIRECTTI;
 80016f6:	9209      	str	r2, [sp, #36]	@ 0x24
  sConfig.IC2Prescaler = TIM_ICPSC_DIV1;
  sConfig.IC2Filter = 15;
 80016f8:	930b      	str	r3, [sp, #44]	@ 0x2c
  if (HAL_TIM_Encoder_Init(&htim1, &sConfig) != HAL_OK)
 80016fa:	a903      	add	r1, sp, #12
 80016fc:	f002 f82a 	bl	8003754 <HAL_TIM_Encoder_Init>
 8001700:	b950      	cbnz	r0, 8001718 <MX_TIM1_Init+0x58>
  {
    Error_Handler();
  }
  sMasterConfig.MasterOutputTrigger = TIM_TRGO_RESET;
 8001702:	2300      	movs	r3, #0
 8001704:	9301      	str	r3, [sp, #4]
  sMasterConfig.MasterSlaveMode = TIM_MASTERSLAVEMODE_DISABLE;
 8001706:	9302      	str	r3, [sp, #8]
  if (HAL_TIMEx_MasterConfigSynchronization(&htim1, &sMasterConfig) != HAL_OK)
 8001708:	a901      	add	r1, sp, #4
 800170a:	4806      	ldr	r0, [pc, #24]	@ (8001724 <MX_TIM1_Init+0x64>)
 800170c:	f002 f9fe 	bl	8003b0c <HAL_TIMEx_MasterConfigSynchronization>
 8001710:	b928      	cbnz	r0, 800171e <MX_TIM1_Init+0x5e>
  }
  /* USER CODE BEGIN TIM1_Init 2 */

  /* USER CODE END TIM1_Init 2 */

}
 8001712:	b00d      	add	sp, #52	@ 0x34
 8001714:	f85d fb04 	ldr.w	pc, [sp], #4
    Error_Handler();
 8001718:	f7ff fa60 	bl	8000bdc <Error_Handler>
 800171c:	e7f1      	b.n	8001702 <MX_TIM1_Init+0x42>
    Error_Handler();
 800171e:	f7ff fa5d 	bl	8000bdc <Error_Handler>
}
 8001722:	e7f6      	b.n	8001712 <MX_TIM1_Init+0x52>
 8001724:	200004a4 	.word	0x200004a4
 8001728:	40012c00 	.word	0x40012c00

0800172c <MX_TIM2_Init>:
/* TIM2 init function */
void MX_TIM2_Init(void)
{
 800172c:	b500      	push	{lr}
 800172e:	b08d      	sub	sp, #52	@ 0x34

  /* USER CODE BEGIN TIM2_Init 0 */

  /* USER CODE END TIM2_Init 0 */

  TIM_Encoder_InitTypeDef sConfig = {0};
 8001730:	2224      	movs	r2, #36	@ 0x24
 8001732:	2100      	movs	r1, #0
 8001734:	a803      	add	r0, sp, #12
 8001736:	f002 fb5f 	bl	8003df8 <memset>
  TIM_MasterConfigTypeDef sMasterConfig = {0};
 800173a:	2300      	movs	r3, #0
 800173c:	9301      	str	r3, [sp, #4]
 800173e:	9302      	str	r3, [sp, #8]

  /* USER CODE BEGIN TIM2_Init 1 */

  /* USER CODE END TIM2_Init 1 */
  htim2.Instance = TIM2;
 8001740:	4813      	ldr	r0, [pc, #76]	@ (8001790 <MX_TIM2_Init+0x64>)
 8001742:	f04f 4280 	mov.w	r2, #1073741824	@ 0x40000000
 8001746:	6002      	str	r2, [r0, #0]
  htim2.Init.Prescaler = 0;
 8001748:	6043      	str	r3, [r0, #4]
  htim2.Init.CounterMode = TIM_COUNTERMODE_UP;
 800174a:	6083      	str	r3, [r0, #8]
  htim2.Init.Period = 65535;
 800174c:	f64f 72ff 	movw	r2, #65535	@ 0xffff
 8001750:	60c2      	str	r2, [r0, #12]
  htim2.Init.ClockDivision = TIM_CLOCKDIVISION_DIV1;
 8001752:	6103      	str	r3, [r0, #16]
  htim2.Init.AutoReloadPreload = TIM_AUTORELOAD_PRELOAD_DISABLE;
 8001754:	6183      	str	r3, [r0, #24]
  sConfig.EncoderMode = TIM_ENCODERMODE_TI12;
 8001756:	2303      	movs	r3, #3
 8001758:	9303      	str	r3, [sp, #12]
  sConfig.IC1Polarity = TIM_ICPOLARITY_RISING;
  sConfig.IC1Selection = TIM_ICSELECTION_DIRECTTI;
 800175a:	2201      	movs	r2, #1
 800175c:	9205      	str	r2, [sp, #20]
  sConfig.IC1Prescaler = TIM_ICPSC_DIV1;
  sConfig.IC1Filter = 15;
 800175e:	230f      	movs	r3, #15
 8001760:	9307      	str	r3, [sp, #28]
  sConfig.IC2Polarity = TIM_ICPOLARITY_RISING;
  sConfig.IC2Selection = TIM_ICSELECTION_DIRECTTI;
 8001762:	9209      	str	r2, [sp, #36]	@ 0x24
  sConfig.IC2Prescaler = TIM_ICPSC_DIV1;
  sConfig.IC2Filter = 15;
 8001764:	930b      	str	r3, [sp, #44]	@ 0x2c
  if (HAL_TIM_Encoder_Init(&htim2, &sConfig) != HAL_OK)
 8001766:	a903      	add	r1, sp, #12
 8001768:	f001 fff4 	bl	8003754 <HAL_TIM_Encoder_Init>
 800176c:	b950      	cbnz	r0, 8001784 <MX_TIM2_Init+0x58>
  {
    Error_Handler();
  }
  sMasterConfig.MasterOutputTrigger = TIM_TRGO_RESET;
 800176e:	2300      	movs	r3, #0
 8001770:	9301      	str	r3, [sp, #4]
  sMasterConfig.MasterSlaveMode = TIM_MASTERSLAVEMODE_DISABLE;
 8001772:	9302      	str	r3, [sp, #8]
  if (HAL_TIMEx_MasterConfigSynchronization(&htim2, &sMasterConfig) != HAL_OK)
 8001774:	a901      	add	r1, sp, #4
 8001776:	4806      	ldr	r0, [pc, #24]	@ (8001790 <MX_TIM2_Init+0x64>)
 8001778:	f002 f9c8 	bl	8003b0c <HAL_TIMEx_MasterConfigSynchronization>
 800177c:	b928      	cbnz	r0, 800178a <MX_TIM2_Init+0x5e>
  }
  /* USER CODE BEGIN TIM2_Init 2 */

  /* USER CODE END TIM2_Init 2 */

}
 800177e:	b00d      	add	sp, #52	@ 0x34
 8001780:	f85d fb04 	ldr.w	pc, [sp], #4
    Error_Handler();
 8001784:	f7ff fa2a 	bl	8000bdc <Error_Handler>
 8001788:	e7f1      	b.n	800176e <MX_TIM2_Init+0x42>
    Error_Handler();
 800178a:	f7ff fa27 	bl	8000bdc <Error_Handler>
}
 800178e:	e7f6      	b.n	800177e <MX_TIM2_Init+0x52>
 8001790:	2000045c 	.word	0x2000045c

08001794 <HAL_TIM_Encoder_MspInit>:
  HAL_TIM_MspPostInit(&htim3);

}

void HAL_TIM_Encoder_MspInit(TIM_HandleTypeDef* tim_encoderHandle)
{
 8001794:	b500      	push	{lr}
 8001796:	b089      	sub	sp, #36	@ 0x24

  GPIO_InitTypeDef GPIO_InitStruct = {0};
 8001798:	2300      	movs	r3, #0
 800179a:	9304      	str	r3, [sp, #16]
 800179c:	9305      	str	r3, [sp, #20]
 800179e:	9306      	str	r3, [sp, #24]
 80017a0:	9307      	str	r3, [sp, #28]
  if(tim_encoderHandle->Instance==TIM1)
 80017a2:	6803      	ldr	r3, [r0, #0]
 80017a4:	4a1f      	ldr	r2, [pc, #124]	@ (8001824 <HAL_TIM_Encoder_MspInit+0x90>)
 80017a6:	4293      	cmp	r3, r2
 80017a8:	d005      	beq.n	80017b6 <HAL_TIM_Encoder_MspInit+0x22>

  /* USER CODE BEGIN TIM1_MspInit 1 */

  /* USER CODE END TIM1_MspInit 1 */
  }
  else if(tim_encoderHandle->Instance==TIM2)
 80017aa:	f1b3 4f80 	cmp.w	r3, #1073741824	@ 0x40000000
 80017ae:	d01d      	beq.n	80017ec <HAL_TIM_Encoder_MspInit+0x58>

  /* USER CODE BEGIN TIM2_MspInit 1 */

  /* USER CODE END TIM2_MspInit 1 */
  }
}
 80017b0:	b009      	add	sp, #36	@ 0x24
 80017b2:	f85d fb04 	ldr.w	pc, [sp], #4
    __HAL_RCC_TIM1_CLK_ENABLE();
 80017b6:	4b1c      	ldr	r3, [pc, #112]	@ (8001828 <HAL_TIM_Encoder_MspInit+0x94>)
 80017b8:	699a      	ldr	r2, [r3, #24]
 80017ba:	f442 6200 	orr.w	r2, r2, #2048	@ 0x800
 80017be:	619a      	str	r2, [r3, #24]
 80017c0:	699a      	ldr	r2, [r3, #24]
 80017c2:	f402 6200 	and.w	r2, r2, #2048	@ 0x800
 80017c6:	9200      	str	r2, [sp, #0]
 80017c8:	9a00      	ldr	r2, [sp, #0]
    __HAL_RCC_GPIOA_CLK_ENABLE();
 80017ca:	699a      	ldr	r2, [r3, #24]
 80017cc:	f042 0204 	orr.w	r2, r2, #4
 80017d0:	619a      	str	r2, [r3, #24]
 80017d2:	699b      	ldr	r3, [r3, #24]
 80017d4:	f003 0304 	and.w	r3, r3, #4
 80017d8:	9301      	str	r3, [sp, #4]
 80017da:	9b01      	ldr	r3, [sp, #4]
    GPIO_InitStruct.Pin = GPIO_PIN_8|GPIO_PIN_9;
 80017dc:	f44f 7340 	mov.w	r3, #768	@ 0x300
 80017e0:	9304      	str	r3, [sp, #16]
    HAL_GPIO_Init(GPIOA, &GPIO_InitStruct);
 80017e2:	a904      	add	r1, sp, #16
 80017e4:	4811      	ldr	r0, [pc, #68]	@ (800182c <HAL_TIM_Encoder_MspInit+0x98>)
 80017e6:	f000 fe0b 	bl	8002400 <HAL_GPIO_Init>
 80017ea:	e7e1      	b.n	80017b0 <HAL_TIM_Encoder_MspInit+0x1c>
    __HAL_RCC_TIM2_CLK_ENABLE();
 80017ec:	f503 3304 	add.w	r3, r3, #135168	@ 0x21000
 80017f0:	69da      	ldr	r2, [r3, #28]
 80017f2:	f042 0201 	orr.w	r2, r2, #1
 80017f6:	61da      	str	r2, [r3, #28]
 80017f8:	69da      	ldr	r2, [r3, #28]
 80017fa:	f002 0201 	and.w	r2, r2, #1
 80017fe:	9202      	str	r2, [sp, #8]
 8001800:	9a02      	ldr	r2, [sp, #8]
    __HAL_RCC_GPIOA_CLK_ENABLE();
 8001802:	699a      	ldr	r2, [r3, #24]
 8001804:	f042 0204 	orr.w	r2, r2, #4
 8001808:	619a      	str	r2, [r3, #24]
 800180a:	699b      	ldr	r3, [r3, #24]
 800180c:	f003 0304 	and.w	r3, r3, #4
 8001810:	9303      	str	r3, [sp, #12]
 8001812:	9b03      	ldr	r3, [sp, #12]
    GPIO_InitStruct.Pin = GPIO_PIN_0|GPIO_PIN_1;
 8001814:	2303      	movs	r3, #3
 8001816:	9304      	str	r3, [sp, #16]
    HAL_GPIO_Init(GPIOA, &GPIO_InitStruct);
 8001818:	a904      	add	r1, sp, #16
 800181a:	4804      	ldr	r0, [pc, #16]	@ (800182c <HAL_TIM_Encoder_MspInit+0x98>)
 800181c:	f000 fdf0 	bl	8002400 <HAL_GPIO_Init>
}
 8001820:	e7c6      	b.n	80017b0 <HAL_TIM_Encoder_MspInit+0x1c>
 8001822:	bf00      	nop
 8001824:	40012c00 	.word	0x40012c00
 8001828:	40021000 	.word	0x40021000
 800182c:	40010800 	.word	0x40010800

08001830 <HAL_TIM_PWM_MspInit>:

void HAL_TIM_PWM_MspInit(TIM_HandleTypeDef* tim_pwmHandle)
{

  if(tim_pwmHandle->Instance==TIM3)
 8001830:	6802      	ldr	r2, [r0, #0]
 8001832:	4b0e      	ldr	r3, [pc, #56]	@ (800186c <HAL_TIM_PWM_MspInit+0x3c>)
 8001834:	429a      	cmp	r2, r3
 8001836:	d000      	beq.n	800183a <HAL_TIM_PWM_MspInit+0xa>
 8001838:	4770      	bx	lr
{
 800183a:	b500      	push	{lr}
 800183c:	b083      	sub	sp, #12
  {
  /* USER CODE BEGIN TIM3_MspInit 0 */

  /* USER CODE END TIM3_MspInit 0 */
    /* TIM3 clock enable */
    __HAL_RCC_TIM3_CLK_ENABLE();
 800183e:	f503 3303 	add.w	r3, r3, #134144	@ 0x20c00
 8001842:	69da      	ldr	r2, [r3, #28]
 8001844:	f042 0202 	orr.w	r2, r2, #2
 8001848:	61da      	str	r2, [r3, #28]
 800184a:	69db      	ldr	r3, [r3, #28]
 800184c:	f003 0302 	and.w	r3, r3, #2
 8001850:	9301      	str	r3, [sp, #4]
 8001852:	9b01      	ldr	r3, [sp, #4]

    /* TIM3 interrupt Init */
    HAL_NVIC_SetPriority(TIM3_IRQn, 1, 0);
 8001854:	2200      	movs	r2, #0
 8001856:	2101      	movs	r1, #1
 8001858:	201d      	movs	r0, #29
 800185a:	f000 fbf7 	bl	800204c <HAL_NVIC_SetPriority>
    HAL_NVIC_EnableIRQ(TIM3_IRQn);
 800185e:	201d      	movs	r0, #29
 8001860:	f000 fc04 	bl	800206c <HAL_NVIC_EnableIRQ>
  /* USER CODE BEGIN TIM3_MspInit 1 */

  /* USER CODE END TIM3_MspInit 1 */
  }
}
 8001864:	b003      	add	sp, #12
 8001866:	f85d fb04 	ldr.w	pc, [sp], #4
 800186a:	bf00      	nop
 800186c:	40000400 	.word	0x40000400

08001870 <HAL_TIM_MspPostInit>:
void HAL_TIM_MspPostInit(TIM_HandleTypeDef* timHandle)
{
 8001870:	b500      	push	{lr}
 8001872:	b087      	sub	sp, #28

  GPIO_InitTypeDef GPIO_InitStruct = {0};
 8001874:	2300      	movs	r3, #0
 8001876:	9302      	str	r3, [sp, #8]
 8001878:	9303      	str	r3, [sp, #12]
 800187a:	9304      	str	r3, [sp, #16]
 800187c:	9305      	str	r3, [sp, #20]
  if(timHandle->Instance==TIM3)
 800187e:	6802      	ldr	r2, [r0, #0]
 8001880:	4b0d      	ldr	r3, [pc, #52]	@ (80018b8 <HAL_TIM_MspPostInit+0x48>)
 8001882:	429a      	cmp	r2, r3
 8001884:	d002      	beq.n	800188c <HAL_TIM_MspPostInit+0x1c>
  /* USER CODE BEGIN TIM3_MspPostInit 1 */

  /* USER CODE END TIM3_MspPostInit 1 */
  }

}
 8001886:	b007      	add	sp, #28
 8001888:	f85d fb04 	ldr.w	pc, [sp], #4
    __HAL_RCC_GPIOA_CLK_ENABLE();
 800188c:	f503 3303 	add.w	r3, r3, #134144	@ 0x20c00
 8001890:	699a      	ldr	r2, [r3, #24]
 8001892:	f042 0204 	orr.w	r2, r2, #4
 8001896:	619a      	str	r2, [r3, #24]
 8001898:	699b      	ldr	r3, [r3, #24]
 800189a:	f003 0304 	and.w	r3, r3, #4
 800189e:	9301      	str	r3, [sp, #4]
 80018a0:	9b01      	ldr	r3, [sp, #4]
    GPIO_InitStruct.Pin = GPIO_PIN_6|GPIO_PIN_7;
 80018a2:	23c0      	movs	r3, #192	@ 0xc0
 80018a4:	9302      	str	r3, [sp, #8]
    GPIO_InitStruct.Mode = GPIO_MODE_AF_PP;
 80018a6:	2302      	movs	r3, #2
 80018a8:	9303      	str	r3, [sp, #12]
    GPIO_InitStruct.Speed = GPIO_SPEED_FREQ_LOW;
 80018aa:	9305      	str	r3, [sp, #20]
    HAL_GPIO_Init(GPIOA, &GPIO_InitStruct);
 80018ac:	a902      	add	r1, sp, #8
 80018ae:	4803      	ldr	r0, [pc, #12]	@ (80018bc <HAL_TIM_MspPostInit+0x4c>)
 80018b0:	f000 fda6 	bl	8002400 <HAL_GPIO_Init>
}
 80018b4:	e7e7      	b.n	8001886 <HAL_TIM_MspPostInit+0x16>
 80018b6:	bf00      	nop
 80018b8:	40000400 	.word	0x40000400
 80018bc:	40010800 	.word	0x40010800

080018c0 <MX_TIM3_Init>:
{
 80018c0:	b500      	push	{lr}
 80018c2:	b08b      	sub	sp, #44	@ 0x2c
  TIM_MasterConfigTypeDef sMasterConfig = {0};
 80018c4:	2300      	movs	r3, #0
 80018c6:	9308      	str	r3, [sp, #32]
 80018c8:	9309      	str	r3, [sp, #36]	@ 0x24
  TIM_OC_InitTypeDef sConfigOC = {0};
 80018ca:	9301      	str	r3, [sp, #4]
 80018cc:	9302      	str	r3, [sp, #8]
 80018ce:	9303      	str	r3, [sp, #12]
 80018d0:	9304      	str	r3, [sp, #16]
 80018d2:	9305      	str	r3, [sp, #20]
 80018d4:	9306      	str	r3, [sp, #24]
 80018d6:	9307      	str	r3, [sp, #28]
  htim3.Instance = TIM3;
 80018d8:	481d      	ldr	r0, [pc, #116]	@ (8001950 <MX_TIM3_Init+0x90>)
 80018da:	4a1e      	ldr	r2, [pc, #120]	@ (8001954 <MX_TIM3_Init+0x94>)
 80018dc:	6002      	str	r2, [r0, #0]
  htim3.Init.Prescaler = 4-1;
 80018de:	2203      	movs	r2, #3
 80018e0:	6042      	str	r2, [r0, #4]
  htim3.Init.CounterMode = TIM_COUNTERMODE_UP;
 80018e2:	6083      	str	r3, [r0, #8]
  htim3.Init.Period = 1000-1;
 80018e4:	f240 32e7 	movw	r2, #999	@ 0x3e7
 80018e8:	60c2      	str	r2, [r0, #12]
  htim3.Init.ClockDivision = TIM_CLOCKDIVISION_DIV1;
 80018ea:	6103      	str	r3, [r0, #16]
  htim3.Init.AutoReloadPreload = TIM_AUTORELOAD_PRELOAD_DISABLE;
 80018ec:	6183      	str	r3, [r0, #24]
  if (HAL_TIM_PWM_Init(&htim3) != HAL_OK)
 80018ee:	f001 ff05 	bl	80036fc <HAL_TIM_PWM_Init>
 80018f2:	bb00      	cbnz	r0, 8001936 <MX_TIM3_Init+0x76>
  sMasterConfig.MasterOutputTrigger = TIM_TRGO_UPDATE;
 80018f4:	2320      	movs	r3, #32
 80018f6:	9308      	str	r3, [sp, #32]
  sMasterConfig.MasterSlaveMode = TIM_MASTERSLAVEMODE_DISABLE;
 80018f8:	2300      	movs	r3, #0
 80018fa:	9309      	str	r3, [sp, #36]	@ 0x24
  if (HAL_TIMEx_MasterConfigSynchronization(&htim3, &sMasterConfig) != HAL_OK)
 80018fc:	a908      	add	r1, sp, #32
 80018fe:	4814      	ldr	r0, [pc, #80]	@ (8001950 <MX_TIM3_Init+0x90>)
 8001900:	f002 f904 	bl	8003b0c <HAL_TIMEx_MasterConfigSynchronization>
 8001904:	b9d0      	cbnz	r0, 800193c <MX_TIM3_Init+0x7c>
  sConfigOC.OCMode = TIM_OCMODE_PWM1;
 8001906:	2360      	movs	r3, #96	@ 0x60
 8001908:	9301      	str	r3, [sp, #4]
  sConfigOC.Pulse = 0;
 800190a:	2200      	movs	r2, #0
 800190c:	9202      	str	r2, [sp, #8]
  sConfigOC.OCPolarity = TIM_OCPOLARITY_HIGH;
 800190e:	9203      	str	r2, [sp, #12]
  sConfigOC.OCFastMode = TIM_OCFAST_DISABLE;
 8001910:	9205      	str	r2, [sp, #20]
  if (HAL_TIM_PWM_ConfigChannel(&htim3, &sConfigOC, TIM_CHANNEL_1) != HAL_OK)
 8001912:	a901      	add	r1, sp, #4
 8001914:	480e      	ldr	r0, [pc, #56]	@ (8001950 <MX_TIM3_Init+0x90>)
 8001916:	f001 ffa7 	bl	8003868 <HAL_TIM_PWM_ConfigChannel>
 800191a:	b990      	cbnz	r0, 8001942 <MX_TIM3_Init+0x82>
  if (HAL_TIM_PWM_ConfigChannel(&htim3, &sConfigOC, TIM_CHANNEL_2) != HAL_OK)
 800191c:	2204      	movs	r2, #4
 800191e:	eb0d 0102 	add.w	r1, sp, r2
 8001922:	480b      	ldr	r0, [pc, #44]	@ (8001950 <MX_TIM3_Init+0x90>)
 8001924:	f001 ffa0 	bl	8003868 <HAL_TIM_PWM_ConfigChannel>
 8001928:	b970      	cbnz	r0, 8001948 <MX_TIM3_Init+0x88>
  HAL_TIM_MspPostInit(&htim3);
 800192a:	4809      	ldr	r0, [pc, #36]	@ (8001950 <MX_TIM3_Init+0x90>)
 800192c:	f7ff ffa0 	bl	8001870 <HAL_TIM_MspPostInit>
}
 8001930:	b00b      	add	sp, #44	@ 0x2c
 8001932:	f85d fb04 	ldr.w	pc, [sp], #4
    Error_Handler();
 8001936:	f7ff f951 	bl	8000bdc <Error_Handler>
 800193a:	e7db      	b.n	80018f4 <MX_TIM3_Init+0x34>
    Error_Handler();
 800193c:	f7ff f94e 	bl	8000bdc <Error_Handler>
 8001940:	e7e1      	b.n	8001906 <MX_TIM3_Init+0x46>
    Error_Handler();
 8001942:	f7ff f94b 	bl	8000bdc <Error_Handler>
 8001946:	e7e9      	b.n	800191c <MX_TIM3_Init+0x5c>
    Error_Handler();
 8001948:	f7ff f948 	bl	8000bdc <Error_Handler>
 800194c:	e7ed      	b.n	800192a <MX_TIM3_Init+0x6a>
 800194e:	bf00      	nop
 8001950:	20000414 	.word	0x20000414
 8001954:	40000400 	.word	0x40000400

08001958 <HAL_InitTick>:
  *       implementation  in user file.
  * @param TickPriority Tick interrupt priority.
  * @retval HAL status
  */
__weak HAL_StatusTypeDef HAL_InitTick(uint32_t TickPriority)
{
 8001958:	b510      	push	{r4, lr}
 800195a:	4604      	mov	r4, r0
  /* Configure the SysTick to have interrupt in 1ms time basis*/
  if (HAL_SYSTICK_Config(SystemCoreClock / (1000U / uwTickFreq)) > 0U)
 800195c:	4b0e      	ldr	r3, [pc, #56]	@ (8001998 <HAL_InitTick+0x40>)
 800195e:	781a      	ldrb	r2, [r3, #0]
 8001960:	f44f 737a 	mov.w	r3, #1000	@ 0x3e8
 8001964:	fbb3 f3f2 	udiv	r3, r3, r2
 8001968:	4a0c      	ldr	r2, [pc, #48]	@ (800199c <HAL_InitTick+0x44>)
 800196a:	6810      	ldr	r0, [r2, #0]
 800196c:	fbb0 f0f3 	udiv	r0, r0, r3
 8001970:	f000 fb8a 	bl	8002088 <HAL_SYSTICK_Config>
 8001974:	b968      	cbnz	r0, 8001992 <HAL_InitTick+0x3a>
  {
    return HAL_ERROR;
  }

  /* Configure the SysTick IRQ priority */
  if (TickPriority < (1UL << __NVIC_PRIO_BITS))
 8001976:	2c0f      	cmp	r4, #15
 8001978:	d901      	bls.n	800197e <HAL_InitTick+0x26>
    HAL_NVIC_SetPriority(SysTick_IRQn, TickPriority, 0U);
    uwTickPrio = TickPriority;
  }
  else
  {
    return HAL_ERROR;
 800197a:	2001      	movs	r0, #1
 800197c:	e00a      	b.n	8001994 <HAL_InitTick+0x3c>
    HAL_NVIC_SetPriority(SysTick_IRQn, TickPriority, 0U);
 800197e:	2200      	movs	r2, #0
 8001980:	4621      	mov	r1, r4
 8001982:	f04f 30ff 	mov.w	r0, #4294967295
 8001986:	f000 fb61 	bl	800204c <HAL_NVIC_SetPriority>
    uwTickPrio = TickPriority;
 800198a:	4b05      	ldr	r3, [pc, #20]	@ (80019a0 <HAL_InitTick+0x48>)
 800198c:	601c      	str	r4, [r3, #0]
  }

  /* Return function status */
  return HAL_OK;
 800198e:	2000      	movs	r0, #0
 8001990:	e000      	b.n	8001994 <HAL_InitTick+0x3c>
    return HAL_ERROR;
 8001992:	2001      	movs	r0, #1
}
 8001994:	bd10      	pop	{r4, pc}
 8001996:	bf00      	nop
 8001998:	20000008 	.word	0x20000008
 800199c:	20000004 	.word	0x20000004
 80019a0:	2000000c 	.word	0x2000000c

080019a4 <HAL_Init>:
{
 80019a4:	b508      	push	{r3, lr}
  __HAL_FLASH_PREFETCH_BUFFER_ENABLE();
 80019a6:	4a07      	ldr	r2, [pc, #28]	@ (80019c4 <HAL_Init+0x20>)
 80019a8:	6813      	ldr	r3, [r2, #0]
 80019aa:	f043 0310 	orr.w	r3, r3, #16
 80019ae:	6013      	str	r3, [r2, #0]
  HAL_NVIC_SetPriorityGrouping(NVIC_PRIORITYGROUP_4);
 80019b0:	2003      	movs	r0, #3
 80019b2:	f000 fb39 	bl	8002028 <HAL_NVIC_SetPriorityGrouping>
  HAL_InitTick(TICK_INT_PRIORITY);
 80019b6:	200f      	movs	r0, #15
 80019b8:	f7ff ffce 	bl	8001958 <HAL_InitTick>
  HAL_MspInit();
 80019bc:	f7ff fe0e 	bl	80015dc <HAL_MspInit>
}
 80019c0:	2000      	movs	r0, #0
 80019c2:	bd08      	pop	{r3, pc}
 80019c4:	40022000 	.word	0x40022000

080019c8 <HAL_IncTick>:
  *      implementations in user file.
  * @retval None
  */
__weak void HAL_IncTick(void)
{
  uwTick += uwTickFreq;
 80019c8:	4a03      	ldr	r2, [pc, #12]	@ (80019d8 <HAL_IncTick+0x10>)
 80019ca:	6811      	ldr	r1, [r2, #0]
 80019cc:	4b03      	ldr	r3, [pc, #12]	@ (80019dc <HAL_IncTick+0x14>)
 80019ce:	781b      	ldrb	r3, [r3, #0]
 80019d0:	440b      	add	r3, r1
 80019d2:	6013      	str	r3, [r2, #0]
}
 80019d4:	4770      	bx	lr
 80019d6:	bf00      	nop
 80019d8:	200004ec 	.word	0x200004ec
 80019dc:	20000008 	.word	0x20000008

080019e0 <HAL_GetTick>:
  *       implementations in user file.
  * @retval tick value
  */
__weak uint32_t HAL_GetTick(void)
{
  return uwTick;
 80019e0:	4b01      	ldr	r3, [pc, #4]	@ (80019e8 <HAL_GetTick+0x8>)
 80019e2:	6818      	ldr	r0, [r3, #0]
}
 80019e4:	4770      	bx	lr
 80019e6:	bf00      	nop
 80019e8:	200004ec 	.word	0x200004ec

080019ec <ADC_DMAConvCplt>:
  * @brief  DMA transfer complete callback. 
  * @param  hdma: pointer to DMA handle.
  * @retval None
  */
void ADC_DMAConvCplt(DMA_HandleTypeDef *hdma)
{
 80019ec:	b508      	push	{r3, lr}
  /* Retrieve ADC handle corresponding to current DMA handle */
  ADC_HandleTypeDef* hadc = ( ADC_HandleTypeDef* )((DMA_HandleTypeDef* )hdma)->Parent;
 80019ee:	6a43      	ldr	r3, [r0, #36]	@ 0x24
 
  /* Update state machine on conversion status if not in error state */
  if (HAL_IS_BIT_CLR(hadc->State, HAL_ADC_STATE_ERROR_INTERNAL | HAL_ADC_STATE_ERROR_DMA))
 80019f0:	6a9a      	ldr	r2, [r3, #40]	@ 0x28
 80019f2:	f012 0f50 	tst.w	r2, #80	@ 0x50
 80019f6:	d11e      	bne.n	8001a36 <ADC_DMAConvCplt+0x4a>
  {
    /* Update ADC state machine */
    SET_BIT(hadc->State, HAL_ADC_STATE_REG_EOC);
 80019f8:	6a9a      	ldr	r2, [r3, #40]	@ 0x28
 80019fa:	f442 7200 	orr.w	r2, r2, #512	@ 0x200
 80019fe:	629a      	str	r2, [r3, #40]	@ 0x28
    /* Determine whether any further conversion upcoming on group regular     */
    /* by external trigger, continuous mode or scan sequence on going.        */
    /* Note: On STM32F1 devices, in case of sequencer enabled                 */
    /*       (several ranks selected), end of conversion flag is raised       */
    /*       at the end of the sequence.                                      */
    if(ADC_IS_SOFTWARE_START_REGULAR(hadc)        && 
 8001a00:	681a      	ldr	r2, [r3, #0]
 8001a02:	6892      	ldr	r2, [r2, #8]
 8001a04:	f402 2260 	and.w	r2, r2, #917504	@ 0xe0000
 8001a08:	f5b2 2f60 	cmp.w	r2, #917504	@ 0xe0000
 8001a0c:	d003      	beq.n	8001a16 <ADC_DMAConvCplt+0x2a>
    
    /* Conversion complete callback */
#if (USE_HAL_ADC_REGISTER_CALLBACKS == 1)
    hadc->ConvCpltCallback(hadc);
#else
    HAL_ADC_ConvCpltCallback(hadc);
 8001a0e:	4618      	mov	r0, r3
 8001a10:	f7fe ff14 	bl	800083c <HAL_ADC_ConvCpltCallback>
  else
  {
    /* Call DMA error callback */
    hadc->DMA_Handle->XferErrorCallback(hdma);
  }
}
 8001a14:	bd08      	pop	{r3, pc}
       (hadc->Init.ContinuousConvMode == DISABLE)   )
 8001a16:	7b1a      	ldrb	r2, [r3, #12]
    if(ADC_IS_SOFTWARE_START_REGULAR(hadc)        && 
 8001a18:	2a00      	cmp	r2, #0
 8001a1a:	d1f8      	bne.n	8001a0e <ADC_DMAConvCplt+0x22>
      CLEAR_BIT(hadc->State, HAL_ADC_STATE_REG_BUSY);   
 8001a1c:	6a9a      	ldr	r2, [r3, #40]	@ 0x28
 8001a1e:	f422 7280 	bic.w	r2, r2, #256	@ 0x100
 8001a22:	629a      	str	r2, [r3, #40]	@ 0x28
      if (HAL_IS_BIT_CLR(hadc->State, HAL_ADC_STATE_INJ_BUSY))
 8001a24:	6a9a      	ldr	r2, [r3, #40]	@ 0x28
 8001a26:	f412 5f80 	tst.w	r2, #4096	@ 0x1000
 8001a2a:	d1f0      	bne.n	8001a0e <ADC_DMAConvCplt+0x22>
        SET_BIT(hadc->State, HAL_ADC_STATE_READY);
 8001a2c:	6a9a      	ldr	r2, [r3, #40]	@ 0x28
 8001a2e:	f042 0201 	orr.w	r2, r2, #1
 8001a32:	629a      	str	r2, [r3, #40]	@ 0x28
 8001a34:	e7eb      	b.n	8001a0e <ADC_DMAConvCplt+0x22>
    hadc->DMA_Handle->XferErrorCallback(hdma);
 8001a36:	6a1b      	ldr	r3, [r3, #32]
 8001a38:	6b1b      	ldr	r3, [r3, #48]	@ 0x30
 8001a3a:	4798      	blx	r3
}
 8001a3c:	e7ea      	b.n	8001a14 <ADC_DMAConvCplt+0x28>

08001a3e <HAL_ADC_ConvHalfCpltCallback>:
}
 8001a3e:	4770      	bx	lr

08001a40 <ADC_DMAHalfConvCplt>:
  * @brief  DMA half transfer complete callback. 
  * @param  hdma: pointer to DMA handle.
  * @retval None
  */
void ADC_DMAHalfConvCplt(DMA_HandleTypeDef *hdma)   
{
 8001a40:	b508      	push	{r3, lr}
  
  /* Half conversion callback */
#if (USE_HAL_ADC_REGISTER_CALLBACKS == 1)
    hadc->ConvHalfCpltCallback(hadc);
#else
  HAL_ADC_ConvHalfCpltCallback(hadc);
 8001a42:	6a40      	ldr	r0, [r0, #36]	@ 0x24
 8001a44:	f7ff fffb 	bl	8001a3e <HAL_ADC_ConvHalfCpltCallback>
#endif /* USE_HAL_ADC_REGISTER_CALLBACKS */
}
 8001a48:	bd08      	pop	{r3, pc}

08001a4a <HAL_ADC_ErrorCallback>:
}
 8001a4a:	4770      	bx	lr

08001a4c <ADC_DMAError>:
  * @brief  DMA error callback 
  * @param  hdma: pointer to DMA handle.
  * @retval None
  */
void ADC_DMAError(DMA_HandleTypeDef *hdma)   
{
 8001a4c:	b508      	push	{r3, lr}
  /* Retrieve ADC handle corresponding to current DMA handle */
  ADC_HandleTypeDef* hadc = ( ADC_HandleTypeDef* )((DMA_HandleTypeDef* )hdma)->Parent;
 8001a4e:	6a40      	ldr	r0, [r0, #36]	@ 0x24
  
  /* Set ADC state */
  SET_BIT(hadc->State, HAL_ADC_STATE_ERROR_DMA);
 8001a50:	6a83      	ldr	r3, [r0, #40]	@ 0x28
 8001a52:	f043 0340 	orr.w	r3, r3, #64	@ 0x40
 8001a56:	6283      	str	r3, [r0, #40]	@ 0x28
  
  /* Set ADC error code to DMA error */
  SET_BIT(hadc->ErrorCode, HAL_ADC_ERROR_DMA);
 8001a58:	6ac3      	ldr	r3, [r0, #44]	@ 0x2c
 8001a5a:	f043 0304 	orr.w	r3, r3, #4
 8001a5e:	62c3      	str	r3, [r0, #44]	@ 0x2c
  
  /* Error callback */
#if (USE_HAL_ADC_REGISTER_CALLBACKS == 1)
  hadc->ErrorCallback(hadc);
#else
  HAL_ADC_ErrorCallback(hadc);
 8001a60:	f7ff fff3 	bl	8001a4a <HAL_ADC_ErrorCallback>
#endif /* USE_HAL_ADC_REGISTER_CALLBACKS */
}
 8001a64:	bd08      	pop	{r3, pc}
	...

08001a68 <HAL_ADC_ConfigChannel>:
{ 
 8001a68:	b430      	push	{r4, r5}
 8001a6a:	b082      	sub	sp, #8
  __IO uint32_t wait_loop_index = 0U;
 8001a6c:	2200      	movs	r2, #0
 8001a6e:	9201      	str	r2, [sp, #4]
  __HAL_LOCK(hadc);
 8001a70:	f890 2024 	ldrb.w	r2, [r0, #36]	@ 0x24
 8001a74:	2a01      	cmp	r2, #1
 8001a76:	f000 808f 	beq.w	8001b98 <HAL_ADC_ConfigChannel+0x130>
 8001a7a:	4603      	mov	r3, r0
 8001a7c:	2201      	movs	r2, #1
 8001a7e:	f880 2024 	strb.w	r2, [r0, #36]	@ 0x24
  if (sConfig->Rank < 7U)
 8001a82:	684a      	ldr	r2, [r1, #4]
 8001a84:	2a06      	cmp	r2, #6
 8001a86:	d82d      	bhi.n	8001ae4 <HAL_ADC_ConfigChannel+0x7c>
    MODIFY_REG(hadc->Instance->SQR3                        ,
 8001a88:	6804      	ldr	r4, [r0, #0]
 8001a8a:	6b60      	ldr	r0, [r4, #52]	@ 0x34
 8001a8c:	eb02 0282 	add.w	r2, r2, r2, lsl #2
 8001a90:	3a05      	subs	r2, #5
 8001a92:	f04f 0c1f 	mov.w	ip, #31
 8001a96:	fa0c fc02 	lsl.w	ip, ip, r2
 8001a9a:	ea20 000c 	bic.w	r0, r0, ip
 8001a9e:	680d      	ldr	r5, [r1, #0]
 8001aa0:	fa05 f202 	lsl.w	r2, r5, r2
 8001aa4:	4302      	orrs	r2, r0
 8001aa6:	6362      	str	r2, [r4, #52]	@ 0x34
  if (sConfig->Channel >= ADC_CHANNEL_10)
 8001aa8:	680a      	ldr	r2, [r1, #0]
 8001aaa:	2a09      	cmp	r2, #9
 8001aac:	d938      	bls.n	8001b20 <HAL_ADC_ConfigChannel+0xb8>
    MODIFY_REG(hadc->Instance->SMPR1                             ,
 8001aae:	681c      	ldr	r4, [r3, #0]
 8001ab0:	68e0      	ldr	r0, [r4, #12]
 8001ab2:	eb02 0242 	add.w	r2, r2, r2, lsl #1
 8001ab6:	3a1e      	subs	r2, #30
 8001ab8:	f04f 0c07 	mov.w	ip, #7
 8001abc:	fa0c fc02 	lsl.w	ip, ip, r2
 8001ac0:	ea20 000c 	bic.w	r0, r0, ip
 8001ac4:	688d      	ldr	r5, [r1, #8]
 8001ac6:	fa05 f202 	lsl.w	r2, r5, r2
 8001aca:	4302      	orrs	r2, r0
 8001acc:	60e2      	str	r2, [r4, #12]
  if ((sConfig->Channel == ADC_CHANNEL_TEMPSENSOR) ||
 8001ace:	680a      	ldr	r2, [r1, #0]
 8001ad0:	3a10      	subs	r2, #16
 8001ad2:	2a01      	cmp	r2, #1
 8001ad4:	d934      	bls.n	8001b40 <HAL_ADC_ConfigChannel+0xd8>
  HAL_StatusTypeDef tmp_hal_status = HAL_OK;
 8001ad6:	2000      	movs	r0, #0
  __HAL_UNLOCK(hadc);
 8001ad8:	2200      	movs	r2, #0
 8001ada:	f883 2024 	strb.w	r2, [r3, #36]	@ 0x24
}
 8001ade:	b002      	add	sp, #8
 8001ae0:	bc30      	pop	{r4, r5}
 8001ae2:	4770      	bx	lr
  else if (sConfig->Rank < 13U)
 8001ae4:	2a0c      	cmp	r2, #12
 8001ae6:	d80d      	bhi.n	8001b04 <HAL_ADC_ConfigChannel+0x9c>
    MODIFY_REG(hadc->Instance->SQR2                        ,
 8001ae8:	6805      	ldr	r5, [r0, #0]
 8001aea:	6b28      	ldr	r0, [r5, #48]	@ 0x30
 8001aec:	eb02 0282 	add.w	r2, r2, r2, lsl #2
 8001af0:	3a23      	subs	r2, #35	@ 0x23
 8001af2:	241f      	movs	r4, #31
 8001af4:	4094      	lsls	r4, r2
 8001af6:	ea20 0004 	bic.w	r0, r0, r4
 8001afa:	680c      	ldr	r4, [r1, #0]
 8001afc:	4094      	lsls	r4, r2
 8001afe:	4320      	orrs	r0, r4
 8001b00:	6328      	str	r0, [r5, #48]	@ 0x30
 8001b02:	e7d1      	b.n	8001aa8 <HAL_ADC_ConfigChannel+0x40>
    MODIFY_REG(hadc->Instance->SQR1                        ,
 8001b04:	6805      	ldr	r5, [r0, #0]
 8001b06:	6ae8      	ldr	r0, [r5, #44]	@ 0x2c
 8001b08:	eb02 0282 	add.w	r2, r2, r2, lsl #2
 8001b0c:	3a41      	subs	r2, #65	@ 0x41
 8001b0e:	241f      	movs	r4, #31
 8001b10:	4094      	lsls	r4, r2
 8001b12:	ea20 0004 	bic.w	r0, r0, r4
 8001b16:	680c      	ldr	r4, [r1, #0]
 8001b18:	4094      	lsls	r4, r2
 8001b1a:	4320      	orrs	r0, r4
 8001b1c:	62e8      	str	r0, [r5, #44]	@ 0x2c
 8001b1e:	e7c3      	b.n	8001aa8 <HAL_ADC_ConfigChannel+0x40>
    MODIFY_REG(hadc->Instance->SMPR2                             ,
 8001b20:	681c      	ldr	r4, [r3, #0]
 8001b22:	6920      	ldr	r0, [r4, #16]
 8001b24:	eb02 0242 	add.w	r2, r2, r2, lsl #1
 8001b28:	f04f 0c07 	mov.w	ip, #7
 8001b2c:	fa0c fc02 	lsl.w	ip, ip, r2
 8001b30:	ea20 000c 	bic.w	r0, r0, ip
 8001b34:	688d      	ldr	r5, [r1, #8]
 8001b36:	fa05 f202 	lsl.w	r2, r5, r2
 8001b3a:	4302      	orrs	r2, r0
 8001b3c:	6122      	str	r2, [r4, #16]
 8001b3e:	e7c6      	b.n	8001ace <HAL_ADC_ConfigChannel+0x66>
    if (hadc->Instance == ADC1)
 8001b40:	681a      	ldr	r2, [r3, #0]
 8001b42:	4816      	ldr	r0, [pc, #88]	@ (8001b9c <HAL_ADC_ConfigChannel+0x134>)
 8001b44:	4282      	cmp	r2, r0
 8001b46:	d005      	beq.n	8001b54 <HAL_ADC_ConfigChannel+0xec>
      SET_BIT(hadc->State, HAL_ADC_STATE_ERROR_CONFIG);
 8001b48:	6a9a      	ldr	r2, [r3, #40]	@ 0x28
 8001b4a:	f042 0220 	orr.w	r2, r2, #32
 8001b4e:	629a      	str	r2, [r3, #40]	@ 0x28
      tmp_hal_status = HAL_ERROR;
 8001b50:	2001      	movs	r0, #1
 8001b52:	e7c1      	b.n	8001ad8 <HAL_ADC_ConfigChannel+0x70>
      if (READ_BIT(hadc->Instance->CR2, ADC_CR2_TSVREFE) == RESET)
 8001b54:	6890      	ldr	r0, [r2, #8]
 8001b56:	f410 0f00 	tst.w	r0, #8388608	@ 0x800000
 8001b5a:	d11b      	bne.n	8001b94 <HAL_ADC_ConfigChannel+0x12c>
        SET_BIT(hadc->Instance->CR2, ADC_CR2_TSVREFE);
 8001b5c:	6890      	ldr	r0, [r2, #8]
 8001b5e:	f440 0000 	orr.w	r0, r0, #8388608	@ 0x800000
 8001b62:	6090      	str	r0, [r2, #8]
        if (sConfig->Channel == ADC_CHANNEL_TEMPSENSOR)
 8001b64:	680a      	ldr	r2, [r1, #0]
 8001b66:	2a10      	cmp	r2, #16
 8001b68:	d001      	beq.n	8001b6e <HAL_ADC_ConfigChannel+0x106>
  HAL_StatusTypeDef tmp_hal_status = HAL_OK;
 8001b6a:	2000      	movs	r0, #0
 8001b6c:	e7b4      	b.n	8001ad8 <HAL_ADC_ConfigChannel+0x70>
          wait_loop_index = (ADC_TEMPSENSOR_DELAY_US * (SystemCoreClock / 1000000U));
 8001b6e:	4a0c      	ldr	r2, [pc, #48]	@ (8001ba0 <HAL_ADC_ConfigChannel+0x138>)
 8001b70:	6812      	ldr	r2, [r2, #0]
 8001b72:	490c      	ldr	r1, [pc, #48]	@ (8001ba4 <HAL_ADC_ConfigChannel+0x13c>)
 8001b74:	fba1 1202 	umull	r1, r2, r1, r2
 8001b78:	0c92      	lsrs	r2, r2, #18
 8001b7a:	eb02 0282 	add.w	r2, r2, r2, lsl #2
 8001b7e:	0052      	lsls	r2, r2, #1
 8001b80:	9201      	str	r2, [sp, #4]
          while(wait_loop_index != 0U)
 8001b82:	e002      	b.n	8001b8a <HAL_ADC_ConfigChannel+0x122>
            wait_loop_index--;
 8001b84:	9a01      	ldr	r2, [sp, #4]
 8001b86:	3a01      	subs	r2, #1
 8001b88:	9201      	str	r2, [sp, #4]
          while(wait_loop_index != 0U)
 8001b8a:	9a01      	ldr	r2, [sp, #4]
 8001b8c:	2a00      	cmp	r2, #0
 8001b8e:	d1f9      	bne.n	8001b84 <HAL_ADC_ConfigChannel+0x11c>
  HAL_StatusTypeDef tmp_hal_status = HAL_OK;
 8001b90:	2000      	movs	r0, #0
 8001b92:	e7a1      	b.n	8001ad8 <HAL_ADC_ConfigChannel+0x70>
 8001b94:	2000      	movs	r0, #0
 8001b96:	e79f      	b.n	8001ad8 <HAL_ADC_ConfigChannel+0x70>
  __HAL_LOCK(hadc);
 8001b98:	2002      	movs	r0, #2
 8001b9a:	e7a0      	b.n	8001ade <HAL_ADC_ConfigChannel+0x76>
 8001b9c:	40012400 	.word	0x40012400
 8001ba0:	20000004 	.word	0x20000004
 8001ba4:	431bde83 	.word	0x431bde83

08001ba8 <ADC_Enable>:
{
 8001ba8:	b530      	push	{r4, r5, lr}
 8001baa:	b083      	sub	sp, #12
  __IO uint32_t wait_loop_index = 0U;
 8001bac:	2300      	movs	r3, #0
 8001bae:	9301      	str	r3, [sp, #4]
  if (ADC_IS_ENABLE(hadc) == RESET)
 8001bb0:	6803      	ldr	r3, [r0, #0]
 8001bb2:	689a      	ldr	r2, [r3, #8]
 8001bb4:	f012 0f01 	tst.w	r2, #1
 8001bb8:	d133      	bne.n	8001c22 <ADC_Enable+0x7a>
 8001bba:	4604      	mov	r4, r0
    __HAL_ADC_ENABLE(hadc);
 8001bbc:	689a      	ldr	r2, [r3, #8]
 8001bbe:	f042 0201 	orr.w	r2, r2, #1
 8001bc2:	609a      	str	r2, [r3, #8]
    wait_loop_index = (ADC_STAB_DELAY_US * (SystemCoreClock / 1000000U));
 8001bc4:	4b18      	ldr	r3, [pc, #96]	@ (8001c28 <ADC_Enable+0x80>)
 8001bc6:	681b      	ldr	r3, [r3, #0]
 8001bc8:	4a18      	ldr	r2, [pc, #96]	@ (8001c2c <ADC_Enable+0x84>)
 8001bca:	fba2 2303 	umull	r2, r3, r2, r3
 8001bce:	0c9b      	lsrs	r3, r3, #18
 8001bd0:	9301      	str	r3, [sp, #4]
    while(wait_loop_index != 0U)
 8001bd2:	e002      	b.n	8001bda <ADC_Enable+0x32>
      wait_loop_index--;
 8001bd4:	9b01      	ldr	r3, [sp, #4]
 8001bd6:	3b01      	subs	r3, #1
 8001bd8:	9301      	str	r3, [sp, #4]
    while(wait_loop_index != 0U)
 8001bda:	9b01      	ldr	r3, [sp, #4]
 8001bdc:	2b00      	cmp	r3, #0
 8001bde:	d1f9      	bne.n	8001bd4 <ADC_Enable+0x2c>
    tickstart = HAL_GetTick();
 8001be0:	f7ff fefe 	bl	80019e0 <HAL_GetTick>
 8001be4:	4605      	mov	r5, r0
    while(ADC_IS_ENABLE(hadc) == RESET)
 8001be6:	6823      	ldr	r3, [r4, #0]
 8001be8:	689b      	ldr	r3, [r3, #8]
 8001bea:	f013 0f01 	tst.w	r3, #1
 8001bee:	d116      	bne.n	8001c1e <ADC_Enable+0x76>
      if((HAL_GetTick() - tickstart) > ADC_ENABLE_TIMEOUT)
 8001bf0:	f7ff fef6 	bl	80019e0 <HAL_GetTick>
 8001bf4:	1b43      	subs	r3, r0, r5
 8001bf6:	2b02      	cmp	r3, #2
 8001bf8:	d9f5      	bls.n	8001be6 <ADC_Enable+0x3e>
        if(ADC_IS_ENABLE(hadc) == RESET)
 8001bfa:	6823      	ldr	r3, [r4, #0]
 8001bfc:	689b      	ldr	r3, [r3, #8]
 8001bfe:	f013 0f01 	tst.w	r3, #1
 8001c02:	d1f0      	bne.n	8001be6 <ADC_Enable+0x3e>
          SET_BIT(hadc->State, HAL_ADC_STATE_ERROR_INTERNAL);
 8001c04:	6aa3      	ldr	r3, [r4, #40]	@ 0x28
 8001c06:	f043 0310 	orr.w	r3, r3, #16
 8001c0a:	62a3      	str	r3, [r4, #40]	@ 0x28
          SET_BIT(hadc->ErrorCode, HAL_ADC_ERROR_INTERNAL);
 8001c0c:	6ae3      	ldr	r3, [r4, #44]	@ 0x2c
 8001c0e:	f043 0301 	orr.w	r3, r3, #1
 8001c12:	62e3      	str	r3, [r4, #44]	@ 0x2c
          __HAL_UNLOCK(hadc);
 8001c14:	2300      	movs	r3, #0
 8001c16:	f884 3024 	strb.w	r3, [r4, #36]	@ 0x24
          return HAL_ERROR;
 8001c1a:	2001      	movs	r0, #1
 8001c1c:	e002      	b.n	8001c24 <ADC_Enable+0x7c>
  return HAL_OK;
 8001c1e:	2000      	movs	r0, #0
 8001c20:	e000      	b.n	8001c24 <ADC_Enable+0x7c>
 8001c22:	2000      	movs	r0, #0
}
 8001c24:	b003      	add	sp, #12
 8001c26:	bd30      	pop	{r4, r5, pc}
 8001c28:	20000004 	.word	0x20000004
 8001c2c:	431bde83 	.word	0x431bde83

08001c30 <HAL_ADC_Start_DMA>:
{
 8001c30:	b5f8      	push	{r3, r4, r5, r6, r7, lr}
 8001c32:	4604      	mov	r4, r0
 8001c34:	460d      	mov	r5, r1
 8001c36:	4616      	mov	r6, r2
  if(ADC_MULTIMODE_IS_ENABLE(hadc) == RESET)
 8001c38:	6801      	ldr	r1, [r0, #0]
 8001c3a:	4844      	ldr	r0, [pc, #272]	@ (8001d4c <HAL_ADC_Start_DMA+0x11c>)
 8001c3c:	4281      	cmp	r1, r0
 8001c3e:	d059      	beq.n	8001cf4 <HAL_ADC_Start_DMA+0xc4>
 8001c40:	4b43      	ldr	r3, [pc, #268]	@ (8001d50 <HAL_ADC_Start_DMA+0x120>)
 8001c42:	4299      	cmp	r1, r3
 8001c44:	d056      	beq.n	8001cf4 <HAL_ADC_Start_DMA+0xc4>
    __HAL_LOCK(hadc);
 8001c46:	f894 3024 	ldrb.w	r3, [r4, #36]	@ 0x24
 8001c4a:	2b01      	cmp	r3, #1
 8001c4c:	d07c      	beq.n	8001d48 <HAL_ADC_Start_DMA+0x118>
 8001c4e:	2301      	movs	r3, #1
 8001c50:	f884 3024 	strb.w	r3, [r4, #36]	@ 0x24
    tmp_hal_status = ADC_Enable(hadc);
 8001c54:	4620      	mov	r0, r4
 8001c56:	f7ff ffa7 	bl	8001ba8 <ADC_Enable>
    if (tmp_hal_status == HAL_OK)
 8001c5a:	4607      	mov	r7, r0
 8001c5c:	2800      	cmp	r0, #0
 8001c5e:	d16e      	bne.n	8001d3e <HAL_ADC_Start_DMA+0x10e>
      ADC_STATE_CLR_SET(hadc->State,
 8001c60:	6aa1      	ldr	r1, [r4, #40]	@ 0x28
 8001c62:	f421 6170 	bic.w	r1, r1, #3840	@ 0xf00
 8001c66:	f021 0101 	bic.w	r1, r1, #1
 8001c6a:	f441 7180 	orr.w	r1, r1, #256	@ 0x100
 8001c6e:	62a1      	str	r1, [r4, #40]	@ 0x28
    if (ADC_NONMULTIMODE_OR_MULTIMODEMASTER(hadc))
 8001c70:	6822      	ldr	r2, [r4, #0]
 8001c72:	4b37      	ldr	r3, [pc, #220]	@ (8001d50 <HAL_ADC_Start_DMA+0x120>)
 8001c74:	429a      	cmp	r2, r3
 8001c76:	d044      	beq.n	8001d02 <HAL_ADC_Start_DMA+0xd2>
      CLEAR_BIT(hadc->State, HAL_ADC_STATE_MULTIMODE_SLAVE);
 8001c78:	6aa3      	ldr	r3, [r4, #40]	@ 0x28
 8001c7a:	f423 1380 	bic.w	r3, r3, #1048576	@ 0x100000
 8001c7e:	62a3      	str	r3, [r4, #40]	@ 0x28
      if (READ_BIT(hadc->Instance->CR1, ADC_CR1_JAUTO) != RESET)
 8001c80:	6853      	ldr	r3, [r2, #4]
 8001c82:	f413 6f80 	tst.w	r3, #1024	@ 0x400
 8001c86:	d005      	beq.n	8001c94 <HAL_ADC_Start_DMA+0x64>
        ADC_STATE_CLR_SET(hadc->State, HAL_ADC_STATE_INJ_EOC, HAL_ADC_STATE_INJ_BUSY);  
 8001c88:	6aa3      	ldr	r3, [r4, #40]	@ 0x28
 8001c8a:	f423 5340 	bic.w	r3, r3, #12288	@ 0x3000
 8001c8e:	f443 5380 	orr.w	r3, r3, #4096	@ 0x1000
 8001c92:	62a3      	str	r3, [r4, #40]	@ 0x28
      if (HAL_IS_BIT_SET(hadc->State, HAL_ADC_STATE_INJ_BUSY))
 8001c94:	6aa3      	ldr	r3, [r4, #40]	@ 0x28
 8001c96:	f413 5f80 	tst.w	r3, #4096	@ 0x1000
 8001c9a:	d048      	beq.n	8001d2e <HAL_ADC_Start_DMA+0xfe>
        CLEAR_BIT(hadc->ErrorCode, (HAL_ADC_ERROR_OVR | HAL_ADC_ERROR_DMA));         
 8001c9c:	6ae3      	ldr	r3, [r4, #44]	@ 0x2c
 8001c9e:	f023 0306 	bic.w	r3, r3, #6
 8001ca2:	62e3      	str	r3, [r4, #44]	@ 0x2c
      __HAL_UNLOCK(hadc);
 8001ca4:	2300      	movs	r3, #0
 8001ca6:	f884 3024 	strb.w	r3, [r4, #36]	@ 0x24
      hadc->DMA_Handle->XferCpltCallback = ADC_DMAConvCplt;
 8001caa:	6a23      	ldr	r3, [r4, #32]
 8001cac:	4a29      	ldr	r2, [pc, #164]	@ (8001d54 <HAL_ADC_Start_DMA+0x124>)
 8001cae:	629a      	str	r2, [r3, #40]	@ 0x28
      hadc->DMA_Handle->XferHalfCpltCallback = ADC_DMAHalfConvCplt;
 8001cb0:	6a23      	ldr	r3, [r4, #32]
 8001cb2:	4a29      	ldr	r2, [pc, #164]	@ (8001d58 <HAL_ADC_Start_DMA+0x128>)
 8001cb4:	62da      	str	r2, [r3, #44]	@ 0x2c
      hadc->DMA_Handle->XferErrorCallback = ADC_DMAError;
 8001cb6:	6a23      	ldr	r3, [r4, #32]
 8001cb8:	4a28      	ldr	r2, [pc, #160]	@ (8001d5c <HAL_ADC_Start_DMA+0x12c>)
 8001cba:	631a      	str	r2, [r3, #48]	@ 0x30
      __HAL_ADC_CLEAR_FLAG(hadc, ADC_FLAG_EOC);
 8001cbc:	6823      	ldr	r3, [r4, #0]
 8001cbe:	f06f 0202 	mvn.w	r2, #2
 8001cc2:	601a      	str	r2, [r3, #0]
      SET_BIT(hadc->Instance->CR2, ADC_CR2_DMA);
 8001cc4:	6822      	ldr	r2, [r4, #0]
 8001cc6:	6893      	ldr	r3, [r2, #8]
 8001cc8:	f443 7380 	orr.w	r3, r3, #256	@ 0x100
 8001ccc:	6093      	str	r3, [r2, #8]
      HAL_DMA_Start_IT(hadc->DMA_Handle, (uint32_t)&hadc->Instance->DR, (uint32_t)pData, Length);
 8001cce:	6821      	ldr	r1, [r4, #0]
 8001cd0:	4633      	mov	r3, r6
 8001cd2:	462a      	mov	r2, r5
 8001cd4:	314c      	adds	r1, #76	@ 0x4c
 8001cd6:	6a20      	ldr	r0, [r4, #32]
 8001cd8:	f000 fa68 	bl	80021ac <HAL_DMA_Start_IT>
      if (ADC_IS_SOFTWARE_START_REGULAR(hadc))
 8001cdc:	6823      	ldr	r3, [r4, #0]
 8001cde:	689a      	ldr	r2, [r3, #8]
 8001ce0:	f402 2260 	and.w	r2, r2, #917504	@ 0xe0000
 8001ce4:	f5b2 2f60 	cmp.w	r2, #917504	@ 0xe0000
 8001ce8:	d024      	beq.n	8001d34 <HAL_ADC_Start_DMA+0x104>
        SET_BIT(hadc->Instance->CR2, ADC_CR2_EXTTRIG);
 8001cea:	689a      	ldr	r2, [r3, #8]
 8001cec:	f442 1280 	orr.w	r2, r2, #1048576	@ 0x100000
 8001cf0:	609a      	str	r2, [r3, #8]
 8001cf2:	e027      	b.n	8001d44 <HAL_ADC_Start_DMA+0x114>
  if(ADC_MULTIMODE_IS_ENABLE(hadc) == RESET)
 8001cf4:	4b15      	ldr	r3, [pc, #84]	@ (8001d4c <HAL_ADC_Start_DMA+0x11c>)
 8001cf6:	685b      	ldr	r3, [r3, #4]
 8001cf8:	f413 2f70 	tst.w	r3, #983040	@ 0xf0000
 8001cfc:	d0a3      	beq.n	8001c46 <HAL_ADC_Start_DMA+0x16>
    tmp_hal_status = HAL_ERROR;
 8001cfe:	2701      	movs	r7, #1
 8001d00:	e020      	b.n	8001d44 <HAL_ADC_Start_DMA+0x114>
    if (ADC_NONMULTIMODE_OR_MULTIMODEMASTER(hadc))
 8001d02:	f5a3 6380 	sub.w	r3, r3, #1024	@ 0x400
 8001d06:	685b      	ldr	r3, [r3, #4]
 8001d08:	f413 2f70 	tst.w	r3, #983040	@ 0xf0000
 8001d0c:	d0b4      	beq.n	8001c78 <HAL_ADC_Start_DMA+0x48>
      SET_BIT(hadc->State, HAL_ADC_STATE_MULTIMODE_SLAVE);
 8001d0e:	6aa3      	ldr	r3, [r4, #40]	@ 0x28
 8001d10:	f443 1380 	orr.w	r3, r3, #1048576	@ 0x100000
 8001d14:	62a3      	str	r3, [r4, #40]	@ 0x28
      if (ADC_MULTIMODE_AUTO_INJECTED(hadc))
 8001d16:	4b0d      	ldr	r3, [pc, #52]	@ (8001d4c <HAL_ADC_Start_DMA+0x11c>)
 8001d18:	685b      	ldr	r3, [r3, #4]
 8001d1a:	f413 6f80 	tst.w	r3, #1024	@ 0x400
 8001d1e:	d0b9      	beq.n	8001c94 <HAL_ADC_Start_DMA+0x64>
        ADC_STATE_CLR_SET(hadc->State, HAL_ADC_STATE_INJ_EOC, HAL_ADC_STATE_INJ_BUSY);
 8001d20:	6aa3      	ldr	r3, [r4, #40]	@ 0x28
 8001d22:	f423 5340 	bic.w	r3, r3, #12288	@ 0x3000
 8001d26:	f443 5380 	orr.w	r3, r3, #4096	@ 0x1000
 8001d2a:	62a3      	str	r3, [r4, #40]	@ 0x28
 8001d2c:	e7b2      	b.n	8001c94 <HAL_ADC_Start_DMA+0x64>
        ADC_CLEAR_ERRORCODE(hadc);
 8001d2e:	2300      	movs	r3, #0
 8001d30:	62e3      	str	r3, [r4, #44]	@ 0x2c
 8001d32:	e7b7      	b.n	8001ca4 <HAL_ADC_Start_DMA+0x74>
        SET_BIT(hadc->Instance->CR2, (ADC_CR2_SWSTART | ADC_CR2_EXTTRIG));
 8001d34:	689a      	ldr	r2, [r3, #8]
 8001d36:	f442 02a0 	orr.w	r2, r2, #5242880	@ 0x500000
 8001d3a:	609a      	str	r2, [r3, #8]
 8001d3c:	e002      	b.n	8001d44 <HAL_ADC_Start_DMA+0x114>
      __HAL_UNLOCK(hadc);
 8001d3e:	2300      	movs	r3, #0
 8001d40:	f884 3024 	strb.w	r3, [r4, #36]	@ 0x24
}
 8001d44:	4638      	mov	r0, r7
 8001d46:	bdf8      	pop	{r3, r4, r5, r6, r7, pc}
    __HAL_LOCK(hadc);
 8001d48:	2702      	movs	r7, #2
 8001d4a:	e7fb      	b.n	8001d44 <HAL_ADC_Start_DMA+0x114>
 8001d4c:	40012400 	.word	0x40012400
 8001d50:	40012800 	.word	0x40012800
 8001d54:	080019ed 	.word	0x080019ed
 8001d58:	08001a41 	.word	0x08001a41
 8001d5c:	08001a4d 	.word	0x08001a4d

08001d60 <ADC_ConversionStop_Disable>:
{
 8001d60:	b538      	push	{r3, r4, r5, lr}
  if (ADC_IS_ENABLE(hadc) != RESET)
 8001d62:	6803      	ldr	r3, [r0, #0]
 8001d64:	689a      	ldr	r2, [r3, #8]
 8001d66:	f012 0f01 	tst.w	r2, #1
 8001d6a:	d101      	bne.n	8001d70 <ADC_ConversionStop_Disable+0x10>
  return HAL_OK;
 8001d6c:	2000      	movs	r0, #0
}
 8001d6e:	bd38      	pop	{r3, r4, r5, pc}
 8001d70:	4604      	mov	r4, r0
    __HAL_ADC_DISABLE(hadc);
 8001d72:	689a      	ldr	r2, [r3, #8]
 8001d74:	f022 0201 	bic.w	r2, r2, #1
 8001d78:	609a      	str	r2, [r3, #8]
    tickstart = HAL_GetTick();
 8001d7a:	f7ff fe31 	bl	80019e0 <HAL_GetTick>
 8001d7e:	4605      	mov	r5, r0
    while(ADC_IS_ENABLE(hadc) != RESET)
 8001d80:	6823      	ldr	r3, [r4, #0]
 8001d82:	689b      	ldr	r3, [r3, #8]
 8001d84:	f013 0f01 	tst.w	r3, #1
 8001d88:	d013      	beq.n	8001db2 <ADC_ConversionStop_Disable+0x52>
      if((HAL_GetTick() - tickstart) > ADC_DISABLE_TIMEOUT)
 8001d8a:	f7ff fe29 	bl	80019e0 <HAL_GetTick>
 8001d8e:	1b43      	subs	r3, r0, r5
 8001d90:	2b02      	cmp	r3, #2
 8001d92:	d9f5      	bls.n	8001d80 <ADC_ConversionStop_Disable+0x20>
        if(ADC_IS_ENABLE(hadc) != RESET)
 8001d94:	6823      	ldr	r3, [r4, #0]
 8001d96:	689b      	ldr	r3, [r3, #8]
 8001d98:	f013 0f01 	tst.w	r3, #1
 8001d9c:	d0f0      	beq.n	8001d80 <ADC_ConversionStop_Disable+0x20>
          SET_BIT(hadc->State, HAL_ADC_STATE_ERROR_INTERNAL);
 8001d9e:	6aa3      	ldr	r3, [r4, #40]	@ 0x28
 8001da0:	f043 0310 	orr.w	r3, r3, #16
 8001da4:	62a3      	str	r3, [r4, #40]	@ 0x28
          SET_BIT(hadc->ErrorCode, HAL_ADC_ERROR_INTERNAL);
 8001da6:	6ae3      	ldr	r3, [r4, #44]	@ 0x2c
 8001da8:	f043 0301 	orr.w	r3, r3, #1
 8001dac:	62e3      	str	r3, [r4, #44]	@ 0x2c
          return HAL_ERROR;
 8001dae:	2001      	movs	r0, #1
 8001db0:	e7dd      	b.n	8001d6e <ADC_ConversionStop_Disable+0xe>
  return HAL_OK;
 8001db2:	2000      	movs	r0, #0
 8001db4:	e7db      	b.n	8001d6e <ADC_ConversionStop_Disable+0xe>
	...

08001db8 <HAL_ADC_Init>:
  if(hadc == NULL)
 8001db8:	2800      	cmp	r0, #0
 8001dba:	d07b      	beq.n	8001eb4 <HAL_ADC_Init+0xfc>
{
 8001dbc:	b570      	push	{r4, r5, r6, lr}
 8001dbe:	4604      	mov	r4, r0
  if (hadc->State == HAL_ADC_STATE_RESET)
 8001dc0:	6a83      	ldr	r3, [r0, #40]	@ 0x28
 8001dc2:	2b00      	cmp	r3, #0
 8001dc4:	d04d      	beq.n	8001e62 <HAL_ADC_Init+0xaa>
  tmp_hal_status = ADC_ConversionStop_Disable(hadc);
 8001dc6:	4620      	mov	r0, r4
 8001dc8:	f7ff ffca 	bl	8001d60 <ADC_ConversionStop_Disable>
  if (HAL_IS_BIT_CLR(hadc->State, HAL_ADC_STATE_ERROR_INTERNAL) &&
 8001dcc:	6aa3      	ldr	r3, [r4, #40]	@ 0x28
 8001dce:	f013 0310 	ands.w	r3, r3, #16
 8001dd2:	d169      	bne.n	8001ea8 <HAL_ADC_Init+0xf0>
 8001dd4:	2800      	cmp	r0, #0
 8001dd6:	d167      	bne.n	8001ea8 <HAL_ADC_Init+0xf0>
    ADC_STATE_CLR_SET(hadc->State,
 8001dd8:	6aa2      	ldr	r2, [r4, #40]	@ 0x28
 8001dda:	f422 5288 	bic.w	r2, r2, #4352	@ 0x1100
 8001dde:	f022 0202 	bic.w	r2, r2, #2
 8001de2:	f042 0202 	orr.w	r2, r2, #2
 8001de6:	62a2      	str	r2, [r4, #40]	@ 0x28
    tmp_cr2 |= (hadc->Init.DataAlign                                          |
 8001de8:	6862      	ldr	r2, [r4, #4]
                ADC_CFGR_EXTSEL(hadc, hadc->Init.ExternalTrigConv)            |
 8001dea:	69e1      	ldr	r1, [r4, #28]
    tmp_cr2 |= (hadc->Init.DataAlign                                          |
 8001dec:	430a      	orrs	r2, r1
                ADC_CR2_CONTINUOUS((uint32_t)hadc->Init.ContinuousConvMode)   );
 8001dee:	7b21      	ldrb	r1, [r4, #12]
                ADC_CFGR_EXTSEL(hadc, hadc->Init.ExternalTrigConv)            |
 8001df0:	ea42 0241 	orr.w	r2, r2, r1, lsl #1
    tmp_cr1 |= (ADC_CR1_SCAN_SET(hadc->Init.ScanConvMode));
 8001df4:	68a5      	ldr	r5, [r4, #8]
 8001df6:	f5b5 7f80 	cmp.w	r5, #256	@ 0x100
 8001dfa:	d002      	beq.n	8001e02 <HAL_ADC_Init+0x4a>
 8001dfc:	2d01      	cmp	r5, #1
 8001dfe:	d036      	beq.n	8001e6e <HAL_ADC_Init+0xb6>
 8001e00:	461d      	mov	r5, r3
    if (hadc->Init.DiscontinuousConvMode == ENABLE)
 8001e02:	7d26      	ldrb	r6, [r4, #20]
 8001e04:	2e01      	cmp	r6, #1
 8001e06:	d035      	beq.n	8001e74 <HAL_ADC_Init+0xbc>
      MODIFY_REG(hadc->Instance->CR1,
 8001e08:	6826      	ldr	r6, [r4, #0]
 8001e0a:	6871      	ldr	r1, [r6, #4]
 8001e0c:	f421 4169 	bic.w	r1, r1, #59648	@ 0xe900
 8001e10:	4329      	orrs	r1, r5
 8001e12:	6071      	str	r1, [r6, #4]
      MODIFY_REG(hadc->Instance->CR2,
 8001e14:	6825      	ldr	r5, [r4, #0]
 8001e16:	68ae      	ldr	r6, [r5, #8]
 8001e18:	4927      	ldr	r1, [pc, #156]	@ (8001eb8 <HAL_ADC_Init+0x100>)
 8001e1a:	4031      	ands	r1, r6
 8001e1c:	4311      	orrs	r1, r2
 8001e1e:	60a9      	str	r1, [r5, #8]
    if (ADC_CR1_SCAN_SET(hadc->Init.ScanConvMode) == ADC_SCAN_ENABLE)
 8001e20:	68a1      	ldr	r1, [r4, #8]
 8001e22:	f5b1 7f80 	cmp.w	r1, #256	@ 0x100
 8001e26:	d001      	beq.n	8001e2c <HAL_ADC_Init+0x74>
 8001e28:	2901      	cmp	r1, #1
 8001e2a:	d102      	bne.n	8001e32 <HAL_ADC_Init+0x7a>
      tmp_sqr1 = ADC_SQR1_L_SHIFT(hadc->Init.NbrOfConversion);
 8001e2c:	6923      	ldr	r3, [r4, #16]
 8001e2e:	3b01      	subs	r3, #1
 8001e30:	051b      	lsls	r3, r3, #20
    MODIFY_REG(hadc->Instance->SQR1,
 8001e32:	6825      	ldr	r5, [r4, #0]
 8001e34:	6ae9      	ldr	r1, [r5, #44]	@ 0x2c
 8001e36:	f421 0170 	bic.w	r1, r1, #15728640	@ 0xf00000
 8001e3a:	430b      	orrs	r3, r1
 8001e3c:	62eb      	str	r3, [r5, #44]	@ 0x2c
    if (READ_BIT(hadc->Instance->CR2, ~(ADC_CR2_ADON | ADC_CR2_DMA |
 8001e3e:	6823      	ldr	r3, [r4, #0]
 8001e40:	6899      	ldr	r1, [r3, #8]
 8001e42:	4b1e      	ldr	r3, [pc, #120]	@ (8001ebc <HAL_ADC_Init+0x104>)
 8001e44:	400b      	ands	r3, r1
 8001e46:	429a      	cmp	r2, r3
 8001e48:	d025      	beq.n	8001e96 <HAL_ADC_Init+0xde>
      ADC_STATE_CLR_SET(hadc->State,
 8001e4a:	6aa3      	ldr	r3, [r4, #40]	@ 0x28
 8001e4c:	f023 0312 	bic.w	r3, r3, #18
 8001e50:	f043 0310 	orr.w	r3, r3, #16
 8001e54:	62a3      	str	r3, [r4, #40]	@ 0x28
      SET_BIT(hadc->ErrorCode, HAL_ADC_ERROR_INTERNAL);
 8001e56:	6ae3      	ldr	r3, [r4, #44]	@ 0x2c
 8001e58:	f043 0301 	orr.w	r3, r3, #1
 8001e5c:	62e3      	str	r3, [r4, #44]	@ 0x2c
      tmp_hal_status = HAL_ERROR;
 8001e5e:	2001      	movs	r0, #1
 8001e60:	e027      	b.n	8001eb2 <HAL_ADC_Init+0xfa>
    ADC_CLEAR_ERRORCODE(hadc);
 8001e62:	62c3      	str	r3, [r0, #44]	@ 0x2c
    hadc->Lock = HAL_UNLOCKED;
 8001e64:	f880 3024 	strb.w	r3, [r0, #36]	@ 0x24
    HAL_ADC_MspInit(hadc);
 8001e68:	f7fe fc30 	bl	80006cc <HAL_ADC_MspInit>
 8001e6c:	e7ab      	b.n	8001dc6 <HAL_ADC_Init+0xe>
    tmp_cr1 |= (ADC_CR1_SCAN_SET(hadc->Init.ScanConvMode));
 8001e6e:	f44f 7580 	mov.w	r5, #256	@ 0x100
 8001e72:	e7c6      	b.n	8001e02 <HAL_ADC_Init+0x4a>
      if (hadc->Init.ContinuousConvMode == DISABLE)
 8001e74:	b931      	cbnz	r1, 8001e84 <HAL_ADC_Init+0xcc>
        SET_BIT(tmp_cr1, ADC_CR1_DISCEN                                            |
 8001e76:	69a1      	ldr	r1, [r4, #24]
 8001e78:	3901      	subs	r1, #1
 8001e7a:	ea45 3141 	orr.w	r1, r5, r1, lsl #13
 8001e7e:	f441 6500 	orr.w	r5, r1, #2048	@ 0x800
 8001e82:	e7c1      	b.n	8001e08 <HAL_ADC_Init+0x50>
        SET_BIT(hadc->State, HAL_ADC_STATE_ERROR_CONFIG);
 8001e84:	6aa1      	ldr	r1, [r4, #40]	@ 0x28
 8001e86:	f041 0120 	orr.w	r1, r1, #32
 8001e8a:	62a1      	str	r1, [r4, #40]	@ 0x28
        SET_BIT(hadc->ErrorCode, HAL_ADC_ERROR_INTERNAL);
 8001e8c:	6ae1      	ldr	r1, [r4, #44]	@ 0x2c
 8001e8e:	f041 0101 	orr.w	r1, r1, #1
 8001e92:	62e1      	str	r1, [r4, #44]	@ 0x2c
 8001e94:	e7b8      	b.n	8001e08 <HAL_ADC_Init+0x50>
      ADC_CLEAR_ERRORCODE(hadc);
 8001e96:	2300      	movs	r3, #0
 8001e98:	62e3      	str	r3, [r4, #44]	@ 0x2c
      ADC_STATE_CLR_SET(hadc->State,
 8001e9a:	6aa3      	ldr	r3, [r4, #40]	@ 0x28
 8001e9c:	f023 0303 	bic.w	r3, r3, #3
 8001ea0:	f043 0301 	orr.w	r3, r3, #1
 8001ea4:	62a3      	str	r3, [r4, #40]	@ 0x28
 8001ea6:	e004      	b.n	8001eb2 <HAL_ADC_Init+0xfa>
    SET_BIT(hadc->State, HAL_ADC_STATE_ERROR_INTERNAL);
 8001ea8:	6aa3      	ldr	r3, [r4, #40]	@ 0x28
 8001eaa:	f043 0310 	orr.w	r3, r3, #16
 8001eae:	62a3      	str	r3, [r4, #40]	@ 0x28
    tmp_hal_status = HAL_ERROR;
 8001eb0:	2001      	movs	r0, #1
}
 8001eb2:	bd70      	pop	{r4, r5, r6, pc}
    return HAL_ERROR;
 8001eb4:	2001      	movs	r0, #1
}
 8001eb6:	4770      	bx	lr
 8001eb8:	ffe1f7fd 	.word	0xffe1f7fd
 8001ebc:	ff1f0efe 	.word	0xff1f0efe

08001ec0 <HAL_ADCEx_Calibration_Start>:
  *         the completion of this function.
  * @param  hadc: ADC handle
  * @retval HAL status
  */
HAL_StatusTypeDef HAL_ADCEx_Calibration_Start(ADC_HandleTypeDef* hadc)
{
 8001ec0:	b570      	push	{r4, r5, r6, lr}
 8001ec2:	b082      	sub	sp, #8
  HAL_StatusTypeDef tmp_hal_status = HAL_OK;
  uint32_t tickstart;
  __IO uint32_t wait_loop_index = 0U;
 8001ec4:	2300      	movs	r3, #0
 8001ec6:	9301      	str	r3, [sp, #4]
  
  /* Check the parameters */
  assert_param(IS_ADC_ALL_INSTANCE(hadc->Instance));

  /* Process locked */
  __HAL_LOCK(hadc);
 8001ec8:	f890 3024 	ldrb.w	r3, [r0, #36]	@ 0x24
 8001ecc:	2b01      	cmp	r3, #1
 8001ece:	d072      	beq.n	8001fb6 <HAL_ADCEx_Calibration_Start+0xf6>
 8001ed0:	4604      	mov	r4, r0
 8001ed2:	2301      	movs	r3, #1
 8001ed4:	f880 3024 	strb.w	r3, [r0, #36]	@ 0x24
    
   /* 1. Disable ADC peripheral                                                 */
   tmp_hal_status = ADC_ConversionStop_Disable(hadc);
 8001ed8:	f7ff ff42 	bl	8001d60 <ADC_ConversionStop_Disable>
  
   /* 2. Calibration prerequisite delay before starting the calibration.       */
   /*    - ADC must be enabled for at least two ADC clock cycles               */
   tmp_hal_status = ADC_Enable(hadc);
 8001edc:	4620      	mov	r0, r4
 8001ede:	f7ff fe63 	bl	8001ba8 <ADC_Enable>

   /* Check if ADC is effectively enabled */
   if (tmp_hal_status == HAL_OK)
 8001ee2:	4605      	mov	r5, r0
 8001ee4:	b128      	cbz	r0, 8001ef2 <HAL_ADCEx_Calibration_Start+0x32>
                      HAL_ADC_STATE_BUSY_INTERNAL,
                      HAL_ADC_STATE_READY);
  }
  
  /* Process unlocked */
  __HAL_UNLOCK(hadc);
 8001ee6:	2300      	movs	r3, #0
 8001ee8:	f884 3024 	strb.w	r3, [r4, #36]	@ 0x24
  
  /* Return function status */
  return tmp_hal_status;
}
 8001eec:	4628      	mov	r0, r5
 8001eee:	b002      	add	sp, #8
 8001ef0:	bd70      	pop	{r4, r5, r6, pc}
     ADC_STATE_CLR_SET(hadc->State,
 8001ef2:	6aa3      	ldr	r3, [r4, #40]	@ 0x28
 8001ef4:	f423 5388 	bic.w	r3, r3, #4352	@ 0x1100
 8001ef8:	f023 0302 	bic.w	r3, r3, #2
 8001efc:	f043 0302 	orr.w	r3, r3, #2
 8001f00:	62a3      	str	r3, [r4, #40]	@ 0x28
                        / HAL_RCCEx_GetPeriphCLKFreq(RCC_PERIPHCLK_ADC))
 8001f02:	4b2e      	ldr	r3, [pc, #184]	@ (8001fbc <HAL_ADCEx_Calibration_Start+0xfc>)
 8001f04:	681e      	ldr	r6, [r3, #0]
 8001f06:	2002      	movs	r0, #2
 8001f08:	f000 ff44 	bl	8002d94 <HAL_RCCEx_GetPeriphCLKFreq>
 8001f0c:	fbb6 f6f0 	udiv	r6, r6, r0
                       * ADC_PRECALIBRATION_DELAY_ADCCLOCKCYCLES        );
 8001f10:	0076      	lsls	r6, r6, #1
    wait_loop_index = ((SystemCoreClock
 8001f12:	9601      	str	r6, [sp, #4]
    while(wait_loop_index != 0U)
 8001f14:	e002      	b.n	8001f1c <HAL_ADCEx_Calibration_Start+0x5c>
      wait_loop_index--;
 8001f16:	9b01      	ldr	r3, [sp, #4]
 8001f18:	3b01      	subs	r3, #1
 8001f1a:	9301      	str	r3, [sp, #4]
    while(wait_loop_index != 0U)
 8001f1c:	9b01      	ldr	r3, [sp, #4]
 8001f1e:	2b00      	cmp	r3, #0
 8001f20:	d1f9      	bne.n	8001f16 <HAL_ADCEx_Calibration_Start+0x56>
    SET_BIT(hadc->Instance->CR2, ADC_CR2_RSTCAL);
 8001f22:	6822      	ldr	r2, [r4, #0]
 8001f24:	6893      	ldr	r3, [r2, #8]
 8001f26:	f043 0308 	orr.w	r3, r3, #8
 8001f2a:	6093      	str	r3, [r2, #8]
    tickstart = HAL_GetTick();  
 8001f2c:	f7ff fd58 	bl	80019e0 <HAL_GetTick>
 8001f30:	4606      	mov	r6, r0
    while(HAL_IS_BIT_SET(hadc->Instance->CR2, ADC_CR2_RSTCAL))
 8001f32:	6823      	ldr	r3, [r4, #0]
 8001f34:	689a      	ldr	r2, [r3, #8]
 8001f36:	f012 0f08 	tst.w	r2, #8
 8001f3a:	d014      	beq.n	8001f66 <HAL_ADCEx_Calibration_Start+0xa6>
      if((HAL_GetTick() - tickstart) > ADC_CALIBRATION_TIMEOUT)
 8001f3c:	f7ff fd50 	bl	80019e0 <HAL_GetTick>
 8001f40:	1b80      	subs	r0, r0, r6
 8001f42:	280a      	cmp	r0, #10
 8001f44:	d9f5      	bls.n	8001f32 <HAL_ADCEx_Calibration_Start+0x72>
        if(HAL_IS_BIT_SET(hadc->Instance->CR2, ADC_CR2_RSTCAL))
 8001f46:	6823      	ldr	r3, [r4, #0]
 8001f48:	689b      	ldr	r3, [r3, #8]
 8001f4a:	f013 0f08 	tst.w	r3, #8
 8001f4e:	d0f0      	beq.n	8001f32 <HAL_ADCEx_Calibration_Start+0x72>
          ADC_STATE_CLR_SET(hadc->State,
 8001f50:	6aa3      	ldr	r3, [r4, #40]	@ 0x28
 8001f52:	f023 0312 	bic.w	r3, r3, #18
 8001f56:	f043 0310 	orr.w	r3, r3, #16
 8001f5a:	62a3      	str	r3, [r4, #40]	@ 0x28
          __HAL_UNLOCK(hadc);
 8001f5c:	2300      	movs	r3, #0
 8001f5e:	f884 3024 	strb.w	r3, [r4, #36]	@ 0x24
          return HAL_ERROR;
 8001f62:	2501      	movs	r5, #1
 8001f64:	e7c2      	b.n	8001eec <HAL_ADCEx_Calibration_Start+0x2c>
    SET_BIT(hadc->Instance->CR2, ADC_CR2_CAL);
 8001f66:	689a      	ldr	r2, [r3, #8]
 8001f68:	f042 0204 	orr.w	r2, r2, #4
 8001f6c:	609a      	str	r2, [r3, #8]
    tickstart = HAL_GetTick();  
 8001f6e:	f7ff fd37 	bl	80019e0 <HAL_GetTick>
 8001f72:	4606      	mov	r6, r0
    while(HAL_IS_BIT_SET(hadc->Instance->CR2, ADC_CR2_CAL))
 8001f74:	6823      	ldr	r3, [r4, #0]
 8001f76:	689b      	ldr	r3, [r3, #8]
 8001f78:	f013 0f04 	tst.w	r3, #4
 8001f7c:	d014      	beq.n	8001fa8 <HAL_ADCEx_Calibration_Start+0xe8>
      if((HAL_GetTick() - tickstart) > ADC_CALIBRATION_TIMEOUT)
 8001f7e:	f7ff fd2f 	bl	80019e0 <HAL_GetTick>
 8001f82:	1b80      	subs	r0, r0, r6
 8001f84:	280a      	cmp	r0, #10
 8001f86:	d9f5      	bls.n	8001f74 <HAL_ADCEx_Calibration_Start+0xb4>
        if(HAL_IS_BIT_SET(hadc->Instance->CR2, ADC_CR2_CAL))
 8001f88:	6823      	ldr	r3, [r4, #0]
 8001f8a:	689b      	ldr	r3, [r3, #8]
 8001f8c:	f013 0f04 	tst.w	r3, #4
 8001f90:	d0f0      	beq.n	8001f74 <HAL_ADCEx_Calibration_Start+0xb4>
          ADC_STATE_CLR_SET(hadc->State,
 8001f92:	6aa3      	ldr	r3, [r4, #40]	@ 0x28
 8001f94:	f023 0312 	bic.w	r3, r3, #18
 8001f98:	f043 0310 	orr.w	r3, r3, #16
 8001f9c:	62a3      	str	r3, [r4, #40]	@ 0x28
          __HAL_UNLOCK(hadc);
 8001f9e:	2300      	movs	r3, #0
 8001fa0:	f884 3024 	strb.w	r3, [r4, #36]	@ 0x24
          return HAL_ERROR;
 8001fa4:	2501      	movs	r5, #1
 8001fa6:	e7a1      	b.n	8001eec <HAL_ADCEx_Calibration_Start+0x2c>
    ADC_STATE_CLR_SET(hadc->State,
 8001fa8:	6aa3      	ldr	r3, [r4, #40]	@ 0x28
 8001faa:	f023 0303 	bic.w	r3, r3, #3
 8001fae:	f043 0301 	orr.w	r3, r3, #1
 8001fb2:	62a3      	str	r3, [r4, #40]	@ 0x28
 8001fb4:	e797      	b.n	8001ee6 <HAL_ADCEx_Calibration_Start+0x26>
  __HAL_LOCK(hadc);
 8001fb6:	2502      	movs	r5, #2
 8001fb8:	e798      	b.n	8001eec <HAL_ADCEx_Calibration_Start+0x2c>
 8001fba:	bf00      	nop
 8001fbc:	20000004 	.word	0x20000004

08001fc0 <__NVIC_SetPriority>:
  \param [in]  priority  Priority to set.
  \note    The priority cannot be set for every processor exception.
 */
__STATIC_INLINE void __NVIC_SetPriority(IRQn_Type IRQn, uint32_t priority)
{
  if ((int32_t)(IRQn) >= 0)
 8001fc0:	2800      	cmp	r0, #0
 8001fc2:	db08      	blt.n	8001fd6 <__NVIC_SetPriority+0x16>
  {
    NVIC->IP[((uint32_t)IRQn)]               = (uint8_t)((priority << (8U - __NVIC_PRIO_BITS)) & (uint32_t)0xFFUL);
 8001fc4:	0109      	lsls	r1, r1, #4
 8001fc6:	b2c9      	uxtb	r1, r1
 8001fc8:	f100 4060 	add.w	r0, r0, #3758096384	@ 0xe0000000
 8001fcc:	f500 4061 	add.w	r0, r0, #57600	@ 0xe100
 8001fd0:	f880 1300 	strb.w	r1, [r0, #768]	@ 0x300
 8001fd4:	4770      	bx	lr
  }
  else
  {
    SCB->SHP[(((uint32_t)IRQn) & 0xFUL)-4UL] = (uint8_t)((priority << (8U - __NVIC_PRIO_BITS)) & (uint32_t)0xFFUL);
 8001fd6:	f000 000f 	and.w	r0, r0, #15
 8001fda:	0109      	lsls	r1, r1, #4
 8001fdc:	b2c9      	uxtb	r1, r1
 8001fde:	4b01      	ldr	r3, [pc, #4]	@ (8001fe4 <__NVIC_SetPriority+0x24>)
 8001fe0:	5419      	strb	r1, [r3, r0]
  }
}
 8001fe2:	4770      	bx	lr
 8001fe4:	e000ed14 	.word	0xe000ed14

08001fe8 <NVIC_EncodePriority>:
  \param [in]   PreemptPriority  Preemptive priority value (starting from 0).
  \param [in]       SubPriority  Subpriority value (starting from 0).
  \return                        Encoded priority. Value can be used in the function \ref NVIC_SetPriority().
 */
__STATIC_INLINE uint32_t NVIC_EncodePriority (uint32_t PriorityGroup, uint32_t PreemptPriority, uint32_t SubPriority)
{
 8001fe8:	b500      	push	{lr}
  uint32_t PriorityGroupTmp = (PriorityGroup & (uint32_t)0x07UL);   /* only values 0..7 are used          */
 8001fea:	f000 0007 	and.w	r0, r0, #7
  uint32_t PreemptPriorityBits;
  uint32_t SubPriorityBits;

  PreemptPriorityBits = ((7UL - PriorityGroupTmp) > (uint32_t)(__NVIC_PRIO_BITS)) ? (uint32_t)(__NVIC_PRIO_BITS) : (uint32_t)(7UL - PriorityGroupTmp);
 8001fee:	f1c0 0c07 	rsb	ip, r0, #7
 8001ff2:	f1bc 0f04 	cmp.w	ip, #4
 8001ff6:	bf28      	it	cs
 8001ff8:	f04f 0c04 	movcs.w	ip, #4
  SubPriorityBits     = ((PriorityGroupTmp + (uint32_t)(__NVIC_PRIO_BITS)) < (uint32_t)7UL) ? (uint32_t)0UL : (uint32_t)((PriorityGroupTmp - 7UL) + (uint32_t)(__NVIC_PRIO_BITS));
 8001ffc:	1d03      	adds	r3, r0, #4
 8001ffe:	2b06      	cmp	r3, #6
 8002000:	d90f      	bls.n	8002022 <NVIC_EncodePriority+0x3a>
 8002002:	1ec3      	subs	r3, r0, #3

  return (
           ((PreemptPriority & (uint32_t)((1UL << (PreemptPriorityBits)) - 1UL)) << SubPriorityBits) |
 8002004:	f04f 3eff 	mov.w	lr, #4294967295
 8002008:	fa0e f00c 	lsl.w	r0, lr, ip
 800200c:	ea21 0100 	bic.w	r1, r1, r0
 8002010:	4099      	lsls	r1, r3
           ((SubPriority     & (uint32_t)((1UL << (SubPriorityBits    )) - 1UL)))
 8002012:	fa0e fe03 	lsl.w	lr, lr, r3
 8002016:	ea22 020e 	bic.w	r2, r2, lr
         );
}
 800201a:	ea41 0002 	orr.w	r0, r1, r2
 800201e:	f85d fb04 	ldr.w	pc, [sp], #4
  SubPriorityBits     = ((PriorityGroupTmp + (uint32_t)(__NVIC_PRIO_BITS)) < (uint32_t)7UL) ? (uint32_t)0UL : (uint32_t)((PriorityGroupTmp - 7UL) + (uint32_t)(__NVIC_PRIO_BITS));
 8002022:	2300      	movs	r3, #0
 8002024:	e7ee      	b.n	8002004 <NVIC_EncodePriority+0x1c>
	...

08002028 <HAL_NVIC_SetPriorityGrouping>:
  reg_value  =  SCB->AIRCR;                                                   /* read old register configuration    */
 8002028:	4a07      	ldr	r2, [pc, #28]	@ (8002048 <HAL_NVIC_SetPriorityGrouping+0x20>)
 800202a:	68d3      	ldr	r3, [r2, #12]
  reg_value &= ~((uint32_t)(SCB_AIRCR_VECTKEY_Msk | SCB_AIRCR_PRIGROUP_Msk)); /* clear bits to change               */
 800202c:	f423 63e0 	bic.w	r3, r3, #1792	@ 0x700
 8002030:	041b      	lsls	r3, r3, #16
 8002032:	0c1b      	lsrs	r3, r3, #16
                (PriorityGroupTmp << SCB_AIRCR_PRIGROUP_Pos) );               /* Insert write key and priority group */
 8002034:	0200      	lsls	r0, r0, #8
 8002036:	f400 60e0 	and.w	r0, r0, #1792	@ 0x700
                ((uint32_t)0x5FAUL << SCB_AIRCR_VECTKEY_Pos) |
 800203a:	4303      	orrs	r3, r0
  reg_value  =  (reg_value                                   |
 800203c:	f043 63bf 	orr.w	r3, r3, #100139008	@ 0x5f80000
 8002040:	f443 3300 	orr.w	r3, r3, #131072	@ 0x20000
  SCB->AIRCR =  reg_value;
 8002044:	60d3      	str	r3, [r2, #12]
  /* Check the parameters */
  assert_param(IS_NVIC_PRIORITY_GROUP(PriorityGroup));
  
  /* Set the PRIGROUP[10:8] bits according to the PriorityGroup parameter value */
  NVIC_SetPriorityGrouping(PriorityGroup);
}
 8002046:	4770      	bx	lr
 8002048:	e000ed00 	.word	0xe000ed00

0800204c <HAL_NVIC_SetPriority>:
  *         This parameter can be a value between 0 and 15
  *         A lower priority value indicates a higher priority.          
  * @retval None
  */
void HAL_NVIC_SetPriority(IRQn_Type IRQn, uint32_t PreemptPriority, uint32_t SubPriority)
{ 
 800204c:	b510      	push	{r4, lr}
 800204e:	4604      	mov	r4, r0
  return ((uint32_t)((SCB->AIRCR & SCB_AIRCR_PRIGROUP_Msk) >> SCB_AIRCR_PRIGROUP_Pos));
 8002050:	4b05      	ldr	r3, [pc, #20]	@ (8002068 <HAL_NVIC_SetPriority+0x1c>)
 8002052:	68d8      	ldr	r0, [r3, #12]
  assert_param(IS_NVIC_SUB_PRIORITY(SubPriority));
  assert_param(IS_NVIC_PREEMPTION_PRIORITY(PreemptPriority));
  
  prioritygroup = NVIC_GetPriorityGrouping();
  
  NVIC_SetPriority(IRQn, NVIC_EncodePriority(prioritygroup, PreemptPriority, SubPriority));
 8002054:	f3c0 2002 	ubfx	r0, r0, #8, #3
 8002058:	f7ff ffc6 	bl	8001fe8 <NVIC_EncodePriority>
 800205c:	4601      	mov	r1, r0
 800205e:	4620      	mov	r0, r4
 8002060:	f7ff ffae 	bl	8001fc0 <__NVIC_SetPriority>
}
 8002064:	bd10      	pop	{r4, pc}
 8002066:	bf00      	nop
 8002068:	e000ed00 	.word	0xe000ed00

0800206c <HAL_NVIC_EnableIRQ>:
  if ((int32_t)(IRQn) >= 0)
 800206c:	2800      	cmp	r0, #0
 800206e:	db07      	blt.n	8002080 <HAL_NVIC_EnableIRQ+0x14>
    NVIC->ISER[(((uint32_t)IRQn) >> 5UL)] = (uint32_t)(1UL << (((uint32_t)IRQn) & 0x1FUL));
 8002070:	f000 021f 	and.w	r2, r0, #31
 8002074:	0940      	lsrs	r0, r0, #5
 8002076:	2301      	movs	r3, #1
 8002078:	4093      	lsls	r3, r2
 800207a:	4a02      	ldr	r2, [pc, #8]	@ (8002084 <HAL_NVIC_EnableIRQ+0x18>)
 800207c:	f842 3020 	str.w	r3, [r2, r0, lsl #2]
  /* Check the parameters */
  assert_param(IS_NVIC_DEVICE_IRQ(IRQn));

  /* Enable interrupt */
  NVIC_EnableIRQ(IRQn);
}
 8002080:	4770      	bx	lr
 8002082:	bf00      	nop
 8002084:	e000e100 	.word	0xe000e100

08002088 <HAL_SYSTICK_Config>:
           function <b>SysTick_Config</b> is not included. In this case, the file <b><i>device</i>.h</b>
           must contain a vendor-specific implementation of this function.
 */
__STATIC_INLINE uint32_t SysTick_Config(uint32_t ticks)
{
  if ((ticks - 1UL) > SysTick_LOAD_RELOAD_Msk)
 8002088:	3801      	subs	r0, #1
 800208a:	f1b0 7f80 	cmp.w	r0, #16777216	@ 0x1000000
 800208e:	d20b      	bcs.n	80020a8 <HAL_SYSTICK_Config+0x20>
  {
    return (1UL);                                                   /* Reload value impossible */
  }

  SysTick->LOAD  = (uint32_t)(ticks - 1UL);                         /* set reload register */
 8002090:	f04f 23e0 	mov.w	r3, #3758153728	@ 0xe000e000
 8002094:	6158      	str	r0, [r3, #20]
    SCB->SHP[(((uint32_t)IRQn) & 0xFUL)-4UL] = (uint8_t)((priority << (8U - __NVIC_PRIO_BITS)) & (uint32_t)0xFFUL);
 8002096:	4a05      	ldr	r2, [pc, #20]	@ (80020ac <HAL_SYSTICK_Config+0x24>)
 8002098:	21f0      	movs	r1, #240	@ 0xf0
 800209a:	f882 1023 	strb.w	r1, [r2, #35]	@ 0x23
  NVIC_SetPriority (SysTick_IRQn, (1UL << __NVIC_PRIO_BITS) - 1UL); /* set Priority for Systick Interrupt */
  SysTick->VAL   = 0UL;                                             /* Load the SysTick Counter Value */
 800209e:	2000      	movs	r0, #0
 80020a0:	6198      	str	r0, [r3, #24]
  SysTick->CTRL  = SysTick_CTRL_CLKSOURCE_Msk |
 80020a2:	2207      	movs	r2, #7
 80020a4:	611a      	str	r2, [r3, #16]
                   SysTick_CTRL_TICKINT_Msk   |
                   SysTick_CTRL_ENABLE_Msk;                         /* Enable SysTick IRQ and SysTick Timer */
  return (0UL);                                                     /* Function successful */
 80020a6:	4770      	bx	lr
    return (1UL);                                                   /* Reload value impossible */
 80020a8:	2001      	movs	r0, #1
  *                  - 1  Function failed.
  */
uint32_t HAL_SYSTICK_Config(uint32_t TicksNumb)
{
   return SysTick_Config(TicksNumb);
}
 80020aa:	4770      	bx	lr
 80020ac:	e000ed00 	.word	0xe000ed00

080020b0 <HAL_CRC_Init>:
  * @retval HAL status
  */
HAL_StatusTypeDef HAL_CRC_Init(CRC_HandleTypeDef *hcrc)
{
  /* Check the CRC handle allocation */
  if (hcrc == NULL)
 80020b0:	b158      	cbz	r0, 80020ca <HAL_CRC_Init+0x1a>
{
 80020b2:	b510      	push	{r4, lr}
 80020b4:	4604      	mov	r4, r0
  }

  /* Check the parameters */
  assert_param(IS_CRC_ALL_INSTANCE(hcrc->Instance));

  if (hcrc->State == HAL_CRC_STATE_RESET)
 80020b6:	7943      	ldrb	r3, [r0, #5]
 80020b8:	b11b      	cbz	r3, 80020c2 <HAL_CRC_Init+0x12>
    /* Init the low level hardware */
    HAL_CRC_MspInit(hcrc);
  }

  /* Change CRC peripheral state */
  hcrc->State = HAL_CRC_STATE_READY;
 80020ba:	2301      	movs	r3, #1
 80020bc:	7163      	strb	r3, [r4, #5]

  /* Return function status */
  return HAL_OK;
 80020be:	2000      	movs	r0, #0
}
 80020c0:	bd10      	pop	{r4, pc}
    hcrc->Lock = HAL_UNLOCKED;
 80020c2:	7103      	strb	r3, [r0, #4]
    HAL_CRC_MspInit(hcrc);
 80020c4:	f7fe fbce 	bl	8000864 <HAL_CRC_MspInit>
 80020c8:	e7f7      	b.n	80020ba <HAL_CRC_Init+0xa>
    return HAL_ERROR;
 80020ca:	2001      	movs	r0, #1
}
 80020cc:	4770      	bx	lr

080020ce <HAL_CRC_Calculate>:
  * @param  pBuffer pointer to the input data buffer.
  * @param  BufferLength input data buffer length (number of uint32_t words).
  * @retval uint32_t CRC (returned value LSBs for CRC shorter than 32 bits)
  */
uint32_t HAL_CRC_Calculate(CRC_HandleTypeDef *hcrc, uint32_t pBuffer[], uint32_t BufferLength)
{
 80020ce:	4684      	mov	ip, r0
  uint32_t index;      /* CRC input data buffer index */
  uint32_t temp = 0U;  /* CRC output (read from hcrc->Instance->DR register) */

  /* Change CRC peripheral state */
  hcrc->State = HAL_CRC_STATE_BUSY;
 80020d0:	2302      	movs	r3, #2
 80020d2:	7143      	strb	r3, [r0, #5]

  /* Reset CRC Calculation Unit (hcrc->Instance->INIT is
  *  written in hcrc->Instance->DR) */
  __HAL_CRC_DR_RESET(hcrc);
 80020d4:	6800      	ldr	r0, [r0, #0]
 80020d6:	6883      	ldr	r3, [r0, #8]
 80020d8:	f043 0301 	orr.w	r3, r3, #1
 80020dc:	6083      	str	r3, [r0, #8]

  /* Enter 32-bit input data to the CRC calculator */
  for (index = 0U; index < BufferLength; index++)
 80020de:	2300      	movs	r3, #0
 80020e0:	4293      	cmp	r3, r2
 80020e2:	d211      	bcs.n	8002108 <HAL_CRC_Calculate+0x3a>
{
 80020e4:	b500      	push	{lr}
  {
    hcrc->Instance->DR = pBuffer[index];
 80020e6:	f8dc 0000 	ldr.w	r0, [ip]
 80020ea:	f851 e023 	ldr.w	lr, [r1, r3, lsl #2]
 80020ee:	f8c0 e000 	str.w	lr, [r0]
  for (index = 0U; index < BufferLength; index++)
 80020f2:	3301      	adds	r3, #1
 80020f4:	4293      	cmp	r3, r2
 80020f6:	d3f6      	bcc.n	80020e6 <HAL_CRC_Calculate+0x18>
  }
  temp = hcrc->Instance->DR;
 80020f8:	f8dc 3000 	ldr.w	r3, [ip]
 80020fc:	6818      	ldr	r0, [r3, #0]

  /* Change CRC peripheral state */
  hcrc->State = HAL_CRC_STATE_READY;
 80020fe:	2301      	movs	r3, #1
 8002100:	f88c 3005 	strb.w	r3, [ip, #5]

  /* Return the CRC computed value */
  return temp;
}
 8002104:	f85d fb04 	ldr.w	pc, [sp], #4
  temp = hcrc->Instance->DR;
 8002108:	f8dc 3000 	ldr.w	r3, [ip]
 800210c:	6818      	ldr	r0, [r3, #0]
  hcrc->State = HAL_CRC_STATE_READY;
 800210e:	2301      	movs	r3, #1
 8002110:	f88c 3005 	strb.w	r3, [ip, #5]
}
 8002114:	4770      	bx	lr

08002116 <DMA_SetConfig>:
  * @param  DstAddress: The destination memory Buffer address
  * @param  DataLength: The length of data to be transferred from source to destination
  * @retval HAL status
  */
static void DMA_SetConfig(DMA_HandleTypeDef *hdma, uint32_t SrcAddress, uint32_t DstAddress, uint32_t DataLength)
{
 8002116:	b430      	push	{r4, r5}
  /* Clear all flags */
  hdma->DmaBaseAddress->IFCR = (DMA_ISR_GIF1 << hdma->ChannelIndex);
 8002118:	2401      	movs	r4, #1
 800211a:	6c05      	ldr	r5, [r0, #64]	@ 0x40
 800211c:	40ac      	lsls	r4, r5
 800211e:	6bc5      	ldr	r5, [r0, #60]	@ 0x3c
 8002120:	606c      	str	r4, [r5, #4]

  /* Configure DMA Channel data length */
  hdma->Instance->CNDTR = DataLength;
 8002122:	6804      	ldr	r4, [r0, #0]
 8002124:	6063      	str	r3, [r4, #4]

  /* Memory to Peripheral */
  if((hdma->Init.Direction) == DMA_MEMORY_TO_PERIPH)
 8002126:	6843      	ldr	r3, [r0, #4]
 8002128:	2b10      	cmp	r3, #16
 800212a:	d005      	beq.n	8002138 <DMA_SetConfig+0x22>
  }
  /* Peripheral to Memory */
  else
  {
    /* Configure DMA Channel source address */
    hdma->Instance->CPAR = SrcAddress;
 800212c:	6803      	ldr	r3, [r0, #0]
 800212e:	6099      	str	r1, [r3, #8]

    /* Configure DMA Channel destination address */
    hdma->Instance->CMAR = DstAddress;
 8002130:	6803      	ldr	r3, [r0, #0]
 8002132:	60da      	str	r2, [r3, #12]
  }
}
 8002134:	bc30      	pop	{r4, r5}
 8002136:	4770      	bx	lr
    hdma->Instance->CPAR = DstAddress;
 8002138:	6803      	ldr	r3, [r0, #0]
 800213a:	609a      	str	r2, [r3, #8]
    hdma->Instance->CMAR = SrcAddress;
 800213c:	6803      	ldr	r3, [r0, #0]
 800213e:	60d9      	str	r1, [r3, #12]
 8002140:	e7f8      	b.n	8002134 <DMA_SetConfig+0x1e>
	...

08002144 <HAL_DMA_Init>:
  if(hdma == NULL)
 8002144:	b350      	cbz	r0, 800219c <HAL_DMA_Init+0x58>
{
 8002146:	b410      	push	{r4}
 8002148:	4602      	mov	r2, r0
  hdma->ChannelIndex = (((uint32_t)hdma->Instance - (uint32_t)DMA1_Channel1) / ((uint32_t)DMA1_Channel2 - (uint32_t)DMA1_Channel1)) << 2;
 800214a:	6801      	ldr	r1, [r0, #0]
 800214c:	4b14      	ldr	r3, [pc, #80]	@ (80021a0 <HAL_DMA_Init+0x5c>)
 800214e:	440b      	add	r3, r1
 8002150:	4814      	ldr	r0, [pc, #80]	@ (80021a4 <HAL_DMA_Init+0x60>)
 8002152:	fba0 0303 	umull	r0, r3, r0, r3
 8002156:	091b      	lsrs	r3, r3, #4
 8002158:	009b      	lsls	r3, r3, #2
 800215a:	6413      	str	r3, [r2, #64]	@ 0x40
  hdma->DmaBaseAddress = DMA1;
 800215c:	4b12      	ldr	r3, [pc, #72]	@ (80021a8 <HAL_DMA_Init+0x64>)
 800215e:	63d3      	str	r3, [r2, #60]	@ 0x3c
  hdma->State = HAL_DMA_STATE_BUSY;
 8002160:	2302      	movs	r3, #2
 8002162:	f882 3021 	strb.w	r3, [r2, #33]	@ 0x21
  tmp = hdma->Instance->CCR;
 8002166:	6808      	ldr	r0, [r1, #0]
  tmp &= ((uint32_t)~(DMA_CCR_PL    | DMA_CCR_MSIZE  | DMA_CCR_PSIZE  | \
 8002168:	f36f 100d 	bfc	r0, #4, #10
  tmp |=  hdma->Init.Direction        |
 800216c:	6853      	ldr	r3, [r2, #4]
 800216e:	6894      	ldr	r4, [r2, #8]
 8002170:	4323      	orrs	r3, r4
          hdma->Init.PeriphInc           | hdma->Init.MemInc           |
 8002172:	68d4      	ldr	r4, [r2, #12]
 8002174:	4323      	orrs	r3, r4
 8002176:	6914      	ldr	r4, [r2, #16]
 8002178:	4323      	orrs	r3, r4
          hdma->Init.PeriphDataAlignment | hdma->Init.MemDataAlignment |
 800217a:	6954      	ldr	r4, [r2, #20]
 800217c:	4323      	orrs	r3, r4
 800217e:	6994      	ldr	r4, [r2, #24]
 8002180:	4323      	orrs	r3, r4
          hdma->Init.Mode                | hdma->Init.Priority;
 8002182:	69d4      	ldr	r4, [r2, #28]
 8002184:	4323      	orrs	r3, r4
  tmp |=  hdma->Init.Direction        |
 8002186:	4303      	orrs	r3, r0
  hdma->Instance->CCR = tmp;
 8002188:	600b      	str	r3, [r1, #0]
  hdma->ErrorCode = HAL_DMA_ERROR_NONE;
 800218a:	2000      	movs	r0, #0
 800218c:	6390      	str	r0, [r2, #56]	@ 0x38
  hdma->State = HAL_DMA_STATE_READY;
 800218e:	2301      	movs	r3, #1
 8002190:	f882 3021 	strb.w	r3, [r2, #33]	@ 0x21
  hdma->Lock = HAL_UNLOCKED;
 8002194:	f882 0020 	strb.w	r0, [r2, #32]
}
 8002198:	bc10      	pop	{r4}
 800219a:	4770      	bx	lr
    return HAL_ERROR;
 800219c:	2001      	movs	r0, #1
}
 800219e:	4770      	bx	lr
 80021a0:	bffdfff8 	.word	0xbffdfff8
 80021a4:	cccccccd 	.word	0xcccccccd
 80021a8:	40020000 	.word	0x40020000

080021ac <HAL_DMA_Start_IT>:
{
 80021ac:	b538      	push	{r3, r4, r5, lr}
 80021ae:	4604      	mov	r4, r0
  __HAL_LOCK(hdma);
 80021b0:	f890 0020 	ldrb.w	r0, [r0, #32]
 80021b4:	2801      	cmp	r0, #1
 80021b6:	d032      	beq.n	800221e <HAL_DMA_Start_IT+0x72>
 80021b8:	2001      	movs	r0, #1
 80021ba:	f884 0020 	strb.w	r0, [r4, #32]
  if(HAL_DMA_STATE_READY == hdma->State)
 80021be:	f894 0021 	ldrb.w	r0, [r4, #33]	@ 0x21
 80021c2:	b2c0      	uxtb	r0, r0
 80021c4:	2801      	cmp	r0, #1
 80021c6:	d004      	beq.n	80021d2 <HAL_DMA_Start_IT+0x26>
    __HAL_UNLOCK(hdma); 
 80021c8:	2300      	movs	r3, #0
 80021ca:	f884 3020 	strb.w	r3, [r4, #32]
    status = HAL_BUSY;
 80021ce:	2002      	movs	r0, #2
}
 80021d0:	bd38      	pop	{r3, r4, r5, pc}
    hdma->State = HAL_DMA_STATE_BUSY;
 80021d2:	2002      	movs	r0, #2
 80021d4:	f884 0021 	strb.w	r0, [r4, #33]	@ 0x21
    hdma->ErrorCode = HAL_DMA_ERROR_NONE;
 80021d8:	2000      	movs	r0, #0
 80021da:	63a0      	str	r0, [r4, #56]	@ 0x38
    __HAL_DMA_DISABLE(hdma);
 80021dc:	6825      	ldr	r5, [r4, #0]
 80021de:	6828      	ldr	r0, [r5, #0]
 80021e0:	f020 0001 	bic.w	r0, r0, #1
 80021e4:	6028      	str	r0, [r5, #0]
    DMA_SetConfig(hdma, SrcAddress, DstAddress, DataLength);
 80021e6:	4620      	mov	r0, r4
 80021e8:	f7ff ff95 	bl	8002116 <DMA_SetConfig>
    if(NULL != hdma->XferHalfCpltCallback)
 80021ec:	6ae3      	ldr	r3, [r4, #44]	@ 0x2c
 80021ee:	b15b      	cbz	r3, 8002208 <HAL_DMA_Start_IT+0x5c>
      __HAL_DMA_ENABLE_IT(hdma, (DMA_IT_TC | DMA_IT_HT | DMA_IT_TE));
 80021f0:	6822      	ldr	r2, [r4, #0]
 80021f2:	6813      	ldr	r3, [r2, #0]
 80021f4:	f043 030e 	orr.w	r3, r3, #14
 80021f8:	6013      	str	r3, [r2, #0]
    __HAL_DMA_ENABLE(hdma);
 80021fa:	6822      	ldr	r2, [r4, #0]
 80021fc:	6813      	ldr	r3, [r2, #0]
 80021fe:	f043 0301 	orr.w	r3, r3, #1
 8002202:	6013      	str	r3, [r2, #0]
  HAL_StatusTypeDef status = HAL_OK;
 8002204:	2000      	movs	r0, #0
 8002206:	e7e3      	b.n	80021d0 <HAL_DMA_Start_IT+0x24>
      __HAL_DMA_DISABLE_IT(hdma, DMA_IT_HT);
 8002208:	6822      	ldr	r2, [r4, #0]
 800220a:	6813      	ldr	r3, [r2, #0]
 800220c:	f023 0304 	bic.w	r3, r3, #4
 8002210:	6013      	str	r3, [r2, #0]
      __HAL_DMA_ENABLE_IT(hdma, (DMA_IT_TC | DMA_IT_TE));
 8002212:	6822      	ldr	r2, [r4, #0]
 8002214:	6813      	ldr	r3, [r2, #0]
 8002216:	f043 030a 	orr.w	r3, r3, #10
 800221a:	6013      	str	r3, [r2, #0]
 800221c:	e7ed      	b.n	80021fa <HAL_DMA_Start_IT+0x4e>
  __HAL_LOCK(hdma);
 800221e:	2002      	movs	r0, #2
 8002220:	e7d6      	b.n	80021d0 <HAL_DMA_Start_IT+0x24>
	...

08002224 <HAL_DMA_Abort_IT>:
{  
 8002224:	b508      	push	{r3, lr}
  if(HAL_DMA_STATE_BUSY != hdma->State)
 8002226:	f890 3021 	ldrb.w	r3, [r0, #33]	@ 0x21
 800222a:	b2db      	uxtb	r3, r3
 800222c:	2b02      	cmp	r3, #2
 800222e:	d003      	beq.n	8002238 <HAL_DMA_Abort_IT+0x14>
    hdma->ErrorCode = HAL_DMA_ERROR_NO_XFER;
 8002230:	2304      	movs	r3, #4
 8002232:	6383      	str	r3, [r0, #56]	@ 0x38
    status = HAL_ERROR;
 8002234:	2001      	movs	r0, #1
}
 8002236:	bd08      	pop	{r3, pc}
    __HAL_DMA_DISABLE_IT(hdma, (DMA_IT_TC | DMA_IT_HT | DMA_IT_TE));
 8002238:	6802      	ldr	r2, [r0, #0]
 800223a:	6813      	ldr	r3, [r2, #0]
 800223c:	f023 030e 	bic.w	r3, r3, #14
 8002240:	6013      	str	r3, [r2, #0]
    __HAL_DMA_DISABLE(hdma);
 8002242:	6802      	ldr	r2, [r0, #0]
 8002244:	6813      	ldr	r3, [r2, #0]
 8002246:	f023 0301 	bic.w	r3, r3, #1
 800224a:	6013      	str	r3, [r2, #0]
    __HAL_DMA_CLEAR_FLAG(hdma, __HAL_DMA_GET_GI_FLAG_INDEX(hdma));
 800224c:	6803      	ldr	r3, [r0, #0]
 800224e:	4a19      	ldr	r2, [pc, #100]	@ (80022b4 <HAL_DMA_Abort_IT+0x90>)
 8002250:	4293      	cmp	r3, r2
 8002252:	d014      	beq.n	800227e <HAL_DMA_Abort_IT+0x5a>
 8002254:	3214      	adds	r2, #20
 8002256:	4293      	cmp	r3, r2
 8002258:	d01f      	beq.n	800229a <HAL_DMA_Abort_IT+0x76>
 800225a:	3214      	adds	r2, #20
 800225c:	4293      	cmp	r3, r2
 800225e:	d01e      	beq.n	800229e <HAL_DMA_Abort_IT+0x7a>
 8002260:	3214      	adds	r2, #20
 8002262:	4293      	cmp	r3, r2
 8002264:	d01e      	beq.n	80022a4 <HAL_DMA_Abort_IT+0x80>
 8002266:	3214      	adds	r2, #20
 8002268:	4293      	cmp	r3, r2
 800226a:	d01e      	beq.n	80022aa <HAL_DMA_Abort_IT+0x86>
 800226c:	3214      	adds	r2, #20
 800226e:	4293      	cmp	r3, r2
 8002270:	d002      	beq.n	8002278 <HAL_DMA_Abort_IT+0x54>
 8002272:	f04f 7280 	mov.w	r2, #16777216	@ 0x1000000
 8002276:	e003      	b.n	8002280 <HAL_DMA_Abort_IT+0x5c>
 8002278:	f44f 1280 	mov.w	r2, #1048576	@ 0x100000
 800227c:	e000      	b.n	8002280 <HAL_DMA_Abort_IT+0x5c>
 800227e:	2201      	movs	r2, #1
 8002280:	4b0d      	ldr	r3, [pc, #52]	@ (80022b8 <HAL_DMA_Abort_IT+0x94>)
 8002282:	605a      	str	r2, [r3, #4]
    hdma->State = HAL_DMA_STATE_READY;
 8002284:	2301      	movs	r3, #1
 8002286:	f880 3021 	strb.w	r3, [r0, #33]	@ 0x21
    __HAL_UNLOCK(hdma);
 800228a:	2300      	movs	r3, #0
 800228c:	f880 3020 	strb.w	r3, [r0, #32]
    if(hdma->XferAbortCallback != NULL)
 8002290:	6b43      	ldr	r3, [r0, #52]	@ 0x34
 8002292:	b16b      	cbz	r3, 80022b0 <HAL_DMA_Abort_IT+0x8c>
      hdma->XferAbortCallback(hdma);
 8002294:	4798      	blx	r3
  HAL_StatusTypeDef status = HAL_OK;
 8002296:	2000      	movs	r0, #0
 8002298:	e7cd      	b.n	8002236 <HAL_DMA_Abort_IT+0x12>
    __HAL_DMA_CLEAR_FLAG(hdma, __HAL_DMA_GET_GI_FLAG_INDEX(hdma));
 800229a:	2210      	movs	r2, #16
 800229c:	e7f0      	b.n	8002280 <HAL_DMA_Abort_IT+0x5c>
 800229e:	f44f 7280 	mov.w	r2, #256	@ 0x100
 80022a2:	e7ed      	b.n	8002280 <HAL_DMA_Abort_IT+0x5c>
 80022a4:	f44f 5280 	mov.w	r2, #4096	@ 0x1000
 80022a8:	e7ea      	b.n	8002280 <HAL_DMA_Abort_IT+0x5c>
 80022aa:	f44f 3280 	mov.w	r2, #65536	@ 0x10000
 80022ae:	e7e7      	b.n	8002280 <HAL_DMA_Abort_IT+0x5c>
  HAL_StatusTypeDef status = HAL_OK;
 80022b0:	2000      	movs	r0, #0
 80022b2:	e7c0      	b.n	8002236 <HAL_DMA_Abort_IT+0x12>
 80022b4:	40020008 	.word	0x40020008
 80022b8:	40020000 	.word	0x40020000

080022bc <HAL_DMA_IRQHandler>:
{
 80022bc:	b538      	push	{r3, r4, r5, lr}
  uint32_t flag_it = hdma->DmaBaseAddress->ISR;
 80022be:	6bc3      	ldr	r3, [r0, #60]	@ 0x3c
 80022c0:	681a      	ldr	r2, [r3, #0]
  uint32_t source_it = hdma->Instance->CCR;
 80022c2:	6804      	ldr	r4, [r0, #0]
 80022c4:	6825      	ldr	r5, [r4, #0]
  if (((flag_it & (DMA_FLAG_HT1 << hdma->ChannelIndex)) != RESET) && ((source_it & DMA_IT_HT) != RESET))
 80022c6:	6c01      	ldr	r1, [r0, #64]	@ 0x40
 80022c8:	2304      	movs	r3, #4
 80022ca:	408b      	lsls	r3, r1
 80022cc:	4213      	tst	r3, r2
 80022ce:	d035      	beq.n	800233c <HAL_DMA_IRQHandler+0x80>
 80022d0:	f015 0f04 	tst.w	r5, #4
 80022d4:	d032      	beq.n	800233c <HAL_DMA_IRQHandler+0x80>
    if((hdma->Instance->CCR & DMA_CCR_CIRC) == 0U)
 80022d6:	6823      	ldr	r3, [r4, #0]
 80022d8:	f013 0f20 	tst.w	r3, #32
 80022dc:	d103      	bne.n	80022e6 <HAL_DMA_IRQHandler+0x2a>
      __HAL_DMA_DISABLE_IT(hdma, DMA_IT_HT);
 80022de:	6823      	ldr	r3, [r4, #0]
 80022e0:	f023 0304 	bic.w	r3, r3, #4
 80022e4:	6023      	str	r3, [r4, #0]
    __HAL_DMA_CLEAR_FLAG(hdma, __HAL_DMA_GET_HT_FLAG_INDEX(hdma));
 80022e6:	6803      	ldr	r3, [r0, #0]
 80022e8:	4a43      	ldr	r2, [pc, #268]	@ (80023f8 <HAL_DMA_IRQHandler+0x13c>)
 80022ea:	4293      	cmp	r3, r2
 80022ec:	d014      	beq.n	8002318 <HAL_DMA_IRQHandler+0x5c>
 80022ee:	3214      	adds	r2, #20
 80022f0:	4293      	cmp	r3, r2
 80022f2:	d018      	beq.n	8002326 <HAL_DMA_IRQHandler+0x6a>
 80022f4:	3214      	adds	r2, #20
 80022f6:	4293      	cmp	r3, r2
 80022f8:	d017      	beq.n	800232a <HAL_DMA_IRQHandler+0x6e>
 80022fa:	3214      	adds	r2, #20
 80022fc:	4293      	cmp	r3, r2
 80022fe:	d017      	beq.n	8002330 <HAL_DMA_IRQHandler+0x74>
 8002300:	3214      	adds	r2, #20
 8002302:	4293      	cmp	r3, r2
 8002304:	d017      	beq.n	8002336 <HAL_DMA_IRQHandler+0x7a>
 8002306:	3214      	adds	r2, #20
 8002308:	4293      	cmp	r3, r2
 800230a:	d002      	beq.n	8002312 <HAL_DMA_IRQHandler+0x56>
 800230c:	f04f 6280 	mov.w	r2, #67108864	@ 0x4000000
 8002310:	e003      	b.n	800231a <HAL_DMA_IRQHandler+0x5e>
 8002312:	f44f 0280 	mov.w	r2, #4194304	@ 0x400000
 8002316:	e000      	b.n	800231a <HAL_DMA_IRQHandler+0x5e>
 8002318:	2204      	movs	r2, #4
 800231a:	4b38      	ldr	r3, [pc, #224]	@ (80023fc <HAL_DMA_IRQHandler+0x140>)
 800231c:	605a      	str	r2, [r3, #4]
    if(hdma->XferHalfCpltCallback != NULL)
 800231e:	6ac3      	ldr	r3, [r0, #44]	@ 0x2c
 8002320:	b103      	cbz	r3, 8002324 <HAL_DMA_IRQHandler+0x68>
      hdma->XferHalfCpltCallback(hdma);
 8002322:	4798      	blx	r3
}
 8002324:	bd38      	pop	{r3, r4, r5, pc}
    __HAL_DMA_CLEAR_FLAG(hdma, __HAL_DMA_GET_HT_FLAG_INDEX(hdma));
 8002326:	2240      	movs	r2, #64	@ 0x40
 8002328:	e7f7      	b.n	800231a <HAL_DMA_IRQHandler+0x5e>
 800232a:	f44f 6280 	mov.w	r2, #1024	@ 0x400
 800232e:	e7f4      	b.n	800231a <HAL_DMA_IRQHandler+0x5e>
 8002330:	f44f 4280 	mov.w	r2, #16384	@ 0x4000
 8002334:	e7f1      	b.n	800231a <HAL_DMA_IRQHandler+0x5e>
 8002336:	f44f 2280 	mov.w	r2, #262144	@ 0x40000
 800233a:	e7ee      	b.n	800231a <HAL_DMA_IRQHandler+0x5e>
  else if (((flag_it & (DMA_FLAG_TC1 << hdma->ChannelIndex)) != RESET) && ((source_it & DMA_IT_TC) != RESET))
 800233c:	2302      	movs	r3, #2
 800233e:	408b      	lsls	r3, r1
 8002340:	4213      	tst	r3, r2
 8002342:	d03c      	beq.n	80023be <HAL_DMA_IRQHandler+0x102>
 8002344:	f015 0f02 	tst.w	r5, #2
 8002348:	d039      	beq.n	80023be <HAL_DMA_IRQHandler+0x102>
    if((hdma->Instance->CCR & DMA_CCR_CIRC) == 0U)
 800234a:	6823      	ldr	r3, [r4, #0]
 800234c:	f013 0f20 	tst.w	r3, #32
 8002350:	d106      	bne.n	8002360 <HAL_DMA_IRQHandler+0xa4>
      __HAL_DMA_DISABLE_IT(hdma, DMA_IT_TE | DMA_IT_TC);  
 8002352:	6823      	ldr	r3, [r4, #0]
 8002354:	f023 030a 	bic.w	r3, r3, #10
 8002358:	6023      	str	r3, [r4, #0]
      hdma->State = HAL_DMA_STATE_READY;
 800235a:	2301      	movs	r3, #1
 800235c:	f880 3021 	strb.w	r3, [r0, #33]	@ 0x21
      __HAL_DMA_CLEAR_FLAG(hdma, __HAL_DMA_GET_TC_FLAG_INDEX(hdma));
 8002360:	6803      	ldr	r3, [r0, #0]
 8002362:	4a25      	ldr	r2, [pc, #148]	@ (80023f8 <HAL_DMA_IRQHandler+0x13c>)
 8002364:	4293      	cmp	r3, r2
 8002366:	d014      	beq.n	8002392 <HAL_DMA_IRQHandler+0xd6>
 8002368:	3214      	adds	r2, #20
 800236a:	4293      	cmp	r3, r2
 800236c:	d01c      	beq.n	80023a8 <HAL_DMA_IRQHandler+0xec>
 800236e:	3214      	adds	r2, #20
 8002370:	4293      	cmp	r3, r2
 8002372:	d01b      	beq.n	80023ac <HAL_DMA_IRQHandler+0xf0>
 8002374:	3214      	adds	r2, #20
 8002376:	4293      	cmp	r3, r2
 8002378:	d01b      	beq.n	80023b2 <HAL_DMA_IRQHandler+0xf6>
 800237a:	3214      	adds	r2, #20
 800237c:	4293      	cmp	r3, r2
 800237e:	d01b      	beq.n	80023b8 <HAL_DMA_IRQHandler+0xfc>
 8002380:	3214      	adds	r2, #20
 8002382:	4293      	cmp	r3, r2
 8002384:	d002      	beq.n	800238c <HAL_DMA_IRQHandler+0xd0>
 8002386:	f04f 7200 	mov.w	r2, #33554432	@ 0x2000000
 800238a:	e003      	b.n	8002394 <HAL_DMA_IRQHandler+0xd8>
 800238c:	f44f 1200 	mov.w	r2, #2097152	@ 0x200000
 8002390:	e000      	b.n	8002394 <HAL_DMA_IRQHandler+0xd8>
 8002392:	2202      	movs	r2, #2
 8002394:	4b19      	ldr	r3, [pc, #100]	@ (80023fc <HAL_DMA_IRQHandler+0x140>)
 8002396:	605a      	str	r2, [r3, #4]
    __HAL_UNLOCK(hdma);
 8002398:	2300      	movs	r3, #0
 800239a:	f880 3020 	strb.w	r3, [r0, #32]
    if(hdma->XferCpltCallback != NULL)
 800239e:	6a83      	ldr	r3, [r0, #40]	@ 0x28
 80023a0:	2b00      	cmp	r3, #0
 80023a2:	d0bf      	beq.n	8002324 <HAL_DMA_IRQHandler+0x68>
      hdma->XferCpltCallback(hdma);
 80023a4:	4798      	blx	r3
 80023a6:	e7bd      	b.n	8002324 <HAL_DMA_IRQHandler+0x68>
      __HAL_DMA_CLEAR_FLAG(hdma, __HAL_DMA_GET_TC_FLAG_INDEX(hdma));
 80023a8:	2220      	movs	r2, #32
 80023aa:	e7f3      	b.n	8002394 <HAL_DMA_IRQHandler+0xd8>
 80023ac:	f44f 7200 	mov.w	r2, #512	@ 0x200
 80023b0:	e7f0      	b.n	8002394 <HAL_DMA_IRQHandler+0xd8>
 80023b2:	f44f 5200 	mov.w	r2, #8192	@ 0x2000
 80023b6:	e7ed      	b.n	8002394 <HAL_DMA_IRQHandler+0xd8>
 80023b8:	f44f 3200 	mov.w	r2, #131072	@ 0x20000
 80023bc:	e7ea      	b.n	8002394 <HAL_DMA_IRQHandler+0xd8>
  else if (( RESET != (flag_it & (DMA_FLAG_TE1 << hdma->ChannelIndex))) && (RESET != (source_it & DMA_IT_TE)))
 80023be:	2308      	movs	r3, #8
 80023c0:	408b      	lsls	r3, r1
 80023c2:	4213      	tst	r3, r2
 80023c4:	d0ae      	beq.n	8002324 <HAL_DMA_IRQHandler+0x68>
 80023c6:	f015 0f08 	tst.w	r5, #8
 80023ca:	d0ab      	beq.n	8002324 <HAL_DMA_IRQHandler+0x68>
    __HAL_DMA_DISABLE_IT(hdma, (DMA_IT_TC | DMA_IT_HT | DMA_IT_TE));
 80023cc:	6823      	ldr	r3, [r4, #0]
 80023ce:	f023 030e 	bic.w	r3, r3, #14
 80023d2:	6023      	str	r3, [r4, #0]
    hdma->DmaBaseAddress->IFCR = (DMA_ISR_GIF1 << hdma->ChannelIndex);
 80023d4:	6c02      	ldr	r2, [r0, #64]	@ 0x40
 80023d6:	6bc1      	ldr	r1, [r0, #60]	@ 0x3c
 80023d8:	2301      	movs	r3, #1
 80023da:	fa03 f202 	lsl.w	r2, r3, r2
 80023de:	604a      	str	r2, [r1, #4]
    hdma->ErrorCode = HAL_DMA_ERROR_TE;
 80023e0:	6383      	str	r3, [r0, #56]	@ 0x38
    hdma->State = HAL_DMA_STATE_READY;
 80023e2:	f880 3021 	strb.w	r3, [r0, #33]	@ 0x21
    __HAL_UNLOCK(hdma);
 80023e6:	2300      	movs	r3, #0
 80023e8:	f880 3020 	strb.w	r3, [r0, #32]
    if (hdma->XferErrorCallback != NULL)
 80023ec:	6b03      	ldr	r3, [r0, #48]	@ 0x30
 80023ee:	2b00      	cmp	r3, #0
 80023f0:	d098      	beq.n	8002324 <HAL_DMA_IRQHandler+0x68>
      hdma->XferErrorCallback(hdma);
 80023f2:	4798      	blx	r3
  return;
 80023f4:	e796      	b.n	8002324 <HAL_DMA_IRQHandler+0x68>
 80023f6:	bf00      	nop
 80023f8:	40020008 	.word	0x40020008
 80023fc:	40020000 	.word	0x40020000

08002400 <HAL_GPIO_Init>:
  * @param  GPIO_Init: pointer to a GPIO_InitTypeDef structure that contains
  *         the configuration information for the specified GPIO peripheral.
  * @retval None
  */
void HAL_GPIO_Init(GPIO_TypeDef  *GPIOx, GPIO_InitTypeDef *GPIO_Init)
{
 8002400:	b570      	push	{r4, r5, r6, lr}
 8002402:	b082      	sub	sp, #8
  uint32_t position = 0x00u;
  uint32_t ioposition;
  uint32_t iocurrent;
  uint32_t temp;
  uint32_t config = 0x00u;
 8002404:	2400      	movs	r4, #0
  uint32_t position = 0x00u;
 8002406:	46a4      	mov	ip, r4
  assert_param(IS_GPIO_ALL_INSTANCE(GPIOx));
  assert_param(IS_GPIO_PIN(GPIO_Init->Pin));
  assert_param(IS_GPIO_MODE(GPIO_Init->Mode));

  /* Configure the port pins */
  while (((GPIO_Init->Pin) >> position) != 0x00u)
 8002408:	e0a1      	b.n	800254e <HAL_GPIO_Init+0x14e>
    {
      /* Check the Alternate function parameters */
      assert_param(IS_GPIO_AF_INSTANCE(GPIOx));

      /* Based on the required mode, filling config variable with MODEy[1:0] and CNFy[3:2] corresponding bits */
      switch (GPIO_Init->Mode)
 800240a:	4d7e      	ldr	r5, [pc, #504]	@ (8002604 <HAL_GPIO_Init+0x204>)
 800240c:	42ab      	cmp	r3, r5
 800240e:	d014      	beq.n	800243a <HAL_GPIO_Init+0x3a>
 8002410:	d80c      	bhi.n	800242c <HAL_GPIO_Init+0x2c>
 8002412:	f5a5 1580 	sub.w	r5, r5, #1048576	@ 0x100000
 8002416:	42ab      	cmp	r3, r5
 8002418:	d00f      	beq.n	800243a <HAL_GPIO_Init+0x3a>
 800241a:	f505 2570 	add.w	r5, r5, #983040	@ 0xf0000
 800241e:	42ab      	cmp	r3, r5
 8002420:	d00b      	beq.n	800243a <HAL_GPIO_Init+0x3a>
 8002422:	f5a5 1580 	sub.w	r5, r5, #1048576	@ 0x100000
 8002426:	42ab      	cmp	r3, r5
 8002428:	d110      	bne.n	800244c <HAL_GPIO_Init+0x4c>
 800242a:	e006      	b.n	800243a <HAL_GPIO_Init+0x3a>
 800242c:	4d76      	ldr	r5, [pc, #472]	@ (8002608 <HAL_GPIO_Init+0x208>)
 800242e:	42ab      	cmp	r3, r5
 8002430:	d003      	beq.n	800243a <HAL_GPIO_Init+0x3a>
 8002432:	f505 3580 	add.w	r5, r5, #65536	@ 0x10000
 8002436:	42ab      	cmp	r3, r5
 8002438:	d108      	bne.n	800244c <HAL_GPIO_Init+0x4c>
        case GPIO_MODE_EVT_RISING:
        case GPIO_MODE_EVT_FALLING:
        case GPIO_MODE_EVT_RISING_FALLING:
          /* Check the GPIO pull parameter */
          assert_param(IS_GPIO_PULL(GPIO_Init->Pull));
          if (GPIO_Init->Pull == GPIO_NOPULL)
 800243a:	688b      	ldr	r3, [r1, #8]
 800243c:	2b00      	cmp	r3, #0
 800243e:	d050      	beq.n	80024e2 <HAL_GPIO_Init+0xe2>
          {
            config = GPIO_CR_MODE_INPUT + GPIO_CR_CNF_INPUT_FLOATING;
          }
          else if (GPIO_Init->Pull == GPIO_PULLUP)
 8002440:	2b01      	cmp	r3, #1
 8002442:	d049      	beq.n	80024d8 <HAL_GPIO_Init+0xd8>
          else /* GPIO_PULLDOWN */
          {
            config = GPIO_CR_MODE_INPUT + GPIO_CR_CNF_INPUT_PU_PD;

            /* Reset the corresponding ODR bit */
            GPIOx->BRR = ioposition;
 8002444:	6142      	str	r2, [r0, #20]
            config = GPIO_CR_MODE_INPUT + GPIO_CR_CNF_INPUT_PU_PD;
 8002446:	2408      	movs	r4, #8
 8002448:	e000      	b.n	800244c <HAL_GPIO_Init+0x4c>
          config = GPIO_Init->Speed + GPIO_CR_CNF_GP_OUTPUT_PP;
 800244a:	68cc      	ldr	r4, [r1, #12]
          break;
      }

      /* Check if the current bit belongs to first half or last half of the pin count number
       in order to address CRH or CRL register*/
      configregister = (iocurrent < GPIO_PIN_8) ? &GPIOx->CRL     : &GPIOx->CRH;
 800244c:	f1be 0fff 	cmp.w	lr, #255	@ 0xff
 8002450:	d849      	bhi.n	80024e6 <HAL_GPIO_Init+0xe6>
 8002452:	4606      	mov	r6, r0
      registeroffset = (iocurrent < GPIO_PIN_8) ? (position << 2u) : ((position - 8u) << 2u);
 8002454:	ea4f 028c 	mov.w	r2, ip, lsl #2

      /* Apply the new configuration of the pin to the register */
      MODIFY_REG((*configregister), ((GPIO_CRL_MODE0 | GPIO_CRL_CNF0) << registeroffset), (config << registeroffset));
 8002458:	6833      	ldr	r3, [r6, #0]
 800245a:	250f      	movs	r5, #15
 800245c:	4095      	lsls	r5, r2
 800245e:	ea23 0305 	bic.w	r3, r3, r5
 8002462:	fa04 f202 	lsl.w	r2, r4, r2
 8002466:	4313      	orrs	r3, r2
 8002468:	6033      	str	r3, [r6, #0]

      /*--------------------- EXTI Mode Configuration ------------------------*/
      /* Configure the External Interrupt or event for the current IO */
      if ((GPIO_Init->Mode & EXTI_MODE) == EXTI_MODE)
 800246a:	684b      	ldr	r3, [r1, #4]
 800246c:	f013 5f80 	tst.w	r3, #268435456	@ 0x10000000
 8002470:	d06b      	beq.n	800254a <HAL_GPIO_Init+0x14a>
      {
        /* Enable AFIO Clock */
        __HAL_RCC_AFIO_CLK_ENABLE();
 8002472:	4b66      	ldr	r3, [pc, #408]	@ (800260c <HAL_GPIO_Init+0x20c>)
 8002474:	699a      	ldr	r2, [r3, #24]
 8002476:	f042 0201 	orr.w	r2, r2, #1
 800247a:	619a      	str	r2, [r3, #24]
 800247c:	699b      	ldr	r3, [r3, #24]
 800247e:	f003 0301 	and.w	r3, r3, #1
 8002482:	9301      	str	r3, [sp, #4]
 8002484:	9b01      	ldr	r3, [sp, #4]
        temp = AFIO->EXTICR[position >> 2u];
 8002486:	ea4f 029c 	mov.w	r2, ip, lsr #2
 800248a:	1c95      	adds	r5, r2, #2
 800248c:	4b60      	ldr	r3, [pc, #384]	@ (8002610 <HAL_GPIO_Init+0x210>)
 800248e:	f853 6025 	ldr.w	r6, [r3, r5, lsl #2]
        CLEAR_BIT(temp, (0x0Fu) << (4u * (position & 0x03u)));
 8002492:	f00c 0503 	and.w	r5, ip, #3
 8002496:	00ad      	lsls	r5, r5, #2
 8002498:	230f      	movs	r3, #15
 800249a:	40ab      	lsls	r3, r5
 800249c:	ea26 0603 	bic.w	r6, r6, r3
        SET_BIT(temp, (GPIO_GET_INDEX(GPIOx)) << (4u * (position & 0x03u)));
 80024a0:	4b5c      	ldr	r3, [pc, #368]	@ (8002614 <HAL_GPIO_Init+0x214>)
 80024a2:	4298      	cmp	r0, r3
 80024a4:	d026      	beq.n	80024f4 <HAL_GPIO_Init+0xf4>
 80024a6:	f503 6380 	add.w	r3, r3, #1024	@ 0x400
 80024aa:	4298      	cmp	r0, r3
 80024ac:	f000 808c 	beq.w	80025c8 <HAL_GPIO_Init+0x1c8>
 80024b0:	f503 6380 	add.w	r3, r3, #1024	@ 0x400
 80024b4:	4298      	cmp	r0, r3
 80024b6:	f000 8089 	beq.w	80025cc <HAL_GPIO_Init+0x1cc>
 80024ba:	f503 6380 	add.w	r3, r3, #1024	@ 0x400
 80024be:	4298      	cmp	r0, r3
 80024c0:	d016      	beq.n	80024f0 <HAL_GPIO_Init+0xf0>
 80024c2:	2304      	movs	r3, #4
 80024c4:	e017      	b.n	80024f6 <HAL_GPIO_Init+0xf6>
          config = GPIO_Init->Speed + GPIO_CR_CNF_GP_OUTPUT_OD;
 80024c6:	68cc      	ldr	r4, [r1, #12]
 80024c8:	3404      	adds	r4, #4
          break;
 80024ca:	e7bf      	b.n	800244c <HAL_GPIO_Init+0x4c>
          config = GPIO_Init->Speed + GPIO_CR_CNF_AF_OUTPUT_PP;
 80024cc:	68cc      	ldr	r4, [r1, #12]
 80024ce:	3408      	adds	r4, #8
          break;
 80024d0:	e7bc      	b.n	800244c <HAL_GPIO_Init+0x4c>
          config = GPIO_Init->Speed + GPIO_CR_CNF_AF_OUTPUT_OD;
 80024d2:	68cc      	ldr	r4, [r1, #12]
 80024d4:	340c      	adds	r4, #12
          break;
 80024d6:	e7b9      	b.n	800244c <HAL_GPIO_Init+0x4c>
            GPIOx->BSRR = ioposition;
 80024d8:	6102      	str	r2, [r0, #16]
            config = GPIO_CR_MODE_INPUT + GPIO_CR_CNF_INPUT_PU_PD;
 80024da:	2408      	movs	r4, #8
 80024dc:	e7b6      	b.n	800244c <HAL_GPIO_Init+0x4c>
          config = GPIO_CR_MODE_INPUT + GPIO_CR_CNF_ANALOG;
 80024de:	2400      	movs	r4, #0
 80024e0:	e7b4      	b.n	800244c <HAL_GPIO_Init+0x4c>
            config = GPIO_CR_MODE_INPUT + GPIO_CR_CNF_INPUT_FLOATING;
 80024e2:	2404      	movs	r4, #4
 80024e4:	e7b2      	b.n	800244c <HAL_GPIO_Init+0x4c>
      configregister = (iocurrent < GPIO_PIN_8) ? &GPIOx->CRL     : &GPIOx->CRH;
 80024e6:	1d06      	adds	r6, r0, #4
      registeroffset = (iocurrent < GPIO_PIN_8) ? (position << 2u) : ((position - 8u) << 2u);
 80024e8:	f1ac 0208 	sub.w	r2, ip, #8
 80024ec:	0092      	lsls	r2, r2, #2
 80024ee:	e7b3      	b.n	8002458 <HAL_GPIO_Init+0x58>
        SET_BIT(temp, (GPIO_GET_INDEX(GPIOx)) << (4u * (position & 0x03u)));
 80024f0:	2303      	movs	r3, #3
 80024f2:	e000      	b.n	80024f6 <HAL_GPIO_Init+0xf6>
 80024f4:	2300      	movs	r3, #0
 80024f6:	40ab      	lsls	r3, r5
 80024f8:	4333      	orrs	r3, r6
        AFIO->EXTICR[position >> 2u] = temp;
 80024fa:	3202      	adds	r2, #2
 80024fc:	4d44      	ldr	r5, [pc, #272]	@ (8002610 <HAL_GPIO_Init+0x210>)
 80024fe:	f845 3022 	str.w	r3, [r5, r2, lsl #2]


        /* Enable or disable the rising trigger */
        if ((GPIO_Init->Mode & RISING_EDGE) == RISING_EDGE)
 8002502:	684b      	ldr	r3, [r1, #4]
 8002504:	f413 1f80 	tst.w	r3, #1048576	@ 0x100000
 8002508:	d062      	beq.n	80025d0 <HAL_GPIO_Init+0x1d0>
        {
          SET_BIT(EXTI->RTSR, iocurrent);
 800250a:	4a43      	ldr	r2, [pc, #268]	@ (8002618 <HAL_GPIO_Init+0x218>)
 800250c:	6893      	ldr	r3, [r2, #8]
 800250e:	ea43 030e 	orr.w	r3, r3, lr
 8002512:	6093      	str	r3, [r2, #8]
        {
          CLEAR_BIT(EXTI->RTSR, iocurrent);
        }

        /* Enable or disable the falling trigger */
        if ((GPIO_Init->Mode & FALLING_EDGE) == FALLING_EDGE)
 8002514:	684b      	ldr	r3, [r1, #4]
 8002516:	f413 1f00 	tst.w	r3, #2097152	@ 0x200000
 800251a:	d05f      	beq.n	80025dc <HAL_GPIO_Init+0x1dc>
        {
          SET_BIT(EXTI->FTSR, iocurrent);
 800251c:	4a3e      	ldr	r2, [pc, #248]	@ (8002618 <HAL_GPIO_Init+0x218>)
 800251e:	68d3      	ldr	r3, [r2, #12]
 8002520:	ea43 030e 	orr.w	r3, r3, lr
 8002524:	60d3      	str	r3, [r2, #12]
        {
          CLEAR_BIT(EXTI->FTSR, iocurrent);
        }

        /* Configure the event mask */
        if ((GPIO_Init->Mode & GPIO_MODE_EVT) == GPIO_MODE_EVT)
 8002526:	684b      	ldr	r3, [r1, #4]
 8002528:	f413 3f00 	tst.w	r3, #131072	@ 0x20000
 800252c:	d05c      	beq.n	80025e8 <HAL_GPIO_Init+0x1e8>
        {
          SET_BIT(EXTI->EMR, iocurrent);
 800252e:	4a3a      	ldr	r2, [pc, #232]	@ (8002618 <HAL_GPIO_Init+0x218>)
 8002530:	6853      	ldr	r3, [r2, #4]
 8002532:	ea43 030e 	orr.w	r3, r3, lr
 8002536:	6053      	str	r3, [r2, #4]
        {
          CLEAR_BIT(EXTI->EMR, iocurrent);
        }

        /* Configure the interrupt mask */
        if ((GPIO_Init->Mode & GPIO_MODE_IT) == GPIO_MODE_IT)
 8002538:	684b      	ldr	r3, [r1, #4]
 800253a:	f413 3f80 	tst.w	r3, #65536	@ 0x10000
 800253e:	d059      	beq.n	80025f4 <HAL_GPIO_Init+0x1f4>
        {
          SET_BIT(EXTI->IMR, iocurrent);
 8002540:	4a35      	ldr	r2, [pc, #212]	@ (8002618 <HAL_GPIO_Init+0x218>)
 8002542:	6813      	ldr	r3, [r2, #0]
 8002544:	ea43 030e 	orr.w	r3, r3, lr
 8002548:	6013      	str	r3, [r2, #0]
          CLEAR_BIT(EXTI->IMR, iocurrent);
        }
      }
    }

	position++;
 800254a:	f10c 0c01 	add.w	ip, ip, #1
  while (((GPIO_Init->Pin) >> position) != 0x00u)
 800254e:	680b      	ldr	r3, [r1, #0]
 8002550:	fa33 f20c 	lsrs.w	r2, r3, ip
 8002554:	d054      	beq.n	8002600 <HAL_GPIO_Init+0x200>
    ioposition = (0x01uL << position);
 8002556:	2201      	movs	r2, #1
 8002558:	fa02 f20c 	lsl.w	r2, r2, ip
    iocurrent = (uint32_t)(GPIO_Init->Pin) & ioposition;
 800255c:	ea03 0e02 	and.w	lr, r3, r2
    if (iocurrent == ioposition)
 8002560:	ea32 0303 	bics.w	r3, r2, r3
 8002564:	d1f1      	bne.n	800254a <HAL_GPIO_Init+0x14a>
      switch (GPIO_Init->Mode)
 8002566:	684b      	ldr	r3, [r1, #4]
 8002568:	2b12      	cmp	r3, #18
 800256a:	f63f af4e 	bhi.w	800240a <HAL_GPIO_Init+0xa>
 800256e:	2b12      	cmp	r3, #18
 8002570:	f63f af6c 	bhi.w	800244c <HAL_GPIO_Init+0x4c>
 8002574:	a501      	add	r5, pc, #4	@ (adr r5, 800257c <HAL_GPIO_Init+0x17c>)
 8002576:	f855 f023 	ldr.w	pc, [r5, r3, lsl #2]
 800257a:	bf00      	nop
 800257c:	0800243b 	.word	0x0800243b
 8002580:	0800244b 	.word	0x0800244b
 8002584:	080024cd 	.word	0x080024cd
 8002588:	080024df 	.word	0x080024df
 800258c:	0800244d 	.word	0x0800244d
 8002590:	0800244d 	.word	0x0800244d
 8002594:	0800244d 	.word	0x0800244d
 8002598:	0800244d 	.word	0x0800244d
 800259c:	0800244d 	.word	0x0800244d
 80025a0:	0800244d 	.word	0x0800244d
 80025a4:	0800244d 	.word	0x0800244d
 80025a8:	0800244d 	.word	0x0800244d
 80025ac:	0800244d 	.word	0x0800244d
 80025b0:	0800244d 	.word	0x0800244d
 80025b4:	0800244d 	.word	0x0800244d
 80025b8:	0800244d 	.word	0x0800244d
 80025bc:	0800244d 	.word	0x0800244d
 80025c0:	080024c7 	.word	0x080024c7
 80025c4:	080024d3 	.word	0x080024d3
        SET_BIT(temp, (GPIO_GET_INDEX(GPIOx)) << (4u * (position & 0x03u)));
 80025c8:	2301      	movs	r3, #1
 80025ca:	e794      	b.n	80024f6 <HAL_GPIO_Init+0xf6>
 80025cc:	2302      	movs	r3, #2
 80025ce:	e792      	b.n	80024f6 <HAL_GPIO_Init+0xf6>
          CLEAR_BIT(EXTI->RTSR, iocurrent);
 80025d0:	4a11      	ldr	r2, [pc, #68]	@ (8002618 <HAL_GPIO_Init+0x218>)
 80025d2:	6893      	ldr	r3, [r2, #8]
 80025d4:	ea23 030e 	bic.w	r3, r3, lr
 80025d8:	6093      	str	r3, [r2, #8]
 80025da:	e79b      	b.n	8002514 <HAL_GPIO_Init+0x114>
          CLEAR_BIT(EXTI->FTSR, iocurrent);
 80025dc:	4a0e      	ldr	r2, [pc, #56]	@ (8002618 <HAL_GPIO_Init+0x218>)
 80025de:	68d3      	ldr	r3, [r2, #12]
 80025e0:	ea23 030e 	bic.w	r3, r3, lr
 80025e4:	60d3      	str	r3, [r2, #12]
 80025e6:	e79e      	b.n	8002526 <HAL_GPIO_Init+0x126>
          CLEAR_BIT(EXTI->EMR, iocurrent);
 80025e8:	4a0b      	ldr	r2, [pc, #44]	@ (8002618 <HAL_GPIO_Init+0x218>)
 80025ea:	6853      	ldr	r3, [r2, #4]
 80025ec:	ea23 030e 	bic.w	r3, r3, lr
 80025f0:	6053      	str	r3, [r2, #4]
 80025f2:	e7a1      	b.n	8002538 <HAL_GPIO_Init+0x138>
          CLEAR_BIT(EXTI->IMR, iocurrent);
 80025f4:	4a08      	ldr	r2, [pc, #32]	@ (8002618 <HAL_GPIO_Init+0x218>)
 80025f6:	6813      	ldr	r3, [r2, #0]
 80025f8:	ea23 030e 	bic.w	r3, r3, lr
 80025fc:	6013      	str	r3, [r2, #0]
 80025fe:	e7a4      	b.n	800254a <HAL_GPIO_Init+0x14a>
  }
}
 8002600:	b002      	add	sp, #8
 8002602:	bd70      	pop	{r4, r5, r6, pc}
 8002604:	10220000 	.word	0x10220000
 8002608:	10310000 	.word	0x10310000
 800260c:	40021000 	.word	0x40021000
 8002610:	40010000 	.word	0x40010000
 8002614:	40010800 	.word	0x40010800
 8002618:	40010400 	.word	0x40010400

0800261c <HAL_GPIO_ReadPin>:
  GPIO_PinState bitstatus;

  /* Check the parameters */
  assert_param(IS_GPIO_PIN(GPIO_Pin));

  if ((GPIOx->IDR & GPIO_Pin) != (uint32_t)GPIO_PIN_RESET)
 800261c:	6883      	ldr	r3, [r0, #8]
 800261e:	4219      	tst	r1, r3
 8002620:	d001      	beq.n	8002626 <HAL_GPIO_ReadPin+0xa>
  {
    bitstatus = GPIO_PIN_SET;
 8002622:	2001      	movs	r0, #1
 8002624:	4770      	bx	lr
  }
  else
  {
    bitstatus = GPIO_PIN_RESET;
 8002626:	2000      	movs	r0, #0
  }
  return bitstatus;
}
 8002628:	4770      	bx	lr

0800262a <HAL_GPIO_WritePin>:
{
  /* Check the parameters */
  assert_param(IS_GPIO_PIN(GPIO_Pin));
  assert_param(IS_GPIO_PIN_ACTION(PinState));

  if (PinState != GPIO_PIN_RESET)
 800262a:	b10a      	cbz	r2, 8002630 <HAL_GPIO_WritePin+0x6>
  {
    GPIOx->BSRR = GPIO_Pin;
 800262c:	6101      	str	r1, [r0, #16]
 800262e:	4770      	bx	lr
  }
  else
  {
    GPIOx->BSRR = (uint32_t)GPIO_Pin << 16u;
 8002630:	0409      	lsls	r1, r1, #16
 8002632:	6101      	str	r1, [r0, #16]
  }
}
 8002634:	4770      	bx	lr
	...

08002638 <HAL_GPIO_EXTI_IRQHandler>:
  * @brief  This function handles EXTI interrupt request.
  * @param  GPIO_Pin: Specifies the pins connected EXTI line
  * @retval None
  */
void HAL_GPIO_EXTI_IRQHandler(uint16_t GPIO_Pin)
{
 8002638:	b508      	push	{r3, lr}
  /* EXTI line interrupt detected */
  if (__HAL_GPIO_EXTI_GET_IT(GPIO_Pin) != 0x00u)
 800263a:	4b05      	ldr	r3, [pc, #20]	@ (8002650 <HAL_GPIO_EXTI_IRQHandler+0x18>)
 800263c:	695b      	ldr	r3, [r3, #20]
 800263e:	4203      	tst	r3, r0
 8002640:	d100      	bne.n	8002644 <HAL_GPIO_EXTI_IRQHandler+0xc>
  {
    __HAL_GPIO_EXTI_CLEAR_IT(GPIO_Pin);
    HAL_GPIO_EXTI_Callback(GPIO_Pin);
  }
}
 8002642:	bd08      	pop	{r3, pc}
    __HAL_GPIO_EXTI_CLEAR_IT(GPIO_Pin);
 8002644:	4b02      	ldr	r3, [pc, #8]	@ (8002650 <HAL_GPIO_EXTI_IRQHandler+0x18>)
 8002646:	6158      	str	r0, [r3, #20]
    HAL_GPIO_EXTI_Callback(GPIO_Pin);
 8002648:	f7fe ff5a 	bl	8001500 <HAL_GPIO_EXTI_Callback>
}
 800264c:	e7f9      	b.n	8002642 <HAL_GPIO_EXTI_IRQHandler+0xa>
 800264e:	bf00      	nop
 8002650:	40010400 	.word	0x40010400

08002654 <RCC_Delay>:
  * @brief  This function provides delay (in milliseconds) based on CPU cycles method.
  * @param  mdelay: specifies the delay time length, in milliseconds.
  * @retval None
  */
static void RCC_Delay(uint32_t mdelay)
{
 8002654:	b082      	sub	sp, #8
  __IO uint32_t Delay = mdelay * (SystemCoreClock / 8U / 1000U);
 8002656:	4b08      	ldr	r3, [pc, #32]	@ (8002678 <RCC_Delay+0x24>)
 8002658:	681b      	ldr	r3, [r3, #0]
 800265a:	4a08      	ldr	r2, [pc, #32]	@ (800267c <RCC_Delay+0x28>)
 800265c:	fba2 2303 	umull	r2, r3, r2, r3
 8002660:	0a5b      	lsrs	r3, r3, #9
 8002662:	fb00 f303 	mul.w	r3, r0, r3
 8002666:	9301      	str	r3, [sp, #4]
  do
  {
    __NOP();
 8002668:	bf00      	nop
  }
  while (Delay --);
 800266a:	9b01      	ldr	r3, [sp, #4]
 800266c:	1e5a      	subs	r2, r3, #1
 800266e:	9201      	str	r2, [sp, #4]
 8002670:	2b00      	cmp	r3, #0
 8002672:	d1f9      	bne.n	8002668 <RCC_Delay+0x14>
}
 8002674:	b002      	add	sp, #8
 8002676:	4770      	bx	lr
 8002678:	20000004 	.word	0x20000004
 800267c:	10624dd3 	.word	0x10624dd3

08002680 <HAL_RCC_OscConfig>:
  if (RCC_OscInitStruct == NULL)
 8002680:	2800      	cmp	r0, #0
 8002682:	f000 81f1 	beq.w	8002a68 <HAL_RCC_OscConfig+0x3e8>
{
 8002686:	b570      	push	{r4, r5, r6, lr}
 8002688:	b082      	sub	sp, #8
 800268a:	4604      	mov	r4, r0
  if (((RCC_OscInitStruct->OscillatorType) & RCC_OSCILLATORTYPE_HSE) == RCC_OSCILLATORTYPE_HSE)
 800268c:	6803      	ldr	r3, [r0, #0]
 800268e:	f013 0f01 	tst.w	r3, #1
 8002692:	d02c      	beq.n	80026ee <HAL_RCC_OscConfig+0x6e>
    if ((__HAL_RCC_GET_SYSCLK_SOURCE() == RCC_SYSCLKSOURCE_STATUS_HSE)
 8002694:	4b99      	ldr	r3, [pc, #612]	@ (80028fc <HAL_RCC_OscConfig+0x27c>)
 8002696:	685b      	ldr	r3, [r3, #4]
 8002698:	f003 030c 	and.w	r3, r3, #12
 800269c:	2b04      	cmp	r3, #4
 800269e:	d01d      	beq.n	80026dc <HAL_RCC_OscConfig+0x5c>
        || ((__HAL_RCC_GET_SYSCLK_SOURCE() == RCC_SYSCLKSOURCE_STATUS_PLLCLK) && (__HAL_RCC_GET_PLL_OSCSOURCE() == RCC_PLLSOURCE_HSE)))
 80026a0:	4b96      	ldr	r3, [pc, #600]	@ (80028fc <HAL_RCC_OscConfig+0x27c>)
 80026a2:	685b      	ldr	r3, [r3, #4]
 80026a4:	f003 030c 	and.w	r3, r3, #12
 80026a8:	2b08      	cmp	r3, #8
 80026aa:	d012      	beq.n	80026d2 <HAL_RCC_OscConfig+0x52>
      __HAL_RCC_HSE_CONFIG(RCC_OscInitStruct->HSEState);
 80026ac:	6863      	ldr	r3, [r4, #4]
 80026ae:	f5b3 3f80 	cmp.w	r3, #65536	@ 0x10000
 80026b2:	d041      	beq.n	8002738 <HAL_RCC_OscConfig+0xb8>
 80026b4:	2b00      	cmp	r3, #0
 80026b6:	d155      	bne.n	8002764 <HAL_RCC_OscConfig+0xe4>
 80026b8:	f103 4380 	add.w	r3, r3, #1073741824	@ 0x40000000
 80026bc:	f503 3304 	add.w	r3, r3, #135168	@ 0x21000
 80026c0:	681a      	ldr	r2, [r3, #0]
 80026c2:	f422 3280 	bic.w	r2, r2, #65536	@ 0x10000
 80026c6:	601a      	str	r2, [r3, #0]
 80026c8:	681a      	ldr	r2, [r3, #0]
 80026ca:	f422 2280 	bic.w	r2, r2, #262144	@ 0x40000
 80026ce:	601a      	str	r2, [r3, #0]
 80026d0:	e037      	b.n	8002742 <HAL_RCC_OscConfig+0xc2>
        || ((__HAL_RCC_GET_SYSCLK_SOURCE() == RCC_SYSCLKSOURCE_STATUS_PLLCLK) && (__HAL_RCC_GET_PLL_OSCSOURCE() == RCC_PLLSOURCE_HSE)))
 80026d2:	4b8a      	ldr	r3, [pc, #552]	@ (80028fc <HAL_RCC_OscConfig+0x27c>)
 80026d4:	685b      	ldr	r3, [r3, #4]
 80026d6:	f413 3f80 	tst.w	r3, #65536	@ 0x10000
 80026da:	d0e7      	beq.n	80026ac <HAL_RCC_OscConfig+0x2c>
      if ((__HAL_RCC_GET_FLAG(RCC_FLAG_HSERDY) != RESET) && (RCC_OscInitStruct->HSEState == RCC_HSE_OFF))
 80026dc:	4b87      	ldr	r3, [pc, #540]	@ (80028fc <HAL_RCC_OscConfig+0x27c>)
 80026de:	681b      	ldr	r3, [r3, #0]
 80026e0:	f413 3f00 	tst.w	r3, #131072	@ 0x20000
 80026e4:	d003      	beq.n	80026ee <HAL_RCC_OscConfig+0x6e>
 80026e6:	6863      	ldr	r3, [r4, #4]
 80026e8:	2b00      	cmp	r3, #0
 80026ea:	f000 81bf 	beq.w	8002a6c <HAL_RCC_OscConfig+0x3ec>
  if (((RCC_OscInitStruct->OscillatorType) & RCC_OSCILLATORTYPE_HSI) == RCC_OSCILLATORTYPE_HSI)
 80026ee:	6823      	ldr	r3, [r4, #0]
 80026f0:	f013 0f02 	tst.w	r3, #2
 80026f4:	d075      	beq.n	80027e2 <HAL_RCC_OscConfig+0x162>
    if ((__HAL_RCC_GET_SYSCLK_SOURCE() == RCC_SYSCLKSOURCE_STATUS_HSI)
 80026f6:	4b81      	ldr	r3, [pc, #516]	@ (80028fc <HAL_RCC_OscConfig+0x27c>)
 80026f8:	685b      	ldr	r3, [r3, #4]
 80026fa:	f013 0f0c 	tst.w	r3, #12
 80026fe:	d05f      	beq.n	80027c0 <HAL_RCC_OscConfig+0x140>
        || ((__HAL_RCC_GET_SYSCLK_SOURCE() == RCC_SYSCLKSOURCE_STATUS_PLLCLK) && (__HAL_RCC_GET_PLL_OSCSOURCE() == RCC_PLLSOURCE_HSI_DIV2)))
 8002700:	4b7e      	ldr	r3, [pc, #504]	@ (80028fc <HAL_RCC_OscConfig+0x27c>)
 8002702:	685b      	ldr	r3, [r3, #4]
 8002704:	f003 030c 	and.w	r3, r3, #12
 8002708:	2b08      	cmp	r3, #8
 800270a:	d054      	beq.n	80027b6 <HAL_RCC_OscConfig+0x136>
      if (RCC_OscInitStruct->HSIState != RCC_HSI_OFF)
 800270c:	6923      	ldr	r3, [r4, #16]
 800270e:	2b00      	cmp	r3, #0
 8002710:	f000 808a 	beq.w	8002828 <HAL_RCC_OscConfig+0x1a8>
        __HAL_RCC_HSI_ENABLE();
 8002714:	4b7a      	ldr	r3, [pc, #488]	@ (8002900 <HAL_RCC_OscConfig+0x280>)
 8002716:	2201      	movs	r2, #1
 8002718:	601a      	str	r2, [r3, #0]
        tickstart = HAL_GetTick();
 800271a:	f7ff f961 	bl	80019e0 <HAL_GetTick>
 800271e:	4605      	mov	r5, r0
        while (__HAL_RCC_GET_FLAG(RCC_FLAG_HSIRDY) == RESET)
 8002720:	4b76      	ldr	r3, [pc, #472]	@ (80028fc <HAL_RCC_OscConfig+0x27c>)
 8002722:	681b      	ldr	r3, [r3, #0]
 8002724:	f013 0f02 	tst.w	r3, #2
 8002728:	d175      	bne.n	8002816 <HAL_RCC_OscConfig+0x196>
          if ((HAL_GetTick() - tickstart) > HSI_TIMEOUT_VALUE)
 800272a:	f7ff f959 	bl	80019e0 <HAL_GetTick>
 800272e:	1b40      	subs	r0, r0, r5
 8002730:	2802      	cmp	r0, #2
 8002732:	d9f5      	bls.n	8002720 <HAL_RCC_OscConfig+0xa0>
            return HAL_TIMEOUT;
 8002734:	2003      	movs	r0, #3
 8002736:	e19e      	b.n	8002a76 <HAL_RCC_OscConfig+0x3f6>
      __HAL_RCC_HSE_CONFIG(RCC_OscInitStruct->HSEState);
 8002738:	4a70      	ldr	r2, [pc, #448]	@ (80028fc <HAL_RCC_OscConfig+0x27c>)
 800273a:	6813      	ldr	r3, [r2, #0]
 800273c:	f443 3380 	orr.w	r3, r3, #65536	@ 0x10000
 8002740:	6013      	str	r3, [r2, #0]
      if (RCC_OscInitStruct->HSEState != RCC_HSE_OFF)
 8002742:	6863      	ldr	r3, [r4, #4]
 8002744:	b343      	cbz	r3, 8002798 <HAL_RCC_OscConfig+0x118>
        tickstart = HAL_GetTick();
 8002746:	f7ff f94b 	bl	80019e0 <HAL_GetTick>
 800274a:	4605      	mov	r5, r0
        while (__HAL_RCC_GET_FLAG(RCC_FLAG_HSERDY) == RESET)
 800274c:	4b6b      	ldr	r3, [pc, #428]	@ (80028fc <HAL_RCC_OscConfig+0x27c>)
 800274e:	681b      	ldr	r3, [r3, #0]
 8002750:	f413 3f00 	tst.w	r3, #131072	@ 0x20000
 8002754:	d1cb      	bne.n	80026ee <HAL_RCC_OscConfig+0x6e>
          if ((HAL_GetTick() - tickstart) > HSE_TIMEOUT_VALUE)
 8002756:	f7ff f943 	bl	80019e0 <HAL_GetTick>
 800275a:	1b40      	subs	r0, r0, r5
 800275c:	2864      	cmp	r0, #100	@ 0x64
 800275e:	d9f5      	bls.n	800274c <HAL_RCC_OscConfig+0xcc>
            return HAL_TIMEOUT;
 8002760:	2003      	movs	r0, #3
 8002762:	e188      	b.n	8002a76 <HAL_RCC_OscConfig+0x3f6>
      __HAL_RCC_HSE_CONFIG(RCC_OscInitStruct->HSEState);
 8002764:	f5b3 2fa0 	cmp.w	r3, #327680	@ 0x50000
 8002768:	d009      	beq.n	800277e <HAL_RCC_OscConfig+0xfe>
 800276a:	4b64      	ldr	r3, [pc, #400]	@ (80028fc <HAL_RCC_OscConfig+0x27c>)
 800276c:	681a      	ldr	r2, [r3, #0]
 800276e:	f422 3280 	bic.w	r2, r2, #65536	@ 0x10000
 8002772:	601a      	str	r2, [r3, #0]
 8002774:	681a      	ldr	r2, [r3, #0]
 8002776:	f422 2280 	bic.w	r2, r2, #262144	@ 0x40000
 800277a:	601a      	str	r2, [r3, #0]
 800277c:	e7e1      	b.n	8002742 <HAL_RCC_OscConfig+0xc2>
 800277e:	f103 4380 	add.w	r3, r3, #1073741824	@ 0x40000000
 8002782:	f5a3 333c 	sub.w	r3, r3, #192512	@ 0x2f000
 8002786:	681a      	ldr	r2, [r3, #0]
 8002788:	f442 2280 	orr.w	r2, r2, #262144	@ 0x40000
 800278c:	601a      	str	r2, [r3, #0]
 800278e:	681a      	ldr	r2, [r3, #0]
 8002790:	f442 3280 	orr.w	r2, r2, #65536	@ 0x10000
 8002794:	601a      	str	r2, [r3, #0]
 8002796:	e7d4      	b.n	8002742 <HAL_RCC_OscConfig+0xc2>
        tickstart = HAL_GetTick();
 8002798:	f7ff f922 	bl	80019e0 <HAL_GetTick>
 800279c:	4605      	mov	r5, r0
        while (__HAL_RCC_GET_FLAG(RCC_FLAG_HSERDY) != RESET)
 800279e:	4b57      	ldr	r3, [pc, #348]	@ (80028fc <HAL_RCC_OscConfig+0x27c>)
 80027a0:	681b      	ldr	r3, [r3, #0]
 80027a2:	f413 3f00 	tst.w	r3, #131072	@ 0x20000
 80027a6:	d0a2      	beq.n	80026ee <HAL_RCC_OscConfig+0x6e>
          if ((HAL_GetTick() - tickstart) > HSE_TIMEOUT_VALUE)
 80027a8:	f7ff f91a 	bl	80019e0 <HAL_GetTick>
 80027ac:	1b40      	subs	r0, r0, r5
 80027ae:	2864      	cmp	r0, #100	@ 0x64
 80027b0:	d9f5      	bls.n	800279e <HAL_RCC_OscConfig+0x11e>
            return HAL_TIMEOUT;
 80027b2:	2003      	movs	r0, #3
 80027b4:	e15f      	b.n	8002a76 <HAL_RCC_OscConfig+0x3f6>
        || ((__HAL_RCC_GET_SYSCLK_SOURCE() == RCC_SYSCLKSOURCE_STATUS_PLLCLK) && (__HAL_RCC_GET_PLL_OSCSOURCE() == RCC_PLLSOURCE_HSI_DIV2)))
 80027b6:	4b51      	ldr	r3, [pc, #324]	@ (80028fc <HAL_RCC_OscConfig+0x27c>)
 80027b8:	685b      	ldr	r3, [r3, #4]
 80027ba:	f413 3f80 	tst.w	r3, #65536	@ 0x10000
 80027be:	d1a5      	bne.n	800270c <HAL_RCC_OscConfig+0x8c>
      if ((__HAL_RCC_GET_FLAG(RCC_FLAG_HSIRDY) != RESET) && (RCC_OscInitStruct->HSIState != RCC_HSI_ON))
 80027c0:	4b4e      	ldr	r3, [pc, #312]	@ (80028fc <HAL_RCC_OscConfig+0x27c>)
 80027c2:	681b      	ldr	r3, [r3, #0]
 80027c4:	f013 0f02 	tst.w	r3, #2
 80027c8:	d003      	beq.n	80027d2 <HAL_RCC_OscConfig+0x152>
 80027ca:	6923      	ldr	r3, [r4, #16]
 80027cc:	2b01      	cmp	r3, #1
 80027ce:	f040 814f 	bne.w	8002a70 <HAL_RCC_OscConfig+0x3f0>
        __HAL_RCC_HSI_CALIBRATIONVALUE_ADJUST(RCC_OscInitStruct->HSICalibrationValue);
 80027d2:	4a4a      	ldr	r2, [pc, #296]	@ (80028fc <HAL_RCC_OscConfig+0x27c>)
 80027d4:	6813      	ldr	r3, [r2, #0]
 80027d6:	f023 03f8 	bic.w	r3, r3, #248	@ 0xf8
 80027da:	6961      	ldr	r1, [r4, #20]
 80027dc:	ea43 03c1 	orr.w	r3, r3, r1, lsl #3
 80027e0:	6013      	str	r3, [r2, #0]
  if (((RCC_OscInitStruct->OscillatorType) & RCC_OSCILLATORTYPE_LSI) == RCC_OSCILLATORTYPE_LSI)
 80027e2:	6823      	ldr	r3, [r4, #0]
 80027e4:	f013 0f08 	tst.w	r3, #8
 80027e8:	d033      	beq.n	8002852 <HAL_RCC_OscConfig+0x1d2>
    if (RCC_OscInitStruct->LSIState != RCC_LSI_OFF)
 80027ea:	69a3      	ldr	r3, [r4, #24]
 80027ec:	2b00      	cmp	r3, #0
 80027ee:	d05c      	beq.n	80028aa <HAL_RCC_OscConfig+0x22a>
      __HAL_RCC_LSI_ENABLE();
 80027f0:	4b43      	ldr	r3, [pc, #268]	@ (8002900 <HAL_RCC_OscConfig+0x280>)
 80027f2:	2201      	movs	r2, #1
 80027f4:	f8c3 2480 	str.w	r2, [r3, #1152]	@ 0x480
      tickstart = HAL_GetTick();
 80027f8:	f7ff f8f2 	bl	80019e0 <HAL_GetTick>
 80027fc:	4605      	mov	r5, r0
      while (__HAL_RCC_GET_FLAG(RCC_FLAG_LSIRDY) == RESET)
 80027fe:	4b3f      	ldr	r3, [pc, #252]	@ (80028fc <HAL_RCC_OscConfig+0x27c>)
 8002800:	6a5b      	ldr	r3, [r3, #36]	@ 0x24
 8002802:	f013 0f02 	tst.w	r3, #2
 8002806:	d121      	bne.n	800284c <HAL_RCC_OscConfig+0x1cc>
        if ((HAL_GetTick() - tickstart) > LSI_TIMEOUT_VALUE)
 8002808:	f7ff f8ea 	bl	80019e0 <HAL_GetTick>
 800280c:	1b40      	subs	r0, r0, r5
 800280e:	2802      	cmp	r0, #2
 8002810:	d9f5      	bls.n	80027fe <HAL_RCC_OscConfig+0x17e>
          return HAL_TIMEOUT;
 8002812:	2003      	movs	r0, #3
 8002814:	e12f      	b.n	8002a76 <HAL_RCC_OscConfig+0x3f6>
        __HAL_RCC_HSI_CALIBRATIONVALUE_ADJUST(RCC_OscInitStruct->HSICalibrationValue);
 8002816:	4a39      	ldr	r2, [pc, #228]	@ (80028fc <HAL_RCC_OscConfig+0x27c>)
 8002818:	6813      	ldr	r3, [r2, #0]
 800281a:	f023 03f8 	bic.w	r3, r3, #248	@ 0xf8
 800281e:	6961      	ldr	r1, [r4, #20]
 8002820:	ea43 03c1 	orr.w	r3, r3, r1, lsl #3
 8002824:	6013      	str	r3, [r2, #0]
 8002826:	e7dc      	b.n	80027e2 <HAL_RCC_OscConfig+0x162>
        __HAL_RCC_HSI_DISABLE();
 8002828:	4b35      	ldr	r3, [pc, #212]	@ (8002900 <HAL_RCC_OscConfig+0x280>)
 800282a:	2200      	movs	r2, #0
 800282c:	601a      	str	r2, [r3, #0]
        tickstart = HAL_GetTick();
 800282e:	f7ff f8d7 	bl	80019e0 <HAL_GetTick>
 8002832:	4605      	mov	r5, r0
        while (__HAL_RCC_GET_FLAG(RCC_FLAG_HSIRDY) != RESET)
 8002834:	4b31      	ldr	r3, [pc, #196]	@ (80028fc <HAL_RCC_OscConfig+0x27c>)
 8002836:	681b      	ldr	r3, [r3, #0]
 8002838:	f013 0f02 	tst.w	r3, #2
 800283c:	d0d1      	beq.n	80027e2 <HAL_RCC_OscConfig+0x162>
          if ((HAL_GetTick() - tickstart) > HSI_TIMEOUT_VALUE)
 800283e:	f7ff f8cf 	bl	80019e0 <HAL_GetTick>
 8002842:	1b40      	subs	r0, r0, r5
 8002844:	2802      	cmp	r0, #2
 8002846:	d9f5      	bls.n	8002834 <HAL_RCC_OscConfig+0x1b4>
            return HAL_TIMEOUT;
 8002848:	2003      	movs	r0, #3
 800284a:	e114      	b.n	8002a76 <HAL_RCC_OscConfig+0x3f6>
      RCC_Delay(1);
 800284c:	2001      	movs	r0, #1
 800284e:	f7ff ff01 	bl	8002654 <RCC_Delay>
  if (((RCC_OscInitStruct->OscillatorType) & RCC_OSCILLATORTYPE_LSE) == RCC_OSCILLATORTYPE_LSE)
 8002852:	6823      	ldr	r3, [r4, #0]
 8002854:	f013 0f04 	tst.w	r3, #4
 8002858:	f000 8096 	beq.w	8002988 <HAL_RCC_OscConfig+0x308>
    if (__HAL_RCC_PWR_IS_CLK_DISABLED())
 800285c:	4b27      	ldr	r3, [pc, #156]	@ (80028fc <HAL_RCC_OscConfig+0x27c>)
 800285e:	69db      	ldr	r3, [r3, #28]
 8002860:	f013 5f80 	tst.w	r3, #268435456	@ 0x10000000
 8002864:	d134      	bne.n	80028d0 <HAL_RCC_OscConfig+0x250>
      __HAL_RCC_PWR_CLK_ENABLE();
 8002866:	4b25      	ldr	r3, [pc, #148]	@ (80028fc <HAL_RCC_OscConfig+0x27c>)
 8002868:	69da      	ldr	r2, [r3, #28]
 800286a:	f042 5280 	orr.w	r2, r2, #268435456	@ 0x10000000
 800286e:	61da      	str	r2, [r3, #28]
 8002870:	69db      	ldr	r3, [r3, #28]
 8002872:	f003 5380 	and.w	r3, r3, #268435456	@ 0x10000000
 8002876:	9301      	str	r3, [sp, #4]
 8002878:	9b01      	ldr	r3, [sp, #4]
      pwrclkchanged = SET;
 800287a:	2501      	movs	r5, #1
    if (HAL_IS_BIT_CLR(PWR->CR, PWR_CR_DBP))
 800287c:	4b21      	ldr	r3, [pc, #132]	@ (8002904 <HAL_RCC_OscConfig+0x284>)
 800287e:	681b      	ldr	r3, [r3, #0]
 8002880:	f413 7f80 	tst.w	r3, #256	@ 0x100
 8002884:	d026      	beq.n	80028d4 <HAL_RCC_OscConfig+0x254>
    __HAL_RCC_LSE_CONFIG(RCC_OscInitStruct->LSEState);
 8002886:	68e3      	ldr	r3, [r4, #12]
 8002888:	2b01      	cmp	r3, #1
 800288a:	d03d      	beq.n	8002908 <HAL_RCC_OscConfig+0x288>
 800288c:	2b00      	cmp	r3, #0
 800288e:	d153      	bne.n	8002938 <HAL_RCC_OscConfig+0x2b8>
 8002890:	f103 4380 	add.w	r3, r3, #1073741824	@ 0x40000000
 8002894:	f503 3304 	add.w	r3, r3, #135168	@ 0x21000
 8002898:	6a1a      	ldr	r2, [r3, #32]
 800289a:	f022 0201 	bic.w	r2, r2, #1
 800289e:	621a      	str	r2, [r3, #32]
 80028a0:	6a1a      	ldr	r2, [r3, #32]
 80028a2:	f022 0204 	bic.w	r2, r2, #4
 80028a6:	621a      	str	r2, [r3, #32]
 80028a8:	e033      	b.n	8002912 <HAL_RCC_OscConfig+0x292>
      __HAL_RCC_LSI_DISABLE();
 80028aa:	4b15      	ldr	r3, [pc, #84]	@ (8002900 <HAL_RCC_OscConfig+0x280>)
 80028ac:	2200      	movs	r2, #0
 80028ae:	f8c3 2480 	str.w	r2, [r3, #1152]	@ 0x480
      tickstart = HAL_GetTick();
 80028b2:	f7ff f895 	bl	80019e0 <HAL_GetTick>
 80028b6:	4605      	mov	r5, r0
      while (__HAL_RCC_GET_FLAG(RCC_FLAG_LSIRDY) != RESET)
 80028b8:	4b10      	ldr	r3, [pc, #64]	@ (80028fc <HAL_RCC_OscConfig+0x27c>)
 80028ba:	6a5b      	ldr	r3, [r3, #36]	@ 0x24
 80028bc:	f013 0f02 	tst.w	r3, #2
 80028c0:	d0c7      	beq.n	8002852 <HAL_RCC_OscConfig+0x1d2>
        if ((HAL_GetTick() - tickstart) > LSI_TIMEOUT_VALUE)
 80028c2:	f7ff f88d 	bl	80019e0 <HAL_GetTick>
 80028c6:	1b40      	subs	r0, r0, r5
 80028c8:	2802      	cmp	r0, #2
 80028ca:	d9f5      	bls.n	80028b8 <HAL_RCC_OscConfig+0x238>
          return HAL_TIMEOUT;
 80028cc:	2003      	movs	r0, #3
 80028ce:	e0d2      	b.n	8002a76 <HAL_RCC_OscConfig+0x3f6>
    FlagStatus       pwrclkchanged = RESET;
 80028d0:	2500      	movs	r5, #0
 80028d2:	e7d3      	b.n	800287c <HAL_RCC_OscConfig+0x1fc>
      SET_BIT(PWR->CR, PWR_CR_DBP);
 80028d4:	4a0b      	ldr	r2, [pc, #44]	@ (8002904 <HAL_RCC_OscConfig+0x284>)
 80028d6:	6813      	ldr	r3, [r2, #0]
 80028d8:	f443 7380 	orr.w	r3, r3, #256	@ 0x100
 80028dc:	6013      	str	r3, [r2, #0]
      tickstart = HAL_GetTick();
 80028de:	f7ff f87f 	bl	80019e0 <HAL_GetTick>
 80028e2:	4606      	mov	r6, r0
      while (HAL_IS_BIT_CLR(PWR->CR, PWR_CR_DBP))
 80028e4:	4b07      	ldr	r3, [pc, #28]	@ (8002904 <HAL_RCC_OscConfig+0x284>)
 80028e6:	681b      	ldr	r3, [r3, #0]
 80028e8:	f413 7f80 	tst.w	r3, #256	@ 0x100
 80028ec:	d1cb      	bne.n	8002886 <HAL_RCC_OscConfig+0x206>
        if ((HAL_GetTick() - tickstart) > RCC_DBP_TIMEOUT_VALUE)
 80028ee:	f7ff f877 	bl	80019e0 <HAL_GetTick>
 80028f2:	1b80      	subs	r0, r0, r6
 80028f4:	2864      	cmp	r0, #100	@ 0x64
 80028f6:	d9f5      	bls.n	80028e4 <HAL_RCC_OscConfig+0x264>
          return HAL_TIMEOUT;
 80028f8:	2003      	movs	r0, #3
 80028fa:	e0bc      	b.n	8002a76 <HAL_RCC_OscConfig+0x3f6>
 80028fc:	40021000 	.word	0x40021000
 8002900:	42420000 	.word	0x42420000
 8002904:	40007000 	.word	0x40007000
    __HAL_RCC_LSE_CONFIG(RCC_OscInitStruct->LSEState);
 8002908:	4a5f      	ldr	r2, [pc, #380]	@ (8002a88 <HAL_RCC_OscConfig+0x408>)
 800290a:	6a13      	ldr	r3, [r2, #32]
 800290c:	f043 0301 	orr.w	r3, r3, #1
 8002910:	6213      	str	r3, [r2, #32]
    if (RCC_OscInitStruct->LSEState != RCC_LSE_OFF)
 8002912:	68e3      	ldr	r3, [r4, #12]
 8002914:	b333      	cbz	r3, 8002964 <HAL_RCC_OscConfig+0x2e4>
      tickstart = HAL_GetTick();
 8002916:	f7ff f863 	bl	80019e0 <HAL_GetTick>
 800291a:	4606      	mov	r6, r0
      while (__HAL_RCC_GET_FLAG(RCC_FLAG_LSERDY) == RESET)
 800291c:	4b5a      	ldr	r3, [pc, #360]	@ (8002a88 <HAL_RCC_OscConfig+0x408>)
 800291e:	6a1b      	ldr	r3, [r3, #32]
 8002920:	f013 0f02 	tst.w	r3, #2
 8002924:	d12f      	bne.n	8002986 <HAL_RCC_OscConfig+0x306>
        if ((HAL_GetTick() - tickstart) > RCC_LSE_TIMEOUT_VALUE)
 8002926:	f7ff f85b 	bl	80019e0 <HAL_GetTick>
 800292a:	1b80      	subs	r0, r0, r6
 800292c:	f241 3388 	movw	r3, #5000	@ 0x1388
 8002930:	4298      	cmp	r0, r3
 8002932:	d9f3      	bls.n	800291c <HAL_RCC_OscConfig+0x29c>
          return HAL_TIMEOUT;
 8002934:	2003      	movs	r0, #3
 8002936:	e09e      	b.n	8002a76 <HAL_RCC_OscConfig+0x3f6>
    __HAL_RCC_LSE_CONFIG(RCC_OscInitStruct->LSEState);
 8002938:	2b05      	cmp	r3, #5
 800293a:	d009      	beq.n	8002950 <HAL_RCC_OscConfig+0x2d0>
 800293c:	4b52      	ldr	r3, [pc, #328]	@ (8002a88 <HAL_RCC_OscConfig+0x408>)
 800293e:	6a1a      	ldr	r2, [r3, #32]
 8002940:	f022 0201 	bic.w	r2, r2, #1
 8002944:	621a      	str	r2, [r3, #32]
 8002946:	6a1a      	ldr	r2, [r3, #32]
 8002948:	f022 0204 	bic.w	r2, r2, #4
 800294c:	621a      	str	r2, [r3, #32]
 800294e:	e7e0      	b.n	8002912 <HAL_RCC_OscConfig+0x292>
 8002950:	4b4d      	ldr	r3, [pc, #308]	@ (8002a88 <HAL_RCC_OscConfig+0x408>)
 8002952:	6a1a      	ldr	r2, [r3, #32]
 8002954:	f042 0204 	orr.w	r2, r2, #4
 8002958:	621a      	str	r2, [r3, #32]
 800295a:	6a1a      	ldr	r2, [r3, #32]
 800295c:	f042 0201 	orr.w	r2, r2, #1
 8002960:	621a      	str	r2, [r3, #32]
 8002962:	e7d6      	b.n	8002912 <HAL_RCC_OscConfig+0x292>
      tickstart = HAL_GetTick();
 8002964:	f7ff f83c 	bl	80019e0 <HAL_GetTick>
 8002968:	4606      	mov	r6, r0
      while (__HAL_RCC_GET_FLAG(RCC_FLAG_LSERDY) != RESET)
 800296a:	4b47      	ldr	r3, [pc, #284]	@ (8002a88 <HAL_RCC_OscConfig+0x408>)
 800296c:	6a1b      	ldr	r3, [r3, #32]
 800296e:	f013 0f02 	tst.w	r3, #2
 8002972:	d008      	beq.n	8002986 <HAL_RCC_OscConfig+0x306>
        if ((HAL_GetTick() - tickstart) > RCC_LSE_TIMEOUT_VALUE)
 8002974:	f7ff f834 	bl	80019e0 <HAL_GetTick>
 8002978:	1b80      	subs	r0, r0, r6
 800297a:	f241 3388 	movw	r3, #5000	@ 0x1388
 800297e:	4298      	cmp	r0, r3
 8002980:	d9f3      	bls.n	800296a <HAL_RCC_OscConfig+0x2ea>
          return HAL_TIMEOUT;
 8002982:	2003      	movs	r0, #3
 8002984:	e077      	b.n	8002a76 <HAL_RCC_OscConfig+0x3f6>
    if (pwrclkchanged == SET)
 8002986:	b9e5      	cbnz	r5, 80029c2 <HAL_RCC_OscConfig+0x342>
  if ((RCC_OscInitStruct->PLL.PLLState) != RCC_PLL_NONE)
 8002988:	69e3      	ldr	r3, [r4, #28]
 800298a:	2b00      	cmp	r3, #0
 800298c:	d072      	beq.n	8002a74 <HAL_RCC_OscConfig+0x3f4>
    if (__HAL_RCC_GET_SYSCLK_SOURCE() != RCC_SYSCLKSOURCE_STATUS_PLLCLK)
 800298e:	4a3e      	ldr	r2, [pc, #248]	@ (8002a88 <HAL_RCC_OscConfig+0x408>)
 8002990:	6852      	ldr	r2, [r2, #4]
 8002992:	f002 020c 	and.w	r2, r2, #12
 8002996:	2a08      	cmp	r2, #8
 8002998:	d056      	beq.n	8002a48 <HAL_RCC_OscConfig+0x3c8>
      if ((RCC_OscInitStruct->PLL.PLLState) == RCC_PLL_ON)
 800299a:	2b02      	cmp	r3, #2
 800299c:	d017      	beq.n	80029ce <HAL_RCC_OscConfig+0x34e>
        __HAL_RCC_PLL_DISABLE();
 800299e:	4b3b      	ldr	r3, [pc, #236]	@ (8002a8c <HAL_RCC_OscConfig+0x40c>)
 80029a0:	2200      	movs	r2, #0
 80029a2:	661a      	str	r2, [r3, #96]	@ 0x60
        tickstart = HAL_GetTick();
 80029a4:	f7ff f81c 	bl	80019e0 <HAL_GetTick>
 80029a8:	4604      	mov	r4, r0
        while (__HAL_RCC_GET_FLAG(RCC_FLAG_PLLRDY)  != RESET)
 80029aa:	4b37      	ldr	r3, [pc, #220]	@ (8002a88 <HAL_RCC_OscConfig+0x408>)
 80029ac:	681b      	ldr	r3, [r3, #0]
 80029ae:	f013 7f00 	tst.w	r3, #33554432	@ 0x2000000
 80029b2:	d047      	beq.n	8002a44 <HAL_RCC_OscConfig+0x3c4>
          if ((HAL_GetTick() - tickstart) > PLL_TIMEOUT_VALUE)
 80029b4:	f7ff f814 	bl	80019e0 <HAL_GetTick>
 80029b8:	1b00      	subs	r0, r0, r4
 80029ba:	2802      	cmp	r0, #2
 80029bc:	d9f5      	bls.n	80029aa <HAL_RCC_OscConfig+0x32a>
            return HAL_TIMEOUT;
 80029be:	2003      	movs	r0, #3
 80029c0:	e059      	b.n	8002a76 <HAL_RCC_OscConfig+0x3f6>
      __HAL_RCC_PWR_CLK_DISABLE();
 80029c2:	4a31      	ldr	r2, [pc, #196]	@ (8002a88 <HAL_RCC_OscConfig+0x408>)
 80029c4:	69d3      	ldr	r3, [r2, #28]
 80029c6:	f023 5380 	bic.w	r3, r3, #268435456	@ 0x10000000
 80029ca:	61d3      	str	r3, [r2, #28]
 80029cc:	e7dc      	b.n	8002988 <HAL_RCC_OscConfig+0x308>
        __HAL_RCC_PLL_DISABLE();
 80029ce:	4b2f      	ldr	r3, [pc, #188]	@ (8002a8c <HAL_RCC_OscConfig+0x40c>)
 80029d0:	2200      	movs	r2, #0
 80029d2:	661a      	str	r2, [r3, #96]	@ 0x60
        tickstart = HAL_GetTick();
 80029d4:	f7ff f804 	bl	80019e0 <HAL_GetTick>
 80029d8:	4605      	mov	r5, r0
        while (__HAL_RCC_GET_FLAG(RCC_FLAG_PLLRDY)  != RESET)
 80029da:	4b2b      	ldr	r3, [pc, #172]	@ (8002a88 <HAL_RCC_OscConfig+0x408>)
 80029dc:	681b      	ldr	r3, [r3, #0]
 80029de:	f013 7f00 	tst.w	r3, #33554432	@ 0x2000000
 80029e2:	d006      	beq.n	80029f2 <HAL_RCC_OscConfig+0x372>
          if ((HAL_GetTick() - tickstart) > PLL_TIMEOUT_VALUE)
 80029e4:	f7fe fffc 	bl	80019e0 <HAL_GetTick>
 80029e8:	1b40      	subs	r0, r0, r5
 80029ea:	2802      	cmp	r0, #2
 80029ec:	d9f5      	bls.n	80029da <HAL_RCC_OscConfig+0x35a>
            return HAL_TIMEOUT;
 80029ee:	2003      	movs	r0, #3
 80029f0:	e041      	b.n	8002a76 <HAL_RCC_OscConfig+0x3f6>
        if (RCC_OscInitStruct->PLL.PLLSource == RCC_PLLSOURCE_HSE)
 80029f2:	6a23      	ldr	r3, [r4, #32]
 80029f4:	f5b3 3f80 	cmp.w	r3, #65536	@ 0x10000
 80029f8:	d01a      	beq.n	8002a30 <HAL_RCC_OscConfig+0x3b0>
        __HAL_RCC_PLL_CONFIG(RCC_OscInitStruct->PLL.PLLSource,
 80029fa:	4923      	ldr	r1, [pc, #140]	@ (8002a88 <HAL_RCC_OscConfig+0x408>)
 80029fc:	684b      	ldr	r3, [r1, #4]
 80029fe:	f423 1374 	bic.w	r3, r3, #3997696	@ 0x3d0000
 8002a02:	6a22      	ldr	r2, [r4, #32]
 8002a04:	6a60      	ldr	r0, [r4, #36]	@ 0x24
 8002a06:	4302      	orrs	r2, r0
 8002a08:	4313      	orrs	r3, r2
 8002a0a:	604b      	str	r3, [r1, #4]
        __HAL_RCC_PLL_ENABLE();
 8002a0c:	4b1f      	ldr	r3, [pc, #124]	@ (8002a8c <HAL_RCC_OscConfig+0x40c>)
 8002a0e:	2201      	movs	r2, #1
 8002a10:	661a      	str	r2, [r3, #96]	@ 0x60
        tickstart = HAL_GetTick();
 8002a12:	f7fe ffe5 	bl	80019e0 <HAL_GetTick>
 8002a16:	4604      	mov	r4, r0
        while (__HAL_RCC_GET_FLAG(RCC_FLAG_PLLRDY)  == RESET)
 8002a18:	4b1b      	ldr	r3, [pc, #108]	@ (8002a88 <HAL_RCC_OscConfig+0x408>)
 8002a1a:	681b      	ldr	r3, [r3, #0]
 8002a1c:	f013 7f00 	tst.w	r3, #33554432	@ 0x2000000
 8002a20:	d10e      	bne.n	8002a40 <HAL_RCC_OscConfig+0x3c0>
          if ((HAL_GetTick() - tickstart) > PLL_TIMEOUT_VALUE)
 8002a22:	f7fe ffdd 	bl	80019e0 <HAL_GetTick>
 8002a26:	1b00      	subs	r0, r0, r4
 8002a28:	2802      	cmp	r0, #2
 8002a2a:	d9f5      	bls.n	8002a18 <HAL_RCC_OscConfig+0x398>
            return HAL_TIMEOUT;
 8002a2c:	2003      	movs	r0, #3
 8002a2e:	e022      	b.n	8002a76 <HAL_RCC_OscConfig+0x3f6>
          __HAL_RCC_HSE_PREDIV_CONFIG(RCC_OscInitStruct->HSEPredivValue);
 8002a30:	4a15      	ldr	r2, [pc, #84]	@ (8002a88 <HAL_RCC_OscConfig+0x408>)
 8002a32:	6853      	ldr	r3, [r2, #4]
 8002a34:	f423 3300 	bic.w	r3, r3, #131072	@ 0x20000
 8002a38:	68a1      	ldr	r1, [r4, #8]
 8002a3a:	430b      	orrs	r3, r1
 8002a3c:	6053      	str	r3, [r2, #4]
 8002a3e:	e7dc      	b.n	80029fa <HAL_RCC_OscConfig+0x37a>
  return HAL_OK;
 8002a40:	2000      	movs	r0, #0
 8002a42:	e018      	b.n	8002a76 <HAL_RCC_OscConfig+0x3f6>
 8002a44:	2000      	movs	r0, #0
 8002a46:	e016      	b.n	8002a76 <HAL_RCC_OscConfig+0x3f6>
      if ((RCC_OscInitStruct->PLL.PLLState) == RCC_PLL_OFF)
 8002a48:	2b01      	cmp	r3, #1
 8002a4a:	d016      	beq.n	8002a7a <HAL_RCC_OscConfig+0x3fa>
        pll_config = RCC->CFGR;
 8002a4c:	4b0e      	ldr	r3, [pc, #56]	@ (8002a88 <HAL_RCC_OscConfig+0x408>)
 8002a4e:	685b      	ldr	r3, [r3, #4]
        if ((READ_BIT(pll_config, RCC_CFGR_PLLSRC) != RCC_OscInitStruct->PLL.PLLSource) ||
 8002a50:	f403 3180 	and.w	r1, r3, #65536	@ 0x10000
 8002a54:	6a22      	ldr	r2, [r4, #32]
 8002a56:	4291      	cmp	r1, r2
 8002a58:	d111      	bne.n	8002a7e <HAL_RCC_OscConfig+0x3fe>
            (READ_BIT(pll_config, RCC_CFGR_PLLMULL) != RCC_OscInitStruct->PLL.PLLMUL))
 8002a5a:	f403 1370 	and.w	r3, r3, #3932160	@ 0x3c0000
 8002a5e:	6a62      	ldr	r2, [r4, #36]	@ 0x24
        if ((READ_BIT(pll_config, RCC_CFGR_PLLSRC) != RCC_OscInitStruct->PLL.PLLSource) ||
 8002a60:	4293      	cmp	r3, r2
 8002a62:	d10e      	bne.n	8002a82 <HAL_RCC_OscConfig+0x402>
  return HAL_OK;
 8002a64:	2000      	movs	r0, #0
 8002a66:	e006      	b.n	8002a76 <HAL_RCC_OscConfig+0x3f6>
    return HAL_ERROR;
 8002a68:	2001      	movs	r0, #1
}
 8002a6a:	4770      	bx	lr
        return HAL_ERROR;
 8002a6c:	2001      	movs	r0, #1
 8002a6e:	e002      	b.n	8002a76 <HAL_RCC_OscConfig+0x3f6>
        return HAL_ERROR;
 8002a70:	2001      	movs	r0, #1
 8002a72:	e000      	b.n	8002a76 <HAL_RCC_OscConfig+0x3f6>
  return HAL_OK;
 8002a74:	2000      	movs	r0, #0
}
 8002a76:	b002      	add	sp, #8
 8002a78:	bd70      	pop	{r4, r5, r6, pc}
        return HAL_ERROR;
 8002a7a:	2001      	movs	r0, #1
 8002a7c:	e7fb      	b.n	8002a76 <HAL_RCC_OscConfig+0x3f6>
          return HAL_ERROR;
 8002a7e:	2001      	movs	r0, #1
 8002a80:	e7f9      	b.n	8002a76 <HAL_RCC_OscConfig+0x3f6>
 8002a82:	2001      	movs	r0, #1
 8002a84:	e7f7      	b.n	8002a76 <HAL_RCC_OscConfig+0x3f6>
 8002a86:	bf00      	nop
 8002a88:	40021000 	.word	0x40021000
 8002a8c:	42420000 	.word	0x42420000

08002a90 <HAL_RCC_GetSysClockFreq>:
  tmpreg = RCC->CFGR;
 8002a90:	4b0f      	ldr	r3, [pc, #60]	@ (8002ad0 <HAL_RCC_GetSysClockFreq+0x40>)
 8002a92:	685b      	ldr	r3, [r3, #4]
  switch (tmpreg & RCC_CFGR_SWS)
 8002a94:	f003 020c 	and.w	r2, r3, #12
 8002a98:	2a08      	cmp	r2, #8
 8002a9a:	d001      	beq.n	8002aa0 <HAL_RCC_GetSysClockFreq+0x10>
      sysclockfreq = HSE_VALUE;
 8002a9c:	480d      	ldr	r0, [pc, #52]	@ (8002ad4 <HAL_RCC_GetSysClockFreq+0x44>)
}
 8002a9e:	4770      	bx	lr
      pllmul = aPLLMULFactorTable[(uint32_t)(tmpreg & RCC_CFGR_PLLMULL) >> RCC_CFGR_PLLMULL_Pos];
 8002aa0:	f3c3 4283 	ubfx	r2, r3, #18, #4
 8002aa4:	490c      	ldr	r1, [pc, #48]	@ (8002ad8 <HAL_RCC_GetSysClockFreq+0x48>)
 8002aa6:	5c88      	ldrb	r0, [r1, r2]
      if ((tmpreg & RCC_CFGR_PLLSRC) != RCC_PLLSOURCE_HSI_DIV2)
 8002aa8:	f413 3f80 	tst.w	r3, #65536	@ 0x10000
 8002aac:	d00b      	beq.n	8002ac6 <HAL_RCC_GetSysClockFreq+0x36>
        prediv = aPredivFactorTable[(uint32_t)(RCC->CFGR & RCC_CFGR_PLLXTPRE) >> RCC_CFGR_PLLXTPRE_Pos];
 8002aae:	4b08      	ldr	r3, [pc, #32]	@ (8002ad0 <HAL_RCC_GetSysClockFreq+0x40>)
 8002ab0:	685b      	ldr	r3, [r3, #4]
 8002ab2:	f3c3 4340 	ubfx	r3, r3, #17, #1
 8002ab6:	4a09      	ldr	r2, [pc, #36]	@ (8002adc <HAL_RCC_GetSysClockFreq+0x4c>)
 8002ab8:	5cd3      	ldrb	r3, [r2, r3]
        pllclk = (uint32_t)((HSE_VALUE  * pllmul) / prediv);
 8002aba:	4a06      	ldr	r2, [pc, #24]	@ (8002ad4 <HAL_RCC_GetSysClockFreq+0x44>)
 8002abc:	fb02 f000 	mul.w	r0, r2, r0
 8002ac0:	fbb0 f0f3 	udiv	r0, r0, r3
 8002ac4:	4770      	bx	lr
        pllclk = (uint32_t)((HSI_VALUE >> 1) * pllmul);
 8002ac6:	4b06      	ldr	r3, [pc, #24]	@ (8002ae0 <HAL_RCC_GetSysClockFreq+0x50>)
 8002ac8:	fb03 f000 	mul.w	r0, r3, r0
 8002acc:	4770      	bx	lr
 8002ace:	bf00      	nop
 8002ad0:	40021000 	.word	0x40021000
 8002ad4:	007a1200 	.word	0x007a1200
 8002ad8:	08003eb4 	.word	0x08003eb4
 8002adc:	08003eb0 	.word	0x08003eb0
 8002ae0:	003d0900 	.word	0x003d0900

08002ae4 <HAL_RCC_ClockConfig>:
  if (RCC_ClkInitStruct == NULL)
 8002ae4:	2800      	cmp	r0, #0
 8002ae6:	f000 80a0 	beq.w	8002c2a <HAL_RCC_ClockConfig+0x146>
{
 8002aea:	b570      	push	{r4, r5, r6, lr}
 8002aec:	460d      	mov	r5, r1
 8002aee:	4604      	mov	r4, r0
  if (FLatency > __HAL_FLASH_GET_LATENCY())
 8002af0:	4b52      	ldr	r3, [pc, #328]	@ (8002c3c <HAL_RCC_ClockConfig+0x158>)
 8002af2:	681b      	ldr	r3, [r3, #0]
 8002af4:	f003 0307 	and.w	r3, r3, #7
 8002af8:	428b      	cmp	r3, r1
 8002afa:	d20b      	bcs.n	8002b14 <HAL_RCC_ClockConfig+0x30>
    __HAL_FLASH_SET_LATENCY(FLatency);
 8002afc:	4a4f      	ldr	r2, [pc, #316]	@ (8002c3c <HAL_RCC_ClockConfig+0x158>)
 8002afe:	6813      	ldr	r3, [r2, #0]
 8002b00:	f023 0307 	bic.w	r3, r3, #7
 8002b04:	430b      	orrs	r3, r1
 8002b06:	6013      	str	r3, [r2, #0]
    if (__HAL_FLASH_GET_LATENCY() != FLatency)
 8002b08:	6813      	ldr	r3, [r2, #0]
 8002b0a:	f003 0307 	and.w	r3, r3, #7
 8002b0e:	428b      	cmp	r3, r1
 8002b10:	f040 808d 	bne.w	8002c2e <HAL_RCC_ClockConfig+0x14a>
if (((RCC_ClkInitStruct->ClockType) & RCC_CLOCKTYPE_HCLK) == RCC_CLOCKTYPE_HCLK)
 8002b14:	6823      	ldr	r3, [r4, #0]
 8002b16:	f013 0f02 	tst.w	r3, #2
 8002b1a:	d017      	beq.n	8002b4c <HAL_RCC_ClockConfig+0x68>
    if (((RCC_ClkInitStruct->ClockType) & RCC_CLOCKTYPE_PCLK1) == RCC_CLOCKTYPE_PCLK1)
 8002b1c:	f013 0f04 	tst.w	r3, #4
 8002b20:	d004      	beq.n	8002b2c <HAL_RCC_ClockConfig+0x48>
      MODIFY_REG(RCC->CFGR, RCC_CFGR_PPRE1, RCC_HCLK_DIV16);
 8002b22:	4a47      	ldr	r2, [pc, #284]	@ (8002c40 <HAL_RCC_ClockConfig+0x15c>)
 8002b24:	6853      	ldr	r3, [r2, #4]
 8002b26:	f443 63e0 	orr.w	r3, r3, #1792	@ 0x700
 8002b2a:	6053      	str	r3, [r2, #4]
    if (((RCC_ClkInitStruct->ClockType) & RCC_CLOCKTYPE_PCLK2) == RCC_CLOCKTYPE_PCLK2)
 8002b2c:	6823      	ldr	r3, [r4, #0]
 8002b2e:	f013 0f08 	tst.w	r3, #8
 8002b32:	d004      	beq.n	8002b3e <HAL_RCC_ClockConfig+0x5a>
      MODIFY_REG(RCC->CFGR, RCC_CFGR_PPRE2, (RCC_HCLK_DIV16 << 3));
 8002b34:	4a42      	ldr	r2, [pc, #264]	@ (8002c40 <HAL_RCC_ClockConfig+0x15c>)
 8002b36:	6853      	ldr	r3, [r2, #4]
 8002b38:	f443 5360 	orr.w	r3, r3, #14336	@ 0x3800
 8002b3c:	6053      	str	r3, [r2, #4]
    MODIFY_REG(RCC->CFGR, RCC_CFGR_HPRE, RCC_ClkInitStruct->AHBCLKDivider);
 8002b3e:	4a40      	ldr	r2, [pc, #256]	@ (8002c40 <HAL_RCC_ClockConfig+0x15c>)
 8002b40:	6853      	ldr	r3, [r2, #4]
 8002b42:	f023 03f0 	bic.w	r3, r3, #240	@ 0xf0
 8002b46:	68a1      	ldr	r1, [r4, #8]
 8002b48:	430b      	orrs	r3, r1
 8002b4a:	6053      	str	r3, [r2, #4]
  if (((RCC_ClkInitStruct->ClockType) & RCC_CLOCKTYPE_SYSCLK) == RCC_CLOCKTYPE_SYSCLK)
 8002b4c:	6823      	ldr	r3, [r4, #0]
 8002b4e:	f013 0f01 	tst.w	r3, #1
 8002b52:	d031      	beq.n	8002bb8 <HAL_RCC_ClockConfig+0xd4>
    if (RCC_ClkInitStruct->SYSCLKSource == RCC_SYSCLKSOURCE_HSE)
 8002b54:	6863      	ldr	r3, [r4, #4]
 8002b56:	2b01      	cmp	r3, #1
 8002b58:	d020      	beq.n	8002b9c <HAL_RCC_ClockConfig+0xb8>
    else if (RCC_ClkInitStruct->SYSCLKSource == RCC_SYSCLKSOURCE_PLLCLK)
 8002b5a:	2b02      	cmp	r3, #2
 8002b5c:	d025      	beq.n	8002baa <HAL_RCC_ClockConfig+0xc6>
      if (__HAL_RCC_GET_FLAG(RCC_FLAG_HSIRDY) == RESET)
 8002b5e:	4a38      	ldr	r2, [pc, #224]	@ (8002c40 <HAL_RCC_ClockConfig+0x15c>)
 8002b60:	6812      	ldr	r2, [r2, #0]
 8002b62:	f012 0f02 	tst.w	r2, #2
 8002b66:	d064      	beq.n	8002c32 <HAL_RCC_ClockConfig+0x14e>
    __HAL_RCC_SYSCLK_CONFIG(RCC_ClkInitStruct->SYSCLKSource);
 8002b68:	4935      	ldr	r1, [pc, #212]	@ (8002c40 <HAL_RCC_ClockConfig+0x15c>)
 8002b6a:	684a      	ldr	r2, [r1, #4]
 8002b6c:	f022 0203 	bic.w	r2, r2, #3
 8002b70:	4313      	orrs	r3, r2
 8002b72:	604b      	str	r3, [r1, #4]
    tickstart = HAL_GetTick();
 8002b74:	f7fe ff34 	bl	80019e0 <HAL_GetTick>
 8002b78:	4606      	mov	r6, r0
    while (__HAL_RCC_GET_SYSCLK_SOURCE() != (RCC_ClkInitStruct->SYSCLKSource << RCC_CFGR_SWS_Pos))
 8002b7a:	4b31      	ldr	r3, [pc, #196]	@ (8002c40 <HAL_RCC_ClockConfig+0x15c>)
 8002b7c:	685b      	ldr	r3, [r3, #4]
 8002b7e:	f003 030c 	and.w	r3, r3, #12
 8002b82:	6862      	ldr	r2, [r4, #4]
 8002b84:	ebb3 0f82 	cmp.w	r3, r2, lsl #2
 8002b88:	d016      	beq.n	8002bb8 <HAL_RCC_ClockConfig+0xd4>
      if ((HAL_GetTick() - tickstart) > CLOCKSWITCH_TIMEOUT_VALUE)
 8002b8a:	f7fe ff29 	bl	80019e0 <HAL_GetTick>
 8002b8e:	1b80      	subs	r0, r0, r6
 8002b90:	f241 3388 	movw	r3, #5000	@ 0x1388
 8002b94:	4298      	cmp	r0, r3
 8002b96:	d9f0      	bls.n	8002b7a <HAL_RCC_ClockConfig+0x96>
        return HAL_TIMEOUT;
 8002b98:	2003      	movs	r0, #3
 8002b9a:	e045      	b.n	8002c28 <HAL_RCC_ClockConfig+0x144>
      if (__HAL_RCC_GET_FLAG(RCC_FLAG_HSERDY) == RESET)
 8002b9c:	4a28      	ldr	r2, [pc, #160]	@ (8002c40 <HAL_RCC_ClockConfig+0x15c>)
 8002b9e:	6812      	ldr	r2, [r2, #0]
 8002ba0:	f412 3f00 	tst.w	r2, #131072	@ 0x20000
 8002ba4:	d1e0      	bne.n	8002b68 <HAL_RCC_ClockConfig+0x84>
        return HAL_ERROR;
 8002ba6:	2001      	movs	r0, #1
 8002ba8:	e03e      	b.n	8002c28 <HAL_RCC_ClockConfig+0x144>
      if (__HAL_RCC_GET_FLAG(RCC_FLAG_PLLRDY) == RESET)
 8002baa:	4a25      	ldr	r2, [pc, #148]	@ (8002c40 <HAL_RCC_ClockConfig+0x15c>)
 8002bac:	6812      	ldr	r2, [r2, #0]
 8002bae:	f012 7f00 	tst.w	r2, #33554432	@ 0x2000000
 8002bb2:	d1d9      	bne.n	8002b68 <HAL_RCC_ClockConfig+0x84>
        return HAL_ERROR;
 8002bb4:	2001      	movs	r0, #1
 8002bb6:	e037      	b.n	8002c28 <HAL_RCC_ClockConfig+0x144>
  if (FLatency < __HAL_FLASH_GET_LATENCY())
 8002bb8:	4b20      	ldr	r3, [pc, #128]	@ (8002c3c <HAL_RCC_ClockConfig+0x158>)
 8002bba:	681b      	ldr	r3, [r3, #0]
 8002bbc:	f003 0307 	and.w	r3, r3, #7
 8002bc0:	42ab      	cmp	r3, r5
 8002bc2:	d90a      	bls.n	8002bda <HAL_RCC_ClockConfig+0xf6>
    __HAL_FLASH_SET_LATENCY(FLatency);
 8002bc4:	4a1d      	ldr	r2, [pc, #116]	@ (8002c3c <HAL_RCC_ClockConfig+0x158>)
 8002bc6:	6813      	ldr	r3, [r2, #0]
 8002bc8:	f023 0307 	bic.w	r3, r3, #7
 8002bcc:	432b      	orrs	r3, r5
 8002bce:	6013      	str	r3, [r2, #0]
    if (__HAL_FLASH_GET_LATENCY() != FLatency)
 8002bd0:	6813      	ldr	r3, [r2, #0]
 8002bd2:	f003 0307 	and.w	r3, r3, #7
 8002bd6:	42ab      	cmp	r3, r5
 8002bd8:	d12d      	bne.n	8002c36 <HAL_RCC_ClockConfig+0x152>
if (((RCC_ClkInitStruct->ClockType) & RCC_CLOCKTYPE_PCLK1) == RCC_CLOCKTYPE_PCLK1)
 8002bda:	6823      	ldr	r3, [r4, #0]
 8002bdc:	f013 0f04 	tst.w	r3, #4
 8002be0:	d006      	beq.n	8002bf0 <HAL_RCC_ClockConfig+0x10c>
    MODIFY_REG(RCC->CFGR, RCC_CFGR_PPRE1, RCC_ClkInitStruct->APB1CLKDivider);
 8002be2:	4a17      	ldr	r2, [pc, #92]	@ (8002c40 <HAL_RCC_ClockConfig+0x15c>)
 8002be4:	6853      	ldr	r3, [r2, #4]
 8002be6:	f423 63e0 	bic.w	r3, r3, #1792	@ 0x700
 8002bea:	68e1      	ldr	r1, [r4, #12]
 8002bec:	430b      	orrs	r3, r1
 8002bee:	6053      	str	r3, [r2, #4]
  if (((RCC_ClkInitStruct->ClockType) & RCC_CLOCKTYPE_PCLK2) == RCC_CLOCKTYPE_PCLK2)
 8002bf0:	6823      	ldr	r3, [r4, #0]
 8002bf2:	f013 0f08 	tst.w	r3, #8
 8002bf6:	d007      	beq.n	8002c08 <HAL_RCC_ClockConfig+0x124>
    MODIFY_REG(RCC->CFGR, RCC_CFGR_PPRE2, ((RCC_ClkInitStruct->APB2CLKDivider) << 3));
 8002bf8:	4a11      	ldr	r2, [pc, #68]	@ (8002c40 <HAL_RCC_ClockConfig+0x15c>)
 8002bfa:	6853      	ldr	r3, [r2, #4]
 8002bfc:	f423 5360 	bic.w	r3, r3, #14336	@ 0x3800
 8002c00:	6921      	ldr	r1, [r4, #16]
 8002c02:	ea43 03c1 	orr.w	r3, r3, r1, lsl #3
 8002c06:	6053      	str	r3, [r2, #4]
  SystemCoreClock = HAL_RCC_GetSysClockFreq() >> AHBPrescTable[(RCC->CFGR & RCC_CFGR_HPRE) >> RCC_CFGR_HPRE_Pos];
 8002c08:	f7ff ff42 	bl	8002a90 <HAL_RCC_GetSysClockFreq>
 8002c0c:	4b0c      	ldr	r3, [pc, #48]	@ (8002c40 <HAL_RCC_ClockConfig+0x15c>)
 8002c0e:	685b      	ldr	r3, [r3, #4]
 8002c10:	f3c3 1303 	ubfx	r3, r3, #4, #4
 8002c14:	4a0b      	ldr	r2, [pc, #44]	@ (8002c44 <HAL_RCC_ClockConfig+0x160>)
 8002c16:	5cd3      	ldrb	r3, [r2, r3]
 8002c18:	40d8      	lsrs	r0, r3
 8002c1a:	4b0b      	ldr	r3, [pc, #44]	@ (8002c48 <HAL_RCC_ClockConfig+0x164>)
 8002c1c:	6018      	str	r0, [r3, #0]
  HAL_InitTick(uwTickPrio);
 8002c1e:	4b0b      	ldr	r3, [pc, #44]	@ (8002c4c <HAL_RCC_ClockConfig+0x168>)
 8002c20:	6818      	ldr	r0, [r3, #0]
 8002c22:	f7fe fe99 	bl	8001958 <HAL_InitTick>
  return HAL_OK;
 8002c26:	2000      	movs	r0, #0
}
 8002c28:	bd70      	pop	{r4, r5, r6, pc}
    return HAL_ERROR;
 8002c2a:	2001      	movs	r0, #1
}
 8002c2c:	4770      	bx	lr
    return HAL_ERROR;
 8002c2e:	2001      	movs	r0, #1
 8002c30:	e7fa      	b.n	8002c28 <HAL_RCC_ClockConfig+0x144>
        return HAL_ERROR;
 8002c32:	2001      	movs	r0, #1
 8002c34:	e7f8      	b.n	8002c28 <HAL_RCC_ClockConfig+0x144>
    return HAL_ERROR;
 8002c36:	2001      	movs	r0, #1
 8002c38:	e7f6      	b.n	8002c28 <HAL_RCC_ClockConfig+0x144>
 8002c3a:	bf00      	nop
 8002c3c:	40022000 	.word	0x40022000
 8002c40:	40021000 	.word	0x40021000
 8002c44:	08003ea0 	.word	0x08003ea0
 8002c48:	20000004 	.word	0x20000004
 8002c4c:	2000000c 	.word	0x2000000c

08002c50 <HAL_RCC_GetHCLKFreq>:
}
 8002c50:	4b01      	ldr	r3, [pc, #4]	@ (8002c58 <HAL_RCC_GetHCLKFreq+0x8>)
 8002c52:	6818      	ldr	r0, [r3, #0]
 8002c54:	4770      	bx	lr
 8002c56:	bf00      	nop
 8002c58:	20000004 	.word	0x20000004

08002c5c <HAL_RCC_GetPCLK2Freq>:
{
 8002c5c:	b508      	push	{r3, lr}
  return (HAL_RCC_GetHCLKFreq() >> APBPrescTable[(RCC->CFGR & RCC_CFGR_PPRE2) >> RCC_CFGR_PPRE2_Pos]);
 8002c5e:	f7ff fff7 	bl	8002c50 <HAL_RCC_GetHCLKFreq>
 8002c62:	4b04      	ldr	r3, [pc, #16]	@ (8002c74 <HAL_RCC_GetPCLK2Freq+0x18>)
 8002c64:	685b      	ldr	r3, [r3, #4]
 8002c66:	f3c3 23c2 	ubfx	r3, r3, #11, #3
 8002c6a:	4a03      	ldr	r2, [pc, #12]	@ (8002c78 <HAL_RCC_GetPCLK2Freq+0x1c>)
 8002c6c:	5cd3      	ldrb	r3, [r2, r3]
}
 8002c6e:	40d8      	lsrs	r0, r3
 8002c70:	bd08      	pop	{r3, pc}
 8002c72:	bf00      	nop
 8002c74:	40021000 	.word	0x40021000
 8002c78:	08003e98 	.word	0x08003e98

08002c7c <HAL_RCCEx_PeriphCLKConfig>:
  *         manually disable it.
  *
  * @retval HAL status
  */
HAL_StatusTypeDef HAL_RCCEx_PeriphCLKConfig(RCC_PeriphCLKInitTypeDef  *PeriphClkInit)
{
 8002c7c:	b570      	push	{r4, r5, r6, lr}
 8002c7e:	b082      	sub	sp, #8
 8002c80:	4604      	mov	r4, r0

  /* Check the parameters */
  assert_param(IS_RCC_PERIPHCLOCK(PeriphClkInit->PeriphClockSelection));

  /*------------------------------- RTC/LCD Configuration ------------------------*/
  if ((((PeriphClkInit->PeriphClockSelection) & RCC_PERIPHCLK_RTC) == RCC_PERIPHCLK_RTC))
 8002c82:	6803      	ldr	r3, [r0, #0]
 8002c84:	f013 0f01 	tst.w	r3, #1
 8002c88:	d036      	beq.n	8002cf8 <HAL_RCCEx_PeriphCLKConfig+0x7c>
    assert_param(IS_RCC_RTCCLKSOURCE(PeriphClkInit->RTCClockSelection));

    /* As soon as function is called to change RTC clock source, activation of the
       power domain is done. */
    /* Requires to enable write access to Backup Domain of necessary */
    if (__HAL_RCC_PWR_IS_CLK_DISABLED())
 8002c8a:	4b3f      	ldr	r3, [pc, #252]	@ (8002d88 <HAL_RCCEx_PeriphCLKConfig+0x10c>)
 8002c8c:	69db      	ldr	r3, [r3, #28]
 8002c8e:	f013 5f80 	tst.w	r3, #268435456	@ 0x10000000
 8002c92:	d149      	bne.n	8002d28 <HAL_RCCEx_PeriphCLKConfig+0xac>
    {
      __HAL_RCC_PWR_CLK_ENABLE();
 8002c94:	4b3c      	ldr	r3, [pc, #240]	@ (8002d88 <HAL_RCCEx_PeriphCLKConfig+0x10c>)
 8002c96:	69da      	ldr	r2, [r3, #28]
 8002c98:	f042 5280 	orr.w	r2, r2, #268435456	@ 0x10000000
 8002c9c:	61da      	str	r2, [r3, #28]
 8002c9e:	69db      	ldr	r3, [r3, #28]
 8002ca0:	f003 5380 	and.w	r3, r3, #268435456	@ 0x10000000
 8002ca4:	9301      	str	r3, [sp, #4]
 8002ca6:	9b01      	ldr	r3, [sp, #4]
      pwrclkchanged = SET;
 8002ca8:	2501      	movs	r5, #1
    }

    if (HAL_IS_BIT_CLR(PWR->CR, PWR_CR_DBP))
 8002caa:	4b38      	ldr	r3, [pc, #224]	@ (8002d8c <HAL_RCCEx_PeriphCLKConfig+0x110>)
 8002cac:	681b      	ldr	r3, [r3, #0]
 8002cae:	f413 7f80 	tst.w	r3, #256	@ 0x100
 8002cb2:	d03b      	beq.n	8002d2c <HAL_RCCEx_PeriphCLKConfig+0xb0>
        }
      }
    }

    /* Reset the Backup domain only if the RTC Clock source selection is modified from reset value */
    temp_reg = (RCC->BDCR & RCC_BDCR_RTCSEL);
 8002cb4:	4b34      	ldr	r3, [pc, #208]	@ (8002d88 <HAL_RCCEx_PeriphCLKConfig+0x10c>)
 8002cb6:	6a1b      	ldr	r3, [r3, #32]
    if ((temp_reg != 0x00000000U) && (temp_reg != (PeriphClkInit->RTCClockSelection & RCC_BDCR_RTCSEL)))
 8002cb8:	f413 7340 	ands.w	r3, r3, #768	@ 0x300
 8002cbc:	d013      	beq.n	8002ce6 <HAL_RCCEx_PeriphCLKConfig+0x6a>
 8002cbe:	6862      	ldr	r2, [r4, #4]
 8002cc0:	f402 7240 	and.w	r2, r2, #768	@ 0x300
 8002cc4:	429a      	cmp	r2, r3
 8002cc6:	d00e      	beq.n	8002ce6 <HAL_RCCEx_PeriphCLKConfig+0x6a>
    {
      /* Store the content of BDCR register before the reset of Backup Domain */
      temp_reg = (RCC->BDCR & ~(RCC_BDCR_RTCSEL));
 8002cc8:	4a2f      	ldr	r2, [pc, #188]	@ (8002d88 <HAL_RCCEx_PeriphCLKConfig+0x10c>)
 8002cca:	6a13      	ldr	r3, [r2, #32]
 8002ccc:	f423 7040 	bic.w	r0, r3, #768	@ 0x300
      /* RTC Clock selection can be changed only if the Backup Domain is reset */
      __HAL_RCC_BACKUPRESET_FORCE();
 8002cd0:	492f      	ldr	r1, [pc, #188]	@ (8002d90 <HAL_RCCEx_PeriphCLKConfig+0x114>)
 8002cd2:	2601      	movs	r6, #1
 8002cd4:	f8c1 6440 	str.w	r6, [r1, #1088]	@ 0x440
      __HAL_RCC_BACKUPRESET_RELEASE();
 8002cd8:	2600      	movs	r6, #0
 8002cda:	f8c1 6440 	str.w	r6, [r1, #1088]	@ 0x440
      /* Restore the Content of BDCR register */
      RCC->BDCR = temp_reg;
 8002cde:	6210      	str	r0, [r2, #32]

      /* Wait for LSERDY if LSE was enabled */
      if (HAL_IS_BIT_SET(temp_reg, RCC_BDCR_LSEON))
 8002ce0:	f013 0f01 	tst.w	r3, #1
 8002ce4:	d136      	bne.n	8002d54 <HAL_RCCEx_PeriphCLKConfig+0xd8>
            return HAL_TIMEOUT;
          }
        }
      }
    }
    __HAL_RCC_RTC_CONFIG(PeriphClkInit->RTCClockSelection);
 8002ce6:	4a28      	ldr	r2, [pc, #160]	@ (8002d88 <HAL_RCCEx_PeriphCLKConfig+0x10c>)
 8002ce8:	6a13      	ldr	r3, [r2, #32]
 8002cea:	f423 7340 	bic.w	r3, r3, #768	@ 0x300
 8002cee:	6861      	ldr	r1, [r4, #4]
 8002cf0:	430b      	orrs	r3, r1
 8002cf2:	6213      	str	r3, [r2, #32]

    /* Require to disable power clock if necessary */
    if (pwrclkchanged == SET)
 8002cf4:	2d00      	cmp	r5, #0
 8002cf6:	d13e      	bne.n	8002d76 <HAL_RCCEx_PeriphCLKConfig+0xfa>
      __HAL_RCC_PWR_CLK_DISABLE();
    }
  }

  /*------------------------------ ADC clock Configuration ------------------*/
  if (((PeriphClkInit->PeriphClockSelection) & RCC_PERIPHCLK_ADC) == RCC_PERIPHCLK_ADC)
 8002cf8:	6823      	ldr	r3, [r4, #0]
 8002cfa:	f013 0f02 	tst.w	r3, #2
 8002cfe:	d006      	beq.n	8002d0e <HAL_RCCEx_PeriphCLKConfig+0x92>
  {
    /* Check the parameters */
    assert_param(IS_RCC_ADCPLLCLK_DIV(PeriphClkInit->AdcClockSelection));

    /* Configure the ADC clock source */
    __HAL_RCC_ADC_CONFIG(PeriphClkInit->AdcClockSelection);
 8002d00:	4a21      	ldr	r2, [pc, #132]	@ (8002d88 <HAL_RCCEx_PeriphCLKConfig+0x10c>)
 8002d02:	6853      	ldr	r3, [r2, #4]
 8002d04:	f423 4340 	bic.w	r3, r3, #49152	@ 0xc000
 8002d08:	68a1      	ldr	r1, [r4, #8]
 8002d0a:	430b      	orrs	r3, r1
 8002d0c:	6053      	str	r3, [r2, #4]

#if defined(STM32F102x6) || defined(STM32F102xB) || defined(STM32F103x6)\
 || defined(STM32F103xB) || defined(STM32F103xE) || defined(STM32F103xG)\
 || defined(STM32F105xC) || defined(STM32F107xC)
  /*------------------------------ USB clock Configuration ------------------*/
  if (((PeriphClkInit->PeriphClockSelection) & RCC_PERIPHCLK_USB) == RCC_PERIPHCLK_USB)
 8002d0e:	6823      	ldr	r3, [r4, #0]
 8002d10:	f013 0f10 	tst.w	r3, #16
 8002d14:	d034      	beq.n	8002d80 <HAL_RCCEx_PeriphCLKConfig+0x104>
  {
    /* Check the parameters */
    assert_param(IS_RCC_USBPLLCLK_DIV(PeriphClkInit->UsbClockSelection));

    /* Configure the USB clock source */
    __HAL_RCC_USB_CONFIG(PeriphClkInit->UsbClockSelection);
 8002d16:	4a1c      	ldr	r2, [pc, #112]	@ (8002d88 <HAL_RCCEx_PeriphCLKConfig+0x10c>)
 8002d18:	6853      	ldr	r3, [r2, #4]
 8002d1a:	f423 0380 	bic.w	r3, r3, #4194304	@ 0x400000
 8002d1e:	68e1      	ldr	r1, [r4, #12]
 8002d20:	430b      	orrs	r3, r1
 8002d22:	6053      	str	r3, [r2, #4]
  }
#endif /* STM32F102x6 || STM32F102xB || STM32F103x6 || STM32F103xB || STM32F103xE || STM32F103xG || STM32F105xC || STM32F107xC */

  return HAL_OK;
 8002d24:	2000      	movs	r0, #0
 8002d26:	e02c      	b.n	8002d82 <HAL_RCCEx_PeriphCLKConfig+0x106>
    FlagStatus pwrclkchanged = RESET;
 8002d28:	2500      	movs	r5, #0
 8002d2a:	e7be      	b.n	8002caa <HAL_RCCEx_PeriphCLKConfig+0x2e>
      SET_BIT(PWR->CR, PWR_CR_DBP);
 8002d2c:	4a17      	ldr	r2, [pc, #92]	@ (8002d8c <HAL_RCCEx_PeriphCLKConfig+0x110>)
 8002d2e:	6813      	ldr	r3, [r2, #0]
 8002d30:	f443 7380 	orr.w	r3, r3, #256	@ 0x100
 8002d34:	6013      	str	r3, [r2, #0]
      tickstart = HAL_GetTick();
 8002d36:	f7fe fe53 	bl	80019e0 <HAL_GetTick>
 8002d3a:	4606      	mov	r6, r0
      while (HAL_IS_BIT_CLR(PWR->CR, PWR_CR_DBP))
 8002d3c:	4b13      	ldr	r3, [pc, #76]	@ (8002d8c <HAL_RCCEx_PeriphCLKConfig+0x110>)
 8002d3e:	681b      	ldr	r3, [r3, #0]
 8002d40:	f413 7f80 	tst.w	r3, #256	@ 0x100
 8002d44:	d1b6      	bne.n	8002cb4 <HAL_RCCEx_PeriphCLKConfig+0x38>
        if ((HAL_GetTick() - tickstart) > RCC_DBP_TIMEOUT_VALUE)
 8002d46:	f7fe fe4b 	bl	80019e0 <HAL_GetTick>
 8002d4a:	1b80      	subs	r0, r0, r6
 8002d4c:	2864      	cmp	r0, #100	@ 0x64
 8002d4e:	d9f5      	bls.n	8002d3c <HAL_RCCEx_PeriphCLKConfig+0xc0>
          return HAL_TIMEOUT;
 8002d50:	2003      	movs	r0, #3
 8002d52:	e016      	b.n	8002d82 <HAL_RCCEx_PeriphCLKConfig+0x106>
        tickstart = HAL_GetTick();
 8002d54:	f7fe fe44 	bl	80019e0 <HAL_GetTick>
 8002d58:	4606      	mov	r6, r0
        while (__HAL_RCC_GET_FLAG(RCC_FLAG_LSERDY) == RESET)
 8002d5a:	4b0b      	ldr	r3, [pc, #44]	@ (8002d88 <HAL_RCCEx_PeriphCLKConfig+0x10c>)
 8002d5c:	6a1b      	ldr	r3, [r3, #32]
 8002d5e:	f013 0f02 	tst.w	r3, #2
 8002d62:	d1c0      	bne.n	8002ce6 <HAL_RCCEx_PeriphCLKConfig+0x6a>
          if ((HAL_GetTick() - tickstart) > RCC_LSE_TIMEOUT_VALUE)
 8002d64:	f7fe fe3c 	bl	80019e0 <HAL_GetTick>
 8002d68:	1b80      	subs	r0, r0, r6
 8002d6a:	f241 3388 	movw	r3, #5000	@ 0x1388
 8002d6e:	4298      	cmp	r0, r3
 8002d70:	d9f3      	bls.n	8002d5a <HAL_RCCEx_PeriphCLKConfig+0xde>
            return HAL_TIMEOUT;
 8002d72:	2003      	movs	r0, #3
 8002d74:	e005      	b.n	8002d82 <HAL_RCCEx_PeriphCLKConfig+0x106>
      __HAL_RCC_PWR_CLK_DISABLE();
 8002d76:	69d3      	ldr	r3, [r2, #28]
 8002d78:	f023 5380 	bic.w	r3, r3, #268435456	@ 0x10000000
 8002d7c:	61d3      	str	r3, [r2, #28]
 8002d7e:	e7bb      	b.n	8002cf8 <HAL_RCCEx_PeriphCLKConfig+0x7c>
  return HAL_OK;
 8002d80:	2000      	movs	r0, #0
}
 8002d82:	b002      	add	sp, #8
 8002d84:	bd70      	pop	{r4, r5, r6, pc}
 8002d86:	bf00      	nop
 8002d88:	40021000 	.word	0x40021000
 8002d8c:	40007000 	.word	0x40007000
 8002d90:	42420000 	.word	0x42420000

08002d94 <HAL_RCCEx_GetPeriphCLKFreq>:
  *            @arg @ref RCC_PERIPHCLK_USB  USB peripheral clock
  @endif
  * @retval Frequency in Hz (0: means that no available frequency for the peripheral)
  */
uint32_t HAL_RCCEx_GetPeriphCLKFreq(uint32_t PeriphClk)
{
 8002d94:	b508      	push	{r3, lr}
  uint32_t temp_reg = 0U, frequency = 0U;

  /* Check the parameters */
  assert_param(IS_RCC_PERIPHCLOCK(PeriphClk));

  switch (PeriphClk)
 8002d96:	2802      	cmp	r0, #2
 8002d98:	d04e      	beq.n	8002e38 <HAL_RCCEx_GetPeriphCLKFreq+0xa4>
 8002d9a:	2810      	cmp	r0, #16
 8002d9c:	d003      	beq.n	8002da6 <HAL_RCCEx_GetPeriphCLKFreq+0x12>
 8002d9e:	2801      	cmp	r0, #1
 8002da0:	d028      	beq.n	8002df4 <HAL_RCCEx_GetPeriphCLKFreq+0x60>
 8002da2:	2000      	movs	r0, #0
 8002da4:	e052      	b.n	8002e4c <HAL_RCCEx_GetPeriphCLKFreq+0xb8>
 || defined(STM32F103xB) || defined(STM32F103xE) || defined(STM32F103xG)\
 || defined(STM32F105xC) || defined(STM32F107xC)
    case RCC_PERIPHCLK_USB:
    {
      /* Get RCC configuration ------------------------------------------------------*/
      temp_reg = RCC->CFGR;
 8002da6:	4b2b      	ldr	r3, [pc, #172]	@ (8002e54 <HAL_RCCEx_GetPeriphCLKFreq+0xc0>)
 8002da8:	685a      	ldr	r2, [r3, #4]

      /* Check if PLL is enabled */
      if (HAL_IS_BIT_SET(RCC->CR, RCC_CR_PLLON))
 8002daa:	6818      	ldr	r0, [r3, #0]
 8002dac:	f010 7080 	ands.w	r0, r0, #16777216	@ 0x1000000
 8002db0:	d04c      	beq.n	8002e4c <HAL_RCCEx_GetPeriphCLKFreq+0xb8>
      {
        pllmul = aPLLMULFactorTable[(uint32_t)(temp_reg & RCC_CFGR_PLLMULL) >> RCC_CFGR_PLLMULL_Pos];
 8002db2:	f3c2 4383 	ubfx	r3, r2, #18, #4
 8002db6:	4928      	ldr	r1, [pc, #160]	@ (8002e58 <HAL_RCCEx_GetPeriphCLKFreq+0xc4>)
 8002db8:	5cc8      	ldrb	r0, [r1, r3]
        if ((temp_reg & RCC_CFGR_PLLSRC) != RCC_PLLSOURCE_HSI_DIV2)
 8002dba:	f412 3f80 	tst.w	r2, #65536	@ 0x10000
 8002dbe:	d015      	beq.n	8002dec <HAL_RCCEx_GetPeriphCLKFreq+0x58>
        {
#if defined(STM32F105xC) || defined(STM32F107xC) || defined(STM32F100xB)\
 || defined(STM32F100xE)
          prediv1 = aPredivFactorTable[(uint32_t)(RCC->CFGR2 & RCC_CFGR2_PREDIV1) >> RCC_CFGR2_PREDIV1_Pos];
#else
          prediv1 = aPredivFactorTable[(uint32_t)(RCC->CFGR & RCC_CFGR_PLLXTPRE) >> RCC_CFGR_PLLXTPRE_Pos];
 8002dc0:	4b24      	ldr	r3, [pc, #144]	@ (8002e54 <HAL_RCCEx_GetPeriphCLKFreq+0xc0>)
 8002dc2:	685b      	ldr	r3, [r3, #4]
 8002dc4:	f3c3 4340 	ubfx	r3, r3, #17, #1
 8002dc8:	4a24      	ldr	r2, [pc, #144]	@ (8002e5c <HAL_RCCEx_GetPeriphCLKFreq+0xc8>)
 8002dca:	5cd2      	ldrb	r2, [r2, r3]
          }
#else
          if ((temp_reg & RCC_CFGR_PLLSRC) != RCC_PLLSOURCE_HSI_DIV2)
          {
            /* HSE used as PLL clock source : PLLCLK = HSE/PREDIV1 * PLLMUL */
            pllclk = (uint32_t)((HSE_VALUE / prediv1) * pllmul);
 8002dcc:	4b24      	ldr	r3, [pc, #144]	@ (8002e60 <HAL_RCCEx_GetPeriphCLKFreq+0xcc>)
 8002dce:	fbb3 f3f2 	udiv	r3, r3, r2
 8002dd2:	fb03 f000 	mul.w	r0, r3, r0
          /* Prescaler of 3 selected for USB */
          frequency = (2 * pllclk) / 3;
        }
#else
        /* USBCLK = PLLCLK / USB prescaler */
        if (__HAL_RCC_GET_USB_SOURCE() == RCC_USBCLKSOURCE_PLL)
 8002dd6:	4b1f      	ldr	r3, [pc, #124]	@ (8002e54 <HAL_RCCEx_GetPeriphCLKFreq+0xc0>)
 8002dd8:	685b      	ldr	r3, [r3, #4]
 8002dda:	f413 0f80 	tst.w	r3, #4194304	@ 0x400000
 8002dde:	d135      	bne.n	8002e4c <HAL_RCCEx_GetPeriphCLKFreq+0xb8>
          frequency = pllclk;
        }
        else
        {
          /* Prescaler of 1.5 selected for USB */
          frequency = (pllclk * 2) / 3;
 8002de0:	0040      	lsls	r0, r0, #1
 8002de2:	4b20      	ldr	r3, [pc, #128]	@ (8002e64 <HAL_RCCEx_GetPeriphCLKFreq+0xd0>)
 8002de4:	fba3 3000 	umull	r3, r0, r3, r0
 8002de8:	0840      	lsrs	r0, r0, #1
 8002dea:	e02f      	b.n	8002e4c <HAL_RCCEx_GetPeriphCLKFreq+0xb8>
          pllclk = (uint32_t)((HSI_VALUE >> 1) * pllmul);
 8002dec:	4b1e      	ldr	r3, [pc, #120]	@ (8002e68 <HAL_RCCEx_GetPeriphCLKFreq+0xd4>)
 8002dee:	fb03 f000 	mul.w	r0, r3, r0
 8002df2:	e7f0      	b.n	8002dd6 <HAL_RCCEx_GetPeriphCLKFreq+0x42>
    }
#endif /* STM32F103xE || STM32F103xG || STM32F105xC || STM32F107xC */
    case RCC_PERIPHCLK_RTC:
    {
      /* Get RCC BDCR configuration ------------------------------------------------------*/
      temp_reg = RCC->BDCR;
 8002df4:	4b17      	ldr	r3, [pc, #92]	@ (8002e54 <HAL_RCCEx_GetPeriphCLKFreq+0xc0>)
 8002df6:	6a1b      	ldr	r3, [r3, #32]

      /* Check if LSE is ready if RTC clock selection is LSE */
      if (((temp_reg & RCC_BDCR_RTCSEL) == RCC_RTCCLKSOURCE_LSE) && (HAL_IS_BIT_SET(temp_reg, RCC_BDCR_LSERDY)))
 8002df8:	f240 3202 	movw	r2, #770	@ 0x302
 8002dfc:	401a      	ands	r2, r3
 8002dfe:	f5b2 7f81 	cmp.w	r2, #258	@ 0x102
 8002e02:	d024      	beq.n	8002e4e <HAL_RCCEx_GetPeriphCLKFreq+0xba>
      {
        frequency = LSE_VALUE;
      }
      /* Check if LSI is ready if RTC clock selection is LSI */
      else if (((temp_reg & RCC_BDCR_RTCSEL) == RCC_RTCCLKSOURCE_LSI) && (HAL_IS_BIT_SET(RCC->CSR, RCC_CSR_LSIRDY)))
 8002e04:	f403 7340 	and.w	r3, r3, #768	@ 0x300
 8002e08:	f5b3 7f00 	cmp.w	r3, #512	@ 0x200
 8002e0c:	d004      	beq.n	8002e18 <HAL_RCCEx_GetPeriphCLKFreq+0x84>
      {
        frequency = LSI_VALUE;
      }
      else if (((temp_reg & RCC_BDCR_RTCSEL) == RCC_RTCCLKSOURCE_HSE_DIV128) && (HAL_IS_BIT_SET(RCC->CR, RCC_CR_HSERDY)))
 8002e0e:	f5b3 7f40 	cmp.w	r3, #768	@ 0x300
 8002e12:	d009      	beq.n	8002e28 <HAL_RCCEx_GetPeriphCLKFreq+0x94>
  uint32_t temp_reg = 0U, frequency = 0U;
 8002e14:	2000      	movs	r0, #0
 8002e16:	e019      	b.n	8002e4c <HAL_RCCEx_GetPeriphCLKFreq+0xb8>
      else if (((temp_reg & RCC_BDCR_RTCSEL) == RCC_RTCCLKSOURCE_LSI) && (HAL_IS_BIT_SET(RCC->CSR, RCC_CSR_LSIRDY)))
 8002e18:	4a0e      	ldr	r2, [pc, #56]	@ (8002e54 <HAL_RCCEx_GetPeriphCLKFreq+0xc0>)
 8002e1a:	6a52      	ldr	r2, [r2, #36]	@ 0x24
 8002e1c:	f012 0f02 	tst.w	r2, #2
 8002e20:	d0f5      	beq.n	8002e0e <HAL_RCCEx_GetPeriphCLKFreq+0x7a>
        frequency = LSI_VALUE;
 8002e22:	f649 4040 	movw	r0, #40000	@ 0x9c40
 8002e26:	e011      	b.n	8002e4c <HAL_RCCEx_GetPeriphCLKFreq+0xb8>
      else if (((temp_reg & RCC_BDCR_RTCSEL) == RCC_RTCCLKSOURCE_HSE_DIV128) && (HAL_IS_BIT_SET(RCC->CR, RCC_CR_HSERDY)))
 8002e28:	4b0a      	ldr	r3, [pc, #40]	@ (8002e54 <HAL_RCCEx_GetPeriphCLKFreq+0xc0>)
 8002e2a:	6818      	ldr	r0, [r3, #0]
 8002e2c:	f410 3000 	ands.w	r0, r0, #131072	@ 0x20000
 8002e30:	d00c      	beq.n	8002e4c <HAL_RCCEx_GetPeriphCLKFreq+0xb8>
      {
        frequency = HSE_VALUE / 128U;
 8002e32:	f24f 4024 	movw	r0, #62500	@ 0xf424
    default:
    {
      break;
    }
  }
  return (frequency);
 8002e36:	e009      	b.n	8002e4c <HAL_RCCEx_GetPeriphCLKFreq+0xb8>
      frequency = HAL_RCC_GetPCLK2Freq() / (((__HAL_RCC_GET_ADC_SOURCE() >> RCC_CFGR_ADCPRE_Pos) + 1) * 2);
 8002e38:	f7ff ff10 	bl	8002c5c <HAL_RCC_GetPCLK2Freq>
 8002e3c:	4b05      	ldr	r3, [pc, #20]	@ (8002e54 <HAL_RCCEx_GetPeriphCLKFreq+0xc0>)
 8002e3e:	685b      	ldr	r3, [r3, #4]
 8002e40:	f3c3 3381 	ubfx	r3, r3, #14, #2
 8002e44:	3301      	adds	r3, #1
 8002e46:	005b      	lsls	r3, r3, #1
 8002e48:	fbb0 f0f3 	udiv	r0, r0, r3
}
 8002e4c:	bd08      	pop	{r3, pc}
        frequency = LSE_VALUE;
 8002e4e:	f44f 4000 	mov.w	r0, #32768	@ 0x8000
 8002e52:	e7fb      	b.n	8002e4c <HAL_RCCEx_GetPeriphCLKFreq+0xb8>
 8002e54:	40021000 	.word	0x40021000
 8002e58:	08003ec8 	.word	0x08003ec8
 8002e5c:	08003ec4 	.word	0x08003ec4
 8002e60:	007a1200 	.word	0x007a1200
 8002e64:	aaaaaaab 	.word	0xaaaaaaab
 8002e68:	003d0900 	.word	0x003d0900

08002e6c <SPI_WaitFlagStateUntilTimeout>:
  * @param  Tickstart tick start value
  * @retval HAL status
  */
static HAL_StatusTypeDef SPI_WaitFlagStateUntilTimeout(SPI_HandleTypeDef *hspi, uint32_t Flag, FlagStatus State,
                                                       uint32_t Timeout, uint32_t Tickstart)
{
 8002e6c:	e92d 47f0 	stmdb	sp!, {r4, r5, r6, r7, r8, r9, sl, lr}
 8002e70:	b082      	sub	sp, #8
 8002e72:	4605      	mov	r5, r0
 8002e74:	4688      	mov	r8, r1
 8002e76:	4617      	mov	r7, r2
 8002e78:	461e      	mov	r6, r3
  __IO uint32_t count;
  uint32_t tmp_timeout;
  uint32_t tmp_tickstart;

  /* Adjust Timeout value  in case of end of transfer */
  tmp_timeout   = Timeout - (HAL_GetTick() - Tickstart);
 8002e7a:	f7fe fdb1 	bl	80019e0 <HAL_GetTick>
 8002e7e:	9b0a      	ldr	r3, [sp, #40]	@ 0x28
 8002e80:	1a1b      	subs	r3, r3, r0
 8002e82:	eb03 0906 	add.w	r9, r3, r6
  tmp_tickstart = HAL_GetTick();
 8002e86:	f7fe fdab 	bl	80019e0 <HAL_GetTick>
 8002e8a:	4682      	mov	sl, r0

  /* Calculate Timeout based on a software loop to avoid blocking issue if Systick is disabled */
  count = tmp_timeout * ((SystemCoreClock * 32U) >> 20U);
 8002e8c:	4b28      	ldr	r3, [pc, #160]	@ (8002f30 <SPI_WaitFlagStateUntilTimeout+0xc4>)
 8002e8e:	681b      	ldr	r3, [r3, #0]
 8002e90:	f3c3 33cb 	ubfx	r3, r3, #15, #12
 8002e94:	fb09 f303 	mul.w	r3, r9, r3
 8002e98:	9301      	str	r3, [sp, #4]

  while ((__HAL_SPI_GET_FLAG(hspi, Flag) ? SET : RESET) != State)
 8002e9a:	682b      	ldr	r3, [r5, #0]
 8002e9c:	689c      	ldr	r4, [r3, #8]
 8002e9e:	ea38 0404 	bics.w	r4, r8, r4
 8002ea2:	bf0c      	ite	eq
 8002ea4:	2301      	moveq	r3, #1
 8002ea6:	2300      	movne	r3, #0
 8002ea8:	42bb      	cmp	r3, r7
 8002eaa:	d03d      	beq.n	8002f28 <SPI_WaitFlagStateUntilTimeout+0xbc>
  {
    if (Timeout != HAL_MAX_DELAY)
 8002eac:	f1b6 3fff 	cmp.w	r6, #4294967295
 8002eb0:	d0f3      	beq.n	8002e9a <SPI_WaitFlagStateUntilTimeout+0x2e>
    {
      if (((HAL_GetTick() - tmp_tickstart) >= tmp_timeout) || (tmp_timeout == 0U))
 8002eb2:	f7fe fd95 	bl	80019e0 <HAL_GetTick>
 8002eb6:	eba0 000a 	sub.w	r0, r0, sl
 8002eba:	4548      	cmp	r0, r9
 8002ebc:	d207      	bcs.n	8002ece <SPI_WaitFlagStateUntilTimeout+0x62>
        __HAL_UNLOCK(hspi);

        return HAL_TIMEOUT;
      }
      /* If Systick is disabled or not incremented, deactivate timeout to go in disable loop procedure */
      if (count == 0U)
 8002ebe:	9a01      	ldr	r2, [sp, #4]
 8002ec0:	b102      	cbz	r2, 8002ec4 <SPI_WaitFlagStateUntilTimeout+0x58>
 8002ec2:	464a      	mov	r2, r9
      {
        tmp_timeout = 0U;
      }
      count--;
 8002ec4:	9b01      	ldr	r3, [sp, #4]
 8002ec6:	3b01      	subs	r3, #1
 8002ec8:	9301      	str	r3, [sp, #4]
 8002eca:	4691      	mov	r9, r2
 8002ecc:	e7e5      	b.n	8002e9a <SPI_WaitFlagStateUntilTimeout+0x2e>
        __HAL_SPI_DISABLE_IT(hspi, (SPI_IT_TXE | SPI_IT_RXNE | SPI_IT_ERR));
 8002ece:	682a      	ldr	r2, [r5, #0]
 8002ed0:	6853      	ldr	r3, [r2, #4]
 8002ed2:	f023 03e0 	bic.w	r3, r3, #224	@ 0xe0
 8002ed6:	6053      	str	r3, [r2, #4]
        if ((hspi->Init.Mode == SPI_MODE_MASTER) && ((hspi->Init.Direction == SPI_DIRECTION_1LINE)
 8002ed8:	686b      	ldr	r3, [r5, #4]
 8002eda:	f5b3 7f82 	cmp.w	r3, #260	@ 0x104
 8002ede:	d00b      	beq.n	8002ef8 <SPI_WaitFlagStateUntilTimeout+0x8c>
        if (hspi->Init.CRCCalculation == SPI_CRCCALCULATION_ENABLE)
 8002ee0:	6aab      	ldr	r3, [r5, #40]	@ 0x28
 8002ee2:	f5b3 5f00 	cmp.w	r3, #8192	@ 0x2000
 8002ee6:	d014      	beq.n	8002f12 <SPI_WaitFlagStateUntilTimeout+0xa6>
        hspi->State = HAL_SPI_STATE_READY;
 8002ee8:	2301      	movs	r3, #1
 8002eea:	f885 3051 	strb.w	r3, [r5, #81]	@ 0x51
        __HAL_UNLOCK(hspi);
 8002eee:	2300      	movs	r3, #0
 8002ef0:	f885 3050 	strb.w	r3, [r5, #80]	@ 0x50
        return HAL_TIMEOUT;
 8002ef4:	2003      	movs	r0, #3
 8002ef6:	e018      	b.n	8002f2a <SPI_WaitFlagStateUntilTimeout+0xbe>
        if ((hspi->Init.Mode == SPI_MODE_MASTER) && ((hspi->Init.Direction == SPI_DIRECTION_1LINE)
 8002ef8:	68ab      	ldr	r3, [r5, #8]
 8002efa:	f5b3 4f00 	cmp.w	r3, #32768	@ 0x8000
 8002efe:	d002      	beq.n	8002f06 <SPI_WaitFlagStateUntilTimeout+0x9a>
                                                     || (hspi->Init.Direction == SPI_DIRECTION_2LINES_RXONLY)))
 8002f00:	f5b3 6f80 	cmp.w	r3, #1024	@ 0x400
 8002f04:	d1ec      	bne.n	8002ee0 <SPI_WaitFlagStateUntilTimeout+0x74>
          __HAL_SPI_DISABLE(hspi);
 8002f06:	682a      	ldr	r2, [r5, #0]
 8002f08:	6813      	ldr	r3, [r2, #0]
 8002f0a:	f023 0340 	bic.w	r3, r3, #64	@ 0x40
 8002f0e:	6013      	str	r3, [r2, #0]
 8002f10:	e7e6      	b.n	8002ee0 <SPI_WaitFlagStateUntilTimeout+0x74>
          SPI_RESET_CRC(hspi);
 8002f12:	682a      	ldr	r2, [r5, #0]
 8002f14:	6813      	ldr	r3, [r2, #0]
 8002f16:	f423 5300 	bic.w	r3, r3, #8192	@ 0x2000
 8002f1a:	6013      	str	r3, [r2, #0]
 8002f1c:	682a      	ldr	r2, [r5, #0]
 8002f1e:	6813      	ldr	r3, [r2, #0]
 8002f20:	f443 5300 	orr.w	r3, r3, #8192	@ 0x2000
 8002f24:	6013      	str	r3, [r2, #0]
 8002f26:	e7df      	b.n	8002ee8 <SPI_WaitFlagStateUntilTimeout+0x7c>
    }
  }

  return HAL_OK;
 8002f28:	2000      	movs	r0, #0
}
 8002f2a:	b002      	add	sp, #8
 8002f2c:	e8bd 87f0 	ldmia.w	sp!, {r4, r5, r6, r7, r8, r9, sl, pc}
 8002f30:	20000004 	.word	0x20000004

08002f34 <SPI_EndRxTxTransaction>:
  * @param  Timeout Timeout duration
  * @param  Tickstart tick start value
  * @retval HAL status
  */
static HAL_StatusTypeDef SPI_EndRxTxTransaction(SPI_HandleTypeDef *hspi, uint32_t Timeout, uint32_t Tickstart)
{
 8002f34:	b510      	push	{r4, lr}
 8002f36:	b082      	sub	sp, #8
 8002f38:	4604      	mov	r4, r0
 8002f3a:	460b      	mov	r3, r1
  /* Control the BSY flag */
  if (SPI_WaitFlagStateUntilTimeout(hspi, SPI_FLAG_BSY, RESET, Timeout, Tickstart) != HAL_OK)
 8002f3c:	9200      	str	r2, [sp, #0]
 8002f3e:	2200      	movs	r2, #0
 8002f40:	2180      	movs	r1, #128	@ 0x80
 8002f42:	f7ff ff93 	bl	8002e6c <SPI_WaitFlagStateUntilTimeout>
 8002f46:	b908      	cbnz	r0, 8002f4c <SPI_EndRxTxTransaction+0x18>
  {
    SET_BIT(hspi->ErrorCode, HAL_SPI_ERROR_FLAG);
    return HAL_TIMEOUT;
  }
  return HAL_OK;
}
 8002f48:	b002      	add	sp, #8
 8002f4a:	bd10      	pop	{r4, pc}
    SET_BIT(hspi->ErrorCode, HAL_SPI_ERROR_FLAG);
 8002f4c:	6d63      	ldr	r3, [r4, #84]	@ 0x54
 8002f4e:	f043 0320 	orr.w	r3, r3, #32
 8002f52:	6563      	str	r3, [r4, #84]	@ 0x54
    return HAL_TIMEOUT;
 8002f54:	2003      	movs	r0, #3
 8002f56:	e7f7      	b.n	8002f48 <SPI_EndRxTxTransaction+0x14>

08002f58 <HAL_SPI_Init>:
  if (hspi == NULL)
 8002f58:	2800      	cmp	r0, #0
 8002f5a:	d056      	beq.n	800300a <HAL_SPI_Init+0xb2>
{
 8002f5c:	b510      	push	{r4, lr}
 8002f5e:	4604      	mov	r4, r0
  if (hspi->Init.TIMode == SPI_TIMODE_DISABLE)
 8002f60:	6a43      	ldr	r3, [r0, #36]	@ 0x24
 8002f62:	b933      	cbnz	r3, 8002f72 <HAL_SPI_Init+0x1a>
    if (hspi->Init.Mode == SPI_MODE_MASTER)
 8002f64:	6843      	ldr	r3, [r0, #4]
 8002f66:	f5b3 7f82 	cmp.w	r3, #260	@ 0x104
 8002f6a:	d005      	beq.n	8002f78 <HAL_SPI_Init+0x20>
      hspi->Init.BaudRatePrescaler = SPI_BAUDRATEPRESCALER_2;
 8002f6c:	2300      	movs	r3, #0
 8002f6e:	61c3      	str	r3, [r0, #28]
 8002f70:	e002      	b.n	8002f78 <HAL_SPI_Init+0x20>
    hspi->Init.CLKPolarity = SPI_POLARITY_LOW;
 8002f72:	2300      	movs	r3, #0
 8002f74:	6103      	str	r3, [r0, #16]
    hspi->Init.CLKPhase    = SPI_PHASE_1EDGE;
 8002f76:	6143      	str	r3, [r0, #20]
  hspi->Init.CRCCalculation = SPI_CRCCALCULATION_DISABLE;
 8002f78:	2300      	movs	r3, #0
 8002f7a:	62a3      	str	r3, [r4, #40]	@ 0x28
  if (hspi->State == HAL_SPI_STATE_RESET)
 8002f7c:	f894 3051 	ldrb.w	r3, [r4, #81]	@ 0x51
 8002f80:	2b00      	cmp	r3, #0
 8002f82:	d03c      	beq.n	8002ffe <HAL_SPI_Init+0xa6>
  hspi->State = HAL_SPI_STATE_BUSY;
 8002f84:	2302      	movs	r3, #2
 8002f86:	f884 3051 	strb.w	r3, [r4, #81]	@ 0x51
  __HAL_SPI_DISABLE(hspi);
 8002f8a:	6822      	ldr	r2, [r4, #0]
 8002f8c:	6813      	ldr	r3, [r2, #0]
 8002f8e:	f023 0340 	bic.w	r3, r3, #64	@ 0x40
 8002f92:	6013      	str	r3, [r2, #0]
  WRITE_REG(hspi->Instance->CR1, ((hspi->Init.Mode & (SPI_CR1_MSTR | SPI_CR1_SSI)) |
 8002f94:	6863      	ldr	r3, [r4, #4]
 8002f96:	f403 7382 	and.w	r3, r3, #260	@ 0x104
 8002f9a:	68a2      	ldr	r2, [r4, #8]
 8002f9c:	f402 4204 	and.w	r2, r2, #33792	@ 0x8400
 8002fa0:	4313      	orrs	r3, r2
 8002fa2:	68e2      	ldr	r2, [r4, #12]
 8002fa4:	f402 6200 	and.w	r2, r2, #2048	@ 0x800
 8002fa8:	4313      	orrs	r3, r2
 8002faa:	6922      	ldr	r2, [r4, #16]
 8002fac:	f002 0202 	and.w	r2, r2, #2
 8002fb0:	4313      	orrs	r3, r2
 8002fb2:	6962      	ldr	r2, [r4, #20]
 8002fb4:	f002 0201 	and.w	r2, r2, #1
 8002fb8:	4313      	orrs	r3, r2
 8002fba:	69a2      	ldr	r2, [r4, #24]
 8002fbc:	f402 7200 	and.w	r2, r2, #512	@ 0x200
 8002fc0:	4313      	orrs	r3, r2
 8002fc2:	69e2      	ldr	r2, [r4, #28]
 8002fc4:	f002 0238 	and.w	r2, r2, #56	@ 0x38
 8002fc8:	4313      	orrs	r3, r2
 8002fca:	6a22      	ldr	r2, [r4, #32]
 8002fcc:	f002 0280 	and.w	r2, r2, #128	@ 0x80
 8002fd0:	4313      	orrs	r3, r2
 8002fd2:	6aa2      	ldr	r2, [r4, #40]	@ 0x28
 8002fd4:	f402 5200 	and.w	r2, r2, #8192	@ 0x2000
 8002fd8:	6821      	ldr	r1, [r4, #0]
 8002fda:	4313      	orrs	r3, r2
 8002fdc:	600b      	str	r3, [r1, #0]
  WRITE_REG(hspi->Instance->CR2, ((hspi->Init.NSS >> 16U) & SPI_CR2_SSOE));
 8002fde:	8b63      	ldrh	r3, [r4, #26]
 8002fe0:	6822      	ldr	r2, [r4, #0]
 8002fe2:	f003 0304 	and.w	r3, r3, #4
 8002fe6:	6053      	str	r3, [r2, #4]
  CLEAR_BIT(hspi->Instance->I2SCFGR, SPI_I2SCFGR_I2SMOD);
 8002fe8:	6822      	ldr	r2, [r4, #0]
 8002fea:	69d3      	ldr	r3, [r2, #28]
 8002fec:	f423 6300 	bic.w	r3, r3, #2048	@ 0x800
 8002ff0:	61d3      	str	r3, [r2, #28]
  hspi->ErrorCode = HAL_SPI_ERROR_NONE;
 8002ff2:	2000      	movs	r0, #0
 8002ff4:	6560      	str	r0, [r4, #84]	@ 0x54
  hspi->State     = HAL_SPI_STATE_READY;
 8002ff6:	2301      	movs	r3, #1
 8002ff8:	f884 3051 	strb.w	r3, [r4, #81]	@ 0x51
}
 8002ffc:	bd10      	pop	{r4, pc}
    hspi->Lock = HAL_UNLOCKED;
 8002ffe:	f884 3050 	strb.w	r3, [r4, #80]	@ 0x50
    HAL_SPI_MspInit(hspi);
 8003002:	4620      	mov	r0, r4
 8003004:	f7fe f9f0 	bl	80013e8 <HAL_SPI_MspInit>
 8003008:	e7bc      	b.n	8002f84 <HAL_SPI_Init+0x2c>
    return HAL_ERROR;
 800300a:	2001      	movs	r0, #1
}
 800300c:	4770      	bx	lr
	...

08003010 <HAL_SPI_TransmitReceive_IT>:
{
 8003010:	4684      	mov	ip, r0
  __HAL_LOCK(hspi);
 8003012:	f890 0050 	ldrb.w	r0, [r0, #80]	@ 0x50
 8003016:	2801      	cmp	r0, #1
 8003018:	d064      	beq.n	80030e4 <HAL_SPI_TransmitReceive_IT+0xd4>
{
 800301a:	b410      	push	{r4}
  __HAL_LOCK(hspi);
 800301c:	2001      	movs	r0, #1
 800301e:	f88c 0050 	strb.w	r0, [ip, #80]	@ 0x50
  tmp_state           = hspi->State;
 8003022:	f89c 0051 	ldrb.w	r0, [ip, #81]	@ 0x51
 8003026:	b2c0      	uxtb	r0, r0
  tmp_mode            = hspi->Init.Mode;
 8003028:	f8dc 4004 	ldr.w	r4, [ip, #4]
  if (!((tmp_state == HAL_SPI_STATE_READY) || \
 800302c:	2801      	cmp	r0, #1
 800302e:	d008      	beq.n	8003042 <HAL_SPI_TransmitReceive_IT+0x32>
 8003030:	f5b4 7f82 	cmp.w	r4, #260	@ 0x104
 8003034:	d144      	bne.n	80030c0 <HAL_SPI_TransmitReceive_IT+0xb0>
        ((tmp_mode == SPI_MODE_MASTER) && (hspi->Init.Direction == SPI_DIRECTION_2LINES) && (tmp_state == HAL_SPI_STATE_BUSY_RX))))
 8003036:	f8dc 4008 	ldr.w	r4, [ip, #8]
 800303a:	2c00      	cmp	r4, #0
 800303c:	d146      	bne.n	80030cc <HAL_SPI_TransmitReceive_IT+0xbc>
 800303e:	2804      	cmp	r0, #4
 8003040:	d146      	bne.n	80030d0 <HAL_SPI_TransmitReceive_IT+0xc0>
  if ((pTxData == NULL) || (pRxData == NULL) || (Size == 0U))
 8003042:	2900      	cmp	r1, #0
 8003044:	d046      	beq.n	80030d4 <HAL_SPI_TransmitReceive_IT+0xc4>
 8003046:	2a00      	cmp	r2, #0
 8003048:	d046      	beq.n	80030d8 <HAL_SPI_TransmitReceive_IT+0xc8>
 800304a:	2b00      	cmp	r3, #0
 800304c:	d046      	beq.n	80030dc <HAL_SPI_TransmitReceive_IT+0xcc>
  if (hspi->State != HAL_SPI_STATE_BUSY_RX)
 800304e:	f89c 0051 	ldrb.w	r0, [ip, #81]	@ 0x51
 8003052:	b2c0      	uxtb	r0, r0
 8003054:	2804      	cmp	r0, #4
 8003056:	d002      	beq.n	800305e <HAL_SPI_TransmitReceive_IT+0x4e>
    hspi->State = HAL_SPI_STATE_BUSY_TX_RX;
 8003058:	2005      	movs	r0, #5
 800305a:	f88c 0051 	strb.w	r0, [ip, #81]	@ 0x51
  hspi->ErrorCode   = HAL_SPI_ERROR_NONE;
 800305e:	2000      	movs	r0, #0
 8003060:	f8cc 0054 	str.w	r0, [ip, #84]	@ 0x54
  hspi->pTxBuffPtr  = (uint8_t *)pTxData;
 8003064:	f8cc 1030 	str.w	r1, [ip, #48]	@ 0x30
  hspi->TxXferSize  = Size;
 8003068:	f8ac 3034 	strh.w	r3, [ip, #52]	@ 0x34
  hspi->TxXferCount = Size;
 800306c:	f8ac 3036 	strh.w	r3, [ip, #54]	@ 0x36
  hspi->pRxBuffPtr  = (uint8_t *)pRxData;
 8003070:	f8cc 2038 	str.w	r2, [ip, #56]	@ 0x38
  hspi->RxXferSize  = Size;
 8003074:	f8ac 303c 	strh.w	r3, [ip, #60]	@ 0x3c
  hspi->RxXferCount = Size;
 8003078:	f8ac 303e 	strh.w	r3, [ip, #62]	@ 0x3e
  if (hspi->Init.DataSize > SPI_DATASIZE_8BIT)
 800307c:	f8dc 300c 	ldr.w	r3, [ip, #12]
 8003080:	b1bb      	cbz	r3, 80030b2 <HAL_SPI_TransmitReceive_IT+0xa2>
    hspi->RxISR     = SPI_2linesRxISR_16BIT;
 8003082:	4b19      	ldr	r3, [pc, #100]	@ (80030e8 <HAL_SPI_TransmitReceive_IT+0xd8>)
 8003084:	f8cc 3040 	str.w	r3, [ip, #64]	@ 0x40
    hspi->TxISR     = SPI_2linesTxISR_16BIT;
 8003088:	4b18      	ldr	r3, [pc, #96]	@ (80030ec <HAL_SPI_TransmitReceive_IT+0xdc>)
 800308a:	f8cc 3044 	str.w	r3, [ip, #68]	@ 0x44
  __HAL_SPI_ENABLE_IT(hspi, (SPI_IT_TXE | SPI_IT_RXNE | SPI_IT_ERR));
 800308e:	f8dc 2000 	ldr.w	r2, [ip]
 8003092:	6853      	ldr	r3, [r2, #4]
 8003094:	f043 03e0 	orr.w	r3, r3, #224	@ 0xe0
 8003098:	6053      	str	r3, [r2, #4]
  if ((hspi->Instance->CR1 & SPI_CR1_SPE) != SPI_CR1_SPE)
 800309a:	f8dc 3000 	ldr.w	r3, [ip]
 800309e:	681a      	ldr	r2, [r3, #0]
 80030a0:	f012 0f40 	tst.w	r2, #64	@ 0x40
 80030a4:	d11c      	bne.n	80030e0 <HAL_SPI_TransmitReceive_IT+0xd0>
    __HAL_SPI_ENABLE(hspi);
 80030a6:	681a      	ldr	r2, [r3, #0]
 80030a8:	f042 0240 	orr.w	r2, r2, #64	@ 0x40
 80030ac:	601a      	str	r2, [r3, #0]
  HAL_StatusTypeDef    errorcode = HAL_OK;
 80030ae:	2000      	movs	r0, #0
 80030b0:	e007      	b.n	80030c2 <HAL_SPI_TransmitReceive_IT+0xb2>
    hspi->RxISR     = SPI_2linesRxISR_8BIT;
 80030b2:	4b0f      	ldr	r3, [pc, #60]	@ (80030f0 <HAL_SPI_TransmitReceive_IT+0xe0>)
 80030b4:	f8cc 3040 	str.w	r3, [ip, #64]	@ 0x40
    hspi->TxISR     = SPI_2linesTxISR_8BIT;
 80030b8:	4b0e      	ldr	r3, [pc, #56]	@ (80030f4 <HAL_SPI_TransmitReceive_IT+0xe4>)
 80030ba:	f8cc 3044 	str.w	r3, [ip, #68]	@ 0x44
 80030be:	e7e6      	b.n	800308e <HAL_SPI_TransmitReceive_IT+0x7e>
    errorcode = HAL_BUSY;
 80030c0:	2002      	movs	r0, #2
  __HAL_UNLOCK(hspi);
 80030c2:	2300      	movs	r3, #0
 80030c4:	f88c 3050 	strb.w	r3, [ip, #80]	@ 0x50
}
 80030c8:	bc10      	pop	{r4}
 80030ca:	4770      	bx	lr
    errorcode = HAL_BUSY;
 80030cc:	2002      	movs	r0, #2
 80030ce:	e7f8      	b.n	80030c2 <HAL_SPI_TransmitReceive_IT+0xb2>
 80030d0:	2002      	movs	r0, #2
 80030d2:	e7f6      	b.n	80030c2 <HAL_SPI_TransmitReceive_IT+0xb2>
    errorcode = HAL_ERROR;
 80030d4:	2001      	movs	r0, #1
 80030d6:	e7f4      	b.n	80030c2 <HAL_SPI_TransmitReceive_IT+0xb2>
 80030d8:	2001      	movs	r0, #1
 80030da:	e7f2      	b.n	80030c2 <HAL_SPI_TransmitReceive_IT+0xb2>
 80030dc:	2001      	movs	r0, #1
 80030de:	e7f0      	b.n	80030c2 <HAL_SPI_TransmitReceive_IT+0xb2>
  HAL_StatusTypeDef    errorcode = HAL_OK;
 80030e0:	2000      	movs	r0, #0
 80030e2:	e7ee      	b.n	80030c2 <HAL_SPI_TransmitReceive_IT+0xb2>
  __HAL_LOCK(hspi);
 80030e4:	2002      	movs	r0, #2
}
 80030e6:	4770      	bx	lr
 80030e8:	08003255 	.word	0x08003255
 80030ec:	0800321d 	.word	0x0800321d
 80030f0:	080031e5 	.word	0x080031e5
 80030f4:	080031ad 	.word	0x080031ad

080030f8 <HAL_SPI_RxCpltCallback>:
}
 80030f8:	4770      	bx	lr

080030fa <HAL_SPI_ErrorCallback>:
}
 80030fa:	4770      	bx	lr

080030fc <SPI_CloseRxTx_ISR>:
  * @param  hspi pointer to a SPI_HandleTypeDef structure that contains
  *               the configuration information for SPI module.
  * @retval None
  */
static void SPI_CloseRxTx_ISR(SPI_HandleTypeDef *hspi)
{
 80030fc:	b510      	push	{r4, lr}
 80030fe:	b082      	sub	sp, #8
 8003100:	4604      	mov	r4, r0
  uint32_t tickstart;
  __IO uint32_t count = SPI_DEFAULT_TIMEOUT * (SystemCoreClock / 24U / 1000U);
 8003102:	4b28      	ldr	r3, [pc, #160]	@ (80031a4 <SPI_CloseRxTx_ISR+0xa8>)
 8003104:	681b      	ldr	r3, [r3, #0]
 8003106:	4a28      	ldr	r2, [pc, #160]	@ (80031a8 <SPI_CloseRxTx_ISR+0xac>)
 8003108:	fba2 2303 	umull	r2, r3, r2, r3
 800310c:	0a5b      	lsrs	r3, r3, #9
 800310e:	2264      	movs	r2, #100	@ 0x64
 8003110:	fb02 f303 	mul.w	r3, r2, r3
 8003114:	9301      	str	r3, [sp, #4]

  /* Init tickstart for timeout management */
  tickstart = HAL_GetTick();
 8003116:	f7fe fc63 	bl	80019e0 <HAL_GetTick>
 800311a:	4602      	mov	r2, r0

  /* Disable ERR interrupt */
  __HAL_SPI_DISABLE_IT(hspi, SPI_IT_ERR);
 800311c:	6821      	ldr	r1, [r4, #0]
 800311e:	684b      	ldr	r3, [r1, #4]
 8003120:	f023 0320 	bic.w	r3, r3, #32
 8003124:	604b      	str	r3, [r1, #4]

  /* Wait until TXE flag is set */
  do
  {
    if (count == 0U)
 8003126:	9b01      	ldr	r3, [sp, #4]
 8003128:	b143      	cbz	r3, 800313c <SPI_CloseRxTx_ISR+0x40>
    {
      SET_BIT(hspi->ErrorCode, HAL_SPI_ERROR_FLAG);
      break;
    }
    count--;
 800312a:	9b01      	ldr	r3, [sp, #4]
 800312c:	3b01      	subs	r3, #1
 800312e:	9301      	str	r3, [sp, #4]
  } while ((hspi->Instance->SR & SPI_FLAG_TXE) == RESET);
 8003130:	6823      	ldr	r3, [r4, #0]
 8003132:	689b      	ldr	r3, [r3, #8]
 8003134:	f013 0f02 	tst.w	r3, #2
 8003138:	d0f5      	beq.n	8003126 <SPI_CloseRxTx_ISR+0x2a>
 800313a:	e003      	b.n	8003144 <SPI_CloseRxTx_ISR+0x48>
      SET_BIT(hspi->ErrorCode, HAL_SPI_ERROR_FLAG);
 800313c:	6d63      	ldr	r3, [r4, #84]	@ 0x54
 800313e:	f043 0320 	orr.w	r3, r3, #32
 8003142:	6563      	str	r3, [r4, #84]	@ 0x54

  /* Check the end of the transaction */
  if (SPI_EndRxTxTransaction(hspi, SPI_DEFAULT_TIMEOUT, tickstart) != HAL_OK)
 8003144:	2164      	movs	r1, #100	@ 0x64
 8003146:	4620      	mov	r0, r4
 8003148:	f7ff fef4 	bl	8002f34 <SPI_EndRxTxTransaction>
 800314c:	b118      	cbz	r0, 8003156 <SPI_CloseRxTx_ISR+0x5a>
  {
    SET_BIT(hspi->ErrorCode, HAL_SPI_ERROR_FLAG);
 800314e:	6d63      	ldr	r3, [r4, #84]	@ 0x54
 8003150:	f043 0320 	orr.w	r3, r3, #32
 8003154:	6563      	str	r3, [r4, #84]	@ 0x54
  }

  /* Clear overrun flag in 2 Lines communication mode because received is not read */
  if (hspi->Init.Direction == SPI_DIRECTION_2LINES)
 8003156:	68a3      	ldr	r3, [r4, #8]
 8003158:	b933      	cbnz	r3, 8003168 <SPI_CloseRxTx_ISR+0x6c>
  {
    __HAL_SPI_CLEAR_OVRFLAG(hspi);
 800315a:	9300      	str	r3, [sp, #0]
 800315c:	6823      	ldr	r3, [r4, #0]
 800315e:	68da      	ldr	r2, [r3, #12]
 8003160:	9200      	str	r2, [sp, #0]
 8003162:	689b      	ldr	r3, [r3, #8]
 8003164:	9300      	str	r3, [sp, #0]
 8003166:	9b00      	ldr	r3, [sp, #0]
    }
  }
  else
  {
#endif /* USE_SPI_CRC */
    if (hspi->ErrorCode == HAL_SPI_ERROR_NONE)
 8003168:	6d63      	ldr	r3, [r4, #84]	@ 0x54
 800316a:	b99b      	cbnz	r3, 8003194 <SPI_CloseRxTx_ISR+0x98>
    {
      if (hspi->State == HAL_SPI_STATE_BUSY_RX)
 800316c:	f894 3051 	ldrb.w	r3, [r4, #81]	@ 0x51
 8003170:	b2db      	uxtb	r3, r3
 8003172:	2b04      	cmp	r3, #4
 8003174:	d007      	beq.n	8003186 <SPI_CloseRxTx_ISR+0x8a>
        HAL_SPI_RxCpltCallback(hspi);
#endif /* USE_HAL_SPI_REGISTER_CALLBACKS */
      }
      else
      {
        hspi->State = HAL_SPI_STATE_READY;
 8003176:	2301      	movs	r3, #1
 8003178:	f884 3051 	strb.w	r3, [r4, #81]	@ 0x51
        /* Call user TxRx complete callback */
#if (USE_HAL_SPI_REGISTER_CALLBACKS == 1U)
        hspi->TxRxCpltCallback(hspi);
#else
        HAL_SPI_TxRxCpltCallback(hspi);
 800317c:	4620      	mov	r0, r4
 800317e:	f7fe f9f5 	bl	800156c <HAL_SPI_TxRxCpltCallback>
#endif /* USE_HAL_SPI_REGISTER_CALLBACKS */
    }
#if (USE_SPI_CRC != 0U)
  }
#endif /* USE_SPI_CRC */
}
 8003182:	b002      	add	sp, #8
 8003184:	bd10      	pop	{r4, pc}
        hspi->State = HAL_SPI_STATE_READY;
 8003186:	2301      	movs	r3, #1
 8003188:	f884 3051 	strb.w	r3, [r4, #81]	@ 0x51
        HAL_SPI_RxCpltCallback(hspi);
 800318c:	4620      	mov	r0, r4
 800318e:	f7ff ffb3 	bl	80030f8 <HAL_SPI_RxCpltCallback>
 8003192:	e7f6      	b.n	8003182 <SPI_CloseRxTx_ISR+0x86>
      hspi->State = HAL_SPI_STATE_READY;
 8003194:	2301      	movs	r3, #1
 8003196:	f884 3051 	strb.w	r3, [r4, #81]	@ 0x51
      HAL_SPI_ErrorCallback(hspi);
 800319a:	4620      	mov	r0, r4
 800319c:	f7ff ffad 	bl	80030fa <HAL_SPI_ErrorCallback>
}
 80031a0:	e7ef      	b.n	8003182 <SPI_CloseRxTx_ISR+0x86>
 80031a2:	bf00      	nop
 80031a4:	20000004 	.word	0x20000004
 80031a8:	057619f1 	.word	0x057619f1

080031ac <SPI_2linesTxISR_8BIT>:
{
 80031ac:	b508      	push	{r3, lr}
  *(__IO uint8_t *)&hspi->Instance->DR = (*hspi->pTxBuffPtr);
 80031ae:	6b02      	ldr	r2, [r0, #48]	@ 0x30
 80031b0:	6803      	ldr	r3, [r0, #0]
 80031b2:	7812      	ldrb	r2, [r2, #0]
 80031b4:	731a      	strb	r2, [r3, #12]
  hspi->pTxBuffPtr++;
 80031b6:	6b03      	ldr	r3, [r0, #48]	@ 0x30
 80031b8:	3301      	adds	r3, #1
 80031ba:	6303      	str	r3, [r0, #48]	@ 0x30
  hspi->TxXferCount--;
 80031bc:	8ec3      	ldrh	r3, [r0, #54]	@ 0x36
 80031be:	b29b      	uxth	r3, r3
 80031c0:	3b01      	subs	r3, #1
 80031c2:	b29b      	uxth	r3, r3
 80031c4:	86c3      	strh	r3, [r0, #54]	@ 0x36
  if (hspi->TxXferCount == 0U)
 80031c6:	8ec3      	ldrh	r3, [r0, #54]	@ 0x36
 80031c8:	b29b      	uxth	r3, r3
 80031ca:	b93b      	cbnz	r3, 80031dc <SPI_2linesTxISR_8BIT+0x30>
    __HAL_SPI_DISABLE_IT(hspi, SPI_IT_TXE);
 80031cc:	6802      	ldr	r2, [r0, #0]
 80031ce:	6853      	ldr	r3, [r2, #4]
 80031d0:	f023 0380 	bic.w	r3, r3, #128	@ 0x80
 80031d4:	6053      	str	r3, [r2, #4]
    if (hspi->RxXferCount == 0U)
 80031d6:	8fc3      	ldrh	r3, [r0, #62]	@ 0x3e
 80031d8:	b29b      	uxth	r3, r3
 80031da:	b103      	cbz	r3, 80031de <SPI_2linesTxISR_8BIT+0x32>
}
 80031dc:	bd08      	pop	{r3, pc}
      SPI_CloseRxTx_ISR(hspi);
 80031de:	f7ff ff8d 	bl	80030fc <SPI_CloseRxTx_ISR>
}
 80031e2:	e7fb      	b.n	80031dc <SPI_2linesTxISR_8BIT+0x30>

080031e4 <SPI_2linesRxISR_8BIT>:
{
 80031e4:	b508      	push	{r3, lr}
  *hspi->pRxBuffPtr = *((__IO uint8_t *)&hspi->Instance->DR);
 80031e6:	6802      	ldr	r2, [r0, #0]
 80031e8:	6b83      	ldr	r3, [r0, #56]	@ 0x38
 80031ea:	7b12      	ldrb	r2, [r2, #12]
 80031ec:	701a      	strb	r2, [r3, #0]
  hspi->pRxBuffPtr++;
 80031ee:	6b83      	ldr	r3, [r0, #56]	@ 0x38
 80031f0:	3301      	adds	r3, #1
 80031f2:	6383      	str	r3, [r0, #56]	@ 0x38
  hspi->RxXferCount--;
 80031f4:	8fc3      	ldrh	r3, [r0, #62]	@ 0x3e
 80031f6:	b29b      	uxth	r3, r3
 80031f8:	3b01      	subs	r3, #1
 80031fa:	b29b      	uxth	r3, r3
 80031fc:	87c3      	strh	r3, [r0, #62]	@ 0x3e
  if (hspi->RxXferCount == 0U)
 80031fe:	8fc3      	ldrh	r3, [r0, #62]	@ 0x3e
 8003200:	b29b      	uxth	r3, r3
 8003202:	b93b      	cbnz	r3, 8003214 <SPI_2linesRxISR_8BIT+0x30>
    __HAL_SPI_DISABLE_IT(hspi, (SPI_IT_RXNE | SPI_IT_ERR));
 8003204:	6802      	ldr	r2, [r0, #0]
 8003206:	6853      	ldr	r3, [r2, #4]
 8003208:	f023 0360 	bic.w	r3, r3, #96	@ 0x60
 800320c:	6053      	str	r3, [r2, #4]
    if (hspi->TxXferCount == 0U)
 800320e:	8ec3      	ldrh	r3, [r0, #54]	@ 0x36
 8003210:	b29b      	uxth	r3, r3
 8003212:	b103      	cbz	r3, 8003216 <SPI_2linesRxISR_8BIT+0x32>
}
 8003214:	bd08      	pop	{r3, pc}
      SPI_CloseRxTx_ISR(hspi);
 8003216:	f7ff ff71 	bl	80030fc <SPI_CloseRxTx_ISR>
}
 800321a:	e7fb      	b.n	8003214 <SPI_2linesRxISR_8BIT+0x30>

0800321c <SPI_2linesTxISR_16BIT>:
{
 800321c:	b508      	push	{r3, lr}
  hspi->Instance->DR = *((uint16_t *)hspi->pTxBuffPtr);
 800321e:	6b02      	ldr	r2, [r0, #48]	@ 0x30
 8003220:	6803      	ldr	r3, [r0, #0]
 8003222:	8812      	ldrh	r2, [r2, #0]
 8003224:	60da      	str	r2, [r3, #12]
  hspi->pTxBuffPtr += sizeof(uint16_t);
 8003226:	6b03      	ldr	r3, [r0, #48]	@ 0x30
 8003228:	3302      	adds	r3, #2
 800322a:	6303      	str	r3, [r0, #48]	@ 0x30
  hspi->TxXferCount--;
 800322c:	8ec3      	ldrh	r3, [r0, #54]	@ 0x36
 800322e:	b29b      	uxth	r3, r3
 8003230:	3b01      	subs	r3, #1
 8003232:	b29b      	uxth	r3, r3
 8003234:	86c3      	strh	r3, [r0, #54]	@ 0x36
  if (hspi->TxXferCount == 0U)
 8003236:	8ec3      	ldrh	r3, [r0, #54]	@ 0x36
 8003238:	b29b      	uxth	r3, r3
 800323a:	b93b      	cbnz	r3, 800324c <SPI_2linesTxISR_16BIT+0x30>
    __HAL_SPI_DISABLE_IT(hspi, SPI_IT_TXE);
 800323c:	6802      	ldr	r2, [r0, #0]
 800323e:	6853      	ldr	r3, [r2, #4]
 8003240:	f023 0380 	bic.w	r3, r3, #128	@ 0x80
 8003244:	6053      	str	r3, [r2, #4]
    if (hspi->RxXferCount == 0U)
 8003246:	8fc3      	ldrh	r3, [r0, #62]	@ 0x3e
 8003248:	b29b      	uxth	r3, r3
 800324a:	b103      	cbz	r3, 800324e <SPI_2linesTxISR_16BIT+0x32>
}
 800324c:	bd08      	pop	{r3, pc}
      SPI_CloseRxTx_ISR(hspi);
 800324e:	f7ff ff55 	bl	80030fc <SPI_CloseRxTx_ISR>
}
 8003252:	e7fb      	b.n	800324c <SPI_2linesTxISR_16BIT+0x30>

08003254 <SPI_2linesRxISR_16BIT>:
{
 8003254:	b508      	push	{r3, lr}
  *((uint16_t *)hspi->pRxBuffPtr) = (uint16_t)(hspi->Instance->DR);
 8003256:	6803      	ldr	r3, [r0, #0]
 8003258:	68da      	ldr	r2, [r3, #12]
 800325a:	6b83      	ldr	r3, [r0, #56]	@ 0x38
 800325c:	801a      	strh	r2, [r3, #0]
  hspi->pRxBuffPtr += sizeof(uint16_t);
 800325e:	6b83      	ldr	r3, [r0, #56]	@ 0x38
 8003260:	3302      	adds	r3, #2
 8003262:	6383      	str	r3, [r0, #56]	@ 0x38
  hspi->RxXferCount--;
 8003264:	8fc3      	ldrh	r3, [r0, #62]	@ 0x3e
 8003266:	b29b      	uxth	r3, r3
 8003268:	3b01      	subs	r3, #1
 800326a:	b29b      	uxth	r3, r3
 800326c:	87c3      	strh	r3, [r0, #62]	@ 0x3e
  if (hspi->RxXferCount == 0U)
 800326e:	8fc3      	ldrh	r3, [r0, #62]	@ 0x3e
 8003270:	b29b      	uxth	r3, r3
 8003272:	b93b      	cbnz	r3, 8003284 <SPI_2linesRxISR_16BIT+0x30>
    __HAL_SPI_DISABLE_IT(hspi, SPI_IT_RXNE);
 8003274:	6802      	ldr	r2, [r0, #0]
 8003276:	6853      	ldr	r3, [r2, #4]
 8003278:	f023 0340 	bic.w	r3, r3, #64	@ 0x40
 800327c:	6053      	str	r3, [r2, #4]
    if (hspi->TxXferCount == 0U)
 800327e:	8ec3      	ldrh	r3, [r0, #54]	@ 0x36
 8003280:	b29b      	uxth	r3, r3
 8003282:	b103      	cbz	r3, 8003286 <SPI_2linesRxISR_16BIT+0x32>
}
 8003284:	bd08      	pop	{r3, pc}
      SPI_CloseRxTx_ISR(hspi);
 8003286:	f7ff ff39 	bl	80030fc <SPI_CloseRxTx_ISR>
}
 800328a:	e7fb      	b.n	8003284 <SPI_2linesRxISR_16BIT+0x30>

0800328c <HAL_SPI_IRQHandler>:
{
 800328c:	b530      	push	{r4, r5, lr}
 800328e:	b085      	sub	sp, #20
 8003290:	4604      	mov	r4, r0
  uint32_t itsource = hspi->Instance->CR2;
 8003292:	6802      	ldr	r2, [r0, #0]
 8003294:	6851      	ldr	r1, [r2, #4]
  uint32_t itflag   = hspi->Instance->SR;
 8003296:	6893      	ldr	r3, [r2, #8]
  if ((SPI_CHECK_FLAG(itflag, SPI_FLAG_OVR) == RESET) &&
 8003298:	f3c3 1080 	ubfx	r0, r3, #6, #1
 800329c:	f013 0f40 	tst.w	r3, #64	@ 0x40
 80032a0:	d105      	bne.n	80032ae <HAL_SPI_IRQHandler+0x22>
 80032a2:	f013 0f01 	tst.w	r3, #1
 80032a6:	d002      	beq.n	80032ae <HAL_SPI_IRQHandler+0x22>
      (SPI_CHECK_FLAG(itflag, SPI_FLAG_RXNE) != RESET) && (SPI_CHECK_IT_SOURCE(itsource, SPI_IT_RXNE) != RESET))
 80032a8:	f011 0f40 	tst.w	r1, #64	@ 0x40
 80032ac:	d15a      	bne.n	8003364 <HAL_SPI_IRQHandler+0xd8>
  if ((SPI_CHECK_FLAG(itflag, SPI_FLAG_TXE) != RESET) && (SPI_CHECK_IT_SOURCE(itsource, SPI_IT_TXE) != RESET))
 80032ae:	f013 0f02 	tst.w	r3, #2
 80032b2:	d002      	beq.n	80032ba <HAL_SPI_IRQHandler+0x2e>
 80032b4:	f011 0f80 	tst.w	r1, #128	@ 0x80
 80032b8:	d158      	bne.n	800336c <HAL_SPI_IRQHandler+0xe0>
  if (((SPI_CHECK_FLAG(itflag, SPI_FLAG_MODF) != RESET) || (SPI_CHECK_FLAG(itflag, SPI_FLAG_OVR) != RESET))
 80032ba:	f3c3 1540 	ubfx	r5, r3, #5, #1
 80032be:	f013 0f20 	tst.w	r3, #32
 80032c2:	d101      	bne.n	80032c8 <HAL_SPI_IRQHandler+0x3c>
 80032c4:	2800      	cmp	r0, #0
 80032c6:	d054      	beq.n	8003372 <HAL_SPI_IRQHandler+0xe6>
      && (SPI_CHECK_IT_SOURCE(itsource, SPI_IT_ERR) != RESET))
 80032c8:	f011 0f20 	tst.w	r1, #32
 80032cc:	d051      	beq.n	8003372 <HAL_SPI_IRQHandler+0xe6>
    if (SPI_CHECK_FLAG(itflag, SPI_FLAG_OVR) != RESET)
 80032ce:	b178      	cbz	r0, 80032f0 <HAL_SPI_IRQHandler+0x64>
      if (hspi->State != HAL_SPI_STATE_BUSY_TX)
 80032d0:	f894 3051 	ldrb.w	r3, [r4, #81]	@ 0x51
 80032d4:	b2db      	uxtb	r3, r3
 80032d6:	2b03      	cmp	r3, #3
 80032d8:	d04d      	beq.n	8003376 <HAL_SPI_IRQHandler+0xea>
        SET_BIT(hspi->ErrorCode, HAL_SPI_ERROR_OVR);
 80032da:	6d63      	ldr	r3, [r4, #84]	@ 0x54
 80032dc:	f043 0304 	orr.w	r3, r3, #4
 80032e0:	6563      	str	r3, [r4, #84]	@ 0x54
        __HAL_SPI_CLEAR_OVRFLAG(hspi);
 80032e2:	2300      	movs	r3, #0
 80032e4:	9301      	str	r3, [sp, #4]
 80032e6:	68d3      	ldr	r3, [r2, #12]
 80032e8:	9301      	str	r3, [sp, #4]
 80032ea:	6893      	ldr	r3, [r2, #8]
 80032ec:	9301      	str	r3, [sp, #4]
 80032ee:	9b01      	ldr	r3, [sp, #4]
    if (SPI_CHECK_FLAG(itflag, SPI_FLAG_MODF) != RESET)
 80032f0:	b165      	cbz	r5, 800330c <HAL_SPI_IRQHandler+0x80>
      SET_BIT(hspi->ErrorCode, HAL_SPI_ERROR_MODF);
 80032f2:	6d63      	ldr	r3, [r4, #84]	@ 0x54
 80032f4:	f043 0301 	orr.w	r3, r3, #1
 80032f8:	6563      	str	r3, [r4, #84]	@ 0x54
      __HAL_SPI_CLEAR_MODFFLAG(hspi);
 80032fa:	2300      	movs	r3, #0
 80032fc:	9303      	str	r3, [sp, #12]
 80032fe:	6893      	ldr	r3, [r2, #8]
 8003300:	9303      	str	r3, [sp, #12]
 8003302:	6813      	ldr	r3, [r2, #0]
 8003304:	f023 0340 	bic.w	r3, r3, #64	@ 0x40
 8003308:	6013      	str	r3, [r2, #0]
 800330a:	9b03      	ldr	r3, [sp, #12]
    if (hspi->ErrorCode != HAL_SPI_ERROR_NONE)
 800330c:	6d63      	ldr	r3, [r4, #84]	@ 0x54
 800330e:	2b00      	cmp	r3, #0
 8003310:	d02f      	beq.n	8003372 <HAL_SPI_IRQHandler+0xe6>
      __HAL_SPI_DISABLE_IT(hspi, SPI_IT_RXNE | SPI_IT_TXE | SPI_IT_ERR);
 8003312:	6822      	ldr	r2, [r4, #0]
 8003314:	6853      	ldr	r3, [r2, #4]
 8003316:	f023 03e0 	bic.w	r3, r3, #224	@ 0xe0
 800331a:	6053      	str	r3, [r2, #4]
      hspi->State = HAL_SPI_STATE_READY;
 800331c:	2301      	movs	r3, #1
 800331e:	f884 3051 	strb.w	r3, [r4, #81]	@ 0x51
      if ((HAL_IS_BIT_SET(itsource, SPI_CR2_TXDMAEN)) || (HAL_IS_BIT_SET(itsource, SPI_CR2_RXDMAEN)))
 8003322:	f011 0f03 	tst.w	r1, #3
 8003326:	d02e      	beq.n	8003386 <HAL_SPI_IRQHandler+0xfa>
        CLEAR_BIT(hspi->Instance->CR2, (SPI_CR2_TXDMAEN | SPI_CR2_RXDMAEN));
 8003328:	6822      	ldr	r2, [r4, #0]
 800332a:	6853      	ldr	r3, [r2, #4]
 800332c:	f023 0303 	bic.w	r3, r3, #3
 8003330:	6053      	str	r3, [r2, #4]
        if (hspi->hdmarx != NULL)
 8003332:	6ce3      	ldr	r3, [r4, #76]	@ 0x4c
 8003334:	b14b      	cbz	r3, 800334a <HAL_SPI_IRQHandler+0xbe>
          hspi->hdmarx->XferAbortCallback = SPI_DMAAbortOnError;
 8003336:	4a16      	ldr	r2, [pc, #88]	@ (8003390 <HAL_SPI_IRQHandler+0x104>)
 8003338:	635a      	str	r2, [r3, #52]	@ 0x34
          if (HAL_OK != HAL_DMA_Abort_IT(hspi->hdmarx))
 800333a:	6ce0      	ldr	r0, [r4, #76]	@ 0x4c
 800333c:	f7fe ff72 	bl	8002224 <HAL_DMA_Abort_IT>
 8003340:	b118      	cbz	r0, 800334a <HAL_SPI_IRQHandler+0xbe>
            SET_BIT(hspi->ErrorCode, HAL_SPI_ERROR_ABORT);
 8003342:	6d63      	ldr	r3, [r4, #84]	@ 0x54
 8003344:	f043 0340 	orr.w	r3, r3, #64	@ 0x40
 8003348:	6563      	str	r3, [r4, #84]	@ 0x54
        if (hspi->hdmatx != NULL)
 800334a:	6ca3      	ldr	r3, [r4, #72]	@ 0x48
 800334c:	b18b      	cbz	r3, 8003372 <HAL_SPI_IRQHandler+0xe6>
          hspi->hdmatx->XferAbortCallback = SPI_DMAAbortOnError;
 800334e:	4a10      	ldr	r2, [pc, #64]	@ (8003390 <HAL_SPI_IRQHandler+0x104>)
 8003350:	635a      	str	r2, [r3, #52]	@ 0x34
          if (HAL_OK != HAL_DMA_Abort_IT(hspi->hdmatx))
 8003352:	6ca0      	ldr	r0, [r4, #72]	@ 0x48
 8003354:	f7fe ff66 	bl	8002224 <HAL_DMA_Abort_IT>
 8003358:	b158      	cbz	r0, 8003372 <HAL_SPI_IRQHandler+0xe6>
            SET_BIT(hspi->ErrorCode, HAL_SPI_ERROR_ABORT);
 800335a:	6d63      	ldr	r3, [r4, #84]	@ 0x54
 800335c:	f043 0340 	orr.w	r3, r3, #64	@ 0x40
 8003360:	6563      	str	r3, [r4, #84]	@ 0x54
 8003362:	e006      	b.n	8003372 <HAL_SPI_IRQHandler+0xe6>
    hspi->RxISR(hspi);
 8003364:	6c23      	ldr	r3, [r4, #64]	@ 0x40
 8003366:	4620      	mov	r0, r4
 8003368:	4798      	blx	r3
    return;
 800336a:	e002      	b.n	8003372 <HAL_SPI_IRQHandler+0xe6>
    hspi->TxISR(hspi);
 800336c:	6c63      	ldr	r3, [r4, #68]	@ 0x44
 800336e:	4620      	mov	r0, r4
 8003370:	4798      	blx	r3
}
 8003372:	b005      	add	sp, #20
 8003374:	bd30      	pop	{r4, r5, pc}
        __HAL_SPI_CLEAR_OVRFLAG(hspi);
 8003376:	2300      	movs	r3, #0
 8003378:	9302      	str	r3, [sp, #8]
 800337a:	68d3      	ldr	r3, [r2, #12]
 800337c:	9302      	str	r3, [sp, #8]
 800337e:	6893      	ldr	r3, [r2, #8]
 8003380:	9302      	str	r3, [sp, #8]
 8003382:	9b02      	ldr	r3, [sp, #8]
        return;
 8003384:	e7f5      	b.n	8003372 <HAL_SPI_IRQHandler+0xe6>
        HAL_SPI_ErrorCallback(hspi);
 8003386:	4620      	mov	r0, r4
 8003388:	f7ff feb7 	bl	80030fa <HAL_SPI_ErrorCallback>
    return;
 800338c:	e7f1      	b.n	8003372 <HAL_SPI_IRQHandler+0xe6>
 800338e:	bf00      	nop
 8003390:	08003395 	.word	0x08003395

08003394 <SPI_DMAAbortOnError>:
{
 8003394:	b508      	push	{r3, lr}
  SPI_HandleTypeDef *hspi = (SPI_HandleTypeDef *)(((DMA_HandleTypeDef *)hdma)->Parent); /* Derogation MISRAC2012-Rule-11.5 */
 8003396:	6a40      	ldr	r0, [r0, #36]	@ 0x24
  hspi->RxXferCount = 0U;
 8003398:	2300      	movs	r3, #0
 800339a:	87c3      	strh	r3, [r0, #62]	@ 0x3e
  hspi->TxXferCount = 0U;
 800339c:	86c3      	strh	r3, [r0, #54]	@ 0x36
  HAL_SPI_ErrorCallback(hspi);
 800339e:	f7ff feac 	bl	80030fa <HAL_SPI_ErrorCallback>
}
 80033a2:	bd08      	pop	{r3, pc}

080033a4 <TIM_OC1_SetConfig>:
  * @param  TIMx to select the TIM peripheral
  * @param  OC_Config The output configuration structure
  * @retval None
  */
static void TIM_OC1_SetConfig(TIM_TypeDef *TIMx, const TIM_OC_InitTypeDef *OC_Config)
{
 80033a4:	b430      	push	{r4, r5}
  uint32_t tmpccmrx;
  uint32_t tmpccer;
  uint32_t tmpcr2;

  /* Get the TIMx CCER register value */
  tmpccer = TIMx->CCER;
 80033a6:	6a02      	ldr	r2, [r0, #32]

  /* Disable the Channel 1: Reset the CC1E Bit */
  TIMx->CCER &= ~TIM_CCER_CC1E;
 80033a8:	6a03      	ldr	r3, [r0, #32]
 80033aa:	f023 0301 	bic.w	r3, r3, #1
 80033ae:	6203      	str	r3, [r0, #32]

  /* Get the TIMx CR2 register value */
  tmpcr2 =  TIMx->CR2;
 80033b0:	6845      	ldr	r5, [r0, #4]

  /* Get the TIMx CCMR1 register value */
  tmpccmrx = TIMx->CCMR1;
 80033b2:	6983      	ldr	r3, [r0, #24]

  /* Reset the Output Compare Mode Bits */
  tmpccmrx &= ~TIM_CCMR1_OC1M;
  tmpccmrx &= ~TIM_CCMR1_CC1S;
 80033b4:	f023 0373 	bic.w	r3, r3, #115	@ 0x73
  /* Select the Output Compare Mode */
  tmpccmrx |= OC_Config->OCMode;
 80033b8:	680c      	ldr	r4, [r1, #0]
 80033ba:	431c      	orrs	r4, r3

  /* Reset the Output Polarity level */
  tmpccer &= ~TIM_CCER_CC1P;
 80033bc:	f022 0202 	bic.w	r2, r2, #2
  /* Set the Output Compare Polarity */
  tmpccer |= OC_Config->OCPolarity;
 80033c0:	688b      	ldr	r3, [r1, #8]
 80033c2:	4313      	orrs	r3, r2

  if (IS_TIM_CCXN_INSTANCE(TIMx, TIM_CHANNEL_1))
 80033c4:	4a0b      	ldr	r2, [pc, #44]	@ (80033f4 <TIM_OC1_SetConfig+0x50>)
 80033c6:	4290      	cmp	r0, r2
 80033c8:	d006      	beq.n	80033d8 <TIM_OC1_SetConfig+0x34>
    /* Set the Output N Idle state */
    tmpcr2 |= OC_Config->OCNIdleState;
  }

  /* Write to TIMx CR2 */
  TIMx->CR2 = tmpcr2;
 80033ca:	6045      	str	r5, [r0, #4]

  /* Write to TIMx CCMR1 */
  TIMx->CCMR1 = tmpccmrx;
 80033cc:	6184      	str	r4, [r0, #24]

  /* Set the Capture Compare Register value */
  TIMx->CCR1 = OC_Config->Pulse;
 80033ce:	684a      	ldr	r2, [r1, #4]
 80033d0:	6342      	str	r2, [r0, #52]	@ 0x34

  /* Write to TIMx CCER */
  TIMx->CCER = tmpccer;
 80033d2:	6203      	str	r3, [r0, #32]
}
 80033d4:	bc30      	pop	{r4, r5}
 80033d6:	4770      	bx	lr
    tmpccer &= ~TIM_CCER_CC1NP;
 80033d8:	f023 0308 	bic.w	r3, r3, #8
    tmpccer |= OC_Config->OCNPolarity;
 80033dc:	68ca      	ldr	r2, [r1, #12]
 80033de:	431a      	orrs	r2, r3
    tmpccer &= ~TIM_CCER_CC1NE;
 80033e0:	f022 0304 	bic.w	r3, r2, #4
    tmpcr2 &= ~TIM_CR2_OIS1N;
 80033e4:	f425 7540 	bic.w	r5, r5, #768	@ 0x300
    tmpcr2 |= OC_Config->OCIdleState;
 80033e8:	694a      	ldr	r2, [r1, #20]
 80033ea:	432a      	orrs	r2, r5
    tmpcr2 |= OC_Config->OCNIdleState;
 80033ec:	698d      	ldr	r5, [r1, #24]
 80033ee:	4315      	orrs	r5, r2
 80033f0:	e7eb      	b.n	80033ca <TIM_OC1_SetConfig+0x26>
 80033f2:	bf00      	nop
 80033f4:	40012c00 	.word	0x40012c00

080033f8 <TIM_OC3_SetConfig>:
  * @param  TIMx to select the TIM peripheral
  * @param  OC_Config The output configuration structure
  * @retval None
  */
static void TIM_OC3_SetConfig(TIM_TypeDef *TIMx, const TIM_OC_InitTypeDef *OC_Config)
{
 80033f8:	b430      	push	{r4, r5}
  uint32_t tmpccmrx;
  uint32_t tmpccer;
  uint32_t tmpcr2;

  /* Get the TIMx CCER register value */
  tmpccer = TIMx->CCER;
 80033fa:	6a03      	ldr	r3, [r0, #32]

  /* Disable the Channel 3: Reset the CC2E Bit */
  TIMx->CCER &= ~TIM_CCER_CC3E;
 80033fc:	6a02      	ldr	r2, [r0, #32]
 80033fe:	f422 7280 	bic.w	r2, r2, #256	@ 0x100
 8003402:	6202      	str	r2, [r0, #32]

  /* Get the TIMx CR2 register value */
  tmpcr2 =  TIMx->CR2;
 8003404:	6844      	ldr	r4, [r0, #4]

  /* Get the TIMx CCMR2 register value */
  tmpccmrx = TIMx->CCMR2;
 8003406:	69c2      	ldr	r2, [r0, #28]

  /* Reset the Output Compare mode and Capture/Compare selection Bits */
  tmpccmrx &= ~TIM_CCMR2_OC3M;
  tmpccmrx &= ~TIM_CCMR2_CC3S;
 8003408:	f022 0273 	bic.w	r2, r2, #115	@ 0x73
  /* Select the Output Compare Mode */
  tmpccmrx |= OC_Config->OCMode;
 800340c:	680d      	ldr	r5, [r1, #0]
 800340e:	4315      	orrs	r5, r2

  /* Reset the Output Polarity level */
  tmpccer &= ~TIM_CCER_CC3P;
 8003410:	f423 7300 	bic.w	r3, r3, #512	@ 0x200
  /* Set the Output Compare Polarity */
  tmpccer |= (OC_Config->OCPolarity << 8U);
 8003414:	688a      	ldr	r2, [r1, #8]
 8003416:	ea43 2302 	orr.w	r3, r3, r2, lsl #8

  if (IS_TIM_CCXN_INSTANCE(TIMx, TIM_CHANNEL_3))
 800341a:	4a0d      	ldr	r2, [pc, #52]	@ (8003450 <TIM_OC3_SetConfig+0x58>)
 800341c:	4290      	cmp	r0, r2
 800341e:	d006      	beq.n	800342e <TIM_OC3_SetConfig+0x36>
    /* Set the Output N Idle state */
    tmpcr2 |= (OC_Config->OCNIdleState << 4U);
  }

  /* Write to TIMx CR2 */
  TIMx->CR2 = tmpcr2;
 8003420:	6044      	str	r4, [r0, #4]

  /* Write to TIMx CCMR2 */
  TIMx->CCMR2 = tmpccmrx;
 8003422:	61c5      	str	r5, [r0, #28]

  /* Set the Capture Compare Register value */
  TIMx->CCR3 = OC_Config->Pulse;
 8003424:	684a      	ldr	r2, [r1, #4]
 8003426:	63c2      	str	r2, [r0, #60]	@ 0x3c

  /* Write to TIMx CCER */
  TIMx->CCER = tmpccer;
 8003428:	6203      	str	r3, [r0, #32]
}
 800342a:	bc30      	pop	{r4, r5}
 800342c:	4770      	bx	lr
    tmpccer &= ~TIM_CCER_CC3NP;
 800342e:	f423 6300 	bic.w	r3, r3, #2048	@ 0x800
    tmpccer |= (OC_Config->OCNPolarity << 8U);
 8003432:	68ca      	ldr	r2, [r1, #12]
 8003434:	ea43 2302 	orr.w	r3, r3, r2, lsl #8
    tmpccer &= ~TIM_CCER_CC3NE;
 8003438:	f423 6380 	bic.w	r3, r3, #1024	@ 0x400
    tmpcr2 &= ~TIM_CR2_OIS3N;
 800343c:	f424 5440 	bic.w	r4, r4, #12288	@ 0x3000
    tmpcr2 |= (OC_Config->OCIdleState << 4U);
 8003440:	694a      	ldr	r2, [r1, #20]
 8003442:	ea44 1402 	orr.w	r4, r4, r2, lsl #4
    tmpcr2 |= (OC_Config->OCNIdleState << 4U);
 8003446:	698a      	ldr	r2, [r1, #24]
 8003448:	ea44 1402 	orr.w	r4, r4, r2, lsl #4
 800344c:	e7e8      	b.n	8003420 <TIM_OC3_SetConfig+0x28>
 800344e:	bf00      	nop
 8003450:	40012c00 	.word	0x40012c00

08003454 <TIM_OC4_SetConfig>:
  * @param  TIMx to select the TIM peripheral
  * @param  OC_Config The output configuration structure
  * @retval None
  */
static void TIM_OC4_SetConfig(TIM_TypeDef *TIMx, const TIM_OC_InitTypeDef *OC_Config)
{
 8003454:	b430      	push	{r4, r5}
  uint32_t tmpccmrx;
  uint32_t tmpccer;
  uint32_t tmpcr2;

  /* Get the TIMx CCER register value */
  tmpccer = TIMx->CCER;
 8003456:	6a03      	ldr	r3, [r0, #32]

  /* Disable the Channel 4: Reset the CC4E Bit */
  TIMx->CCER &= ~TIM_CCER_CC4E;
 8003458:	6a02      	ldr	r2, [r0, #32]
 800345a:	f422 5280 	bic.w	r2, r2, #4096	@ 0x1000
 800345e:	6202      	str	r2, [r0, #32]

  /* Get the TIMx CR2 register value */
  tmpcr2 =  TIMx->CR2;
 8003460:	6844      	ldr	r4, [r0, #4]

  /* Get the TIMx CCMR2 register value */
  tmpccmrx = TIMx->CCMR2;
 8003462:	69c2      	ldr	r2, [r0, #28]

  /* Reset the Output Compare mode and Capture/Compare selection Bits */
  tmpccmrx &= ~TIM_CCMR2_OC4M;
  tmpccmrx &= ~TIM_CCMR2_CC4S;
 8003464:	f422 42e6 	bic.w	r2, r2, #29440	@ 0x7300

  /* Select the Output Compare Mode */
  tmpccmrx |= (OC_Config->OCMode << 8U);
 8003468:	680d      	ldr	r5, [r1, #0]
 800346a:	ea42 2205 	orr.w	r2, r2, r5, lsl #8

  /* Reset the Output Polarity level */
  tmpccer &= ~TIM_CCER_CC4P;
 800346e:	f423 5300 	bic.w	r3, r3, #8192	@ 0x2000
  /* Set the Output Compare Polarity */
  tmpccer |= (OC_Config->OCPolarity << 12U);
 8003472:	688d      	ldr	r5, [r1, #8]
 8003474:	ea43 3305 	orr.w	r3, r3, r5, lsl #12

  if (IS_TIM_BREAK_INSTANCE(TIMx))
 8003478:	4d07      	ldr	r5, [pc, #28]	@ (8003498 <TIM_OC4_SetConfig+0x44>)
 800347a:	42a8      	cmp	r0, r5
 800347c:	d006      	beq.n	800348c <TIM_OC4_SetConfig+0x38>
    /* Set the Output Idle state */
    tmpcr2 |= (OC_Config->OCIdleState << 6U);
  }

  /* Write to TIMx CR2 */
  TIMx->CR2 = tmpcr2;
 800347e:	6044      	str	r4, [r0, #4]

  /* Write to TIMx CCMR2 */
  TIMx->CCMR2 = tmpccmrx;
 8003480:	61c2      	str	r2, [r0, #28]

  /* Set the Capture Compare Register value */
  TIMx->CCR4 = OC_Config->Pulse;
 8003482:	684a      	ldr	r2, [r1, #4]
 8003484:	6402      	str	r2, [r0, #64]	@ 0x40

  /* Write to TIMx CCER */
  TIMx->CCER = tmpccer;
 8003486:	6203      	str	r3, [r0, #32]
}
 8003488:	bc30      	pop	{r4, r5}
 800348a:	4770      	bx	lr
    tmpcr2 &= ~TIM_CR2_OIS4;
 800348c:	f424 4480 	bic.w	r4, r4, #16384	@ 0x4000
    tmpcr2 |= (OC_Config->OCIdleState << 6U);
 8003490:	694d      	ldr	r5, [r1, #20]
 8003492:	ea44 1485 	orr.w	r4, r4, r5, lsl #6
 8003496:	e7f2      	b.n	800347e <TIM_OC4_SetConfig+0x2a>
 8003498:	40012c00 	.word	0x40012c00

0800349c <HAL_TIM_Base_Start_IT>:
  if (htim->State != HAL_TIM_STATE_READY)
 800349c:	f890 303d 	ldrb.w	r3, [r0, #61]	@ 0x3d
 80034a0:	b2db      	uxtb	r3, r3
 80034a2:	2b01      	cmp	r3, #1
 80034a4:	d127      	bne.n	80034f6 <HAL_TIM_Base_Start_IT+0x5a>
  htim->State = HAL_TIM_STATE_BUSY;
 80034a6:	2302      	movs	r3, #2
 80034a8:	f880 303d 	strb.w	r3, [r0, #61]	@ 0x3d
  __HAL_TIM_ENABLE_IT(htim, TIM_IT_UPDATE);
 80034ac:	6802      	ldr	r2, [r0, #0]
 80034ae:	68d3      	ldr	r3, [r2, #12]
 80034b0:	f043 0301 	orr.w	r3, r3, #1
 80034b4:	60d3      	str	r3, [r2, #12]
  if (IS_TIM_SLAVE_INSTANCE(htim->Instance))
 80034b6:	6803      	ldr	r3, [r0, #0]
 80034b8:	4a11      	ldr	r2, [pc, #68]	@ (8003500 <HAL_TIM_Base_Start_IT+0x64>)
 80034ba:	4293      	cmp	r3, r2
 80034bc:	d010      	beq.n	80034e0 <HAL_TIM_Base_Start_IT+0x44>
 80034be:	f1b3 4f80 	cmp.w	r3, #1073741824	@ 0x40000000
 80034c2:	d00d      	beq.n	80034e0 <HAL_TIM_Base_Start_IT+0x44>
 80034c4:	f5a2 3294 	sub.w	r2, r2, #75776	@ 0x12800
 80034c8:	4293      	cmp	r3, r2
 80034ca:	d009      	beq.n	80034e0 <HAL_TIM_Base_Start_IT+0x44>
 80034cc:	f502 6280 	add.w	r2, r2, #1024	@ 0x400
 80034d0:	4293      	cmp	r3, r2
 80034d2:	d005      	beq.n	80034e0 <HAL_TIM_Base_Start_IT+0x44>
    __HAL_TIM_ENABLE(htim);
 80034d4:	681a      	ldr	r2, [r3, #0]
 80034d6:	f042 0201 	orr.w	r2, r2, #1
 80034da:	601a      	str	r2, [r3, #0]
  return HAL_OK;
 80034dc:	2000      	movs	r0, #0
 80034de:	4770      	bx	lr
    tmpsmcr = htim->Instance->SMCR & TIM_SMCR_SMS;
 80034e0:	689a      	ldr	r2, [r3, #8]
 80034e2:	f002 0207 	and.w	r2, r2, #7
    if (!IS_TIM_SLAVEMODE_TRIGGER_ENABLED(tmpsmcr))
 80034e6:	2a06      	cmp	r2, #6
 80034e8:	d007      	beq.n	80034fa <HAL_TIM_Base_Start_IT+0x5e>
      __HAL_TIM_ENABLE(htim);
 80034ea:	681a      	ldr	r2, [r3, #0]
 80034ec:	f042 0201 	orr.w	r2, r2, #1
 80034f0:	601a      	str	r2, [r3, #0]
  return HAL_OK;
 80034f2:	2000      	movs	r0, #0
 80034f4:	4770      	bx	lr
    return HAL_ERROR;
 80034f6:	2001      	movs	r0, #1
 80034f8:	4770      	bx	lr
  return HAL_OK;
 80034fa:	2000      	movs	r0, #0
}
 80034fc:	4770      	bx	lr
 80034fe:	bf00      	nop
 8003500:	40012c00 	.word	0x40012c00

08003504 <HAL_TIM_OC_DelayElapsedCallback>:
}
 8003504:	4770      	bx	lr

08003506 <HAL_TIM_IC_CaptureCallback>:
}
 8003506:	4770      	bx	lr

08003508 <HAL_TIM_PWM_PulseFinishedCallback>:
}
 8003508:	4770      	bx	lr

0800350a <HAL_TIM_TriggerCallback>:
}
 800350a:	4770      	bx	lr

0800350c <HAL_TIM_IRQHandler>:
{
 800350c:	b510      	push	{r4, lr}
 800350e:	4604      	mov	r4, r0
  if (__HAL_TIM_GET_FLAG(htim, TIM_FLAG_CC1) != RESET)
 8003510:	6803      	ldr	r3, [r0, #0]
 8003512:	691a      	ldr	r2, [r3, #16]
 8003514:	f012 0f02 	tst.w	r2, #2
 8003518:	d011      	beq.n	800353e <HAL_TIM_IRQHandler+0x32>
    if (__HAL_TIM_GET_IT_SOURCE(htim, TIM_IT_CC1) != RESET)
 800351a:	68da      	ldr	r2, [r3, #12]
 800351c:	f012 0f02 	tst.w	r2, #2
 8003520:	d00d      	beq.n	800353e <HAL_TIM_IRQHandler+0x32>
        __HAL_TIM_CLEAR_IT(htim, TIM_IT_CC1);
 8003522:	f06f 0202 	mvn.w	r2, #2
 8003526:	611a      	str	r2, [r3, #16]
        htim->Channel = HAL_TIM_ACTIVE_CHANNEL_1;
 8003528:	2301      	movs	r3, #1
 800352a:	7703      	strb	r3, [r0, #28]
        if ((htim->Instance->CCMR1 & TIM_CCMR1_CC1S) != 0x00U)
 800352c:	6803      	ldr	r3, [r0, #0]
 800352e:	699b      	ldr	r3, [r3, #24]
 8003530:	f013 0f03 	tst.w	r3, #3
 8003534:	d070      	beq.n	8003618 <HAL_TIM_IRQHandler+0x10c>
          HAL_TIM_IC_CaptureCallback(htim);
 8003536:	f7ff ffe6 	bl	8003506 <HAL_TIM_IC_CaptureCallback>
        htim->Channel = HAL_TIM_ACTIVE_CHANNEL_CLEARED;
 800353a:	2300      	movs	r3, #0
 800353c:	7723      	strb	r3, [r4, #28]
  if (__HAL_TIM_GET_FLAG(htim, TIM_FLAG_CC2) != RESET)
 800353e:	6823      	ldr	r3, [r4, #0]
 8003540:	691a      	ldr	r2, [r3, #16]
 8003542:	f012 0f04 	tst.w	r2, #4
 8003546:	d012      	beq.n	800356e <HAL_TIM_IRQHandler+0x62>
    if (__HAL_TIM_GET_IT_SOURCE(htim, TIM_IT_CC2) != RESET)
 8003548:	68da      	ldr	r2, [r3, #12]
 800354a:	f012 0f04 	tst.w	r2, #4
 800354e:	d00e      	beq.n	800356e <HAL_TIM_IRQHandler+0x62>
      __HAL_TIM_CLEAR_IT(htim, TIM_IT_CC2);
 8003550:	f06f 0204 	mvn.w	r2, #4
 8003554:	611a      	str	r2, [r3, #16]
      htim->Channel = HAL_TIM_ACTIVE_CHANNEL_2;
 8003556:	2302      	movs	r3, #2
 8003558:	7723      	strb	r3, [r4, #28]
      if ((htim->Instance->CCMR1 & TIM_CCMR1_CC2S) != 0x00U)
 800355a:	6823      	ldr	r3, [r4, #0]
 800355c:	699b      	ldr	r3, [r3, #24]
 800355e:	f413 7f40 	tst.w	r3, #768	@ 0x300
 8003562:	d05f      	beq.n	8003624 <HAL_TIM_IRQHandler+0x118>
        HAL_TIM_IC_CaptureCallback(htim);
 8003564:	4620      	mov	r0, r4
 8003566:	f7ff ffce 	bl	8003506 <HAL_TIM_IC_CaptureCallback>
      htim->Channel = HAL_TIM_ACTIVE_CHANNEL_CLEARED;
 800356a:	2300      	movs	r3, #0
 800356c:	7723      	strb	r3, [r4, #28]
  if (__HAL_TIM_GET_FLAG(htim, TIM_FLAG_CC3) != RESET)
 800356e:	6823      	ldr	r3, [r4, #0]
 8003570:	691a      	ldr	r2, [r3, #16]
 8003572:	f012 0f08 	tst.w	r2, #8
 8003576:	d012      	beq.n	800359e <HAL_TIM_IRQHandler+0x92>
    if (__HAL_TIM_GET_IT_SOURCE(htim, TIM_IT_CC3) != RESET)
 8003578:	68da      	ldr	r2, [r3, #12]
 800357a:	f012 0f08 	tst.w	r2, #8
 800357e:	d00e      	beq.n	800359e <HAL_TIM_IRQHandler+0x92>
      __HAL_TIM_CLEAR_IT(htim, TIM_IT_CC3);
 8003580:	f06f 0208 	mvn.w	r2, #8
 8003584:	611a      	str	r2, [r3, #16]
      htim->Channel = HAL_TIM_ACTIVE_CHANNEL_3;
 8003586:	2304      	movs	r3, #4
 8003588:	7723      	strb	r3, [r4, #28]
      if ((htim->Instance->CCMR2 & TIM_CCMR2_CC3S) != 0x00U)
 800358a:	6823      	ldr	r3, [r4, #0]
 800358c:	69db      	ldr	r3, [r3, #28]
 800358e:	f013 0f03 	tst.w	r3, #3
 8003592:	d04e      	beq.n	8003632 <HAL_TIM_IRQHandler+0x126>
        HAL_TIM_IC_CaptureCallback(htim);
 8003594:	4620      	mov	r0, r4
 8003596:	f7ff ffb6 	bl	8003506 <HAL_TIM_IC_CaptureCallback>
      htim->Channel = HAL_TIM_ACTIVE_CHANNEL_CLEARED;
 800359a:	2300      	movs	r3, #0
 800359c:	7723      	strb	r3, [r4, #28]
  if (__HAL_TIM_GET_FLAG(htim, TIM_FLAG_CC4) != RESET)
 800359e:	6823      	ldr	r3, [r4, #0]
 80035a0:	691a      	ldr	r2, [r3, #16]
 80035a2:	f012 0f10 	tst.w	r2, #16
 80035a6:	d012      	beq.n	80035ce <HAL_TIM_IRQHandler+0xc2>
    if (__HAL_TIM_GET_IT_SOURCE(htim, TIM_IT_CC4) != RESET)
 80035a8:	68da      	ldr	r2, [r3, #12]
 80035aa:	f012 0f10 	tst.w	r2, #16
 80035ae:	d00e      	beq.n	80035ce <HAL_TIM_IRQHandler+0xc2>
      __HAL_TIM_CLEAR_IT(htim, TIM_IT_CC4);
 80035b0:	f06f 0210 	mvn.w	r2, #16
 80035b4:	611a      	str	r2, [r3, #16]
      htim->Channel = HAL_TIM_ACTIVE_CHANNEL_4;
 80035b6:	2308      	movs	r3, #8
 80035b8:	7723      	strb	r3, [r4, #28]
      if ((htim->Instance->CCMR2 & TIM_CCMR2_CC4S) != 0x00U)
 80035ba:	6823      	ldr	r3, [r4, #0]
 80035bc:	69db      	ldr	r3, [r3, #28]
 80035be:	f413 7f40 	tst.w	r3, #768	@ 0x300
 80035c2:	d03d      	beq.n	8003640 <HAL_TIM_IRQHandler+0x134>
        HAL_TIM_IC_CaptureCallback(htim);
 80035c4:	4620      	mov	r0, r4
 80035c6:	f7ff ff9e 	bl	8003506 <HAL_TIM_IC_CaptureCallback>
      htim->Channel = HAL_TIM_ACTIVE_CHANNEL_CLEARED;
 80035ca:	2300      	movs	r3, #0
 80035cc:	7723      	strb	r3, [r4, #28]
  if (__HAL_TIM_GET_FLAG(htim, TIM_FLAG_UPDATE) != RESET)
 80035ce:	6823      	ldr	r3, [r4, #0]
 80035d0:	691a      	ldr	r2, [r3, #16]
 80035d2:	f012 0f01 	tst.w	r2, #1
 80035d6:	d003      	beq.n	80035e0 <HAL_TIM_IRQHandler+0xd4>
    if (__HAL_TIM_GET_IT_SOURCE(htim, TIM_IT_UPDATE) != RESET)
 80035d8:	68da      	ldr	r2, [r3, #12]
 80035da:	f012 0f01 	tst.w	r2, #1
 80035de:	d136      	bne.n	800364e <HAL_TIM_IRQHandler+0x142>
  if (__HAL_TIM_GET_FLAG(htim, TIM_FLAG_BREAK) != RESET)
 80035e0:	6823      	ldr	r3, [r4, #0]
 80035e2:	691a      	ldr	r2, [r3, #16]
 80035e4:	f012 0f80 	tst.w	r2, #128	@ 0x80
 80035e8:	d003      	beq.n	80035f2 <HAL_TIM_IRQHandler+0xe6>
    if (__HAL_TIM_GET_IT_SOURCE(htim, TIM_IT_BREAK) != RESET)
 80035ea:	68da      	ldr	r2, [r3, #12]
 80035ec:	f012 0f80 	tst.w	r2, #128	@ 0x80
 80035f0:	d134      	bne.n	800365c <HAL_TIM_IRQHandler+0x150>
  if (__HAL_TIM_GET_FLAG(htim, TIM_FLAG_TRIGGER) != RESET)
 80035f2:	6823      	ldr	r3, [r4, #0]
 80035f4:	691a      	ldr	r2, [r3, #16]
 80035f6:	f012 0f40 	tst.w	r2, #64	@ 0x40
 80035fa:	d003      	beq.n	8003604 <HAL_TIM_IRQHandler+0xf8>
    if (__HAL_TIM_GET_IT_SOURCE(htim, TIM_IT_TRIGGER) != RESET)
 80035fc:	68da      	ldr	r2, [r3, #12]
 80035fe:	f012 0f40 	tst.w	r2, #64	@ 0x40
 8003602:	d132      	bne.n	800366a <HAL_TIM_IRQHandler+0x15e>
  if (__HAL_TIM_GET_FLAG(htim, TIM_FLAG_COM) != RESET)
 8003604:	6823      	ldr	r3, [r4, #0]
 8003606:	691a      	ldr	r2, [r3, #16]
 8003608:	f012 0f20 	tst.w	r2, #32
 800360c:	d003      	beq.n	8003616 <HAL_TIM_IRQHandler+0x10a>
    if (__HAL_TIM_GET_IT_SOURCE(htim, TIM_IT_COM) != RESET)
 800360e:	68da      	ldr	r2, [r3, #12]
 8003610:	f012 0f20 	tst.w	r2, #32
 8003614:	d130      	bne.n	8003678 <HAL_TIM_IRQHandler+0x16c>
}
 8003616:	bd10      	pop	{r4, pc}
          HAL_TIM_OC_DelayElapsedCallback(htim);
 8003618:	f7ff ff74 	bl	8003504 <HAL_TIM_OC_DelayElapsedCallback>
          HAL_TIM_PWM_PulseFinishedCallback(htim);
 800361c:	4620      	mov	r0, r4
 800361e:	f7ff ff73 	bl	8003508 <HAL_TIM_PWM_PulseFinishedCallback>
 8003622:	e78a      	b.n	800353a <HAL_TIM_IRQHandler+0x2e>
        HAL_TIM_OC_DelayElapsedCallback(htim);
 8003624:	4620      	mov	r0, r4
 8003626:	f7ff ff6d 	bl	8003504 <HAL_TIM_OC_DelayElapsedCallback>
        HAL_TIM_PWM_PulseFinishedCallback(htim);
 800362a:	4620      	mov	r0, r4
 800362c:	f7ff ff6c 	bl	8003508 <HAL_TIM_PWM_PulseFinishedCallback>
 8003630:	e79b      	b.n	800356a <HAL_TIM_IRQHandler+0x5e>
        HAL_TIM_OC_DelayElapsedCallback(htim);
 8003632:	4620      	mov	r0, r4
 8003634:	f7ff ff66 	bl	8003504 <HAL_TIM_OC_DelayElapsedCallback>
        HAL_TIM_PWM_PulseFinishedCallback(htim);
 8003638:	4620      	mov	r0, r4
 800363a:	f7ff ff65 	bl	8003508 <HAL_TIM_PWM_PulseFinishedCallback>
 800363e:	e7ac      	b.n	800359a <HAL_TIM_IRQHandler+0x8e>
        HAL_TIM_OC_DelayElapsedCallback(htim);
 8003640:	4620      	mov	r0, r4
 8003642:	f7ff ff5f 	bl	8003504 <HAL_TIM_OC_DelayElapsedCallback>
        HAL_TIM_PWM_PulseFinishedCallback(htim);
 8003646:	4620      	mov	r0, r4
 8003648:	f7ff ff5e 	bl	8003508 <HAL_TIM_PWM_PulseFinishedCallback>
 800364c:	e7bd      	b.n	80035ca <HAL_TIM_IRQHandler+0xbe>
      __HAL_TIM_CLEAR_IT(htim, TIM_IT_UPDATE);
 800364e:	f06f 0201 	mvn.w	r2, #1
 8003652:	611a      	str	r2, [r3, #16]
      HAL_TIM_PeriodElapsedCallback(htim);
 8003654:	4620      	mov	r0, r4
 8003656:	f7fd fa1b 	bl	8000a90 <HAL_TIM_PeriodElapsedCallback>
 800365a:	e7c1      	b.n	80035e0 <HAL_TIM_IRQHandler+0xd4>
      __HAL_TIM_CLEAR_IT(htim, TIM_IT_BREAK);
 800365c:	f06f 0280 	mvn.w	r2, #128	@ 0x80
 8003660:	611a      	str	r2, [r3, #16]
      HAL_TIMEx_BreakCallback(htim);
 8003662:	4620      	mov	r0, r4
 8003664:	f000 fa89 	bl	8003b7a <HAL_TIMEx_BreakCallback>
 8003668:	e7c3      	b.n	80035f2 <HAL_TIM_IRQHandler+0xe6>
      __HAL_TIM_CLEAR_IT(htim, TIM_IT_TRIGGER);
 800366a:	f06f 0240 	mvn.w	r2, #64	@ 0x40
 800366e:	611a      	str	r2, [r3, #16]
      HAL_TIM_TriggerCallback(htim);
 8003670:	4620      	mov	r0, r4
 8003672:	f7ff ff4a 	bl	800350a <HAL_TIM_TriggerCallback>
 8003676:	e7c5      	b.n	8003604 <HAL_TIM_IRQHandler+0xf8>
      __HAL_TIM_CLEAR_IT(htim, TIM_FLAG_COM);
 8003678:	f06f 0220 	mvn.w	r2, #32
 800367c:	611a      	str	r2, [r3, #16]
      HAL_TIMEx_CommutCallback(htim);
 800367e:	4620      	mov	r0, r4
 8003680:	f000 fa7a 	bl	8003b78 <HAL_TIMEx_CommutCallback>
}
 8003684:	e7c7      	b.n	8003616 <HAL_TIM_IRQHandler+0x10a>
	...

08003688 <TIM_Base_SetConfig>:
  tmpcr1 = TIMx->CR1;
 8003688:	6803      	ldr	r3, [r0, #0]
  if (IS_TIM_COUNTER_MODE_SELECT_INSTANCE(TIMx))
 800368a:	4a1b      	ldr	r2, [pc, #108]	@ (80036f8 <TIM_Base_SetConfig+0x70>)
 800368c:	4290      	cmp	r0, r2
 800368e:	d00a      	beq.n	80036a6 <TIM_Base_SetConfig+0x1e>
 8003690:	f1b0 4f80 	cmp.w	r0, #1073741824	@ 0x40000000
 8003694:	d007      	beq.n	80036a6 <TIM_Base_SetConfig+0x1e>
 8003696:	f5a2 3294 	sub.w	r2, r2, #75776	@ 0x12800
 800369a:	4290      	cmp	r0, r2
 800369c:	d003      	beq.n	80036a6 <TIM_Base_SetConfig+0x1e>
 800369e:	f502 6280 	add.w	r2, r2, #1024	@ 0x400
 80036a2:	4290      	cmp	r0, r2
 80036a4:	d103      	bne.n	80036ae <TIM_Base_SetConfig+0x26>
    tmpcr1 &= ~(TIM_CR1_DIR | TIM_CR1_CMS);
 80036a6:	f023 0370 	bic.w	r3, r3, #112	@ 0x70
    tmpcr1 |= Structure->CounterMode;
 80036aa:	684a      	ldr	r2, [r1, #4]
 80036ac:	4313      	orrs	r3, r2
  if (IS_TIM_CLOCK_DIVISION_INSTANCE(TIMx))
 80036ae:	4a12      	ldr	r2, [pc, #72]	@ (80036f8 <TIM_Base_SetConfig+0x70>)
 80036b0:	4290      	cmp	r0, r2
 80036b2:	d00a      	beq.n	80036ca <TIM_Base_SetConfig+0x42>
 80036b4:	f1b0 4f80 	cmp.w	r0, #1073741824	@ 0x40000000
 80036b8:	d007      	beq.n	80036ca <TIM_Base_SetConfig+0x42>
 80036ba:	f5a2 3294 	sub.w	r2, r2, #75776	@ 0x12800
 80036be:	4290      	cmp	r0, r2
 80036c0:	d003      	beq.n	80036ca <TIM_Base_SetConfig+0x42>
 80036c2:	f502 6280 	add.w	r2, r2, #1024	@ 0x400
 80036c6:	4290      	cmp	r0, r2
 80036c8:	d103      	bne.n	80036d2 <TIM_Base_SetConfig+0x4a>
    tmpcr1 &= ~TIM_CR1_CKD;
 80036ca:	f423 7340 	bic.w	r3, r3, #768	@ 0x300
    tmpcr1 |= (uint32_t)Structure->ClockDivision;
 80036ce:	68ca      	ldr	r2, [r1, #12]
 80036d0:	4313      	orrs	r3, r2
  MODIFY_REG(tmpcr1, TIM_CR1_ARPE, Structure->AutoReloadPreload);
 80036d2:	f023 0380 	bic.w	r3, r3, #128	@ 0x80
 80036d6:	694a      	ldr	r2, [r1, #20]
 80036d8:	4313      	orrs	r3, r2
  TIMx->CR1 = tmpcr1;
 80036da:	6003      	str	r3, [r0, #0]
  TIMx->ARR = (uint32_t)Structure->Period ;
 80036dc:	688b      	ldr	r3, [r1, #8]
 80036de:	62c3      	str	r3, [r0, #44]	@ 0x2c
  TIMx->PSC = Structure->Prescaler;
 80036e0:	680b      	ldr	r3, [r1, #0]
 80036e2:	6283      	str	r3, [r0, #40]	@ 0x28
  if (IS_TIM_REPETITION_COUNTER_INSTANCE(TIMx))
 80036e4:	4b04      	ldr	r3, [pc, #16]	@ (80036f8 <TIM_Base_SetConfig+0x70>)
 80036e6:	4298      	cmp	r0, r3
 80036e8:	d002      	beq.n	80036f0 <TIM_Base_SetConfig+0x68>
  TIMx->EGR = TIM_EGR_UG;
 80036ea:	2301      	movs	r3, #1
 80036ec:	6143      	str	r3, [r0, #20]
}
 80036ee:	4770      	bx	lr
    TIMx->RCR = Structure->RepetitionCounter;
 80036f0:	690b      	ldr	r3, [r1, #16]
 80036f2:	6303      	str	r3, [r0, #48]	@ 0x30
 80036f4:	e7f9      	b.n	80036ea <TIM_Base_SetConfig+0x62>
 80036f6:	bf00      	nop
 80036f8:	40012c00 	.word	0x40012c00

080036fc <HAL_TIM_PWM_Init>:
  if (htim == NULL)
 80036fc:	b340      	cbz	r0, 8003750 <HAL_TIM_PWM_Init+0x54>
{
 80036fe:	b510      	push	{r4, lr}
 8003700:	4604      	mov	r4, r0
  if (htim->State == HAL_TIM_STATE_RESET)
 8003702:	f890 303d 	ldrb.w	r3, [r0, #61]	@ 0x3d
 8003706:	b1f3      	cbz	r3, 8003746 <HAL_TIM_PWM_Init+0x4a>
  htim->State = HAL_TIM_STATE_BUSY;
 8003708:	2302      	movs	r3, #2
 800370a:	f884 303d 	strb.w	r3, [r4, #61]	@ 0x3d
  TIM_Base_SetConfig(htim->Instance, &htim->Init);
 800370e:	4621      	mov	r1, r4
 8003710:	f851 0b04 	ldr.w	r0, [r1], #4
 8003714:	f7ff ffb8 	bl	8003688 <TIM_Base_SetConfig>
  htim->DMABurstState = HAL_DMA_BURST_STATE_READY;
 8003718:	2301      	movs	r3, #1
 800371a:	f884 3046 	strb.w	r3, [r4, #70]	@ 0x46
  TIM_CHANNEL_STATE_SET_ALL(htim, HAL_TIM_CHANNEL_STATE_READY);
 800371e:	f884 303e 	strb.w	r3, [r4, #62]	@ 0x3e
 8003722:	f884 303f 	strb.w	r3, [r4, #63]	@ 0x3f
 8003726:	f884 3040 	strb.w	r3, [r4, #64]	@ 0x40
 800372a:	f884 3041 	strb.w	r3, [r4, #65]	@ 0x41
  TIM_CHANNEL_N_STATE_SET_ALL(htim, HAL_TIM_CHANNEL_STATE_READY);
 800372e:	f884 3042 	strb.w	r3, [r4, #66]	@ 0x42
 8003732:	f884 3043 	strb.w	r3, [r4, #67]	@ 0x43
 8003736:	f884 3044 	strb.w	r3, [r4, #68]	@ 0x44
 800373a:	f884 3045 	strb.w	r3, [r4, #69]	@ 0x45
  htim->State = HAL_TIM_STATE_READY;
 800373e:	f884 303d 	strb.w	r3, [r4, #61]	@ 0x3d
  return HAL_OK;
 8003742:	2000      	movs	r0, #0
}
 8003744:	bd10      	pop	{r4, pc}
    htim->Lock = HAL_UNLOCKED;
 8003746:	f880 303c 	strb.w	r3, [r0, #60]	@ 0x3c
    HAL_TIM_PWM_MspInit(htim);
 800374a:	f7fe f871 	bl	8001830 <HAL_TIM_PWM_MspInit>
 800374e:	e7db      	b.n	8003708 <HAL_TIM_PWM_Init+0xc>
    return HAL_ERROR;
 8003750:	2001      	movs	r0, #1
}
 8003752:	4770      	bx	lr

08003754 <HAL_TIM_Encoder_Init>:
  if (htim == NULL)
 8003754:	2800      	cmp	r0, #0
 8003756:	d056      	beq.n	8003806 <HAL_TIM_Encoder_Init+0xb2>
{
 8003758:	b570      	push	{r4, r5, r6, lr}
 800375a:	460d      	mov	r5, r1
 800375c:	4604      	mov	r4, r0
  if (htim->State == HAL_TIM_STATE_RESET)
 800375e:	f890 303d 	ldrb.w	r3, [r0, #61]	@ 0x3d
 8003762:	2b00      	cmp	r3, #0
 8003764:	d04a      	beq.n	80037fc <HAL_TIM_Encoder_Init+0xa8>
  htim->State = HAL_TIM_STATE_BUSY;
 8003766:	2302      	movs	r3, #2
 8003768:	f884 303d 	strb.w	r3, [r4, #61]	@ 0x3d
  htim->Instance->SMCR &= ~(TIM_SMCR_SMS | TIM_SMCR_ECE);
 800376c:	6822      	ldr	r2, [r4, #0]
 800376e:	6893      	ldr	r3, [r2, #8]
 8003770:	f423 4380 	bic.w	r3, r3, #16384	@ 0x4000
 8003774:	f023 0307 	bic.w	r3, r3, #7
 8003778:	6093      	str	r3, [r2, #8]
  TIM_Base_SetConfig(htim->Instance, &htim->Init);
 800377a:	4621      	mov	r1, r4
 800377c:	f851 0b04 	ldr.w	r0, [r1], #4
 8003780:	f7ff ff82 	bl	8003688 <TIM_Base_SetConfig>
  tmpsmcr = htim->Instance->SMCR;
 8003784:	6821      	ldr	r1, [r4, #0]
 8003786:	688b      	ldr	r3, [r1, #8]
  tmpccmr1 = htim->Instance->CCMR1;
 8003788:	698a      	ldr	r2, [r1, #24]
  tmpccer = htim->Instance->CCER;
 800378a:	6a0e      	ldr	r6, [r1, #32]
  tmpsmcr |= sConfig->EncoderMode;
 800378c:	6828      	ldr	r0, [r5, #0]
 800378e:	4318      	orrs	r0, r3
  tmpccmr1 &= ~(TIM_CCMR1_CC1S | TIM_CCMR1_CC2S);
 8003790:	f422 7240 	bic.w	r2, r2, #768	@ 0x300
 8003794:	f022 0203 	bic.w	r2, r2, #3
  tmpccmr1 |= (sConfig->IC1Selection | (sConfig->IC2Selection << 8U));
 8003798:	68ab      	ldr	r3, [r5, #8]
 800379a:	f8d5 c018 	ldr.w	ip, [r5, #24]
 800379e:	ea43 230c 	orr.w	r3, r3, ip, lsl #8
 80037a2:	4313      	orrs	r3, r2
  tmpccmr1 &= ~(TIM_CCMR1_IC1F | TIM_CCMR1_IC2F);
 80037a4:	f423 437c 	bic.w	r3, r3, #64512	@ 0xfc00
 80037a8:	f023 03fc 	bic.w	r3, r3, #252	@ 0xfc
  tmpccmr1 |= sConfig->IC1Prescaler | (sConfig->IC2Prescaler << 8U);
 80037ac:	68ea      	ldr	r2, [r5, #12]
 80037ae:	f8d5 c01c 	ldr.w	ip, [r5, #28]
 80037b2:	ea42 220c 	orr.w	r2, r2, ip, lsl #8
 80037b6:	431a      	orrs	r2, r3
  tmpccmr1 |= (sConfig->IC1Filter << 4U) | (sConfig->IC2Filter << 12U);
 80037b8:	6a2b      	ldr	r3, [r5, #32]
 80037ba:	031b      	lsls	r3, r3, #12
 80037bc:	f8d5 c010 	ldr.w	ip, [r5, #16]
 80037c0:	ea43 130c 	orr.w	r3, r3, ip, lsl #4
 80037c4:	4313      	orrs	r3, r2
  tmpccer &= ~(TIM_CCER_CC1P | TIM_CCER_CC2P);
 80037c6:	f026 0622 	bic.w	r6, r6, #34	@ 0x22
  tmpccer |= sConfig->IC1Polarity | (sConfig->IC2Polarity << 4U);
 80037ca:	686a      	ldr	r2, [r5, #4]
 80037cc:	696d      	ldr	r5, [r5, #20]
 80037ce:	ea42 1205 	orr.w	r2, r2, r5, lsl #4
 80037d2:	4332      	orrs	r2, r6
  htim->Instance->SMCR = tmpsmcr;
 80037d4:	6088      	str	r0, [r1, #8]
  htim->Instance->CCMR1 = tmpccmr1;
 80037d6:	6821      	ldr	r1, [r4, #0]
 80037d8:	618b      	str	r3, [r1, #24]
  htim->Instance->CCER = tmpccer;
 80037da:	6823      	ldr	r3, [r4, #0]
 80037dc:	621a      	str	r2, [r3, #32]
  htim->DMABurstState = HAL_DMA_BURST_STATE_READY;
 80037de:	2301      	movs	r3, #1
 80037e0:	f884 3046 	strb.w	r3, [r4, #70]	@ 0x46
  TIM_CHANNEL_STATE_SET(htim, TIM_CHANNEL_1, HAL_TIM_CHANNEL_STATE_READY);
 80037e4:	f884 303e 	strb.w	r3, [r4, #62]	@ 0x3e
  TIM_CHANNEL_STATE_SET(htim, TIM_CHANNEL_2, HAL_TIM_CHANNEL_STATE_READY);
 80037e8:	f884 303f 	strb.w	r3, [r4, #63]	@ 0x3f
  TIM_CHANNEL_N_STATE_SET(htim, TIM_CHANNEL_1, HAL_TIM_CHANNEL_STATE_READY);
 80037ec:	f884 3042 	strb.w	r3, [r4, #66]	@ 0x42
  TIM_CHANNEL_N_STATE_SET(htim, TIM_CHANNEL_2, HAL_TIM_CHANNEL_STATE_READY);
 80037f0:	f884 3043 	strb.w	r3, [r4, #67]	@ 0x43
  htim->State = HAL_TIM_STATE_READY;
 80037f4:	f884 303d 	strb.w	r3, [r4, #61]	@ 0x3d
  return HAL_OK;
 80037f8:	2000      	movs	r0, #0
}
 80037fa:	bd70      	pop	{r4, r5, r6, pc}
    htim->Lock = HAL_UNLOCKED;
 80037fc:	f880 303c 	strb.w	r3, [r0, #60]	@ 0x3c
    HAL_TIM_Encoder_MspInit(htim);
 8003800:	f7fd ffc8 	bl	8001794 <HAL_TIM_Encoder_MspInit>
 8003804:	e7af      	b.n	8003766 <HAL_TIM_Encoder_Init+0x12>
    return HAL_ERROR;
 8003806:	2001      	movs	r0, #1
}
 8003808:	4770      	bx	lr
	...

0800380c <TIM_OC2_SetConfig>:
{
 800380c:	b430      	push	{r4, r5}
  tmpccer = TIMx->CCER;
 800380e:	6a03      	ldr	r3, [r0, #32]
  TIMx->CCER &= ~TIM_CCER_CC2E;
 8003810:	6a02      	ldr	r2, [r0, #32]
 8003812:	f022 0210 	bic.w	r2, r2, #16
 8003816:	6202      	str	r2, [r0, #32]
  tmpcr2 =  TIMx->CR2;
 8003818:	6844      	ldr	r4, [r0, #4]
  tmpccmrx = TIMx->CCMR1;
 800381a:	6982      	ldr	r2, [r0, #24]
  tmpccmrx &= ~TIM_CCMR1_CC2S;
 800381c:	f422 42e6 	bic.w	r2, r2, #29440	@ 0x7300
  tmpccmrx |= (OC_Config->OCMode << 8U);
 8003820:	680d      	ldr	r5, [r1, #0]
 8003822:	ea42 2205 	orr.w	r2, r2, r5, lsl #8
  tmpccer &= ~TIM_CCER_CC2P;
 8003826:	f023 0320 	bic.w	r3, r3, #32
  tmpccer |= (OC_Config->OCPolarity << 4U);
 800382a:	688d      	ldr	r5, [r1, #8]
 800382c:	ea43 1305 	orr.w	r3, r3, r5, lsl #4
  if (IS_TIM_CCXN_INSTANCE(TIMx, TIM_CHANNEL_2))
 8003830:	4d0c      	ldr	r5, [pc, #48]	@ (8003864 <TIM_OC2_SetConfig+0x58>)
 8003832:	42a8      	cmp	r0, r5
 8003834:	d006      	beq.n	8003844 <TIM_OC2_SetConfig+0x38>
  TIMx->CR2 = tmpcr2;
 8003836:	6044      	str	r4, [r0, #4]
  TIMx->CCMR1 = tmpccmrx;
 8003838:	6182      	str	r2, [r0, #24]
  TIMx->CCR2 = OC_Config->Pulse;
 800383a:	684a      	ldr	r2, [r1, #4]
 800383c:	6382      	str	r2, [r0, #56]	@ 0x38
  TIMx->CCER = tmpccer;
 800383e:	6203      	str	r3, [r0, #32]
}
 8003840:	bc30      	pop	{r4, r5}
 8003842:	4770      	bx	lr
    tmpccer &= ~TIM_CCER_CC2NP;
 8003844:	f023 0380 	bic.w	r3, r3, #128	@ 0x80
    tmpccer |= (OC_Config->OCNPolarity << 4U);
 8003848:	68cd      	ldr	r5, [r1, #12]
 800384a:	ea43 1305 	orr.w	r3, r3, r5, lsl #4
    tmpccer &= ~TIM_CCER_CC2NE;
 800384e:	f023 0340 	bic.w	r3, r3, #64	@ 0x40
    tmpcr2 &= ~TIM_CR2_OIS2N;
 8003852:	f424 6440 	bic.w	r4, r4, #3072	@ 0xc00
    tmpcr2 |= (OC_Config->OCIdleState << 2U);
 8003856:	694d      	ldr	r5, [r1, #20]
 8003858:	ea44 0485 	orr.w	r4, r4, r5, lsl #2
    tmpcr2 |= (OC_Config->OCNIdleState << 2U);
 800385c:	698d      	ldr	r5, [r1, #24]
 800385e:	ea44 0485 	orr.w	r4, r4, r5, lsl #2
 8003862:	e7e8      	b.n	8003836 <TIM_OC2_SetConfig+0x2a>
 8003864:	40012c00 	.word	0x40012c00

08003868 <HAL_TIM_PWM_ConfigChannel>:
{
 8003868:	b538      	push	{r3, r4, r5, lr}
  __HAL_LOCK(htim);
 800386a:	f890 303c 	ldrb.w	r3, [r0, #60]	@ 0x3c
 800386e:	2b01      	cmp	r3, #1
 8003870:	d066      	beq.n	8003940 <HAL_TIM_PWM_ConfigChannel+0xd8>
 8003872:	4604      	mov	r4, r0
 8003874:	460d      	mov	r5, r1
 8003876:	2301      	movs	r3, #1
 8003878:	f880 303c 	strb.w	r3, [r0, #60]	@ 0x3c
  switch (Channel)
 800387c:	2a0c      	cmp	r2, #12
 800387e:	d85a      	bhi.n	8003936 <HAL_TIM_PWM_ConfigChannel+0xce>
 8003880:	e8df f002 	tbb	[pc, r2]
 8003884:	59595907 	.word	0x59595907
 8003888:	5959591b 	.word	0x5959591b
 800388c:	59595930 	.word	0x59595930
 8003890:	44          	.byte	0x44
 8003891:	00          	.byte	0x00
      TIM_OC1_SetConfig(htim->Instance, sConfig);
 8003892:	6800      	ldr	r0, [r0, #0]
 8003894:	f7ff fd86 	bl	80033a4 <TIM_OC1_SetConfig>
      htim->Instance->CCMR1 |= TIM_CCMR1_OC1PE;
 8003898:	6822      	ldr	r2, [r4, #0]
 800389a:	6993      	ldr	r3, [r2, #24]
 800389c:	f043 0308 	orr.w	r3, r3, #8
 80038a0:	6193      	str	r3, [r2, #24]
      htim->Instance->CCMR1 &= ~TIM_CCMR1_OC1FE;
 80038a2:	6822      	ldr	r2, [r4, #0]
 80038a4:	6993      	ldr	r3, [r2, #24]
 80038a6:	f023 0304 	bic.w	r3, r3, #4
 80038aa:	6193      	str	r3, [r2, #24]
      htim->Instance->CCMR1 |= sConfig->OCFastMode;
 80038ac:	6822      	ldr	r2, [r4, #0]
 80038ae:	6993      	ldr	r3, [r2, #24]
 80038b0:	6929      	ldr	r1, [r5, #16]
 80038b2:	430b      	orrs	r3, r1
 80038b4:	6193      	str	r3, [r2, #24]
  HAL_StatusTypeDef status = HAL_OK;
 80038b6:	2000      	movs	r0, #0
      break;
 80038b8:	e03e      	b.n	8003938 <HAL_TIM_PWM_ConfigChannel+0xd0>
      TIM_OC2_SetConfig(htim->Instance, sConfig);
 80038ba:	6800      	ldr	r0, [r0, #0]
 80038bc:	f7ff ffa6 	bl	800380c <TIM_OC2_SetConfig>
      htim->Instance->CCMR1 |= TIM_CCMR1_OC2PE;
 80038c0:	6822      	ldr	r2, [r4, #0]
 80038c2:	6993      	ldr	r3, [r2, #24]
 80038c4:	f443 6300 	orr.w	r3, r3, #2048	@ 0x800
 80038c8:	6193      	str	r3, [r2, #24]
      htim->Instance->CCMR1 &= ~TIM_CCMR1_OC2FE;
 80038ca:	6822      	ldr	r2, [r4, #0]
 80038cc:	6993      	ldr	r3, [r2, #24]
 80038ce:	f423 6380 	bic.w	r3, r3, #1024	@ 0x400
 80038d2:	6193      	str	r3, [r2, #24]
      htim->Instance->CCMR1 |= sConfig->OCFastMode << 8U;
 80038d4:	6822      	ldr	r2, [r4, #0]
 80038d6:	6993      	ldr	r3, [r2, #24]
 80038d8:	6929      	ldr	r1, [r5, #16]
 80038da:	ea43 2301 	orr.w	r3, r3, r1, lsl #8
 80038de:	6193      	str	r3, [r2, #24]
  HAL_StatusTypeDef status = HAL_OK;
 80038e0:	2000      	movs	r0, #0
      break;
 80038e2:	e029      	b.n	8003938 <HAL_TIM_PWM_ConfigChannel+0xd0>
      TIM_OC3_SetConfig(htim->Instance, sConfig);
 80038e4:	6800      	ldr	r0, [r0, #0]
 80038e6:	f7ff fd87 	bl	80033f8 <TIM_OC3_SetConfig>
      htim->Instance->CCMR2 |= TIM_CCMR2_OC3PE;
 80038ea:	6822      	ldr	r2, [r4, #0]
 80038ec:	69d3      	ldr	r3, [r2, #28]
 80038ee:	f043 0308 	orr.w	r3, r3, #8
 80038f2:	61d3      	str	r3, [r2, #28]
      htim->Instance->CCMR2 &= ~TIM_CCMR2_OC3FE;
 80038f4:	6822      	ldr	r2, [r4, #0]
 80038f6:	69d3      	ldr	r3, [r2, #28]
 80038f8:	f023 0304 	bic.w	r3, r3, #4
 80038fc:	61d3      	str	r3, [r2, #28]
      htim->Instance->CCMR2 |= sConfig->OCFastMode;
 80038fe:	6822      	ldr	r2, [r4, #0]
 8003900:	69d3      	ldr	r3, [r2, #28]
 8003902:	6929      	ldr	r1, [r5, #16]
 8003904:	430b      	orrs	r3, r1
 8003906:	61d3      	str	r3, [r2, #28]
  HAL_StatusTypeDef status = HAL_OK;
 8003908:	2000      	movs	r0, #0
      break;
 800390a:	e015      	b.n	8003938 <HAL_TIM_PWM_ConfigChannel+0xd0>
      TIM_OC4_SetConfig(htim->Instance, sConfig);
 800390c:	6800      	ldr	r0, [r0, #0]
 800390e:	f7ff fda1 	bl	8003454 <TIM_OC4_SetConfig>
      htim->Instance->CCMR2 |= TIM_CCMR2_OC4PE;
 8003912:	6822      	ldr	r2, [r4, #0]
 8003914:	69d3      	ldr	r3, [r2, #28]
 8003916:	f443 6300 	orr.w	r3, r3, #2048	@ 0x800
 800391a:	61d3      	str	r3, [r2, #28]
      htim->Instance->CCMR2 &= ~TIM_CCMR2_OC4FE;
 800391c:	6822      	ldr	r2, [r4, #0]
 800391e:	69d3      	ldr	r3, [r2, #28]
 8003920:	f423 6380 	bic.w	r3, r3, #1024	@ 0x400
 8003924:	61d3      	str	r3, [r2, #28]
      htim->Instance->CCMR2 |= sConfig->OCFastMode << 8U;
 8003926:	6822      	ldr	r2, [r4, #0]
 8003928:	69d3      	ldr	r3, [r2, #28]
 800392a:	6929      	ldr	r1, [r5, #16]
 800392c:	ea43 2301 	orr.w	r3, r3, r1, lsl #8
 8003930:	61d3      	str	r3, [r2, #28]
  HAL_StatusTypeDef status = HAL_OK;
 8003932:	2000      	movs	r0, #0
      break;
 8003934:	e000      	b.n	8003938 <HAL_TIM_PWM_ConfigChannel+0xd0>
  switch (Channel)
 8003936:	2001      	movs	r0, #1
  __HAL_UNLOCK(htim);
 8003938:	2300      	movs	r3, #0
 800393a:	f884 303c 	strb.w	r3, [r4, #60]	@ 0x3c
}
 800393e:	bd38      	pop	{r3, r4, r5, pc}
  __HAL_LOCK(htim);
 8003940:	2002      	movs	r0, #2
 8003942:	e7fc      	b.n	800393e <HAL_TIM_PWM_ConfigChannel+0xd6>

08003944 <TIM_CCxChannelCmd>:

  /* Check the parameters */
  assert_param(IS_TIM_CC1_INSTANCE(TIMx));
  assert_param(IS_TIM_CHANNELS(Channel));

  tmp = TIM_CCER_CC1E << (Channel & 0x1FU); /* 0x1FU = 31 bits max shift */
 8003944:	f001 011f 	and.w	r1, r1, #31
 8003948:	f04f 0c01 	mov.w	ip, #1
 800394c:	fa0c fc01 	lsl.w	ip, ip, r1

  /* Reset the CCxE Bit */
  TIMx->CCER &= ~tmp;
 8003950:	6a03      	ldr	r3, [r0, #32]
 8003952:	ea23 030c 	bic.w	r3, r3, ip
 8003956:	6203      	str	r3, [r0, #32]

  /* Set or reset the CCxE Bit */
  TIMx->CCER |= (uint32_t)(ChannelState << (Channel & 0x1FU)); /* 0x1FU = 31 bits max shift */
 8003958:	6a03      	ldr	r3, [r0, #32]
 800395a:	408a      	lsls	r2, r1
 800395c:	4313      	orrs	r3, r2
 800395e:	6203      	str	r3, [r0, #32]
}
 8003960:	4770      	bx	lr
	...

08003964 <HAL_TIM_PWM_Start>:
{
 8003964:	b510      	push	{r4, lr}
 8003966:	4604      	mov	r4, r0
  if (TIM_CHANNEL_STATE_GET(htim, Channel) != HAL_TIM_CHANNEL_STATE_READY)
 8003968:	4608      	mov	r0, r1
 800396a:	bb51      	cbnz	r1, 80039c2 <HAL_TIM_PWM_Start+0x5e>
 800396c:	f894 303e 	ldrb.w	r3, [r4, #62]	@ 0x3e
 8003970:	b2db      	uxtb	r3, r3
 8003972:	3b01      	subs	r3, #1
 8003974:	bf18      	it	ne
 8003976:	2301      	movne	r3, #1
 8003978:	2b00      	cmp	r3, #0
 800397a:	d15b      	bne.n	8003a34 <HAL_TIM_PWM_Start+0xd0>
  TIM_CHANNEL_STATE_SET(htim, Channel, HAL_TIM_CHANNEL_STATE_BUSY);
 800397c:	2800      	cmp	r0, #0
 800397e:	d139      	bne.n	80039f4 <HAL_TIM_PWM_Start+0x90>
 8003980:	2302      	movs	r3, #2
 8003982:	f884 303e 	strb.w	r3, [r4, #62]	@ 0x3e
  TIM_CCxChannelCmd(htim->Instance, Channel, TIM_CCx_ENABLE);
 8003986:	2201      	movs	r2, #1
 8003988:	4601      	mov	r1, r0
 800398a:	6820      	ldr	r0, [r4, #0]
 800398c:	f7ff ffda 	bl	8003944 <TIM_CCxChannelCmd>
  if (IS_TIM_BREAK_INSTANCE(htim->Instance) != RESET)
 8003990:	6823      	ldr	r3, [r4, #0]
 8003992:	4a2a      	ldr	r2, [pc, #168]	@ (8003a3c <HAL_TIM_PWM_Start+0xd8>)
 8003994:	4293      	cmp	r3, r2
 8003996:	d03d      	beq.n	8003a14 <HAL_TIM_PWM_Start+0xb0>
  if (IS_TIM_SLAVE_INSTANCE(htim->Instance))
 8003998:	6823      	ldr	r3, [r4, #0]
 800399a:	4a28      	ldr	r2, [pc, #160]	@ (8003a3c <HAL_TIM_PWM_Start+0xd8>)
 800399c:	4293      	cmp	r3, r2
 800399e:	d03e      	beq.n	8003a1e <HAL_TIM_PWM_Start+0xba>
 80039a0:	f1b3 4f80 	cmp.w	r3, #1073741824	@ 0x40000000
 80039a4:	d03b      	beq.n	8003a1e <HAL_TIM_PWM_Start+0xba>
 80039a6:	f5a2 3294 	sub.w	r2, r2, #75776	@ 0x12800
 80039aa:	4293      	cmp	r3, r2
 80039ac:	d037      	beq.n	8003a1e <HAL_TIM_PWM_Start+0xba>
 80039ae:	f502 6280 	add.w	r2, r2, #1024	@ 0x400
 80039b2:	4293      	cmp	r3, r2
 80039b4:	d033      	beq.n	8003a1e <HAL_TIM_PWM_Start+0xba>
    __HAL_TIM_ENABLE(htim);
 80039b6:	681a      	ldr	r2, [r3, #0]
 80039b8:	f042 0201 	orr.w	r2, r2, #1
 80039bc:	601a      	str	r2, [r3, #0]
  return HAL_OK;
 80039be:	2000      	movs	r0, #0
 80039c0:	e039      	b.n	8003a36 <HAL_TIM_PWM_Start+0xd2>
  if (TIM_CHANNEL_STATE_GET(htim, Channel) != HAL_TIM_CHANNEL_STATE_READY)
 80039c2:	2904      	cmp	r1, #4
 80039c4:	d008      	beq.n	80039d8 <HAL_TIM_PWM_Start+0x74>
 80039c6:	2908      	cmp	r1, #8
 80039c8:	d00d      	beq.n	80039e6 <HAL_TIM_PWM_Start+0x82>
 80039ca:	f894 3041 	ldrb.w	r3, [r4, #65]	@ 0x41
 80039ce:	b2db      	uxtb	r3, r3
 80039d0:	3b01      	subs	r3, #1
 80039d2:	bf18      	it	ne
 80039d4:	2301      	movne	r3, #1
 80039d6:	e7cf      	b.n	8003978 <HAL_TIM_PWM_Start+0x14>
 80039d8:	f894 303f 	ldrb.w	r3, [r4, #63]	@ 0x3f
 80039dc:	b2db      	uxtb	r3, r3
 80039de:	3b01      	subs	r3, #1
 80039e0:	bf18      	it	ne
 80039e2:	2301      	movne	r3, #1
 80039e4:	e7c8      	b.n	8003978 <HAL_TIM_PWM_Start+0x14>
 80039e6:	f894 3040 	ldrb.w	r3, [r4, #64]	@ 0x40
 80039ea:	b2db      	uxtb	r3, r3
 80039ec:	3b01      	subs	r3, #1
 80039ee:	bf18      	it	ne
 80039f0:	2301      	movne	r3, #1
 80039f2:	e7c1      	b.n	8003978 <HAL_TIM_PWM_Start+0x14>
  TIM_CHANNEL_STATE_SET(htim, Channel, HAL_TIM_CHANNEL_STATE_BUSY);
 80039f4:	2804      	cmp	r0, #4
 80039f6:	d005      	beq.n	8003a04 <HAL_TIM_PWM_Start+0xa0>
 80039f8:	2808      	cmp	r0, #8
 80039fa:	d007      	beq.n	8003a0c <HAL_TIM_PWM_Start+0xa8>
 80039fc:	2302      	movs	r3, #2
 80039fe:	f884 3041 	strb.w	r3, [r4, #65]	@ 0x41
 8003a02:	e7c0      	b.n	8003986 <HAL_TIM_PWM_Start+0x22>
 8003a04:	2302      	movs	r3, #2
 8003a06:	f884 303f 	strb.w	r3, [r4, #63]	@ 0x3f
 8003a0a:	e7bc      	b.n	8003986 <HAL_TIM_PWM_Start+0x22>
 8003a0c:	2302      	movs	r3, #2
 8003a0e:	f884 3040 	strb.w	r3, [r4, #64]	@ 0x40
 8003a12:	e7b8      	b.n	8003986 <HAL_TIM_PWM_Start+0x22>
    __HAL_TIM_MOE_ENABLE(htim);
 8003a14:	6c5a      	ldr	r2, [r3, #68]	@ 0x44
 8003a16:	f442 4200 	orr.w	r2, r2, #32768	@ 0x8000
 8003a1a:	645a      	str	r2, [r3, #68]	@ 0x44
 8003a1c:	e7bc      	b.n	8003998 <HAL_TIM_PWM_Start+0x34>
    tmpsmcr = htim->Instance->SMCR & TIM_SMCR_SMS;
 8003a1e:	689a      	ldr	r2, [r3, #8]
 8003a20:	f002 0207 	and.w	r2, r2, #7
    if (!IS_TIM_SLAVEMODE_TRIGGER_ENABLED(tmpsmcr))
 8003a24:	2a06      	cmp	r2, #6
 8003a26:	d007      	beq.n	8003a38 <HAL_TIM_PWM_Start+0xd4>
      __HAL_TIM_ENABLE(htim);
 8003a28:	681a      	ldr	r2, [r3, #0]
 8003a2a:	f042 0201 	orr.w	r2, r2, #1
 8003a2e:	601a      	str	r2, [r3, #0]
  return HAL_OK;
 8003a30:	2000      	movs	r0, #0
 8003a32:	e000      	b.n	8003a36 <HAL_TIM_PWM_Start+0xd2>
    return HAL_ERROR;
 8003a34:	2001      	movs	r0, #1
}
 8003a36:	bd10      	pop	{r4, pc}
  return HAL_OK;
 8003a38:	2000      	movs	r0, #0
 8003a3a:	e7fc      	b.n	8003a36 <HAL_TIM_PWM_Start+0xd2>
 8003a3c:	40012c00 	.word	0x40012c00

08003a40 <HAL_TIM_Encoder_Start>:
{
 8003a40:	b538      	push	{r3, r4, r5, lr}
 8003a42:	4604      	mov	r4, r0
  HAL_TIM_ChannelStateTypeDef channel_1_state = TIM_CHANNEL_STATE_GET(htim, TIM_CHANNEL_1);
 8003a44:	f890 003e 	ldrb.w	r0, [r0, #62]	@ 0x3e
 8003a48:	b2c0      	uxtb	r0, r0
  HAL_TIM_ChannelStateTypeDef channel_2_state = TIM_CHANNEL_STATE_GET(htim, TIM_CHANNEL_2);
 8003a4a:	f894 303f 	ldrb.w	r3, [r4, #63]	@ 0x3f
  HAL_TIM_ChannelStateTypeDef complementary_channel_1_state = TIM_CHANNEL_N_STATE_GET(htim, TIM_CHANNEL_1);
 8003a4e:	f894 2042 	ldrb.w	r2, [r4, #66]	@ 0x42
 8003a52:	b2d2      	uxtb	r2, r2
  HAL_TIM_ChannelStateTypeDef complementary_channel_2_state = TIM_CHANNEL_N_STATE_GET(htim, TIM_CHANNEL_2);
 8003a54:	f894 c043 	ldrb.w	ip, [r4, #67]	@ 0x43
  if (Channel == TIM_CHANNEL_1)
 8003a58:	460d      	mov	r5, r1
 8003a5a:	b9b1      	cbnz	r1, 8003a8a <HAL_TIM_Encoder_Start+0x4a>
    if ((channel_1_state != HAL_TIM_CHANNEL_STATE_READY)
 8003a5c:	2801      	cmp	r0, #1
 8003a5e:	d149      	bne.n	8003af4 <HAL_TIM_Encoder_Start+0xb4>
        || (complementary_channel_1_state != HAL_TIM_CHANNEL_STATE_READY))
 8003a60:	2a01      	cmp	r2, #1
 8003a62:	d148      	bne.n	8003af6 <HAL_TIM_Encoder_Start+0xb6>
      TIM_CHANNEL_STATE_SET(htim, TIM_CHANNEL_1, HAL_TIM_CHANNEL_STATE_BUSY);
 8003a64:	2302      	movs	r3, #2
 8003a66:	f884 303e 	strb.w	r3, [r4, #62]	@ 0x3e
      TIM_CHANNEL_N_STATE_SET(htim, TIM_CHANNEL_1, HAL_TIM_CHANNEL_STATE_BUSY);
 8003a6a:	f884 3042 	strb.w	r3, [r4, #66]	@ 0x42
  switch (Channel)
 8003a6e:	b37d      	cbz	r5, 8003ad0 <HAL_TIM_Encoder_Start+0x90>
 8003a70:	2d04      	cmp	r5, #4
 8003a72:	d039      	beq.n	8003ae8 <HAL_TIM_Encoder_Start+0xa8>
      TIM_CCxChannelCmd(htim->Instance, TIM_CHANNEL_1, TIM_CCx_ENABLE);
 8003a74:	2201      	movs	r2, #1
 8003a76:	2100      	movs	r1, #0
 8003a78:	6820      	ldr	r0, [r4, #0]
 8003a7a:	f7ff ff63 	bl	8003944 <TIM_CCxChannelCmd>
      TIM_CCxChannelCmd(htim->Instance, TIM_CHANNEL_2, TIM_CCx_ENABLE);
 8003a7e:	2201      	movs	r2, #1
 8003a80:	2104      	movs	r1, #4
 8003a82:	6820      	ldr	r0, [r4, #0]
 8003a84:	f7ff ff5e 	bl	8003944 <TIM_CCxChannelCmd>
      break;
 8003a88:	e027      	b.n	8003ada <HAL_TIM_Encoder_Start+0x9a>
 8003a8a:	b2db      	uxtb	r3, r3
 8003a8c:	fa5f fc8c 	uxtb.w	ip, ip
  else if (Channel == TIM_CHANNEL_2)
 8003a90:	2904      	cmp	r1, #4
 8003a92:	d012      	beq.n	8003aba <HAL_TIM_Encoder_Start+0x7a>
    if ((channel_1_state != HAL_TIM_CHANNEL_STATE_READY)
 8003a94:	2801      	cmp	r0, #1
 8003a96:	d133      	bne.n	8003b00 <HAL_TIM_Encoder_Start+0xc0>
        || (channel_2_state != HAL_TIM_CHANNEL_STATE_READY)
 8003a98:	2b01      	cmp	r3, #1
 8003a9a:	d12c      	bne.n	8003af6 <HAL_TIM_Encoder_Start+0xb6>
        || (complementary_channel_1_state != HAL_TIM_CHANNEL_STATE_READY)
 8003a9c:	2a01      	cmp	r2, #1
 8003a9e:	d131      	bne.n	8003b04 <HAL_TIM_Encoder_Start+0xc4>
        || (complementary_channel_2_state != HAL_TIM_CHANNEL_STATE_READY))
 8003aa0:	f1bc 0f01 	cmp.w	ip, #1
 8003aa4:	d130      	bne.n	8003b08 <HAL_TIM_Encoder_Start+0xc8>
      TIM_CHANNEL_STATE_SET(htim, TIM_CHANNEL_1, HAL_TIM_CHANNEL_STATE_BUSY);
 8003aa6:	2302      	movs	r3, #2
 8003aa8:	f884 303e 	strb.w	r3, [r4, #62]	@ 0x3e
      TIM_CHANNEL_STATE_SET(htim, TIM_CHANNEL_2, HAL_TIM_CHANNEL_STATE_BUSY);
 8003aac:	f884 303f 	strb.w	r3, [r4, #63]	@ 0x3f
      TIM_CHANNEL_N_STATE_SET(htim, TIM_CHANNEL_1, HAL_TIM_CHANNEL_STATE_BUSY);
 8003ab0:	f884 3042 	strb.w	r3, [r4, #66]	@ 0x42
      TIM_CHANNEL_N_STATE_SET(htim, TIM_CHANNEL_2, HAL_TIM_CHANNEL_STATE_BUSY);
 8003ab4:	f884 3043 	strb.w	r3, [r4, #67]	@ 0x43
 8003ab8:	e7d9      	b.n	8003a6e <HAL_TIM_Encoder_Start+0x2e>
    if ((channel_2_state != HAL_TIM_CHANNEL_STATE_READY)
 8003aba:	2b01      	cmp	r3, #1
 8003abc:	d11c      	bne.n	8003af8 <HAL_TIM_Encoder_Start+0xb8>
        || (complementary_channel_2_state != HAL_TIM_CHANNEL_STATE_READY))
 8003abe:	f1bc 0f01 	cmp.w	ip, #1
 8003ac2:	d11b      	bne.n	8003afc <HAL_TIM_Encoder_Start+0xbc>
      TIM_CHANNEL_STATE_SET(htim, TIM_CHANNEL_2, HAL_TIM_CHANNEL_STATE_BUSY);
 8003ac4:	2302      	movs	r3, #2
 8003ac6:	f884 303f 	strb.w	r3, [r4, #63]	@ 0x3f
      TIM_CHANNEL_N_STATE_SET(htim, TIM_CHANNEL_2, HAL_TIM_CHANNEL_STATE_BUSY);
 8003aca:	f884 3043 	strb.w	r3, [r4, #67]	@ 0x43
 8003ace:	e7ce      	b.n	8003a6e <HAL_TIM_Encoder_Start+0x2e>
      TIM_CCxChannelCmd(htim->Instance, TIM_CHANNEL_1, TIM_CCx_ENABLE);
 8003ad0:	2201      	movs	r2, #1
 8003ad2:	2100      	movs	r1, #0
 8003ad4:	6820      	ldr	r0, [r4, #0]
 8003ad6:	f7ff ff35 	bl	8003944 <TIM_CCxChannelCmd>
  __HAL_TIM_ENABLE(htim);
 8003ada:	6822      	ldr	r2, [r4, #0]
 8003adc:	6813      	ldr	r3, [r2, #0]
 8003ade:	f043 0301 	orr.w	r3, r3, #1
 8003ae2:	6013      	str	r3, [r2, #0]
  return HAL_OK;
 8003ae4:	2000      	movs	r0, #0
 8003ae6:	e006      	b.n	8003af6 <HAL_TIM_Encoder_Start+0xb6>
      TIM_CCxChannelCmd(htim->Instance, TIM_CHANNEL_2, TIM_CCx_ENABLE);
 8003ae8:	2201      	movs	r2, #1
 8003aea:	2104      	movs	r1, #4
 8003aec:	6820      	ldr	r0, [r4, #0]
 8003aee:	f7ff ff29 	bl	8003944 <TIM_CCxChannelCmd>
      break;
 8003af2:	e7f2      	b.n	8003ada <HAL_TIM_Encoder_Start+0x9a>
      return HAL_ERROR;
 8003af4:	2001      	movs	r0, #1
}
 8003af6:	bd38      	pop	{r3, r4, r5, pc}
      return HAL_ERROR;
 8003af8:	2001      	movs	r0, #1
 8003afa:	e7fc      	b.n	8003af6 <HAL_TIM_Encoder_Start+0xb6>
 8003afc:	4618      	mov	r0, r3
 8003afe:	e7fa      	b.n	8003af6 <HAL_TIM_Encoder_Start+0xb6>
      return HAL_ERROR;
 8003b00:	2001      	movs	r0, #1
 8003b02:	e7f8      	b.n	8003af6 <HAL_TIM_Encoder_Start+0xb6>
 8003b04:	4618      	mov	r0, r3
 8003b06:	e7f6      	b.n	8003af6 <HAL_TIM_Encoder_Start+0xb6>
 8003b08:	4610      	mov	r0, r2
 8003b0a:	e7f4      	b.n	8003af6 <HAL_TIM_Encoder_Start+0xb6>

08003b0c <HAL_TIMEx_MasterConfigSynchronization>:
  assert_param(IS_TIM_MASTER_INSTANCE(htim->Instance));
  assert_param(IS_TIM_TRGO_SOURCE(sMasterConfig->MasterOutputTrigger));
  assert_param(IS_TIM_MSM_STATE(sMasterConfig->MasterSlaveMode));

  /* Check input state */
  __HAL_LOCK(htim);
 8003b0c:	f890 203c 	ldrb.w	r2, [r0, #60]	@ 0x3c
 8003b10:	2a01      	cmp	r2, #1
 8003b12:	d02c      	beq.n	8003b6e <HAL_TIMEx_MasterConfigSynchronization+0x62>
{
 8003b14:	b410      	push	{r4}
 8003b16:	4603      	mov	r3, r0
  __HAL_LOCK(htim);
 8003b18:	2201      	movs	r2, #1
 8003b1a:	f880 203c 	strb.w	r2, [r0, #60]	@ 0x3c

  /* Change the handler state */
  htim->State = HAL_TIM_STATE_BUSY;
 8003b1e:	2202      	movs	r2, #2
 8003b20:	f880 203d 	strb.w	r2, [r0, #61]	@ 0x3d

  /* Get the TIMx CR2 register value */
  tmpcr2 = htim->Instance->CR2;
 8003b24:	6802      	ldr	r2, [r0, #0]
 8003b26:	6850      	ldr	r0, [r2, #4]

  /* Get the TIMx SMCR register value */
  tmpsmcr = htim->Instance->SMCR;
 8003b28:	6894      	ldr	r4, [r2, #8]

  /* Reset the MMS Bits */
  tmpcr2 &= ~TIM_CR2_MMS;
 8003b2a:	f020 0c70 	bic.w	ip, r0, #112	@ 0x70
  /* Select the TRGO source */
  tmpcr2 |=  sMasterConfig->MasterOutputTrigger;
 8003b2e:	6808      	ldr	r0, [r1, #0]
 8003b30:	ea40 000c 	orr.w	r0, r0, ip

  /* Update TIMx CR2 */
  htim->Instance->CR2 = tmpcr2;
 8003b34:	6050      	str	r0, [r2, #4]

  if (IS_TIM_SLAVE_INSTANCE(htim->Instance))
 8003b36:	681a      	ldr	r2, [r3, #0]
 8003b38:	480e      	ldr	r0, [pc, #56]	@ (8003b74 <HAL_TIMEx_MasterConfigSynchronization+0x68>)
 8003b3a:	4282      	cmp	r2, r0
 8003b3c:	d00a      	beq.n	8003b54 <HAL_TIMEx_MasterConfigSynchronization+0x48>
 8003b3e:	f1b2 4f80 	cmp.w	r2, #1073741824	@ 0x40000000
 8003b42:	d007      	beq.n	8003b54 <HAL_TIMEx_MasterConfigSynchronization+0x48>
 8003b44:	f5a0 3094 	sub.w	r0, r0, #75776	@ 0x12800
 8003b48:	4282      	cmp	r2, r0
 8003b4a:	d003      	beq.n	8003b54 <HAL_TIMEx_MasterConfigSynchronization+0x48>
 8003b4c:	f500 6080 	add.w	r0, r0, #1024	@ 0x400
 8003b50:	4282      	cmp	r2, r0
 8003b52:	d104      	bne.n	8003b5e <HAL_TIMEx_MasterConfigSynchronization+0x52>
  {
    /* Reset the MSM Bit */
    tmpsmcr &= ~TIM_SMCR_MSM;
 8003b54:	f024 0480 	bic.w	r4, r4, #128	@ 0x80
    /* Set master mode */
    tmpsmcr |= sMasterConfig->MasterSlaveMode;
 8003b58:	6849      	ldr	r1, [r1, #4]
 8003b5a:	4321      	orrs	r1, r4

    /* Update TIMx SMCR */
    htim->Instance->SMCR = tmpsmcr;
 8003b5c:	6091      	str	r1, [r2, #8]
  }

  /* Change the htim state */
  htim->State = HAL_TIM_STATE_READY;
 8003b5e:	2201      	movs	r2, #1
 8003b60:	f883 203d 	strb.w	r2, [r3, #61]	@ 0x3d

  __HAL_UNLOCK(htim);
 8003b64:	2000      	movs	r0, #0
 8003b66:	f883 003c 	strb.w	r0, [r3, #60]	@ 0x3c

  return HAL_OK;
}
 8003b6a:	bc10      	pop	{r4}
 8003b6c:	4770      	bx	lr
  __HAL_LOCK(htim);
 8003b6e:	2002      	movs	r0, #2
}
 8003b70:	4770      	bx	lr
 8003b72:	bf00      	nop
 8003b74:	40012c00 	.word	0x40012c00

08003b78 <HAL_TIMEx_CommutCallback>:
  UNUSED(htim);

  /* NOTE : This function should not be modified, when the callback is needed,
            the HAL_TIMEx_CommutCallback could be implemented in the user file
   */
}
 8003b78:	4770      	bx	lr

08003b7a <HAL_TIMEx_BreakCallback>:
  UNUSED(htim);

  /* NOTE : This function should not be modified, when the callback is needed,
            the HAL_TIMEx_BreakCallback could be implemented in the user file
   */
}
 8003b7a:	4770      	bx	lr

08003b7c <Reset_Handler>:
  .weak Reset_Handler
  .type Reset_Handler, %function
Reset_Handler:

/* Call the clock system initialization function.*/
    bl  SystemInit
 8003b7c:	f7fd fd9e 	bl	80016bc <SystemInit>

/* Copy the data segment initializers from flash to SRAM */
  ldr r0, =_sdata
 8003b80:	480b      	ldr	r0, [pc, #44]	@ (8003bb0 <LoopFillZerobss+0xe>)
  ldr r1, =_edata
 8003b82:	490c      	ldr	r1, [pc, #48]	@ (8003bb4 <LoopFillZerobss+0x12>)
  ldr r2, =_sidata
 8003b84:	4a0c      	ldr	r2, [pc, #48]	@ (8003bb8 <LoopFillZerobss+0x16>)
  movs r3, #0
 8003b86:	2300      	movs	r3, #0
  b LoopCopyDataInit
 8003b88:	e002      	b.n	8003b90 <LoopCopyDataInit>

08003b8a <CopyDataInit>:

CopyDataInit:
  ldr r4, [r2, r3]
 8003b8a:	58d4      	ldr	r4, [r2, r3]
  str r4, [r0, r3]
 8003b8c:	50c4      	str	r4, [r0, r3]
  adds r3, r3, #4
 8003b8e:	3304      	adds	r3, #4

08003b90 <LoopCopyDataInit>:

LoopCopyDataInit:
  adds r4, r0, r3
 8003b90:	18c4      	adds	r4, r0, r3
  cmp r4, r1
 8003b92:	428c      	cmp	r4, r1
  bcc CopyDataInit
 8003b94:	d3f9      	bcc.n	8003b8a <CopyDataInit>
  
/* Zero fill the bss segment. */
  ldr r2, =_sbss
 8003b96:	4a09      	ldr	r2, [pc, #36]	@ (8003bbc <LoopFillZerobss+0x1a>)
  ldr r4, =_ebss
 8003b98:	4c09      	ldr	r4, [pc, #36]	@ (8003bc0 <LoopFillZerobss+0x1e>)
  movs r3, #0
 8003b9a:	2300      	movs	r3, #0
  b LoopFillZerobss
 8003b9c:	e001      	b.n	8003ba2 <LoopFillZerobss>

08003b9e <FillZerobss>:

FillZerobss:
  str  r3, [r2]
 8003b9e:	6013      	str	r3, [r2, #0]
  adds r2, r2, #4
 8003ba0:	3204      	adds	r2, #4

08003ba2 <LoopFillZerobss>:

LoopFillZerobss:
  cmp r2, r4
 8003ba2:	42a2      	cmp	r2, r4
  bcc FillZerobss
 8003ba4:	d3fb      	bcc.n	8003b9e <FillZerobss>

/* Call static constructors */
    bl __libc_init_array
 8003ba6:	f000 f945 	bl	8003e34 <__libc_init_array>
/* Call the application's entry point.*/
  bl main
 8003baa:	f7fd f85b 	bl	8000c64 <main>
  bx lr
 8003bae:	4770      	bx	lr
  ldr r0, =_sdata
 8003bb0:	20000000 	.word	0x20000000
  ldr r1, =_edata
 8003bb4:	20000060 	.word	0x20000060
  ldr r2, =_sidata
 8003bb8:	08003ee0 	.word	0x08003ee0
  ldr r2, =_sbss
 8003bbc:	20000060 	.word	0x20000060
  ldr r4, =_ebss
 8003bc0:	20000638 	.word	0x20000638

08003bc4 <ADC1_2_IRQHandler>:
 * @retval : None
*/
    .section .text.Default_Handler,"ax",%progbits
Default_Handler:
Infinite_Loop:
  b Infinite_Loop
 8003bc4:	e7fe      	b.n	8003bc4 <ADC1_2_IRQHandler>
	...

08003bc8 <_IQ18div>:
 8003bc8:	f091 0f00 	teq	r1, #0
 8003bcc:	bf04      	itt	eq
 8003bce:	f06f 4000 	mvneq.w	r0, #2147483648	@ 0x80000000
 8003bd2:	4770      	bxeq	lr
 8003bd4:	b510      	push	{r4, lr}
 8003bd6:	f04f 0e01 	mov.w	lr, #1
 8003bda:	ea90 0f01 	teq	r0, r1
 8003bde:	bf48      	it	mi
 8003be0:	f04f 0e00 	movmi.w	lr, #0
 8003be4:	2800      	cmp	r0, #0
 8003be6:	bf48      	it	mi
 8003be8:	4240      	negmi	r0, r0
 8003bea:	2900      	cmp	r1, #0
 8003bec:	bf48      	it	mi
 8003bee:	4249      	negmi	r1, r1
 8003bf0:	fab0 f480 	clz	r4, r0
 8003bf4:	2c12      	cmp	r4, #18
 8003bf6:	bfa8      	it	ge
 8003bf8:	2412      	movge	r4, #18
 8003bfa:	fa00 f204 	lsl.w	r2, r0, r4
 8003bfe:	f1c4 0c12 	rsb	ip, r4, #18
 8003c02:	fbb2 f0f1 	udiv	r0, r2, r1
 8003c06:	fab0 f380 	clz	r3, r0
 8003c0a:	459c      	cmp	ip, r3
 8003c0c:	bfa4      	itt	ge
 8003c0e:	f1ce 4000 	rsbge	r0, lr, #2147483648	@ 0x80000000
 8003c12:	bd10      	popge	{r4, pc}
 8003c14:	fb01 2210 	mls	r2, r1, r0, r2
 8003c18:	fab2 f482 	clz	r4, r2
 8003c1c:	4564      	cmp	r4, ip
 8003c1e:	da0e      	bge.n	8003c3e <divfinished18>

08003c20 <divmore18>:
 8003c20:	ebac 0c04 	sub.w	ip, ip, r4
 8003c24:	fa02 f204 	lsl.w	r2, r2, r4
 8003c28:	fa00 f004 	lsl.w	r0, r0, r4
 8003c2c:	fbb2 f3f1 	udiv	r3, r2, r1
 8003c30:	fb01 2213 	mls	r2, r1, r3, r2
 8003c34:	4418      	add	r0, r3
 8003c36:	fab2 f482 	clz	r4, r2
 8003c3a:	4564      	cmp	r4, ip
 8003c3c:	ddf0      	ble.n	8003c20 <divmore18>

08003c3e <divfinished18>:
 8003c3e:	fa02 f20c 	lsl.w	r2, r2, ip
 8003c42:	fa00 f00c 	lsl.w	r0, r0, ip
 8003c46:	fbb2 f3f1 	udiv	r3, r2, r1
 8003c4a:	4418      	add	r0, r3
 8003c4c:	f09e 0f00 	teq	lr, #0
 8003c50:	bf08      	it	eq
 8003c52:	4240      	negeq	r0, r0
 8003c54:	bd10      	pop	{r4, pc}
 8003c56:	bf00      	nop

08003c58 <_IQ18mpy>:
 8003c58:	fb80 0101 	smull	r0, r1, r0, r1
 8003c5c:	ea4f 4090 	mov.w	r0, r0, lsr #18
 8003c60:	eb00 3081 	add.w	r0, r0, r1, lsl #14
 8003c64:	4770      	bx	lr
 8003c66:	bf00      	nop

08003c68 <_IQ18toF>:
 8003c68:	b178      	cbz	r0, 8003c8a <r0isZero18>
 8003c6a:	f010 4100 	ands.w	r1, r0, #2147483648	@ 0x80000000
 8003c6e:	bf48      	it	mi
 8003c70:	4240      	negmi	r0, r0
 8003c72:	fab0 f380 	clz	r3, r0
 8003c76:	f1c3 028c 	rsb	r2, r3, #140	@ 0x8c
 8003c7a:	fa00 f003 	lsl.w	r0, r0, r3
 8003c7e:	ea4f 2010 	mov.w	r0, r0, lsr #8
 8003c82:	f362 50de 	bfi	r0, r2, #23, #8
 8003c86:	ea41 0000 	orr.w	r0, r1, r0

08003c8a <r0isZero18>:
 8003c8a:	4770      	bx	lr

08003c8c <malloc>:
 8003c8c:	4b02      	ldr	r3, [pc, #8]	@ (8003c98 <malloc+0xc>)
 8003c8e:	4601      	mov	r1, r0
 8003c90:	6818      	ldr	r0, [r3, #0]
 8003c92:	f000 b825 	b.w	8003ce0 <_malloc_r>
 8003c96:	bf00      	nop
 8003c98:	20000010 	.word	0x20000010

08003c9c <sbrk_aligned>:
 8003c9c:	b570      	push	{r4, r5, r6, lr}
 8003c9e:	4e0f      	ldr	r6, [pc, #60]	@ (8003cdc <sbrk_aligned+0x40>)
 8003ca0:	460c      	mov	r4, r1
 8003ca2:	6831      	ldr	r1, [r6, #0]
 8003ca4:	4605      	mov	r5, r0
 8003ca6:	b911      	cbnz	r1, 8003cae <sbrk_aligned+0x12>
 8003ca8:	f000 f8ae 	bl	8003e08 <_sbrk_r>
 8003cac:	6030      	str	r0, [r6, #0]
 8003cae:	4621      	mov	r1, r4
 8003cb0:	4628      	mov	r0, r5
 8003cb2:	f000 f8a9 	bl	8003e08 <_sbrk_r>
 8003cb6:	1c43      	adds	r3, r0, #1
 8003cb8:	d103      	bne.n	8003cc2 <sbrk_aligned+0x26>
 8003cba:	f04f 34ff 	mov.w	r4, #4294967295
 8003cbe:	4620      	mov	r0, r4
 8003cc0:	bd70      	pop	{r4, r5, r6, pc}
 8003cc2:	1cc4      	adds	r4, r0, #3
 8003cc4:	f024 0403 	bic.w	r4, r4, #3
 8003cc8:	42a0      	cmp	r0, r4
 8003cca:	d0f8      	beq.n	8003cbe <sbrk_aligned+0x22>
 8003ccc:	1a21      	subs	r1, r4, r0
 8003cce:	4628      	mov	r0, r5
 8003cd0:	f000 f89a 	bl	8003e08 <_sbrk_r>
 8003cd4:	3001      	adds	r0, #1
 8003cd6:	d1f2      	bne.n	8003cbe <sbrk_aligned+0x22>
 8003cd8:	e7ef      	b.n	8003cba <sbrk_aligned+0x1e>
 8003cda:	bf00      	nop
 8003cdc:	200004f0 	.word	0x200004f0

08003ce0 <_malloc_r>:
 8003ce0:	e92d 43f8 	stmdb	sp!, {r3, r4, r5, r6, r7, r8, r9, lr}
 8003ce4:	1ccd      	adds	r5, r1, #3
 8003ce6:	f025 0503 	bic.w	r5, r5, #3
 8003cea:	3508      	adds	r5, #8
 8003cec:	2d0c      	cmp	r5, #12
 8003cee:	bf38      	it	cc
 8003cf0:	250c      	movcc	r5, #12
 8003cf2:	2d00      	cmp	r5, #0
 8003cf4:	4606      	mov	r6, r0
 8003cf6:	db01      	blt.n	8003cfc <_malloc_r+0x1c>
 8003cf8:	42a9      	cmp	r1, r5
 8003cfa:	d904      	bls.n	8003d06 <_malloc_r+0x26>
 8003cfc:	230c      	movs	r3, #12
 8003cfe:	6033      	str	r3, [r6, #0]
 8003d00:	2000      	movs	r0, #0
 8003d02:	e8bd 83f8 	ldmia.w	sp!, {r3, r4, r5, r6, r7, r8, r9, pc}
 8003d06:	f8df 80d4 	ldr.w	r8, [pc, #212]	@ 8003ddc <_malloc_r+0xfc>
 8003d0a:	f000 f869 	bl	8003de0 <__malloc_lock>
 8003d0e:	f8d8 3000 	ldr.w	r3, [r8]
 8003d12:	461c      	mov	r4, r3
 8003d14:	bb44      	cbnz	r4, 8003d68 <_malloc_r+0x88>
 8003d16:	4629      	mov	r1, r5
 8003d18:	4630      	mov	r0, r6
 8003d1a:	f7ff ffbf 	bl	8003c9c <sbrk_aligned>
 8003d1e:	1c43      	adds	r3, r0, #1
 8003d20:	4604      	mov	r4, r0
 8003d22:	d158      	bne.n	8003dd6 <_malloc_r+0xf6>
 8003d24:	f8d8 4000 	ldr.w	r4, [r8]
 8003d28:	4627      	mov	r7, r4
 8003d2a:	2f00      	cmp	r7, #0
 8003d2c:	d143      	bne.n	8003db6 <_malloc_r+0xd6>
 8003d2e:	2c00      	cmp	r4, #0
 8003d30:	d04b      	beq.n	8003dca <_malloc_r+0xea>
 8003d32:	6823      	ldr	r3, [r4, #0]
 8003d34:	4639      	mov	r1, r7
 8003d36:	4630      	mov	r0, r6
 8003d38:	eb04 0903 	add.w	r9, r4, r3
 8003d3c:	f000 f864 	bl	8003e08 <_sbrk_r>
 8003d40:	4581      	cmp	r9, r0
 8003d42:	d142      	bne.n	8003dca <_malloc_r+0xea>
 8003d44:	6821      	ldr	r1, [r4, #0]
 8003d46:	4630      	mov	r0, r6
 8003d48:	1a6d      	subs	r5, r5, r1
 8003d4a:	4629      	mov	r1, r5
 8003d4c:	f7ff ffa6 	bl	8003c9c <sbrk_aligned>
 8003d50:	3001      	adds	r0, #1
 8003d52:	d03a      	beq.n	8003dca <_malloc_r+0xea>
 8003d54:	6823      	ldr	r3, [r4, #0]
 8003d56:	442b      	add	r3, r5
 8003d58:	6023      	str	r3, [r4, #0]
 8003d5a:	f8d8 3000 	ldr.w	r3, [r8]
 8003d5e:	685a      	ldr	r2, [r3, #4]
 8003d60:	bb62      	cbnz	r2, 8003dbc <_malloc_r+0xdc>
 8003d62:	f8c8 7000 	str.w	r7, [r8]
 8003d66:	e00f      	b.n	8003d88 <_malloc_r+0xa8>
 8003d68:	6822      	ldr	r2, [r4, #0]
 8003d6a:	1b52      	subs	r2, r2, r5
 8003d6c:	d420      	bmi.n	8003db0 <_malloc_r+0xd0>
 8003d6e:	2a0b      	cmp	r2, #11
 8003d70:	d917      	bls.n	8003da2 <_malloc_r+0xc2>
 8003d72:	1961      	adds	r1, r4, r5
 8003d74:	42a3      	cmp	r3, r4
 8003d76:	6025      	str	r5, [r4, #0]
 8003d78:	bf18      	it	ne
 8003d7a:	6059      	strne	r1, [r3, #4]
 8003d7c:	6863      	ldr	r3, [r4, #4]
 8003d7e:	bf08      	it	eq
 8003d80:	f8c8 1000 	streq.w	r1, [r8]
 8003d84:	5162      	str	r2, [r4, r5]
 8003d86:	604b      	str	r3, [r1, #4]
 8003d88:	4630      	mov	r0, r6
 8003d8a:	f000 f82f 	bl	8003dec <__malloc_unlock>
 8003d8e:	f104 000b 	add.w	r0, r4, #11
 8003d92:	1d23      	adds	r3, r4, #4
 8003d94:	f020 0007 	bic.w	r0, r0, #7
 8003d98:	1ac2      	subs	r2, r0, r3
 8003d9a:	bf1c      	itt	ne
 8003d9c:	1a1b      	subne	r3, r3, r0
 8003d9e:	50a3      	strne	r3, [r4, r2]
 8003da0:	e7af      	b.n	8003d02 <_malloc_r+0x22>
 8003da2:	6862      	ldr	r2, [r4, #4]
 8003da4:	42a3      	cmp	r3, r4
 8003da6:	bf0c      	ite	eq
 8003da8:	f8c8 2000 	streq.w	r2, [r8]
 8003dac:	605a      	strne	r2, [r3, #4]
 8003dae:	e7eb      	b.n	8003d88 <_malloc_r+0xa8>
 8003db0:	4623      	mov	r3, r4
 8003db2:	6864      	ldr	r4, [r4, #4]
 8003db4:	e7ae      	b.n	8003d14 <_malloc_r+0x34>
 8003db6:	463c      	mov	r4, r7
 8003db8:	687f      	ldr	r7, [r7, #4]
 8003dba:	e7b6      	b.n	8003d2a <_malloc_r+0x4a>
 8003dbc:	461a      	mov	r2, r3
 8003dbe:	685b      	ldr	r3, [r3, #4]
 8003dc0:	42a3      	cmp	r3, r4
 8003dc2:	d1fb      	bne.n	8003dbc <_malloc_r+0xdc>
 8003dc4:	2300      	movs	r3, #0
 8003dc6:	6053      	str	r3, [r2, #4]
 8003dc8:	e7de      	b.n	8003d88 <_malloc_r+0xa8>
 8003dca:	230c      	movs	r3, #12
 8003dcc:	4630      	mov	r0, r6
 8003dce:	6033      	str	r3, [r6, #0]
 8003dd0:	f000 f80c 	bl	8003dec <__malloc_unlock>
 8003dd4:	e794      	b.n	8003d00 <_malloc_r+0x20>
 8003dd6:	6005      	str	r5, [r0, #0]
 8003dd8:	e7d6      	b.n	8003d88 <_malloc_r+0xa8>
 8003dda:	bf00      	nop
 8003ddc:	200004f4 	.word	0x200004f4

08003de0 <__malloc_lock>:
 8003de0:	4801      	ldr	r0, [pc, #4]	@ (8003de8 <__malloc_lock+0x8>)
 8003de2:	f000 b84b 	b.w	8003e7c <__retarget_lock_acquire_recursive>
 8003de6:	bf00      	nop
 8003de8:	20000634 	.word	0x20000634

08003dec <__malloc_unlock>:
 8003dec:	4801      	ldr	r0, [pc, #4]	@ (8003df4 <__malloc_unlock+0x8>)
 8003dee:	f000 b846 	b.w	8003e7e <__retarget_lock_release_recursive>
 8003df2:	bf00      	nop
 8003df4:	20000634 	.word	0x20000634

08003df8 <memset>:
 8003df8:	4603      	mov	r3, r0
 8003dfa:	4402      	add	r2, r0
 8003dfc:	4293      	cmp	r3, r2
 8003dfe:	d100      	bne.n	8003e02 <memset+0xa>
 8003e00:	4770      	bx	lr
 8003e02:	f803 1b01 	strb.w	r1, [r3], #1
 8003e06:	e7f9      	b.n	8003dfc <memset+0x4>

08003e08 <_sbrk_r>:
 8003e08:	b538      	push	{r3, r4, r5, lr}
 8003e0a:	2300      	movs	r3, #0
 8003e0c:	4d05      	ldr	r5, [pc, #20]	@ (8003e24 <_sbrk_r+0x1c>)
 8003e0e:	4604      	mov	r4, r0
 8003e10:	4608      	mov	r0, r1
 8003e12:	602b      	str	r3, [r5, #0]
 8003e14:	f7fd fc2e 	bl	8001674 <_sbrk>
 8003e18:	1c43      	adds	r3, r0, #1
 8003e1a:	d102      	bne.n	8003e22 <_sbrk_r+0x1a>
 8003e1c:	682b      	ldr	r3, [r5, #0]
 8003e1e:	b103      	cbz	r3, 8003e22 <_sbrk_r+0x1a>
 8003e20:	6023      	str	r3, [r4, #0]
 8003e22:	bd38      	pop	{r3, r4, r5, pc}
 8003e24:	20000630 	.word	0x20000630

08003e28 <__errno>:
 8003e28:	4b01      	ldr	r3, [pc, #4]	@ (8003e30 <__errno+0x8>)
 8003e2a:	6818      	ldr	r0, [r3, #0]
 8003e2c:	4770      	bx	lr
 8003e2e:	bf00      	nop
 8003e30:	20000010 	.word	0x20000010

08003e34 <__libc_init_array>:
 8003e34:	b570      	push	{r4, r5, r6, lr}
 8003e36:	2600      	movs	r6, #0
 8003e38:	4d0c      	ldr	r5, [pc, #48]	@ (8003e6c <__libc_init_array+0x38>)
 8003e3a:	4c0d      	ldr	r4, [pc, #52]	@ (8003e70 <__libc_init_array+0x3c>)
 8003e3c:	1b64      	subs	r4, r4, r5
 8003e3e:	10a4      	asrs	r4, r4, #2
 8003e40:	42a6      	cmp	r6, r4
 8003e42:	d109      	bne.n	8003e58 <__libc_init_array+0x24>
 8003e44:	f000 f81c 	bl	8003e80 <_init>
 8003e48:	2600      	movs	r6, #0
 8003e4a:	4d0a      	ldr	r5, [pc, #40]	@ (8003e74 <__libc_init_array+0x40>)
 8003e4c:	4c0a      	ldr	r4, [pc, #40]	@ (8003e78 <__libc_init_array+0x44>)
 8003e4e:	1b64      	subs	r4, r4, r5
 8003e50:	10a4      	asrs	r4, r4, #2
 8003e52:	42a6      	cmp	r6, r4
 8003e54:	d105      	bne.n	8003e62 <__libc_init_array+0x2e>
 8003e56:	bd70      	pop	{r4, r5, r6, pc}
 8003e58:	f855 3b04 	ldr.w	r3, [r5], #4
 8003e5c:	4798      	blx	r3
 8003e5e:	3601      	adds	r6, #1
 8003e60:	e7ee      	b.n	8003e40 <__libc_init_array+0xc>
 8003e62:	f855 3b04 	ldr.w	r3, [r5], #4
 8003e66:	4798      	blx	r3
 8003e68:	3601      	adds	r6, #1
 8003e6a:	e7f2      	b.n	8003e52 <__libc_init_array+0x1e>
 8003e6c:	08003ed8 	.word	0x08003ed8
 8003e70:	08003ed8 	.word	0x08003ed8
 8003e74:	08003ed8 	.word	0x08003ed8
 8003e78:	08003edc 	.word	0x08003edc

08003e7c <__retarget_lock_acquire_recursive>:
 8003e7c:	4770      	bx	lr

08003e7e <__retarget_lock_release_recursive>:
 8003e7e:	4770      	bx	lr

08003e80 <_init>:
 8003e80:	b5f8      	push	{r3, r4, r5, r6, r7, lr}
 8003e82:	bf00      	nop
 8003e84:	bcf8      	pop	{r3, r4, r5, r6, r7}
 8003e86:	bc08      	pop	{r3}
 8003e88:	469e      	mov	lr, r3
 8003e8a:	4770      	bx	lr

08003e8c <_fini>:
 8003e8c:	b5f8      	push	{r3, r4, r5, r6, r7, lr}
 8003e8e:	bf00      	nop
 8003e90:	bcf8      	pop	{r3, r4, r5, r6, r7}
 8003e92:	bc08      	pop	{r3}
 8003e94:	469e      	mov	lr, r3
 8003e96:	4770      	bx	lr
