ARM GAS  C:\Users\zhmis\AppData\Local\Temp\ccgFfHBP.s 			page 1


   1              		.cpu cortex-m3
   2              		.arch armv7-m
   3              		.fpu softvfp
   4              		.eabi_attribute 20, 1
   5              		.eabi_attribute 21, 1
   6              		.eabi_attribute 23, 3
   7              		.eabi_attribute 24, 1
   8              		.eabi_attribute 25, 1
   9              		.eabi_attribute 26, 1
  10              		.eabi_attribute 30, 1
  11              		.eabi_attribute 34, 1
  12              		.eabi_attribute 18, 4
  13              		.file	"stm32f1xx_hal_spi.c"
  14              		.text
  15              	.Ltext0:
  16              		.cfi_sections	.debug_frame
  17              		.file 1 "Drivers/STM32F1xx_HAL_Driver/Src/stm32f1xx_hal_spi.c"
  18              		.section	.text.SPI_AbortRx_ISR,"ax",%progbits
  19              		.align	1
  20              		.syntax unified
  21              		.thumb
  22              		.thumb_func
  24              	SPI_AbortRx_ISR:
  25              	.LVL0:
  26              	.LFB118:
   1:Drivers/STM32F1xx_HAL_Driver/Src/stm32f1xx_hal_spi.c **** /**
   2:Drivers/STM32F1xx_HAL_Driver/Src/stm32f1xx_hal_spi.c ****   ******************************************************************************
   3:Drivers/STM32F1xx_HAL_Driver/Src/stm32f1xx_hal_spi.c ****   * @file    stm32f1xx_hal_spi.c
   4:Drivers/STM32F1xx_HAL_Driver/Src/stm32f1xx_hal_spi.c ****   * @author  MCD Application Team
   5:Drivers/STM32F1xx_HAL_Driver/Src/stm32f1xx_hal_spi.c ****   * @brief   SPI HAL module driver.
   6:Drivers/STM32F1xx_HAL_Driver/Src/stm32f1xx_hal_spi.c ****   *          This file provides firmware functions to manage the following
   7:Drivers/STM32F1xx_HAL_Driver/Src/stm32f1xx_hal_spi.c ****   *          functionalities of the Serial Peripheral Interface (SPI) peripheral:
   8:Drivers/STM32F1xx_HAL_Driver/Src/stm32f1xx_hal_spi.c ****   *           + Initialization and de-initialization functions
   9:Drivers/STM32F1xx_HAL_Driver/Src/stm32f1xx_hal_spi.c ****   *           + IO operation functions
  10:Drivers/STM32F1xx_HAL_Driver/Src/stm32f1xx_hal_spi.c ****   *           + Peripheral Control functions
  11:Drivers/STM32F1xx_HAL_Driver/Src/stm32f1xx_hal_spi.c ****   *           + Peripheral State functions
  12:Drivers/STM32F1xx_HAL_Driver/Src/stm32f1xx_hal_spi.c ****   ******************************************************************************
  13:Drivers/STM32F1xx_HAL_Driver/Src/stm32f1xx_hal_spi.c ****   * @attention
  14:Drivers/STM32F1xx_HAL_Driver/Src/stm32f1xx_hal_spi.c ****   *
  15:Drivers/STM32F1xx_HAL_Driver/Src/stm32f1xx_hal_spi.c ****   * Copyright (c) 2016 STMicroelectronics.
  16:Drivers/STM32F1xx_HAL_Driver/Src/stm32f1xx_hal_spi.c ****   * All rights reserved.
  17:Drivers/STM32F1xx_HAL_Driver/Src/stm32f1xx_hal_spi.c ****   *
  18:Drivers/STM32F1xx_HAL_Driver/Src/stm32f1xx_hal_spi.c ****   * This software is licensed under terms that can be found in the LICENSE file
  19:Drivers/STM32F1xx_HAL_Driver/Src/stm32f1xx_hal_spi.c ****   * in the root directory of this software component.
  20:Drivers/STM32F1xx_HAL_Driver/Src/stm32f1xx_hal_spi.c ****   * If no LICENSE file comes with this software, it is provided AS-IS.
  21:Drivers/STM32F1xx_HAL_Driver/Src/stm32f1xx_hal_spi.c ****   *
  22:Drivers/STM32F1xx_HAL_Driver/Src/stm32f1xx_hal_spi.c ****   ******************************************************************************
  23:Drivers/STM32F1xx_HAL_Driver/Src/stm32f1xx_hal_spi.c ****   @verbatim
  24:Drivers/STM32F1xx_HAL_Driver/Src/stm32f1xx_hal_spi.c ****   ==============================================================================
  25:Drivers/STM32F1xx_HAL_Driver/Src/stm32f1xx_hal_spi.c ****                         ##### How to use this driver #####
  26:Drivers/STM32F1xx_HAL_Driver/Src/stm32f1xx_hal_spi.c ****   ==============================================================================
  27:Drivers/STM32F1xx_HAL_Driver/Src/stm32f1xx_hal_spi.c ****     [..]
  28:Drivers/STM32F1xx_HAL_Driver/Src/stm32f1xx_hal_spi.c ****       The SPI HAL driver can be used as follows:
  29:Drivers/STM32F1xx_HAL_Driver/Src/stm32f1xx_hal_spi.c **** 
  30:Drivers/STM32F1xx_HAL_Driver/Src/stm32f1xx_hal_spi.c ****       (#) Declare a SPI_HandleTypeDef handle structure, for example:
  31:Drivers/STM32F1xx_HAL_Driver/Src/stm32f1xx_hal_spi.c ****           SPI_HandleTypeDef  hspi;
  32:Drivers/STM32F1xx_HAL_Driver/Src/stm32f1xx_hal_spi.c **** 
ARM GAS  C:\Users\zhmis\AppData\Local\Temp\ccgFfHBP.s 			page 2


  33:Drivers/STM32F1xx_HAL_Driver/Src/stm32f1xx_hal_spi.c ****       (#)Initialize the SPI low level resources by implementing the HAL_SPI_MspInit() API:
  34:Drivers/STM32F1xx_HAL_Driver/Src/stm32f1xx_hal_spi.c ****           (##) Enable the SPIx interface clock
  35:Drivers/STM32F1xx_HAL_Driver/Src/stm32f1xx_hal_spi.c ****           (##) SPI pins configuration
  36:Drivers/STM32F1xx_HAL_Driver/Src/stm32f1xx_hal_spi.c ****               (+++) Enable the clock for the SPI GPIOs
  37:Drivers/STM32F1xx_HAL_Driver/Src/stm32f1xx_hal_spi.c ****               (+++) Configure these SPI pins as alternate function push-pull
  38:Drivers/STM32F1xx_HAL_Driver/Src/stm32f1xx_hal_spi.c ****           (##) NVIC configuration if you need to use interrupt process
  39:Drivers/STM32F1xx_HAL_Driver/Src/stm32f1xx_hal_spi.c ****               (+++) Configure the SPIx interrupt priority
  40:Drivers/STM32F1xx_HAL_Driver/Src/stm32f1xx_hal_spi.c ****               (+++) Enable the NVIC SPI IRQ handle
  41:Drivers/STM32F1xx_HAL_Driver/Src/stm32f1xx_hal_spi.c ****           (##) DMA Configuration if you need to use DMA process
  42:Drivers/STM32F1xx_HAL_Driver/Src/stm32f1xx_hal_spi.c ****               (+++) Declare a DMA_HandleTypeDef handle structure for the transmit or receive Stream
  43:Drivers/STM32F1xx_HAL_Driver/Src/stm32f1xx_hal_spi.c ****               (+++) Enable the DMAx clock
  44:Drivers/STM32F1xx_HAL_Driver/Src/stm32f1xx_hal_spi.c ****               (+++) Configure the DMA handle parameters
  45:Drivers/STM32F1xx_HAL_Driver/Src/stm32f1xx_hal_spi.c ****               (+++) Configure the DMA Tx or Rx Stream/Channel
  46:Drivers/STM32F1xx_HAL_Driver/Src/stm32f1xx_hal_spi.c ****               (+++) Associate the initialized hdma_tx(or _rx)  handle to the hspi DMA Tx or Rx hand
  47:Drivers/STM32F1xx_HAL_Driver/Src/stm32f1xx_hal_spi.c ****               (+++) Configure the priority and enable the NVIC for the transfer complete interrupt 
  48:Drivers/STM32F1xx_HAL_Driver/Src/stm32f1xx_hal_spi.c **** 
  49:Drivers/STM32F1xx_HAL_Driver/Src/stm32f1xx_hal_spi.c ****       (#) Program the Mode, BidirectionalMode , Data size, Baudrate Prescaler, NSS
  50:Drivers/STM32F1xx_HAL_Driver/Src/stm32f1xx_hal_spi.c ****           management, Clock polarity and phase, FirstBit and CRC configuration in the hspi Init str
  51:Drivers/STM32F1xx_HAL_Driver/Src/stm32f1xx_hal_spi.c **** 
  52:Drivers/STM32F1xx_HAL_Driver/Src/stm32f1xx_hal_spi.c ****       (#) Initialize the SPI registers by calling the HAL_SPI_Init() API:
  53:Drivers/STM32F1xx_HAL_Driver/Src/stm32f1xx_hal_spi.c ****           (++) This API configures also the low level Hardware GPIO, CLOCK, CORTEX...etc)
  54:Drivers/STM32F1xx_HAL_Driver/Src/stm32f1xx_hal_spi.c ****               by calling the customized HAL_SPI_MspInit() API.
  55:Drivers/STM32F1xx_HAL_Driver/Src/stm32f1xx_hal_spi.c ****      [..]
  56:Drivers/STM32F1xx_HAL_Driver/Src/stm32f1xx_hal_spi.c ****        Circular mode restriction:
  57:Drivers/STM32F1xx_HAL_Driver/Src/stm32f1xx_hal_spi.c ****       (#) The DMA circular mode cannot be used when the SPI is configured in these modes:
  58:Drivers/STM32F1xx_HAL_Driver/Src/stm32f1xx_hal_spi.c ****           (##) Master 2Lines RxOnly
  59:Drivers/STM32F1xx_HAL_Driver/Src/stm32f1xx_hal_spi.c ****           (##) Master 1Line Rx
  60:Drivers/STM32F1xx_HAL_Driver/Src/stm32f1xx_hal_spi.c ****       (#) The CRC feature is not managed when the DMA circular mode is enabled
  61:Drivers/STM32F1xx_HAL_Driver/Src/stm32f1xx_hal_spi.c ****       (#) When the SPI DMA Pause/Stop features are used, we must use the following APIs
  62:Drivers/STM32F1xx_HAL_Driver/Src/stm32f1xx_hal_spi.c ****           the HAL_SPI_DMAPause()/ HAL_SPI_DMAStop() only under the SPI callbacks
  63:Drivers/STM32F1xx_HAL_Driver/Src/stm32f1xx_hal_spi.c ****      [..]
  64:Drivers/STM32F1xx_HAL_Driver/Src/stm32f1xx_hal_spi.c ****        Master Receive mode restriction:
  65:Drivers/STM32F1xx_HAL_Driver/Src/stm32f1xx_hal_spi.c ****       (#) In Master unidirectional receive-only mode (MSTR =1, BIDIMODE=0, RXONLY=1) or
  66:Drivers/STM32F1xx_HAL_Driver/Src/stm32f1xx_hal_spi.c ****           bidirectional receive mode (MSTR=1, BIDIMODE=1, BIDIOE=0), to ensure that the SPI
  67:Drivers/STM32F1xx_HAL_Driver/Src/stm32f1xx_hal_spi.c ****           does not initiate a new transfer the following procedure has to be respected:
  68:Drivers/STM32F1xx_HAL_Driver/Src/stm32f1xx_hal_spi.c ****           (##) HAL_SPI_DeInit()
  69:Drivers/STM32F1xx_HAL_Driver/Src/stm32f1xx_hal_spi.c ****           (##) HAL_SPI_Init()
  70:Drivers/STM32F1xx_HAL_Driver/Src/stm32f1xx_hal_spi.c ****      [..]
  71:Drivers/STM32F1xx_HAL_Driver/Src/stm32f1xx_hal_spi.c ****        Callback registration:
  72:Drivers/STM32F1xx_HAL_Driver/Src/stm32f1xx_hal_spi.c **** 
  73:Drivers/STM32F1xx_HAL_Driver/Src/stm32f1xx_hal_spi.c ****       (#) The compilation flag USE_HAL_SPI_REGISTER_CALLBACKS when set to 1U
  74:Drivers/STM32F1xx_HAL_Driver/Src/stm32f1xx_hal_spi.c ****           allows the user to configure dynamically the driver callbacks.
  75:Drivers/STM32F1xx_HAL_Driver/Src/stm32f1xx_hal_spi.c ****           Use Functions HAL_SPI_RegisterCallback() to register an interrupt callback.
  76:Drivers/STM32F1xx_HAL_Driver/Src/stm32f1xx_hal_spi.c **** 
  77:Drivers/STM32F1xx_HAL_Driver/Src/stm32f1xx_hal_spi.c ****           Function HAL_SPI_RegisterCallback() allows to register following callbacks:
  78:Drivers/STM32F1xx_HAL_Driver/Src/stm32f1xx_hal_spi.c ****             (++) TxCpltCallback        : SPI Tx Completed callback
  79:Drivers/STM32F1xx_HAL_Driver/Src/stm32f1xx_hal_spi.c ****             (++) RxCpltCallback        : SPI Rx Completed callback
  80:Drivers/STM32F1xx_HAL_Driver/Src/stm32f1xx_hal_spi.c ****             (++) TxRxCpltCallback      : SPI TxRx Completed callback
  81:Drivers/STM32F1xx_HAL_Driver/Src/stm32f1xx_hal_spi.c ****             (++) TxHalfCpltCallback    : SPI Tx Half Completed callback
  82:Drivers/STM32F1xx_HAL_Driver/Src/stm32f1xx_hal_spi.c ****             (++) RxHalfCpltCallback    : SPI Rx Half Completed callback
  83:Drivers/STM32F1xx_HAL_Driver/Src/stm32f1xx_hal_spi.c ****             (++) TxRxHalfCpltCallback  : SPI TxRx Half Completed callback
  84:Drivers/STM32F1xx_HAL_Driver/Src/stm32f1xx_hal_spi.c ****             (++) ErrorCallback         : SPI Error callback
  85:Drivers/STM32F1xx_HAL_Driver/Src/stm32f1xx_hal_spi.c ****             (++) AbortCpltCallback     : SPI Abort callback
  86:Drivers/STM32F1xx_HAL_Driver/Src/stm32f1xx_hal_spi.c ****             (++) MspInitCallback       : SPI Msp Init callback
  87:Drivers/STM32F1xx_HAL_Driver/Src/stm32f1xx_hal_spi.c ****             (++) MspDeInitCallback     : SPI Msp DeInit callback
  88:Drivers/STM32F1xx_HAL_Driver/Src/stm32f1xx_hal_spi.c ****           This function takes as parameters the HAL peripheral handle, the Callback ID
  89:Drivers/STM32F1xx_HAL_Driver/Src/stm32f1xx_hal_spi.c ****           and a pointer to the user callback function.
ARM GAS  C:\Users\zhmis\AppData\Local\Temp\ccgFfHBP.s 			page 3


  90:Drivers/STM32F1xx_HAL_Driver/Src/stm32f1xx_hal_spi.c **** 
  91:Drivers/STM32F1xx_HAL_Driver/Src/stm32f1xx_hal_spi.c **** 
  92:Drivers/STM32F1xx_HAL_Driver/Src/stm32f1xx_hal_spi.c ****       (#) Use function HAL_SPI_UnRegisterCallback to reset a callback to the default
  93:Drivers/STM32F1xx_HAL_Driver/Src/stm32f1xx_hal_spi.c ****           weak function.
  94:Drivers/STM32F1xx_HAL_Driver/Src/stm32f1xx_hal_spi.c ****           HAL_SPI_UnRegisterCallback takes as parameters the HAL peripheral handle,
  95:Drivers/STM32F1xx_HAL_Driver/Src/stm32f1xx_hal_spi.c ****           and the Callback ID.
  96:Drivers/STM32F1xx_HAL_Driver/Src/stm32f1xx_hal_spi.c ****           This function allows to reset following callbacks:
  97:Drivers/STM32F1xx_HAL_Driver/Src/stm32f1xx_hal_spi.c ****             (++) TxCpltCallback        : SPI Tx Completed callback
  98:Drivers/STM32F1xx_HAL_Driver/Src/stm32f1xx_hal_spi.c ****             (++) RxCpltCallback        : SPI Rx Completed callback
  99:Drivers/STM32F1xx_HAL_Driver/Src/stm32f1xx_hal_spi.c ****             (++) TxRxCpltCallback      : SPI TxRx Completed callback
 100:Drivers/STM32F1xx_HAL_Driver/Src/stm32f1xx_hal_spi.c ****             (++) TxHalfCpltCallback    : SPI Tx Half Completed callback
 101:Drivers/STM32F1xx_HAL_Driver/Src/stm32f1xx_hal_spi.c ****             (++) RxHalfCpltCallback    : SPI Rx Half Completed callback
 102:Drivers/STM32F1xx_HAL_Driver/Src/stm32f1xx_hal_spi.c ****             (++) TxRxHalfCpltCallback  : SPI TxRx Half Completed callback
 103:Drivers/STM32F1xx_HAL_Driver/Src/stm32f1xx_hal_spi.c ****             (++) ErrorCallback         : SPI Error callback
 104:Drivers/STM32F1xx_HAL_Driver/Src/stm32f1xx_hal_spi.c ****             (++) AbortCpltCallback     : SPI Abort callback
 105:Drivers/STM32F1xx_HAL_Driver/Src/stm32f1xx_hal_spi.c ****             (++) MspInitCallback       : SPI Msp Init callback
 106:Drivers/STM32F1xx_HAL_Driver/Src/stm32f1xx_hal_spi.c ****             (++) MspDeInitCallback     : SPI Msp DeInit callback
 107:Drivers/STM32F1xx_HAL_Driver/Src/stm32f1xx_hal_spi.c **** 
 108:Drivers/STM32F1xx_HAL_Driver/Src/stm32f1xx_hal_spi.c ****        [..]
 109:Drivers/STM32F1xx_HAL_Driver/Src/stm32f1xx_hal_spi.c ****        By default, after the HAL_SPI_Init() and when the state is HAL_SPI_STATE_RESET
 110:Drivers/STM32F1xx_HAL_Driver/Src/stm32f1xx_hal_spi.c ****        all callbacks are set to the corresponding weak functions:
 111:Drivers/STM32F1xx_HAL_Driver/Src/stm32f1xx_hal_spi.c ****        examples HAL_SPI_MasterTxCpltCallback(), HAL_SPI_MasterRxCpltCallback().
 112:Drivers/STM32F1xx_HAL_Driver/Src/stm32f1xx_hal_spi.c ****        Exception done for MspInit and MspDeInit functions that are
 113:Drivers/STM32F1xx_HAL_Driver/Src/stm32f1xx_hal_spi.c ****        reset to the legacy weak functions in the HAL_SPI_Init()/ HAL_SPI_DeInit() only when
 114:Drivers/STM32F1xx_HAL_Driver/Src/stm32f1xx_hal_spi.c ****        these callbacks are null (not registered beforehand).
 115:Drivers/STM32F1xx_HAL_Driver/Src/stm32f1xx_hal_spi.c ****        If MspInit or MspDeInit are not null, the HAL_SPI_Init()/ HAL_SPI_DeInit()
 116:Drivers/STM32F1xx_HAL_Driver/Src/stm32f1xx_hal_spi.c ****        keep and use the user MspInit/MspDeInit callbacks (registered beforehand) whatever the state
 117:Drivers/STM32F1xx_HAL_Driver/Src/stm32f1xx_hal_spi.c **** 
 118:Drivers/STM32F1xx_HAL_Driver/Src/stm32f1xx_hal_spi.c ****        [..]
 119:Drivers/STM32F1xx_HAL_Driver/Src/stm32f1xx_hal_spi.c ****        Callbacks can be registered/unregistered in HAL_SPI_STATE_READY state only.
 120:Drivers/STM32F1xx_HAL_Driver/Src/stm32f1xx_hal_spi.c ****        Exception done MspInit/MspDeInit functions that can be registered/unregistered
 121:Drivers/STM32F1xx_HAL_Driver/Src/stm32f1xx_hal_spi.c ****        in HAL_SPI_STATE_READY or HAL_SPI_STATE_RESET state,
 122:Drivers/STM32F1xx_HAL_Driver/Src/stm32f1xx_hal_spi.c ****        thus registered (user) MspInit/DeInit callbacks can be used during the Init/DeInit.
 123:Drivers/STM32F1xx_HAL_Driver/Src/stm32f1xx_hal_spi.c ****        Then, the user first registers the MspInit/MspDeInit user callbacks
 124:Drivers/STM32F1xx_HAL_Driver/Src/stm32f1xx_hal_spi.c ****        using HAL_SPI_RegisterCallback() before calling HAL_SPI_DeInit()
 125:Drivers/STM32F1xx_HAL_Driver/Src/stm32f1xx_hal_spi.c ****        or HAL_SPI_Init() function.
 126:Drivers/STM32F1xx_HAL_Driver/Src/stm32f1xx_hal_spi.c **** 
 127:Drivers/STM32F1xx_HAL_Driver/Src/stm32f1xx_hal_spi.c ****        [..]
 128:Drivers/STM32F1xx_HAL_Driver/Src/stm32f1xx_hal_spi.c ****        When the compilation define USE_HAL_PPP_REGISTER_CALLBACKS is set to 0 or
 129:Drivers/STM32F1xx_HAL_Driver/Src/stm32f1xx_hal_spi.c ****        not defined, the callback registering feature is not available
 130:Drivers/STM32F1xx_HAL_Driver/Src/stm32f1xx_hal_spi.c ****        and weak (surcharged) callbacks are used.
 131:Drivers/STM32F1xx_HAL_Driver/Src/stm32f1xx_hal_spi.c **** 
 132:Drivers/STM32F1xx_HAL_Driver/Src/stm32f1xx_hal_spi.c ****      [..]
 133:Drivers/STM32F1xx_HAL_Driver/Src/stm32f1xx_hal_spi.c ****        Using the HAL it is not possible to reach all supported SPI frequency with the different SPI
 134:Drivers/STM32F1xx_HAL_Driver/Src/stm32f1xx_hal_spi.c ****        the following table resume the max SPI frequency reached with data size 8bits/16bits,
 135:Drivers/STM32F1xx_HAL_Driver/Src/stm32f1xx_hal_spi.c ****          according to frequency of the APBx Peripheral Clock (fPCLK) used by the SPI instance.
 136:Drivers/STM32F1xx_HAL_Driver/Src/stm32f1xx_hal_spi.c **** 
 137:Drivers/STM32F1xx_HAL_Driver/Src/stm32f1xx_hal_spi.c ****   @endverbatim
 138:Drivers/STM32F1xx_HAL_Driver/Src/stm32f1xx_hal_spi.c **** 
 139:Drivers/STM32F1xx_HAL_Driver/Src/stm32f1xx_hal_spi.c ****   Additional table :
 140:Drivers/STM32F1xx_HAL_Driver/Src/stm32f1xx_hal_spi.c **** 
 141:Drivers/STM32F1xx_HAL_Driver/Src/stm32f1xx_hal_spi.c ****        DataSize = SPI_DATASIZE_8BIT:
 142:Drivers/STM32F1xx_HAL_Driver/Src/stm32f1xx_hal_spi.c ****        +-------------------------------------------------------------------------------------------
 143:Drivers/STM32F1xx_HAL_Driver/Src/stm32f1xx_hal_spi.c ****        |         |                | 2Lines Fullduplex   |     2Lines RxOnly    |         1Line     
 144:Drivers/STM32F1xx_HAL_Driver/Src/stm32f1xx_hal_spi.c ****        | Process | Transfer mode  |---------------------|----------------------|-------------------
 145:Drivers/STM32F1xx_HAL_Driver/Src/stm32f1xx_hal_spi.c ****        |         |                |  Master  |  Slave   |  Master   |  Slave   |  Master   |  Slave
 146:Drivers/STM32F1xx_HAL_Driver/Src/stm32f1xx_hal_spi.c ****        |===========================================================================================
ARM GAS  C:\Users\zhmis\AppData\Local\Temp\ccgFfHBP.s 			page 4


 147:Drivers/STM32F1xx_HAL_Driver/Src/stm32f1xx_hal_spi.c ****        |    T    |     Polling    | Fpclk/2  | Fpclk/2  |    NA     |    NA    |    NA     |   NA  
 148:Drivers/STM32F1xx_HAL_Driver/Src/stm32f1xx_hal_spi.c ****        |    X    |----------------|----------|----------|-----------|----------|-----------|-------
 149:Drivers/STM32F1xx_HAL_Driver/Src/stm32f1xx_hal_spi.c ****        |    /    |     Interrupt  | Fpclk/4  | Fpclk/8  |    NA     |    NA    |    NA     |   NA  
 150:Drivers/STM32F1xx_HAL_Driver/Src/stm32f1xx_hal_spi.c ****        |    R    |----------------|----------|----------|-----------|----------|-----------|-------
 151:Drivers/STM32F1xx_HAL_Driver/Src/stm32f1xx_hal_spi.c ****        |    X    |       DMA      | Fpclk/2  | Fpclk/2  |    NA     |    NA    |    NA     |   NA  
 152:Drivers/STM32F1xx_HAL_Driver/Src/stm32f1xx_hal_spi.c ****        |=========|================|==========|==========|===========|==========|===========|=======
 153:Drivers/STM32F1xx_HAL_Driver/Src/stm32f1xx_hal_spi.c ****        |         |     Polling    | Fpclk/2  | Fpclk/2  | Fpclk/64  | Fpclk/2  | Fpclk/64  | Fpclk/
 154:Drivers/STM32F1xx_HAL_Driver/Src/stm32f1xx_hal_spi.c ****        |         |----------------|----------|----------|-----------|----------|-----------|-------
 155:Drivers/STM32F1xx_HAL_Driver/Src/stm32f1xx_hal_spi.c ****        |    R    |     Interrupt  | Fpclk/8  | Fpclk/8  | Fpclk/64  | Fpclk/2  | Fpclk/64  | Fpclk/
 156:Drivers/STM32F1xx_HAL_Driver/Src/stm32f1xx_hal_spi.c ****        |    X    |----------------|----------|----------|-----------|----------|-----------|-------
 157:Drivers/STM32F1xx_HAL_Driver/Src/stm32f1xx_hal_spi.c ****        |         |       DMA      | Fpclk/2  | Fpclk/2  | Fpclk/64  | Fpclk/2  | Fpclk/128 | Fpclk/
 158:Drivers/STM32F1xx_HAL_Driver/Src/stm32f1xx_hal_spi.c ****        |=========|================|==========|==========|===========|==========|===========|=======
 159:Drivers/STM32F1xx_HAL_Driver/Src/stm32f1xx_hal_spi.c ****        |         |     Polling    | Fpclk/2  | Fpclk/4  |     NA    |    NA    | Fpclk/2   | Fpclk/
 160:Drivers/STM32F1xx_HAL_Driver/Src/stm32f1xx_hal_spi.c ****        |         |----------------|----------|----------|-----------|----------|-----------|-------
 161:Drivers/STM32F1xx_HAL_Driver/Src/stm32f1xx_hal_spi.c ****        |    T    |     Interrupt  | Fpclk/2  | Fpclk/4  |     NA    |    NA    | Fpclk/2   | Fpclk/
 162:Drivers/STM32F1xx_HAL_Driver/Src/stm32f1xx_hal_spi.c ****        |    X    |----------------|----------|----------|-----------|----------|-----------|-------
 163:Drivers/STM32F1xx_HAL_Driver/Src/stm32f1xx_hal_spi.c ****        |         |       DMA      | Fpclk/2  | Fpclk/2  |     NA    |    NA    | Fpclk/2   | Fpclk/
 164:Drivers/STM32F1xx_HAL_Driver/Src/stm32f1xx_hal_spi.c ****        +-------------------------------------------------------------------------------------------
 165:Drivers/STM32F1xx_HAL_Driver/Src/stm32f1xx_hal_spi.c **** 
 166:Drivers/STM32F1xx_HAL_Driver/Src/stm32f1xx_hal_spi.c ****        DataSize = SPI_DATASIZE_16BIT:
 167:Drivers/STM32F1xx_HAL_Driver/Src/stm32f1xx_hal_spi.c ****        +-------------------------------------------------------------------------------------------
 168:Drivers/STM32F1xx_HAL_Driver/Src/stm32f1xx_hal_spi.c ****        |         |                | 2Lines Fullduplex   |     2Lines RxOnly    |         1Line     
 169:Drivers/STM32F1xx_HAL_Driver/Src/stm32f1xx_hal_spi.c ****        | Process | Transfer mode  |---------------------|----------------------|-------------------
 170:Drivers/STM32F1xx_HAL_Driver/Src/stm32f1xx_hal_spi.c ****        |         |                |  Master  |  Slave   |  Master   |  Slave   |  Master   |  Slave
 171:Drivers/STM32F1xx_HAL_Driver/Src/stm32f1xx_hal_spi.c ****        |===========================================================================================
 172:Drivers/STM32F1xx_HAL_Driver/Src/stm32f1xx_hal_spi.c ****        |    T    |     Polling    | Fpclk/2  | Fpclk/2  |    NA     |    NA    |    NA     |   NA  
 173:Drivers/STM32F1xx_HAL_Driver/Src/stm32f1xx_hal_spi.c ****        |    X    |----------------|----------|----------|-----------|----------|-----------|-------
 174:Drivers/STM32F1xx_HAL_Driver/Src/stm32f1xx_hal_spi.c ****        |    /    |     Interrupt  | Fpclk/4  | Fpclk/4  |    NA     |    NA    |    NA     |   NA  
 175:Drivers/STM32F1xx_HAL_Driver/Src/stm32f1xx_hal_spi.c ****        |    R    |----------------|----------|----------|-----------|----------|-----------|-------
 176:Drivers/STM32F1xx_HAL_Driver/Src/stm32f1xx_hal_spi.c ****        |    X    |       DMA      | Fpclk/2  | Fpclk/2  |    NA     |    NA    |    NA     |   NA  
 177:Drivers/STM32F1xx_HAL_Driver/Src/stm32f1xx_hal_spi.c ****        |=========|================|==========|==========|===========|==========|===========|=======
 178:Drivers/STM32F1xx_HAL_Driver/Src/stm32f1xx_hal_spi.c ****        |         |     Polling    | Fpclk/2  | Fpclk/2  | Fpclk/64  | Fpclk/2  | Fpclk/32  | Fpclk/
 179:Drivers/STM32F1xx_HAL_Driver/Src/stm32f1xx_hal_spi.c ****        |         |----------------|----------|----------|-----------|----------|-----------|-------
 180:Drivers/STM32F1xx_HAL_Driver/Src/stm32f1xx_hal_spi.c ****        |    R    |     Interrupt  | Fpclk/4  | Fpclk/4  | Fpclk/64  | Fpclk/2  | Fpclk/64  | Fpclk/
 181:Drivers/STM32F1xx_HAL_Driver/Src/stm32f1xx_hal_spi.c ****        |    X    |----------------|----------|----------|-----------|----------|-----------|-------
 182:Drivers/STM32F1xx_HAL_Driver/Src/stm32f1xx_hal_spi.c ****        |         |       DMA      | Fpclk/2  | Fpclk/2  | Fpclk/64  | Fpclk/2  | Fpclk/128 | Fpclk/
 183:Drivers/STM32F1xx_HAL_Driver/Src/stm32f1xx_hal_spi.c ****        |=========|================|==========|==========|===========|==========|===========|=======
 184:Drivers/STM32F1xx_HAL_Driver/Src/stm32f1xx_hal_spi.c ****        |         |     Polling    | Fpclk/2  | Fpclk/2  |     NA    |    NA    | Fpclk/2   | Fpclk/
 185:Drivers/STM32F1xx_HAL_Driver/Src/stm32f1xx_hal_spi.c ****        |         |----------------|----------|----------|-----------|----------|-----------|-------
 186:Drivers/STM32F1xx_HAL_Driver/Src/stm32f1xx_hal_spi.c ****        |    T    |     Interrupt  | Fpclk/2  | Fpclk/2  |     NA    |    NA    | Fpclk/2   | Fpclk/
 187:Drivers/STM32F1xx_HAL_Driver/Src/stm32f1xx_hal_spi.c ****        |    X    |----------------|----------|----------|-----------|----------|-----------|-------
 188:Drivers/STM32F1xx_HAL_Driver/Src/stm32f1xx_hal_spi.c ****        |         |       DMA      | Fpclk/2  | Fpclk/2  |     NA    |    NA    | Fpclk/2   | Fpclk/
 189:Drivers/STM32F1xx_HAL_Driver/Src/stm32f1xx_hal_spi.c ****        +-------------------------------------------------------------------------------------------
 190:Drivers/STM32F1xx_HAL_Driver/Src/stm32f1xx_hal_spi.c ****        @note The max SPI frequency depend on SPI data size (8bits, 16bits),
 191:Drivers/STM32F1xx_HAL_Driver/Src/stm32f1xx_hal_spi.c ****              SPI mode(2 Lines fullduplex, 2 lines RxOnly, 1 line TX/RX) and Process mode (Polling, 
 192:Drivers/STM32F1xx_HAL_Driver/Src/stm32f1xx_hal_spi.c ****        @note
 193:Drivers/STM32F1xx_HAL_Driver/Src/stm32f1xx_hal_spi.c ****             (#) TX/RX processes are HAL_SPI_TransmitReceive(), HAL_SPI_TransmitReceive_IT() and HAL
 194:Drivers/STM32F1xx_HAL_Driver/Src/stm32f1xx_hal_spi.c ****             (#) RX processes are HAL_SPI_Receive(), HAL_SPI_Receive_IT() and HAL_SPI_Receive_DMA()
 195:Drivers/STM32F1xx_HAL_Driver/Src/stm32f1xx_hal_spi.c ****             (#) TX processes are HAL_SPI_Transmit(), HAL_SPI_Transmit_IT() and HAL_SPI_Transmit_DMA
 196:Drivers/STM32F1xx_HAL_Driver/Src/stm32f1xx_hal_spi.c **** 
 197:Drivers/STM32F1xx_HAL_Driver/Src/stm32f1xx_hal_spi.c ****   */
 198:Drivers/STM32F1xx_HAL_Driver/Src/stm32f1xx_hal_spi.c **** 
 199:Drivers/STM32F1xx_HAL_Driver/Src/stm32f1xx_hal_spi.c **** /* Includes ------------------------------------------------------------------*/
 200:Drivers/STM32F1xx_HAL_Driver/Src/stm32f1xx_hal_spi.c **** #include "stm32f1xx_hal.h"
 201:Drivers/STM32F1xx_HAL_Driver/Src/stm32f1xx_hal_spi.c **** 
 202:Drivers/STM32F1xx_HAL_Driver/Src/stm32f1xx_hal_spi.c **** /** @addtogroup STM32F1xx_HAL_Driver
 203:Drivers/STM32F1xx_HAL_Driver/Src/stm32f1xx_hal_spi.c ****   * @{
ARM GAS  C:\Users\zhmis\AppData\Local\Temp\ccgFfHBP.s 			page 5


 204:Drivers/STM32F1xx_HAL_Driver/Src/stm32f1xx_hal_spi.c ****   */
 205:Drivers/STM32F1xx_HAL_Driver/Src/stm32f1xx_hal_spi.c **** 
 206:Drivers/STM32F1xx_HAL_Driver/Src/stm32f1xx_hal_spi.c **** /** @defgroup SPI SPI
 207:Drivers/STM32F1xx_HAL_Driver/Src/stm32f1xx_hal_spi.c ****   * @brief SPI HAL module driver
 208:Drivers/STM32F1xx_HAL_Driver/Src/stm32f1xx_hal_spi.c ****   * @{
 209:Drivers/STM32F1xx_HAL_Driver/Src/stm32f1xx_hal_spi.c ****   */
 210:Drivers/STM32F1xx_HAL_Driver/Src/stm32f1xx_hal_spi.c **** #ifdef HAL_SPI_MODULE_ENABLED
 211:Drivers/STM32F1xx_HAL_Driver/Src/stm32f1xx_hal_spi.c **** 
 212:Drivers/STM32F1xx_HAL_Driver/Src/stm32f1xx_hal_spi.c **** /* Private typedef -----------------------------------------------------------*/
 213:Drivers/STM32F1xx_HAL_Driver/Src/stm32f1xx_hal_spi.c **** /* Private defines -----------------------------------------------------------*/
 214:Drivers/STM32F1xx_HAL_Driver/Src/stm32f1xx_hal_spi.c **** #if (USE_SPI_CRC != 0U) && defined(SPI_CRC_ERROR_WORKAROUND_FEATURE)
 215:Drivers/STM32F1xx_HAL_Driver/Src/stm32f1xx_hal_spi.c **** /* CRC WORKAROUND FEATURE: Variable used to determine if device is impacted by implementation
 216:Drivers/STM32F1xx_HAL_Driver/Src/stm32f1xx_hal_spi.c ****  * of workaround related to wrong CRC errors detection on SPI2. Conditions in which this workaround
 217:Drivers/STM32F1xx_HAL_Driver/Src/stm32f1xx_hal_spi.c ****  * has to be applied, are:
 218:Drivers/STM32F1xx_HAL_Driver/Src/stm32f1xx_hal_spi.c ****  *  - STM32F101CDE/STM32F103CDE
 219:Drivers/STM32F1xx_HAL_Driver/Src/stm32f1xx_hal_spi.c ****  *  - Revision ID : Z
 220:Drivers/STM32F1xx_HAL_Driver/Src/stm32f1xx_hal_spi.c ****  *  - SPI2
 221:Drivers/STM32F1xx_HAL_Driver/Src/stm32f1xx_hal_spi.c ****  *  - In receive only mode, with CRC calculation enabled, at the end of the CRC reception,
 222:Drivers/STM32F1xx_HAL_Driver/Src/stm32f1xx_hal_spi.c ****  *     the software needs to check the CRCERR flag. If it is found set, read back the SPI_RXCRC:
 223:Drivers/STM32F1xx_HAL_Driver/Src/stm32f1xx_hal_spi.c ****  *       + If the value is 0, the complete data transfer is successful.
 224:Drivers/STM32F1xx_HAL_Driver/Src/stm32f1xx_hal_spi.c ****  *       + Otherwise, one or more errors have been detected during the data transfer by CPU or DMA.
 225:Drivers/STM32F1xx_HAL_Driver/Src/stm32f1xx_hal_spi.c ****  *    If CRCERR is found reset, the complete data transfer is considered successful.
 226:Drivers/STM32F1xx_HAL_Driver/Src/stm32f1xx_hal_spi.c ****  *
 227:Drivers/STM32F1xx_HAL_Driver/Src/stm32f1xx_hal_spi.c ****  * Check RevisionID value for identifying if Device is Rev Z (0x0001) in order to enable workaround
 228:Drivers/STM32F1xx_HAL_Driver/Src/stm32f1xx_hal_spi.c ****  * CRC errors wrongly detected
 229:Drivers/STM32F1xx_HAL_Driver/Src/stm32f1xx_hal_spi.c ****  */
 230:Drivers/STM32F1xx_HAL_Driver/Src/stm32f1xx_hal_spi.c **** /* Pb is that ES_STM32F10xxCDE also identify an issue in Debug registers access while not in Debug 
 231:Drivers/STM32F1xx_HAL_Driver/Src/stm32f1xx_hal_spi.c ****  * Revision ID information is only available in Debug mode, so Workaround could not be implemented
 232:Drivers/STM32F1xx_HAL_Driver/Src/stm32f1xx_hal_spi.c ****  * to distinguish Rev Z devices (issue present) from more recent version (issue fixed).
 233:Drivers/STM32F1xx_HAL_Driver/Src/stm32f1xx_hal_spi.c ****  * So, in case of Revision Z F101 or F103 devices, below define should be assigned to 1.
 234:Drivers/STM32F1xx_HAL_Driver/Src/stm32f1xx_hal_spi.c ****  */
 235:Drivers/STM32F1xx_HAL_Driver/Src/stm32f1xx_hal_spi.c **** #define  USE_SPI_CRC_ERROR_WORKAROUND   0U
 236:Drivers/STM32F1xx_HAL_Driver/Src/stm32f1xx_hal_spi.c **** #endif /* USE_SPI_CRC */
 237:Drivers/STM32F1xx_HAL_Driver/Src/stm32f1xx_hal_spi.c **** /** @defgroup SPI_Private_Constants SPI Private Constants
 238:Drivers/STM32F1xx_HAL_Driver/Src/stm32f1xx_hal_spi.c ****   * @{
 239:Drivers/STM32F1xx_HAL_Driver/Src/stm32f1xx_hal_spi.c ****   */
 240:Drivers/STM32F1xx_HAL_Driver/Src/stm32f1xx_hal_spi.c **** #define SPI_DEFAULT_TIMEOUT 100U
 241:Drivers/STM32F1xx_HAL_Driver/Src/stm32f1xx_hal_spi.c **** /**
 242:Drivers/STM32F1xx_HAL_Driver/Src/stm32f1xx_hal_spi.c ****   * @}
 243:Drivers/STM32F1xx_HAL_Driver/Src/stm32f1xx_hal_spi.c ****   */
 244:Drivers/STM32F1xx_HAL_Driver/Src/stm32f1xx_hal_spi.c **** 
 245:Drivers/STM32F1xx_HAL_Driver/Src/stm32f1xx_hal_spi.c **** /* Private macros ------------------------------------------------------------*/
 246:Drivers/STM32F1xx_HAL_Driver/Src/stm32f1xx_hal_spi.c **** /* Private variables ---------------------------------------------------------*/
 247:Drivers/STM32F1xx_HAL_Driver/Src/stm32f1xx_hal_spi.c **** /* Private function prototypes -----------------------------------------------*/
 248:Drivers/STM32F1xx_HAL_Driver/Src/stm32f1xx_hal_spi.c **** /** @defgroup SPI_Private_Functions SPI Private Functions
 249:Drivers/STM32F1xx_HAL_Driver/Src/stm32f1xx_hal_spi.c ****   * @{
 250:Drivers/STM32F1xx_HAL_Driver/Src/stm32f1xx_hal_spi.c ****   */
 251:Drivers/STM32F1xx_HAL_Driver/Src/stm32f1xx_hal_spi.c **** static void SPI_DMATransmitCplt(DMA_HandleTypeDef *hdma);
 252:Drivers/STM32F1xx_HAL_Driver/Src/stm32f1xx_hal_spi.c **** static void SPI_DMAReceiveCplt(DMA_HandleTypeDef *hdma);
 253:Drivers/STM32F1xx_HAL_Driver/Src/stm32f1xx_hal_spi.c **** static void SPI_DMATransmitReceiveCplt(DMA_HandleTypeDef *hdma);
 254:Drivers/STM32F1xx_HAL_Driver/Src/stm32f1xx_hal_spi.c **** static void SPI_DMAHalfTransmitCplt(DMA_HandleTypeDef *hdma);
 255:Drivers/STM32F1xx_HAL_Driver/Src/stm32f1xx_hal_spi.c **** static void SPI_DMAHalfReceiveCplt(DMA_HandleTypeDef *hdma);
 256:Drivers/STM32F1xx_HAL_Driver/Src/stm32f1xx_hal_spi.c **** static void SPI_DMAHalfTransmitReceiveCplt(DMA_HandleTypeDef *hdma);
 257:Drivers/STM32F1xx_HAL_Driver/Src/stm32f1xx_hal_spi.c **** static void SPI_DMAError(DMA_HandleTypeDef *hdma);
 258:Drivers/STM32F1xx_HAL_Driver/Src/stm32f1xx_hal_spi.c **** static void SPI_DMAAbortOnError(DMA_HandleTypeDef *hdma);
 259:Drivers/STM32F1xx_HAL_Driver/Src/stm32f1xx_hal_spi.c **** static void SPI_DMATxAbortCallback(DMA_HandleTypeDef *hdma);
 260:Drivers/STM32F1xx_HAL_Driver/Src/stm32f1xx_hal_spi.c **** static void SPI_DMARxAbortCallback(DMA_HandleTypeDef *hdma);
ARM GAS  C:\Users\zhmis\AppData\Local\Temp\ccgFfHBP.s 			page 6


 261:Drivers/STM32F1xx_HAL_Driver/Src/stm32f1xx_hal_spi.c **** static HAL_StatusTypeDef SPI_WaitFlagStateUntilTimeout(SPI_HandleTypeDef *hspi, uint32_t Flag, Flag
 262:Drivers/STM32F1xx_HAL_Driver/Src/stm32f1xx_hal_spi.c ****                                                        uint32_t Timeout, uint32_t Tickstart);
 263:Drivers/STM32F1xx_HAL_Driver/Src/stm32f1xx_hal_spi.c **** static void SPI_TxISR_8BIT(struct __SPI_HandleTypeDef *hspi);
 264:Drivers/STM32F1xx_HAL_Driver/Src/stm32f1xx_hal_spi.c **** static void SPI_TxISR_16BIT(struct __SPI_HandleTypeDef *hspi);
 265:Drivers/STM32F1xx_HAL_Driver/Src/stm32f1xx_hal_spi.c **** static void SPI_RxISR_8BIT(struct __SPI_HandleTypeDef *hspi);
 266:Drivers/STM32F1xx_HAL_Driver/Src/stm32f1xx_hal_spi.c **** static void SPI_RxISR_16BIT(struct __SPI_HandleTypeDef *hspi);
 267:Drivers/STM32F1xx_HAL_Driver/Src/stm32f1xx_hal_spi.c **** static void SPI_2linesRxISR_8BIT(struct __SPI_HandleTypeDef *hspi);
 268:Drivers/STM32F1xx_HAL_Driver/Src/stm32f1xx_hal_spi.c **** static void SPI_2linesTxISR_8BIT(struct __SPI_HandleTypeDef *hspi);
 269:Drivers/STM32F1xx_HAL_Driver/Src/stm32f1xx_hal_spi.c **** static void SPI_2linesTxISR_16BIT(struct __SPI_HandleTypeDef *hspi);
 270:Drivers/STM32F1xx_HAL_Driver/Src/stm32f1xx_hal_spi.c **** static void SPI_2linesRxISR_16BIT(struct __SPI_HandleTypeDef *hspi);
 271:Drivers/STM32F1xx_HAL_Driver/Src/stm32f1xx_hal_spi.c **** #if (USE_SPI_CRC != 0U)
 272:Drivers/STM32F1xx_HAL_Driver/Src/stm32f1xx_hal_spi.c **** static void SPI_RxISR_8BITCRC(struct __SPI_HandleTypeDef *hspi);
 273:Drivers/STM32F1xx_HAL_Driver/Src/stm32f1xx_hal_spi.c **** static void SPI_RxISR_16BITCRC(struct __SPI_HandleTypeDef *hspi);
 274:Drivers/STM32F1xx_HAL_Driver/Src/stm32f1xx_hal_spi.c **** static void SPI_2linesRxISR_8BITCRC(struct __SPI_HandleTypeDef *hspi);
 275:Drivers/STM32F1xx_HAL_Driver/Src/stm32f1xx_hal_spi.c **** static void SPI_2linesRxISR_16BITCRC(struct __SPI_HandleTypeDef *hspi);
 276:Drivers/STM32F1xx_HAL_Driver/Src/stm32f1xx_hal_spi.c **** #endif /* USE_SPI_CRC */
 277:Drivers/STM32F1xx_HAL_Driver/Src/stm32f1xx_hal_spi.c **** static void SPI_AbortRx_ISR(SPI_HandleTypeDef *hspi);
 278:Drivers/STM32F1xx_HAL_Driver/Src/stm32f1xx_hal_spi.c **** static void SPI_AbortTx_ISR(SPI_HandleTypeDef *hspi);
 279:Drivers/STM32F1xx_HAL_Driver/Src/stm32f1xx_hal_spi.c **** static void SPI_CloseRxTx_ISR(SPI_HandleTypeDef *hspi);
 280:Drivers/STM32F1xx_HAL_Driver/Src/stm32f1xx_hal_spi.c **** static void SPI_CloseRx_ISR(SPI_HandleTypeDef *hspi);
 281:Drivers/STM32F1xx_HAL_Driver/Src/stm32f1xx_hal_spi.c **** static void SPI_CloseTx_ISR(SPI_HandleTypeDef *hspi);
 282:Drivers/STM32F1xx_HAL_Driver/Src/stm32f1xx_hal_spi.c **** static HAL_StatusTypeDef SPI_EndRxTransaction(SPI_HandleTypeDef *hspi, uint32_t Timeout, uint32_t T
 283:Drivers/STM32F1xx_HAL_Driver/Src/stm32f1xx_hal_spi.c **** static HAL_StatusTypeDef SPI_EndRxTxTransaction(SPI_HandleTypeDef *hspi, uint32_t Timeout, uint32_t
 284:Drivers/STM32F1xx_HAL_Driver/Src/stm32f1xx_hal_spi.c **** /**
 285:Drivers/STM32F1xx_HAL_Driver/Src/stm32f1xx_hal_spi.c ****   * @}
 286:Drivers/STM32F1xx_HAL_Driver/Src/stm32f1xx_hal_spi.c ****   */
 287:Drivers/STM32F1xx_HAL_Driver/Src/stm32f1xx_hal_spi.c **** 
 288:Drivers/STM32F1xx_HAL_Driver/Src/stm32f1xx_hal_spi.c **** /* Exported functions --------------------------------------------------------*/
 289:Drivers/STM32F1xx_HAL_Driver/Src/stm32f1xx_hal_spi.c **** /** @defgroup SPI_Exported_Functions SPI Exported Functions
 290:Drivers/STM32F1xx_HAL_Driver/Src/stm32f1xx_hal_spi.c ****   * @{
 291:Drivers/STM32F1xx_HAL_Driver/Src/stm32f1xx_hal_spi.c ****   */
 292:Drivers/STM32F1xx_HAL_Driver/Src/stm32f1xx_hal_spi.c **** 
 293:Drivers/STM32F1xx_HAL_Driver/Src/stm32f1xx_hal_spi.c **** /** @defgroup SPI_Exported_Functions_Group1 Initialization and de-initialization functions
 294:Drivers/STM32F1xx_HAL_Driver/Src/stm32f1xx_hal_spi.c ****   *  @brief    Initialization and Configuration functions
 295:Drivers/STM32F1xx_HAL_Driver/Src/stm32f1xx_hal_spi.c ****   *
 296:Drivers/STM32F1xx_HAL_Driver/Src/stm32f1xx_hal_spi.c **** @verbatim
 297:Drivers/STM32F1xx_HAL_Driver/Src/stm32f1xx_hal_spi.c ****  ===============================================================================
 298:Drivers/STM32F1xx_HAL_Driver/Src/stm32f1xx_hal_spi.c ****               ##### Initialization and de-initialization functions #####
 299:Drivers/STM32F1xx_HAL_Driver/Src/stm32f1xx_hal_spi.c ****  ===============================================================================
 300:Drivers/STM32F1xx_HAL_Driver/Src/stm32f1xx_hal_spi.c ****     [..]  This subsection provides a set of functions allowing to initialize and
 301:Drivers/STM32F1xx_HAL_Driver/Src/stm32f1xx_hal_spi.c ****           de-initialize the SPIx peripheral:
 302:Drivers/STM32F1xx_HAL_Driver/Src/stm32f1xx_hal_spi.c **** 
 303:Drivers/STM32F1xx_HAL_Driver/Src/stm32f1xx_hal_spi.c ****       (+) User must implement HAL_SPI_MspInit() function in which he configures
 304:Drivers/STM32F1xx_HAL_Driver/Src/stm32f1xx_hal_spi.c ****           all related peripherals resources (CLOCK, GPIO, DMA, IT and NVIC ).
 305:Drivers/STM32F1xx_HAL_Driver/Src/stm32f1xx_hal_spi.c **** 
 306:Drivers/STM32F1xx_HAL_Driver/Src/stm32f1xx_hal_spi.c ****       (+) Call the function HAL_SPI_Init() to configure the selected device with
 307:Drivers/STM32F1xx_HAL_Driver/Src/stm32f1xx_hal_spi.c ****           the selected configuration:
 308:Drivers/STM32F1xx_HAL_Driver/Src/stm32f1xx_hal_spi.c ****         (++) Mode
 309:Drivers/STM32F1xx_HAL_Driver/Src/stm32f1xx_hal_spi.c ****         (++) Direction
 310:Drivers/STM32F1xx_HAL_Driver/Src/stm32f1xx_hal_spi.c ****         (++) Data Size
 311:Drivers/STM32F1xx_HAL_Driver/Src/stm32f1xx_hal_spi.c ****         (++) Clock Polarity and Phase
 312:Drivers/STM32F1xx_HAL_Driver/Src/stm32f1xx_hal_spi.c ****         (++) NSS Management
 313:Drivers/STM32F1xx_HAL_Driver/Src/stm32f1xx_hal_spi.c ****         (++) BaudRate Prescaler
 314:Drivers/STM32F1xx_HAL_Driver/Src/stm32f1xx_hal_spi.c ****         (++) FirstBit
 315:Drivers/STM32F1xx_HAL_Driver/Src/stm32f1xx_hal_spi.c ****         (++) TIMode
 316:Drivers/STM32F1xx_HAL_Driver/Src/stm32f1xx_hal_spi.c ****         (++) CRC Calculation
 317:Drivers/STM32F1xx_HAL_Driver/Src/stm32f1xx_hal_spi.c ****         (++) CRC Polynomial if CRC enabled
ARM GAS  C:\Users\zhmis\AppData\Local\Temp\ccgFfHBP.s 			page 7


 318:Drivers/STM32F1xx_HAL_Driver/Src/stm32f1xx_hal_spi.c **** 
 319:Drivers/STM32F1xx_HAL_Driver/Src/stm32f1xx_hal_spi.c ****       (+) Call the function HAL_SPI_DeInit() to restore the default configuration
 320:Drivers/STM32F1xx_HAL_Driver/Src/stm32f1xx_hal_spi.c ****           of the selected SPIx peripheral.
 321:Drivers/STM32F1xx_HAL_Driver/Src/stm32f1xx_hal_spi.c **** 
 322:Drivers/STM32F1xx_HAL_Driver/Src/stm32f1xx_hal_spi.c **** @endverbatim
 323:Drivers/STM32F1xx_HAL_Driver/Src/stm32f1xx_hal_spi.c ****   * @{
 324:Drivers/STM32F1xx_HAL_Driver/Src/stm32f1xx_hal_spi.c ****   */
 325:Drivers/STM32F1xx_HAL_Driver/Src/stm32f1xx_hal_spi.c **** 
 326:Drivers/STM32F1xx_HAL_Driver/Src/stm32f1xx_hal_spi.c **** /**
 327:Drivers/STM32F1xx_HAL_Driver/Src/stm32f1xx_hal_spi.c ****   * @brief  Initialize the SPI according to the specified parameters
 328:Drivers/STM32F1xx_HAL_Driver/Src/stm32f1xx_hal_spi.c ****   *         in the SPI_InitTypeDef and initialize the associated handle.
 329:Drivers/STM32F1xx_HAL_Driver/Src/stm32f1xx_hal_spi.c ****   * @param  hspi pointer to a SPI_HandleTypeDef structure that contains
 330:Drivers/STM32F1xx_HAL_Driver/Src/stm32f1xx_hal_spi.c ****   *               the configuration information for SPI module.
 331:Drivers/STM32F1xx_HAL_Driver/Src/stm32f1xx_hal_spi.c ****   * @retval HAL status
 332:Drivers/STM32F1xx_HAL_Driver/Src/stm32f1xx_hal_spi.c ****   */
 333:Drivers/STM32F1xx_HAL_Driver/Src/stm32f1xx_hal_spi.c **** HAL_StatusTypeDef HAL_SPI_Init(SPI_HandleTypeDef *hspi)
 334:Drivers/STM32F1xx_HAL_Driver/Src/stm32f1xx_hal_spi.c **** {
 335:Drivers/STM32F1xx_HAL_Driver/Src/stm32f1xx_hal_spi.c ****   /* Check the SPI handle allocation */
 336:Drivers/STM32F1xx_HAL_Driver/Src/stm32f1xx_hal_spi.c ****   if (hspi == NULL)
 337:Drivers/STM32F1xx_HAL_Driver/Src/stm32f1xx_hal_spi.c ****   {
 338:Drivers/STM32F1xx_HAL_Driver/Src/stm32f1xx_hal_spi.c ****     return HAL_ERROR;
 339:Drivers/STM32F1xx_HAL_Driver/Src/stm32f1xx_hal_spi.c ****   }
 340:Drivers/STM32F1xx_HAL_Driver/Src/stm32f1xx_hal_spi.c **** 
 341:Drivers/STM32F1xx_HAL_Driver/Src/stm32f1xx_hal_spi.c ****   /* Check the parameters */
 342:Drivers/STM32F1xx_HAL_Driver/Src/stm32f1xx_hal_spi.c ****   assert_param(IS_SPI_ALL_INSTANCE(hspi->Instance));
 343:Drivers/STM32F1xx_HAL_Driver/Src/stm32f1xx_hal_spi.c ****   assert_param(IS_SPI_MODE(hspi->Init.Mode));
 344:Drivers/STM32F1xx_HAL_Driver/Src/stm32f1xx_hal_spi.c ****   assert_param(IS_SPI_DIRECTION(hspi->Init.Direction));
 345:Drivers/STM32F1xx_HAL_Driver/Src/stm32f1xx_hal_spi.c ****   assert_param(IS_SPI_DATASIZE(hspi->Init.DataSize));
 346:Drivers/STM32F1xx_HAL_Driver/Src/stm32f1xx_hal_spi.c ****   assert_param(IS_SPI_NSS(hspi->Init.NSS));
 347:Drivers/STM32F1xx_HAL_Driver/Src/stm32f1xx_hal_spi.c ****   assert_param(IS_SPI_BAUDRATE_PRESCALER(hspi->Init.BaudRatePrescaler));
 348:Drivers/STM32F1xx_HAL_Driver/Src/stm32f1xx_hal_spi.c ****   assert_param(IS_SPI_FIRST_BIT(hspi->Init.FirstBit));
 349:Drivers/STM32F1xx_HAL_Driver/Src/stm32f1xx_hal_spi.c ****   /* TI mode is not supported on this device.
 350:Drivers/STM32F1xx_HAL_Driver/Src/stm32f1xx_hal_spi.c ****      TIMode parameter is mandatory equal to SPI_TIMODE_DISABLE */
 351:Drivers/STM32F1xx_HAL_Driver/Src/stm32f1xx_hal_spi.c ****   assert_param(IS_SPI_TIMODE(hspi->Init.TIMode));
 352:Drivers/STM32F1xx_HAL_Driver/Src/stm32f1xx_hal_spi.c ****   if (hspi->Init.TIMode == SPI_TIMODE_DISABLE)
 353:Drivers/STM32F1xx_HAL_Driver/Src/stm32f1xx_hal_spi.c ****   {
 354:Drivers/STM32F1xx_HAL_Driver/Src/stm32f1xx_hal_spi.c ****     assert_param(IS_SPI_CPOL(hspi->Init.CLKPolarity));
 355:Drivers/STM32F1xx_HAL_Driver/Src/stm32f1xx_hal_spi.c ****     assert_param(IS_SPI_CPHA(hspi->Init.CLKPhase));
 356:Drivers/STM32F1xx_HAL_Driver/Src/stm32f1xx_hal_spi.c **** 
 357:Drivers/STM32F1xx_HAL_Driver/Src/stm32f1xx_hal_spi.c ****     if (hspi->Init.Mode == SPI_MODE_MASTER)
 358:Drivers/STM32F1xx_HAL_Driver/Src/stm32f1xx_hal_spi.c ****     {
 359:Drivers/STM32F1xx_HAL_Driver/Src/stm32f1xx_hal_spi.c ****       assert_param(IS_SPI_BAUDRATE_PRESCALER(hspi->Init.BaudRatePrescaler));
 360:Drivers/STM32F1xx_HAL_Driver/Src/stm32f1xx_hal_spi.c ****     }
 361:Drivers/STM32F1xx_HAL_Driver/Src/stm32f1xx_hal_spi.c ****     else
 362:Drivers/STM32F1xx_HAL_Driver/Src/stm32f1xx_hal_spi.c ****     {
 363:Drivers/STM32F1xx_HAL_Driver/Src/stm32f1xx_hal_spi.c ****       /* Baudrate prescaler not use in Motoraola Slave mode. force to default value */
 364:Drivers/STM32F1xx_HAL_Driver/Src/stm32f1xx_hal_spi.c ****       hspi->Init.BaudRatePrescaler = SPI_BAUDRATEPRESCALER_2;
 365:Drivers/STM32F1xx_HAL_Driver/Src/stm32f1xx_hal_spi.c ****     }
 366:Drivers/STM32F1xx_HAL_Driver/Src/stm32f1xx_hal_spi.c ****   }
 367:Drivers/STM32F1xx_HAL_Driver/Src/stm32f1xx_hal_spi.c ****   else
 368:Drivers/STM32F1xx_HAL_Driver/Src/stm32f1xx_hal_spi.c ****   {
 369:Drivers/STM32F1xx_HAL_Driver/Src/stm32f1xx_hal_spi.c ****     assert_param(IS_SPI_BAUDRATE_PRESCALER(hspi->Init.BaudRatePrescaler));
 370:Drivers/STM32F1xx_HAL_Driver/Src/stm32f1xx_hal_spi.c **** 
 371:Drivers/STM32F1xx_HAL_Driver/Src/stm32f1xx_hal_spi.c ****     /* Force polarity and phase to TI protocaol requirements */
 372:Drivers/STM32F1xx_HAL_Driver/Src/stm32f1xx_hal_spi.c ****     hspi->Init.CLKPolarity = SPI_POLARITY_LOW;
 373:Drivers/STM32F1xx_HAL_Driver/Src/stm32f1xx_hal_spi.c ****     hspi->Init.CLKPhase    = SPI_PHASE_1EDGE;
 374:Drivers/STM32F1xx_HAL_Driver/Src/stm32f1xx_hal_spi.c ****   }
ARM GAS  C:\Users\zhmis\AppData\Local\Temp\ccgFfHBP.s 			page 8


 375:Drivers/STM32F1xx_HAL_Driver/Src/stm32f1xx_hal_spi.c **** #if (USE_SPI_CRC != 0U)
 376:Drivers/STM32F1xx_HAL_Driver/Src/stm32f1xx_hal_spi.c ****   assert_param(IS_SPI_CRC_CALCULATION(hspi->Init.CRCCalculation));
 377:Drivers/STM32F1xx_HAL_Driver/Src/stm32f1xx_hal_spi.c ****   if (hspi->Init.CRCCalculation == SPI_CRCCALCULATION_ENABLE)
 378:Drivers/STM32F1xx_HAL_Driver/Src/stm32f1xx_hal_spi.c ****   {
 379:Drivers/STM32F1xx_HAL_Driver/Src/stm32f1xx_hal_spi.c ****     assert_param(IS_SPI_CRC_POLYNOMIAL(hspi->Init.CRCPolynomial));
 380:Drivers/STM32F1xx_HAL_Driver/Src/stm32f1xx_hal_spi.c ****   }
 381:Drivers/STM32F1xx_HAL_Driver/Src/stm32f1xx_hal_spi.c **** #else
 382:Drivers/STM32F1xx_HAL_Driver/Src/stm32f1xx_hal_spi.c ****   hspi->Init.CRCCalculation = SPI_CRCCALCULATION_DISABLE;
 383:Drivers/STM32F1xx_HAL_Driver/Src/stm32f1xx_hal_spi.c **** #endif /* USE_SPI_CRC */
 384:Drivers/STM32F1xx_HAL_Driver/Src/stm32f1xx_hal_spi.c **** 
 385:Drivers/STM32F1xx_HAL_Driver/Src/stm32f1xx_hal_spi.c ****   if (hspi->State == HAL_SPI_STATE_RESET)
 386:Drivers/STM32F1xx_HAL_Driver/Src/stm32f1xx_hal_spi.c ****   {
 387:Drivers/STM32F1xx_HAL_Driver/Src/stm32f1xx_hal_spi.c ****     /* Allocate lock resource and initialize it */
 388:Drivers/STM32F1xx_HAL_Driver/Src/stm32f1xx_hal_spi.c ****     hspi->Lock = HAL_UNLOCKED;
 389:Drivers/STM32F1xx_HAL_Driver/Src/stm32f1xx_hal_spi.c **** 
 390:Drivers/STM32F1xx_HAL_Driver/Src/stm32f1xx_hal_spi.c **** #if (USE_HAL_SPI_REGISTER_CALLBACKS == 1U)
 391:Drivers/STM32F1xx_HAL_Driver/Src/stm32f1xx_hal_spi.c ****     /* Init the SPI Callback settings */
 392:Drivers/STM32F1xx_HAL_Driver/Src/stm32f1xx_hal_spi.c ****     hspi->TxCpltCallback       = HAL_SPI_TxCpltCallback;       /* Legacy weak TxCpltCallback       
 393:Drivers/STM32F1xx_HAL_Driver/Src/stm32f1xx_hal_spi.c ****     hspi->RxCpltCallback       = HAL_SPI_RxCpltCallback;       /* Legacy weak RxCpltCallback       
 394:Drivers/STM32F1xx_HAL_Driver/Src/stm32f1xx_hal_spi.c ****     hspi->TxRxCpltCallback     = HAL_SPI_TxRxCpltCallback;     /* Legacy weak TxRxCpltCallback     
 395:Drivers/STM32F1xx_HAL_Driver/Src/stm32f1xx_hal_spi.c ****     hspi->TxHalfCpltCallback   = HAL_SPI_TxHalfCpltCallback;   /* Legacy weak TxHalfCpltCallback   
 396:Drivers/STM32F1xx_HAL_Driver/Src/stm32f1xx_hal_spi.c ****     hspi->RxHalfCpltCallback   = HAL_SPI_RxHalfCpltCallback;   /* Legacy weak RxHalfCpltCallback   
 397:Drivers/STM32F1xx_HAL_Driver/Src/stm32f1xx_hal_spi.c ****     hspi->TxRxHalfCpltCallback = HAL_SPI_TxRxHalfCpltCallback; /* Legacy weak TxRxHalfCpltCallback 
 398:Drivers/STM32F1xx_HAL_Driver/Src/stm32f1xx_hal_spi.c ****     hspi->ErrorCallback        = HAL_SPI_ErrorCallback;        /* Legacy weak ErrorCallback        
 399:Drivers/STM32F1xx_HAL_Driver/Src/stm32f1xx_hal_spi.c ****     hspi->AbortCpltCallback    = HAL_SPI_AbortCpltCallback;    /* Legacy weak AbortCpltCallback    
 400:Drivers/STM32F1xx_HAL_Driver/Src/stm32f1xx_hal_spi.c **** 
 401:Drivers/STM32F1xx_HAL_Driver/Src/stm32f1xx_hal_spi.c ****     if (hspi->MspInitCallback == NULL)
 402:Drivers/STM32F1xx_HAL_Driver/Src/stm32f1xx_hal_spi.c ****     {
 403:Drivers/STM32F1xx_HAL_Driver/Src/stm32f1xx_hal_spi.c ****       hspi->MspInitCallback = HAL_SPI_MspInit; /* Legacy weak MspInit  */
 404:Drivers/STM32F1xx_HAL_Driver/Src/stm32f1xx_hal_spi.c ****     }
 405:Drivers/STM32F1xx_HAL_Driver/Src/stm32f1xx_hal_spi.c **** 
 406:Drivers/STM32F1xx_HAL_Driver/Src/stm32f1xx_hal_spi.c ****     /* Init the low level hardware : GPIO, CLOCK, NVIC... */
 407:Drivers/STM32F1xx_HAL_Driver/Src/stm32f1xx_hal_spi.c ****     hspi->MspInitCallback(hspi);
 408:Drivers/STM32F1xx_HAL_Driver/Src/stm32f1xx_hal_spi.c **** #else
 409:Drivers/STM32F1xx_HAL_Driver/Src/stm32f1xx_hal_spi.c ****     /* Init the low level hardware : GPIO, CLOCK, NVIC... */
 410:Drivers/STM32F1xx_HAL_Driver/Src/stm32f1xx_hal_spi.c ****     HAL_SPI_MspInit(hspi);
 411:Drivers/STM32F1xx_HAL_Driver/Src/stm32f1xx_hal_spi.c **** #endif /* USE_HAL_SPI_REGISTER_CALLBACKS */
 412:Drivers/STM32F1xx_HAL_Driver/Src/stm32f1xx_hal_spi.c ****   }
 413:Drivers/STM32F1xx_HAL_Driver/Src/stm32f1xx_hal_spi.c **** 
 414:Drivers/STM32F1xx_HAL_Driver/Src/stm32f1xx_hal_spi.c ****   hspi->State = HAL_SPI_STATE_BUSY;
 415:Drivers/STM32F1xx_HAL_Driver/Src/stm32f1xx_hal_spi.c **** 
 416:Drivers/STM32F1xx_HAL_Driver/Src/stm32f1xx_hal_spi.c ****   /* Disable the selected SPI peripheral */
 417:Drivers/STM32F1xx_HAL_Driver/Src/stm32f1xx_hal_spi.c ****   __HAL_SPI_DISABLE(hspi);
 418:Drivers/STM32F1xx_HAL_Driver/Src/stm32f1xx_hal_spi.c **** 
 419:Drivers/STM32F1xx_HAL_Driver/Src/stm32f1xx_hal_spi.c ****   /*----------------------- SPIx CR1 & CR2 Configuration ---------------------*/
 420:Drivers/STM32F1xx_HAL_Driver/Src/stm32f1xx_hal_spi.c ****   /* Configure : SPI Mode, Communication Mode, Data size, Clock polarity and phase, NSS management,
 421:Drivers/STM32F1xx_HAL_Driver/Src/stm32f1xx_hal_spi.c ****   Communication speed, First bit and CRC calculation state */
 422:Drivers/STM32F1xx_HAL_Driver/Src/stm32f1xx_hal_spi.c ****   WRITE_REG(hspi->Instance->CR1, ((hspi->Init.Mode & (SPI_CR1_MSTR | SPI_CR1_SSI)) |
 423:Drivers/STM32F1xx_HAL_Driver/Src/stm32f1xx_hal_spi.c ****                                   (hspi->Init.Direction & (SPI_CR1_RXONLY | SPI_CR1_BIDIMODE)) |
 424:Drivers/STM32F1xx_HAL_Driver/Src/stm32f1xx_hal_spi.c ****                                   (hspi->Init.DataSize & SPI_CR1_DFF) |
 425:Drivers/STM32F1xx_HAL_Driver/Src/stm32f1xx_hal_spi.c ****                                   (hspi->Init.CLKPolarity & SPI_CR1_CPOL) |
 426:Drivers/STM32F1xx_HAL_Driver/Src/stm32f1xx_hal_spi.c ****                                   (hspi->Init.CLKPhase & SPI_CR1_CPHA) |
 427:Drivers/STM32F1xx_HAL_Driver/Src/stm32f1xx_hal_spi.c ****                                   (hspi->Init.NSS & SPI_CR1_SSM) |
 428:Drivers/STM32F1xx_HAL_Driver/Src/stm32f1xx_hal_spi.c ****                                   (hspi->Init.BaudRatePrescaler & SPI_CR1_BR_Msk) |
 429:Drivers/STM32F1xx_HAL_Driver/Src/stm32f1xx_hal_spi.c ****                                   (hspi->Init.FirstBit  & SPI_CR1_LSBFIRST) |
 430:Drivers/STM32F1xx_HAL_Driver/Src/stm32f1xx_hal_spi.c ****                                   (hspi->Init.CRCCalculation & SPI_CR1_CRCEN)));
 431:Drivers/STM32F1xx_HAL_Driver/Src/stm32f1xx_hal_spi.c **** 
ARM GAS  C:\Users\zhmis\AppData\Local\Temp\ccgFfHBP.s 			page 9


 432:Drivers/STM32F1xx_HAL_Driver/Src/stm32f1xx_hal_spi.c ****   /* Configure : NSS management */
 433:Drivers/STM32F1xx_HAL_Driver/Src/stm32f1xx_hal_spi.c ****   WRITE_REG(hspi->Instance->CR2, ((hspi->Init.NSS >> 16U) & SPI_CR2_SSOE));
 434:Drivers/STM32F1xx_HAL_Driver/Src/stm32f1xx_hal_spi.c **** 
 435:Drivers/STM32F1xx_HAL_Driver/Src/stm32f1xx_hal_spi.c **** #if (USE_SPI_CRC != 0U)
 436:Drivers/STM32F1xx_HAL_Driver/Src/stm32f1xx_hal_spi.c ****   /*---------------------------- SPIx CRCPOLY Configuration ------------------*/
 437:Drivers/STM32F1xx_HAL_Driver/Src/stm32f1xx_hal_spi.c ****   /* Configure : CRC Polynomial */
 438:Drivers/STM32F1xx_HAL_Driver/Src/stm32f1xx_hal_spi.c ****   if (hspi->Init.CRCCalculation == SPI_CRCCALCULATION_ENABLE)
 439:Drivers/STM32F1xx_HAL_Driver/Src/stm32f1xx_hal_spi.c ****   {
 440:Drivers/STM32F1xx_HAL_Driver/Src/stm32f1xx_hal_spi.c ****     WRITE_REG(hspi->Instance->CRCPR, (hspi->Init.CRCPolynomial & SPI_CRCPR_CRCPOLY_Msk));
 441:Drivers/STM32F1xx_HAL_Driver/Src/stm32f1xx_hal_spi.c ****   }
 442:Drivers/STM32F1xx_HAL_Driver/Src/stm32f1xx_hal_spi.c **** #endif /* USE_SPI_CRC */
 443:Drivers/STM32F1xx_HAL_Driver/Src/stm32f1xx_hal_spi.c **** 
 444:Drivers/STM32F1xx_HAL_Driver/Src/stm32f1xx_hal_spi.c **** #if defined(SPI_I2SCFGR_I2SMOD)
 445:Drivers/STM32F1xx_HAL_Driver/Src/stm32f1xx_hal_spi.c ****   /* Activate the SPI mode (Make sure that I2SMOD bit in I2SCFGR register is reset) */
 446:Drivers/STM32F1xx_HAL_Driver/Src/stm32f1xx_hal_spi.c ****   CLEAR_BIT(hspi->Instance->I2SCFGR, SPI_I2SCFGR_I2SMOD);
 447:Drivers/STM32F1xx_HAL_Driver/Src/stm32f1xx_hal_spi.c **** #endif /* SPI_I2SCFGR_I2SMOD */
 448:Drivers/STM32F1xx_HAL_Driver/Src/stm32f1xx_hal_spi.c **** 
 449:Drivers/STM32F1xx_HAL_Driver/Src/stm32f1xx_hal_spi.c ****   hspi->ErrorCode = HAL_SPI_ERROR_NONE;
 450:Drivers/STM32F1xx_HAL_Driver/Src/stm32f1xx_hal_spi.c ****   hspi->State     = HAL_SPI_STATE_READY;
 451:Drivers/STM32F1xx_HAL_Driver/Src/stm32f1xx_hal_spi.c **** 
 452:Drivers/STM32F1xx_HAL_Driver/Src/stm32f1xx_hal_spi.c ****   return HAL_OK;
 453:Drivers/STM32F1xx_HAL_Driver/Src/stm32f1xx_hal_spi.c **** }
 454:Drivers/STM32F1xx_HAL_Driver/Src/stm32f1xx_hal_spi.c **** 
 455:Drivers/STM32F1xx_HAL_Driver/Src/stm32f1xx_hal_spi.c **** /**
 456:Drivers/STM32F1xx_HAL_Driver/Src/stm32f1xx_hal_spi.c ****   * @brief  De-Initialize the SPI peripheral.
 457:Drivers/STM32F1xx_HAL_Driver/Src/stm32f1xx_hal_spi.c ****   * @param  hspi pointer to a SPI_HandleTypeDef structure that contains
 458:Drivers/STM32F1xx_HAL_Driver/Src/stm32f1xx_hal_spi.c ****   *               the configuration information for SPI module.
 459:Drivers/STM32F1xx_HAL_Driver/Src/stm32f1xx_hal_spi.c ****   * @retval HAL status
 460:Drivers/STM32F1xx_HAL_Driver/Src/stm32f1xx_hal_spi.c ****   */
 461:Drivers/STM32F1xx_HAL_Driver/Src/stm32f1xx_hal_spi.c **** HAL_StatusTypeDef HAL_SPI_DeInit(SPI_HandleTypeDef *hspi)
 462:Drivers/STM32F1xx_HAL_Driver/Src/stm32f1xx_hal_spi.c **** {
 463:Drivers/STM32F1xx_HAL_Driver/Src/stm32f1xx_hal_spi.c ****   /* Check the SPI handle allocation */
 464:Drivers/STM32F1xx_HAL_Driver/Src/stm32f1xx_hal_spi.c ****   if (hspi == NULL)
 465:Drivers/STM32F1xx_HAL_Driver/Src/stm32f1xx_hal_spi.c ****   {
 466:Drivers/STM32F1xx_HAL_Driver/Src/stm32f1xx_hal_spi.c ****     return HAL_ERROR;
 467:Drivers/STM32F1xx_HAL_Driver/Src/stm32f1xx_hal_spi.c ****   }
 468:Drivers/STM32F1xx_HAL_Driver/Src/stm32f1xx_hal_spi.c **** 
 469:Drivers/STM32F1xx_HAL_Driver/Src/stm32f1xx_hal_spi.c ****   /* Check SPI Instance parameter */
 470:Drivers/STM32F1xx_HAL_Driver/Src/stm32f1xx_hal_spi.c ****   assert_param(IS_SPI_ALL_INSTANCE(hspi->Instance));
 471:Drivers/STM32F1xx_HAL_Driver/Src/stm32f1xx_hal_spi.c **** 
 472:Drivers/STM32F1xx_HAL_Driver/Src/stm32f1xx_hal_spi.c ****   hspi->State = HAL_SPI_STATE_BUSY;
 473:Drivers/STM32F1xx_HAL_Driver/Src/stm32f1xx_hal_spi.c **** 
 474:Drivers/STM32F1xx_HAL_Driver/Src/stm32f1xx_hal_spi.c ****   /* Disable the SPI Peripheral Clock */
 475:Drivers/STM32F1xx_HAL_Driver/Src/stm32f1xx_hal_spi.c ****   __HAL_SPI_DISABLE(hspi);
 476:Drivers/STM32F1xx_HAL_Driver/Src/stm32f1xx_hal_spi.c **** 
 477:Drivers/STM32F1xx_HAL_Driver/Src/stm32f1xx_hal_spi.c **** #if (USE_HAL_SPI_REGISTER_CALLBACKS == 1U)
 478:Drivers/STM32F1xx_HAL_Driver/Src/stm32f1xx_hal_spi.c ****   if (hspi->MspDeInitCallback == NULL)
 479:Drivers/STM32F1xx_HAL_Driver/Src/stm32f1xx_hal_spi.c ****   {
 480:Drivers/STM32F1xx_HAL_Driver/Src/stm32f1xx_hal_spi.c ****     hspi->MspDeInitCallback = HAL_SPI_MspDeInit; /* Legacy weak MspDeInit  */
 481:Drivers/STM32F1xx_HAL_Driver/Src/stm32f1xx_hal_spi.c ****   }
 482:Drivers/STM32F1xx_HAL_Driver/Src/stm32f1xx_hal_spi.c **** 
 483:Drivers/STM32F1xx_HAL_Driver/Src/stm32f1xx_hal_spi.c ****   /* DeInit the low level hardware: GPIO, CLOCK, NVIC... */
 484:Drivers/STM32F1xx_HAL_Driver/Src/stm32f1xx_hal_spi.c ****   hspi->MspDeInitCallback(hspi);
 485:Drivers/STM32F1xx_HAL_Driver/Src/stm32f1xx_hal_spi.c **** #else
 486:Drivers/STM32F1xx_HAL_Driver/Src/stm32f1xx_hal_spi.c ****   /* DeInit the low level hardware: GPIO, CLOCK, NVIC... */
 487:Drivers/STM32F1xx_HAL_Driver/Src/stm32f1xx_hal_spi.c ****   HAL_SPI_MspDeInit(hspi);
 488:Drivers/STM32F1xx_HAL_Driver/Src/stm32f1xx_hal_spi.c **** #endif /* USE_HAL_SPI_REGISTER_CALLBACKS */
ARM GAS  C:\Users\zhmis\AppData\Local\Temp\ccgFfHBP.s 			page 10


 489:Drivers/STM32F1xx_HAL_Driver/Src/stm32f1xx_hal_spi.c **** 
 490:Drivers/STM32F1xx_HAL_Driver/Src/stm32f1xx_hal_spi.c ****   hspi->ErrorCode = HAL_SPI_ERROR_NONE;
 491:Drivers/STM32F1xx_HAL_Driver/Src/stm32f1xx_hal_spi.c ****   hspi->State = HAL_SPI_STATE_RESET;
 492:Drivers/STM32F1xx_HAL_Driver/Src/stm32f1xx_hal_spi.c **** 
 493:Drivers/STM32F1xx_HAL_Driver/Src/stm32f1xx_hal_spi.c ****   /* Release Lock */
 494:Drivers/STM32F1xx_HAL_Driver/Src/stm32f1xx_hal_spi.c ****   __HAL_UNLOCK(hspi);
 495:Drivers/STM32F1xx_HAL_Driver/Src/stm32f1xx_hal_spi.c **** 
 496:Drivers/STM32F1xx_HAL_Driver/Src/stm32f1xx_hal_spi.c ****   return HAL_OK;
 497:Drivers/STM32F1xx_HAL_Driver/Src/stm32f1xx_hal_spi.c **** }
 498:Drivers/STM32F1xx_HAL_Driver/Src/stm32f1xx_hal_spi.c **** 
 499:Drivers/STM32F1xx_HAL_Driver/Src/stm32f1xx_hal_spi.c **** /**
 500:Drivers/STM32F1xx_HAL_Driver/Src/stm32f1xx_hal_spi.c ****   * @brief  Initialize the SPI MSP.
 501:Drivers/STM32F1xx_HAL_Driver/Src/stm32f1xx_hal_spi.c ****   * @param  hspi pointer to a SPI_HandleTypeDef structure that contains
 502:Drivers/STM32F1xx_HAL_Driver/Src/stm32f1xx_hal_spi.c ****   *               the configuration information for SPI module.
 503:Drivers/STM32F1xx_HAL_Driver/Src/stm32f1xx_hal_spi.c ****   * @retval None
 504:Drivers/STM32F1xx_HAL_Driver/Src/stm32f1xx_hal_spi.c ****   */
 505:Drivers/STM32F1xx_HAL_Driver/Src/stm32f1xx_hal_spi.c **** __weak void HAL_SPI_MspInit(SPI_HandleTypeDef *hspi)
 506:Drivers/STM32F1xx_HAL_Driver/Src/stm32f1xx_hal_spi.c **** {
 507:Drivers/STM32F1xx_HAL_Driver/Src/stm32f1xx_hal_spi.c ****   /* Prevent unused argument(s) compilation warning */
 508:Drivers/STM32F1xx_HAL_Driver/Src/stm32f1xx_hal_spi.c ****   UNUSED(hspi);
 509:Drivers/STM32F1xx_HAL_Driver/Src/stm32f1xx_hal_spi.c **** 
 510:Drivers/STM32F1xx_HAL_Driver/Src/stm32f1xx_hal_spi.c ****   /* NOTE : This function should not be modified, when the callback is needed,
 511:Drivers/STM32F1xx_HAL_Driver/Src/stm32f1xx_hal_spi.c ****             the HAL_SPI_MspInit should be implemented in the user file
 512:Drivers/STM32F1xx_HAL_Driver/Src/stm32f1xx_hal_spi.c ****    */
 513:Drivers/STM32F1xx_HAL_Driver/Src/stm32f1xx_hal_spi.c **** }
 514:Drivers/STM32F1xx_HAL_Driver/Src/stm32f1xx_hal_spi.c **** 
 515:Drivers/STM32F1xx_HAL_Driver/Src/stm32f1xx_hal_spi.c **** /**
 516:Drivers/STM32F1xx_HAL_Driver/Src/stm32f1xx_hal_spi.c ****   * @brief  De-Initialize the SPI MSP.
 517:Drivers/STM32F1xx_HAL_Driver/Src/stm32f1xx_hal_spi.c ****   * @param  hspi pointer to a SPI_HandleTypeDef structure that contains
 518:Drivers/STM32F1xx_HAL_Driver/Src/stm32f1xx_hal_spi.c ****   *               the configuration information for SPI module.
 519:Drivers/STM32F1xx_HAL_Driver/Src/stm32f1xx_hal_spi.c ****   * @retval None
 520:Drivers/STM32F1xx_HAL_Driver/Src/stm32f1xx_hal_spi.c ****   */
 521:Drivers/STM32F1xx_HAL_Driver/Src/stm32f1xx_hal_spi.c **** __weak void HAL_SPI_MspDeInit(SPI_HandleTypeDef *hspi)
 522:Drivers/STM32F1xx_HAL_Driver/Src/stm32f1xx_hal_spi.c **** {
 523:Drivers/STM32F1xx_HAL_Driver/Src/stm32f1xx_hal_spi.c ****   /* Prevent unused argument(s) compilation warning */
 524:Drivers/STM32F1xx_HAL_Driver/Src/stm32f1xx_hal_spi.c ****   UNUSED(hspi);
 525:Drivers/STM32F1xx_HAL_Driver/Src/stm32f1xx_hal_spi.c **** 
 526:Drivers/STM32F1xx_HAL_Driver/Src/stm32f1xx_hal_spi.c ****   /* NOTE : This function should not be modified, when the callback is needed,
 527:Drivers/STM32F1xx_HAL_Driver/Src/stm32f1xx_hal_spi.c ****             the HAL_SPI_MspDeInit should be implemented in the user file
 528:Drivers/STM32F1xx_HAL_Driver/Src/stm32f1xx_hal_spi.c ****    */
 529:Drivers/STM32F1xx_HAL_Driver/Src/stm32f1xx_hal_spi.c **** }
 530:Drivers/STM32F1xx_HAL_Driver/Src/stm32f1xx_hal_spi.c **** 
 531:Drivers/STM32F1xx_HAL_Driver/Src/stm32f1xx_hal_spi.c **** #if (USE_HAL_SPI_REGISTER_CALLBACKS == 1U)
 532:Drivers/STM32F1xx_HAL_Driver/Src/stm32f1xx_hal_spi.c **** /**
 533:Drivers/STM32F1xx_HAL_Driver/Src/stm32f1xx_hal_spi.c ****   * @brief  Register a User SPI Callback
 534:Drivers/STM32F1xx_HAL_Driver/Src/stm32f1xx_hal_spi.c ****   *         To be used instead of the weak predefined callback
 535:Drivers/STM32F1xx_HAL_Driver/Src/stm32f1xx_hal_spi.c ****   * @param  hspi Pointer to a SPI_HandleTypeDef structure that contains
 536:Drivers/STM32F1xx_HAL_Driver/Src/stm32f1xx_hal_spi.c ****   *                the configuration information for the specified SPI.
 537:Drivers/STM32F1xx_HAL_Driver/Src/stm32f1xx_hal_spi.c ****   * @param  CallbackID ID of the callback to be registered
 538:Drivers/STM32F1xx_HAL_Driver/Src/stm32f1xx_hal_spi.c ****   * @param  pCallback pointer to the Callback function
 539:Drivers/STM32F1xx_HAL_Driver/Src/stm32f1xx_hal_spi.c ****   * @retval HAL status
 540:Drivers/STM32F1xx_HAL_Driver/Src/stm32f1xx_hal_spi.c ****   */
 541:Drivers/STM32F1xx_HAL_Driver/Src/stm32f1xx_hal_spi.c **** HAL_StatusTypeDef HAL_SPI_RegisterCallback(SPI_HandleTypeDef *hspi, HAL_SPI_CallbackIDTypeDef Callb
 542:Drivers/STM32F1xx_HAL_Driver/Src/stm32f1xx_hal_spi.c ****                                            pSPI_CallbackTypeDef pCallback)
 543:Drivers/STM32F1xx_HAL_Driver/Src/stm32f1xx_hal_spi.c **** {
 544:Drivers/STM32F1xx_HAL_Driver/Src/stm32f1xx_hal_spi.c ****   HAL_StatusTypeDef status = HAL_OK;
 545:Drivers/STM32F1xx_HAL_Driver/Src/stm32f1xx_hal_spi.c **** 
ARM GAS  C:\Users\zhmis\AppData\Local\Temp\ccgFfHBP.s 			page 11


 546:Drivers/STM32F1xx_HAL_Driver/Src/stm32f1xx_hal_spi.c ****   if (pCallback == NULL)
 547:Drivers/STM32F1xx_HAL_Driver/Src/stm32f1xx_hal_spi.c ****   {
 548:Drivers/STM32F1xx_HAL_Driver/Src/stm32f1xx_hal_spi.c ****     /* Update the error code */
 549:Drivers/STM32F1xx_HAL_Driver/Src/stm32f1xx_hal_spi.c ****     hspi->ErrorCode |= HAL_SPI_ERROR_INVALID_CALLBACK;
 550:Drivers/STM32F1xx_HAL_Driver/Src/stm32f1xx_hal_spi.c **** 
 551:Drivers/STM32F1xx_HAL_Driver/Src/stm32f1xx_hal_spi.c ****     return HAL_ERROR;
 552:Drivers/STM32F1xx_HAL_Driver/Src/stm32f1xx_hal_spi.c ****   }
 553:Drivers/STM32F1xx_HAL_Driver/Src/stm32f1xx_hal_spi.c ****   /* Process locked */
 554:Drivers/STM32F1xx_HAL_Driver/Src/stm32f1xx_hal_spi.c ****   __HAL_LOCK(hspi);
 555:Drivers/STM32F1xx_HAL_Driver/Src/stm32f1xx_hal_spi.c **** 
 556:Drivers/STM32F1xx_HAL_Driver/Src/stm32f1xx_hal_spi.c ****   if (HAL_SPI_STATE_READY == hspi->State)
 557:Drivers/STM32F1xx_HAL_Driver/Src/stm32f1xx_hal_spi.c ****   {
 558:Drivers/STM32F1xx_HAL_Driver/Src/stm32f1xx_hal_spi.c ****     switch (CallbackID)
 559:Drivers/STM32F1xx_HAL_Driver/Src/stm32f1xx_hal_spi.c ****     {
 560:Drivers/STM32F1xx_HAL_Driver/Src/stm32f1xx_hal_spi.c ****       case HAL_SPI_TX_COMPLETE_CB_ID :
 561:Drivers/STM32F1xx_HAL_Driver/Src/stm32f1xx_hal_spi.c ****         hspi->TxCpltCallback = pCallback;
 562:Drivers/STM32F1xx_HAL_Driver/Src/stm32f1xx_hal_spi.c ****         break;
 563:Drivers/STM32F1xx_HAL_Driver/Src/stm32f1xx_hal_spi.c **** 
 564:Drivers/STM32F1xx_HAL_Driver/Src/stm32f1xx_hal_spi.c ****       case HAL_SPI_RX_COMPLETE_CB_ID :
 565:Drivers/STM32F1xx_HAL_Driver/Src/stm32f1xx_hal_spi.c ****         hspi->RxCpltCallback = pCallback;
 566:Drivers/STM32F1xx_HAL_Driver/Src/stm32f1xx_hal_spi.c ****         break;
 567:Drivers/STM32F1xx_HAL_Driver/Src/stm32f1xx_hal_spi.c **** 
 568:Drivers/STM32F1xx_HAL_Driver/Src/stm32f1xx_hal_spi.c ****       case HAL_SPI_TX_RX_COMPLETE_CB_ID :
 569:Drivers/STM32F1xx_HAL_Driver/Src/stm32f1xx_hal_spi.c ****         hspi->TxRxCpltCallback = pCallback;
 570:Drivers/STM32F1xx_HAL_Driver/Src/stm32f1xx_hal_spi.c ****         break;
 571:Drivers/STM32F1xx_HAL_Driver/Src/stm32f1xx_hal_spi.c **** 
 572:Drivers/STM32F1xx_HAL_Driver/Src/stm32f1xx_hal_spi.c ****       case HAL_SPI_TX_HALF_COMPLETE_CB_ID :
 573:Drivers/STM32F1xx_HAL_Driver/Src/stm32f1xx_hal_spi.c ****         hspi->TxHalfCpltCallback = pCallback;
 574:Drivers/STM32F1xx_HAL_Driver/Src/stm32f1xx_hal_spi.c ****         break;
 575:Drivers/STM32F1xx_HAL_Driver/Src/stm32f1xx_hal_spi.c **** 
 576:Drivers/STM32F1xx_HAL_Driver/Src/stm32f1xx_hal_spi.c ****       case HAL_SPI_RX_HALF_COMPLETE_CB_ID :
 577:Drivers/STM32F1xx_HAL_Driver/Src/stm32f1xx_hal_spi.c ****         hspi->RxHalfCpltCallback = pCallback;
 578:Drivers/STM32F1xx_HAL_Driver/Src/stm32f1xx_hal_spi.c ****         break;
 579:Drivers/STM32F1xx_HAL_Driver/Src/stm32f1xx_hal_spi.c **** 
 580:Drivers/STM32F1xx_HAL_Driver/Src/stm32f1xx_hal_spi.c ****       case HAL_SPI_TX_RX_HALF_COMPLETE_CB_ID :
 581:Drivers/STM32F1xx_HAL_Driver/Src/stm32f1xx_hal_spi.c ****         hspi->TxRxHalfCpltCallback = pCallback;
 582:Drivers/STM32F1xx_HAL_Driver/Src/stm32f1xx_hal_spi.c ****         break;
 583:Drivers/STM32F1xx_HAL_Driver/Src/stm32f1xx_hal_spi.c **** 
 584:Drivers/STM32F1xx_HAL_Driver/Src/stm32f1xx_hal_spi.c ****       case HAL_SPI_ERROR_CB_ID :
 585:Drivers/STM32F1xx_HAL_Driver/Src/stm32f1xx_hal_spi.c ****         hspi->ErrorCallback = pCallback;
 586:Drivers/STM32F1xx_HAL_Driver/Src/stm32f1xx_hal_spi.c ****         break;
 587:Drivers/STM32F1xx_HAL_Driver/Src/stm32f1xx_hal_spi.c **** 
 588:Drivers/STM32F1xx_HAL_Driver/Src/stm32f1xx_hal_spi.c ****       case HAL_SPI_ABORT_CB_ID :
 589:Drivers/STM32F1xx_HAL_Driver/Src/stm32f1xx_hal_spi.c ****         hspi->AbortCpltCallback = pCallback;
 590:Drivers/STM32F1xx_HAL_Driver/Src/stm32f1xx_hal_spi.c ****         break;
 591:Drivers/STM32F1xx_HAL_Driver/Src/stm32f1xx_hal_spi.c **** 
 592:Drivers/STM32F1xx_HAL_Driver/Src/stm32f1xx_hal_spi.c ****       case HAL_SPI_MSPINIT_CB_ID :
 593:Drivers/STM32F1xx_HAL_Driver/Src/stm32f1xx_hal_spi.c ****         hspi->MspInitCallback = pCallback;
 594:Drivers/STM32F1xx_HAL_Driver/Src/stm32f1xx_hal_spi.c ****         break;
 595:Drivers/STM32F1xx_HAL_Driver/Src/stm32f1xx_hal_spi.c **** 
 596:Drivers/STM32F1xx_HAL_Driver/Src/stm32f1xx_hal_spi.c ****       case HAL_SPI_MSPDEINIT_CB_ID :
 597:Drivers/STM32F1xx_HAL_Driver/Src/stm32f1xx_hal_spi.c ****         hspi->MspDeInitCallback = pCallback;
 598:Drivers/STM32F1xx_HAL_Driver/Src/stm32f1xx_hal_spi.c ****         break;
 599:Drivers/STM32F1xx_HAL_Driver/Src/stm32f1xx_hal_spi.c **** 
 600:Drivers/STM32F1xx_HAL_Driver/Src/stm32f1xx_hal_spi.c ****       default :
 601:Drivers/STM32F1xx_HAL_Driver/Src/stm32f1xx_hal_spi.c ****         /* Update the error code */
 602:Drivers/STM32F1xx_HAL_Driver/Src/stm32f1xx_hal_spi.c ****         SET_BIT(hspi->ErrorCode, HAL_SPI_ERROR_INVALID_CALLBACK);
ARM GAS  C:\Users\zhmis\AppData\Local\Temp\ccgFfHBP.s 			page 12


 603:Drivers/STM32F1xx_HAL_Driver/Src/stm32f1xx_hal_spi.c **** 
 604:Drivers/STM32F1xx_HAL_Driver/Src/stm32f1xx_hal_spi.c ****         /* Return error status */
 605:Drivers/STM32F1xx_HAL_Driver/Src/stm32f1xx_hal_spi.c ****         status =  HAL_ERROR;
 606:Drivers/STM32F1xx_HAL_Driver/Src/stm32f1xx_hal_spi.c ****         break;
 607:Drivers/STM32F1xx_HAL_Driver/Src/stm32f1xx_hal_spi.c ****     }
 608:Drivers/STM32F1xx_HAL_Driver/Src/stm32f1xx_hal_spi.c ****   }
 609:Drivers/STM32F1xx_HAL_Driver/Src/stm32f1xx_hal_spi.c ****   else if (HAL_SPI_STATE_RESET == hspi->State)
 610:Drivers/STM32F1xx_HAL_Driver/Src/stm32f1xx_hal_spi.c ****   {
 611:Drivers/STM32F1xx_HAL_Driver/Src/stm32f1xx_hal_spi.c ****     switch (CallbackID)
 612:Drivers/STM32F1xx_HAL_Driver/Src/stm32f1xx_hal_spi.c ****     {
 613:Drivers/STM32F1xx_HAL_Driver/Src/stm32f1xx_hal_spi.c ****       case HAL_SPI_MSPINIT_CB_ID :
 614:Drivers/STM32F1xx_HAL_Driver/Src/stm32f1xx_hal_spi.c ****         hspi->MspInitCallback = pCallback;
 615:Drivers/STM32F1xx_HAL_Driver/Src/stm32f1xx_hal_spi.c ****         break;
 616:Drivers/STM32F1xx_HAL_Driver/Src/stm32f1xx_hal_spi.c **** 
 617:Drivers/STM32F1xx_HAL_Driver/Src/stm32f1xx_hal_spi.c ****       case HAL_SPI_MSPDEINIT_CB_ID :
 618:Drivers/STM32F1xx_HAL_Driver/Src/stm32f1xx_hal_spi.c ****         hspi->MspDeInitCallback = pCallback;
 619:Drivers/STM32F1xx_HAL_Driver/Src/stm32f1xx_hal_spi.c ****         break;
 620:Drivers/STM32F1xx_HAL_Driver/Src/stm32f1xx_hal_spi.c **** 
 621:Drivers/STM32F1xx_HAL_Driver/Src/stm32f1xx_hal_spi.c ****       default :
 622:Drivers/STM32F1xx_HAL_Driver/Src/stm32f1xx_hal_spi.c ****         /* Update the error code */
 623:Drivers/STM32F1xx_HAL_Driver/Src/stm32f1xx_hal_spi.c ****         SET_BIT(hspi->ErrorCode, HAL_SPI_ERROR_INVALID_CALLBACK);
 624:Drivers/STM32F1xx_HAL_Driver/Src/stm32f1xx_hal_spi.c **** 
 625:Drivers/STM32F1xx_HAL_Driver/Src/stm32f1xx_hal_spi.c ****         /* Return error status */
 626:Drivers/STM32F1xx_HAL_Driver/Src/stm32f1xx_hal_spi.c ****         status =  HAL_ERROR;
 627:Drivers/STM32F1xx_HAL_Driver/Src/stm32f1xx_hal_spi.c ****         break;
 628:Drivers/STM32F1xx_HAL_Driver/Src/stm32f1xx_hal_spi.c ****     }
 629:Drivers/STM32F1xx_HAL_Driver/Src/stm32f1xx_hal_spi.c ****   }
 630:Drivers/STM32F1xx_HAL_Driver/Src/stm32f1xx_hal_spi.c ****   else
 631:Drivers/STM32F1xx_HAL_Driver/Src/stm32f1xx_hal_spi.c ****   {
 632:Drivers/STM32F1xx_HAL_Driver/Src/stm32f1xx_hal_spi.c ****     /* Update the error code */
 633:Drivers/STM32F1xx_HAL_Driver/Src/stm32f1xx_hal_spi.c ****     SET_BIT(hspi->ErrorCode, HAL_SPI_ERROR_INVALID_CALLBACK);
 634:Drivers/STM32F1xx_HAL_Driver/Src/stm32f1xx_hal_spi.c **** 
 635:Drivers/STM32F1xx_HAL_Driver/Src/stm32f1xx_hal_spi.c ****     /* Return error status */
 636:Drivers/STM32F1xx_HAL_Driver/Src/stm32f1xx_hal_spi.c ****     status =  HAL_ERROR;
 637:Drivers/STM32F1xx_HAL_Driver/Src/stm32f1xx_hal_spi.c ****   }
 638:Drivers/STM32F1xx_HAL_Driver/Src/stm32f1xx_hal_spi.c **** 
 639:Drivers/STM32F1xx_HAL_Driver/Src/stm32f1xx_hal_spi.c ****   /* Release Lock */
 640:Drivers/STM32F1xx_HAL_Driver/Src/stm32f1xx_hal_spi.c ****   __HAL_UNLOCK(hspi);
 641:Drivers/STM32F1xx_HAL_Driver/Src/stm32f1xx_hal_spi.c ****   return status;
 642:Drivers/STM32F1xx_HAL_Driver/Src/stm32f1xx_hal_spi.c **** }
 643:Drivers/STM32F1xx_HAL_Driver/Src/stm32f1xx_hal_spi.c **** 
 644:Drivers/STM32F1xx_HAL_Driver/Src/stm32f1xx_hal_spi.c **** /**
 645:Drivers/STM32F1xx_HAL_Driver/Src/stm32f1xx_hal_spi.c ****   * @brief  Unregister an SPI Callback
 646:Drivers/STM32F1xx_HAL_Driver/Src/stm32f1xx_hal_spi.c ****   *         SPI callback is redirected to the weak predefined callback
 647:Drivers/STM32F1xx_HAL_Driver/Src/stm32f1xx_hal_spi.c ****   * @param  hspi Pointer to a SPI_HandleTypeDef structure that contains
 648:Drivers/STM32F1xx_HAL_Driver/Src/stm32f1xx_hal_spi.c ****   *                the configuration information for the specified SPI.
 649:Drivers/STM32F1xx_HAL_Driver/Src/stm32f1xx_hal_spi.c ****   * @param  CallbackID ID of the callback to be unregistered
 650:Drivers/STM32F1xx_HAL_Driver/Src/stm32f1xx_hal_spi.c ****   * @retval HAL status
 651:Drivers/STM32F1xx_HAL_Driver/Src/stm32f1xx_hal_spi.c ****   */
 652:Drivers/STM32F1xx_HAL_Driver/Src/stm32f1xx_hal_spi.c **** HAL_StatusTypeDef HAL_SPI_UnRegisterCallback(SPI_HandleTypeDef *hspi, HAL_SPI_CallbackIDTypeDef Cal
 653:Drivers/STM32F1xx_HAL_Driver/Src/stm32f1xx_hal_spi.c **** {
 654:Drivers/STM32F1xx_HAL_Driver/Src/stm32f1xx_hal_spi.c ****   HAL_StatusTypeDef status = HAL_OK;
 655:Drivers/STM32F1xx_HAL_Driver/Src/stm32f1xx_hal_spi.c **** 
 656:Drivers/STM32F1xx_HAL_Driver/Src/stm32f1xx_hal_spi.c ****   /* Process locked */
 657:Drivers/STM32F1xx_HAL_Driver/Src/stm32f1xx_hal_spi.c ****   __HAL_LOCK(hspi);
 658:Drivers/STM32F1xx_HAL_Driver/Src/stm32f1xx_hal_spi.c **** 
 659:Drivers/STM32F1xx_HAL_Driver/Src/stm32f1xx_hal_spi.c ****   if (HAL_SPI_STATE_READY == hspi->State)
ARM GAS  C:\Users\zhmis\AppData\Local\Temp\ccgFfHBP.s 			page 13


 660:Drivers/STM32F1xx_HAL_Driver/Src/stm32f1xx_hal_spi.c ****   {
 661:Drivers/STM32F1xx_HAL_Driver/Src/stm32f1xx_hal_spi.c ****     switch (CallbackID)
 662:Drivers/STM32F1xx_HAL_Driver/Src/stm32f1xx_hal_spi.c ****     {
 663:Drivers/STM32F1xx_HAL_Driver/Src/stm32f1xx_hal_spi.c ****       case HAL_SPI_TX_COMPLETE_CB_ID :
 664:Drivers/STM32F1xx_HAL_Driver/Src/stm32f1xx_hal_spi.c ****         hspi->TxCpltCallback = HAL_SPI_TxCpltCallback;             /* Legacy weak TxCpltCallback   
 665:Drivers/STM32F1xx_HAL_Driver/Src/stm32f1xx_hal_spi.c ****         break;
 666:Drivers/STM32F1xx_HAL_Driver/Src/stm32f1xx_hal_spi.c **** 
 667:Drivers/STM32F1xx_HAL_Driver/Src/stm32f1xx_hal_spi.c ****       case HAL_SPI_RX_COMPLETE_CB_ID :
 668:Drivers/STM32F1xx_HAL_Driver/Src/stm32f1xx_hal_spi.c ****         hspi->RxCpltCallback = HAL_SPI_RxCpltCallback;             /* Legacy weak RxCpltCallback   
 669:Drivers/STM32F1xx_HAL_Driver/Src/stm32f1xx_hal_spi.c ****         break;
 670:Drivers/STM32F1xx_HAL_Driver/Src/stm32f1xx_hal_spi.c **** 
 671:Drivers/STM32F1xx_HAL_Driver/Src/stm32f1xx_hal_spi.c ****       case HAL_SPI_TX_RX_COMPLETE_CB_ID :
 672:Drivers/STM32F1xx_HAL_Driver/Src/stm32f1xx_hal_spi.c ****         hspi->TxRxCpltCallback = HAL_SPI_TxRxCpltCallback;         /* Legacy weak TxRxCpltCallback 
 673:Drivers/STM32F1xx_HAL_Driver/Src/stm32f1xx_hal_spi.c ****         break;
 674:Drivers/STM32F1xx_HAL_Driver/Src/stm32f1xx_hal_spi.c **** 
 675:Drivers/STM32F1xx_HAL_Driver/Src/stm32f1xx_hal_spi.c ****       case HAL_SPI_TX_HALF_COMPLETE_CB_ID :
 676:Drivers/STM32F1xx_HAL_Driver/Src/stm32f1xx_hal_spi.c ****         hspi->TxHalfCpltCallback = HAL_SPI_TxHalfCpltCallback;     /* Legacy weak TxHalfCpltCallbac
 677:Drivers/STM32F1xx_HAL_Driver/Src/stm32f1xx_hal_spi.c ****         break;
 678:Drivers/STM32F1xx_HAL_Driver/Src/stm32f1xx_hal_spi.c **** 
 679:Drivers/STM32F1xx_HAL_Driver/Src/stm32f1xx_hal_spi.c ****       case HAL_SPI_RX_HALF_COMPLETE_CB_ID :
 680:Drivers/STM32F1xx_HAL_Driver/Src/stm32f1xx_hal_spi.c ****         hspi->RxHalfCpltCallback = HAL_SPI_RxHalfCpltCallback;     /* Legacy weak RxHalfCpltCallbac
 681:Drivers/STM32F1xx_HAL_Driver/Src/stm32f1xx_hal_spi.c ****         break;
 682:Drivers/STM32F1xx_HAL_Driver/Src/stm32f1xx_hal_spi.c **** 
 683:Drivers/STM32F1xx_HAL_Driver/Src/stm32f1xx_hal_spi.c ****       case HAL_SPI_TX_RX_HALF_COMPLETE_CB_ID :
 684:Drivers/STM32F1xx_HAL_Driver/Src/stm32f1xx_hal_spi.c ****         hspi->TxRxHalfCpltCallback = HAL_SPI_TxRxHalfCpltCallback; /* Legacy weak TxRxHalfCpltCallb
 685:Drivers/STM32F1xx_HAL_Driver/Src/stm32f1xx_hal_spi.c ****         break;
 686:Drivers/STM32F1xx_HAL_Driver/Src/stm32f1xx_hal_spi.c **** 
 687:Drivers/STM32F1xx_HAL_Driver/Src/stm32f1xx_hal_spi.c ****       case HAL_SPI_ERROR_CB_ID :
 688:Drivers/STM32F1xx_HAL_Driver/Src/stm32f1xx_hal_spi.c ****         hspi->ErrorCallback = HAL_SPI_ErrorCallback;               /* Legacy weak ErrorCallback    
 689:Drivers/STM32F1xx_HAL_Driver/Src/stm32f1xx_hal_spi.c ****         break;
 690:Drivers/STM32F1xx_HAL_Driver/Src/stm32f1xx_hal_spi.c **** 
 691:Drivers/STM32F1xx_HAL_Driver/Src/stm32f1xx_hal_spi.c ****       case HAL_SPI_ABORT_CB_ID :
 692:Drivers/STM32F1xx_HAL_Driver/Src/stm32f1xx_hal_spi.c ****         hspi->AbortCpltCallback = HAL_SPI_AbortCpltCallback;       /* Legacy weak AbortCpltCallback
 693:Drivers/STM32F1xx_HAL_Driver/Src/stm32f1xx_hal_spi.c ****         break;
 694:Drivers/STM32F1xx_HAL_Driver/Src/stm32f1xx_hal_spi.c **** 
 695:Drivers/STM32F1xx_HAL_Driver/Src/stm32f1xx_hal_spi.c ****       case HAL_SPI_MSPINIT_CB_ID :
 696:Drivers/STM32F1xx_HAL_Driver/Src/stm32f1xx_hal_spi.c ****         hspi->MspInitCallback = HAL_SPI_MspInit;                   /* Legacy weak MspInit          
 697:Drivers/STM32F1xx_HAL_Driver/Src/stm32f1xx_hal_spi.c ****         break;
 698:Drivers/STM32F1xx_HAL_Driver/Src/stm32f1xx_hal_spi.c **** 
 699:Drivers/STM32F1xx_HAL_Driver/Src/stm32f1xx_hal_spi.c ****       case HAL_SPI_MSPDEINIT_CB_ID :
 700:Drivers/STM32F1xx_HAL_Driver/Src/stm32f1xx_hal_spi.c ****         hspi->MspDeInitCallback = HAL_SPI_MspDeInit;               /* Legacy weak MspDeInit        
 701:Drivers/STM32F1xx_HAL_Driver/Src/stm32f1xx_hal_spi.c ****         break;
 702:Drivers/STM32F1xx_HAL_Driver/Src/stm32f1xx_hal_spi.c **** 
 703:Drivers/STM32F1xx_HAL_Driver/Src/stm32f1xx_hal_spi.c ****       default :
 704:Drivers/STM32F1xx_HAL_Driver/Src/stm32f1xx_hal_spi.c ****         /* Update the error code */
 705:Drivers/STM32F1xx_HAL_Driver/Src/stm32f1xx_hal_spi.c ****         SET_BIT(hspi->ErrorCode, HAL_SPI_ERROR_INVALID_CALLBACK);
 706:Drivers/STM32F1xx_HAL_Driver/Src/stm32f1xx_hal_spi.c **** 
 707:Drivers/STM32F1xx_HAL_Driver/Src/stm32f1xx_hal_spi.c ****         /* Return error status */
 708:Drivers/STM32F1xx_HAL_Driver/Src/stm32f1xx_hal_spi.c ****         status =  HAL_ERROR;
 709:Drivers/STM32F1xx_HAL_Driver/Src/stm32f1xx_hal_spi.c ****         break;
 710:Drivers/STM32F1xx_HAL_Driver/Src/stm32f1xx_hal_spi.c ****     }
 711:Drivers/STM32F1xx_HAL_Driver/Src/stm32f1xx_hal_spi.c ****   }
 712:Drivers/STM32F1xx_HAL_Driver/Src/stm32f1xx_hal_spi.c ****   else if (HAL_SPI_STATE_RESET == hspi->State)
 713:Drivers/STM32F1xx_HAL_Driver/Src/stm32f1xx_hal_spi.c ****   {
 714:Drivers/STM32F1xx_HAL_Driver/Src/stm32f1xx_hal_spi.c ****     switch (CallbackID)
 715:Drivers/STM32F1xx_HAL_Driver/Src/stm32f1xx_hal_spi.c ****     {
 716:Drivers/STM32F1xx_HAL_Driver/Src/stm32f1xx_hal_spi.c ****       case HAL_SPI_MSPINIT_CB_ID :
ARM GAS  C:\Users\zhmis\AppData\Local\Temp\ccgFfHBP.s 			page 14


 717:Drivers/STM32F1xx_HAL_Driver/Src/stm32f1xx_hal_spi.c ****         hspi->MspInitCallback = HAL_SPI_MspInit;                   /* Legacy weak MspInit          
 718:Drivers/STM32F1xx_HAL_Driver/Src/stm32f1xx_hal_spi.c ****         break;
 719:Drivers/STM32F1xx_HAL_Driver/Src/stm32f1xx_hal_spi.c **** 
 720:Drivers/STM32F1xx_HAL_Driver/Src/stm32f1xx_hal_spi.c ****       case HAL_SPI_MSPDEINIT_CB_ID :
 721:Drivers/STM32F1xx_HAL_Driver/Src/stm32f1xx_hal_spi.c ****         hspi->MspDeInitCallback = HAL_SPI_MspDeInit;               /* Legacy weak MspDeInit        
 722:Drivers/STM32F1xx_HAL_Driver/Src/stm32f1xx_hal_spi.c ****         break;
 723:Drivers/STM32F1xx_HAL_Driver/Src/stm32f1xx_hal_spi.c **** 
 724:Drivers/STM32F1xx_HAL_Driver/Src/stm32f1xx_hal_spi.c ****       default :
 725:Drivers/STM32F1xx_HAL_Driver/Src/stm32f1xx_hal_spi.c ****         /* Update the error code */
 726:Drivers/STM32F1xx_HAL_Driver/Src/stm32f1xx_hal_spi.c ****         SET_BIT(hspi->ErrorCode, HAL_SPI_ERROR_INVALID_CALLBACK);
 727:Drivers/STM32F1xx_HAL_Driver/Src/stm32f1xx_hal_spi.c **** 
 728:Drivers/STM32F1xx_HAL_Driver/Src/stm32f1xx_hal_spi.c ****         /* Return error status */
 729:Drivers/STM32F1xx_HAL_Driver/Src/stm32f1xx_hal_spi.c ****         status =  HAL_ERROR;
 730:Drivers/STM32F1xx_HAL_Driver/Src/stm32f1xx_hal_spi.c ****         break;
 731:Drivers/STM32F1xx_HAL_Driver/Src/stm32f1xx_hal_spi.c ****     }
 732:Drivers/STM32F1xx_HAL_Driver/Src/stm32f1xx_hal_spi.c ****   }
 733:Drivers/STM32F1xx_HAL_Driver/Src/stm32f1xx_hal_spi.c ****   else
 734:Drivers/STM32F1xx_HAL_Driver/Src/stm32f1xx_hal_spi.c ****   {
 735:Drivers/STM32F1xx_HAL_Driver/Src/stm32f1xx_hal_spi.c ****     /* Update the error code */
 736:Drivers/STM32F1xx_HAL_Driver/Src/stm32f1xx_hal_spi.c ****     SET_BIT(hspi->ErrorCode, HAL_SPI_ERROR_INVALID_CALLBACK);
 737:Drivers/STM32F1xx_HAL_Driver/Src/stm32f1xx_hal_spi.c **** 
 738:Drivers/STM32F1xx_HAL_Driver/Src/stm32f1xx_hal_spi.c ****     /* Return error status */
 739:Drivers/STM32F1xx_HAL_Driver/Src/stm32f1xx_hal_spi.c ****     status =  HAL_ERROR;
 740:Drivers/STM32F1xx_HAL_Driver/Src/stm32f1xx_hal_spi.c ****   }
 741:Drivers/STM32F1xx_HAL_Driver/Src/stm32f1xx_hal_spi.c **** 
 742:Drivers/STM32F1xx_HAL_Driver/Src/stm32f1xx_hal_spi.c ****   /* Release Lock */
 743:Drivers/STM32F1xx_HAL_Driver/Src/stm32f1xx_hal_spi.c ****   __HAL_UNLOCK(hspi);
 744:Drivers/STM32F1xx_HAL_Driver/Src/stm32f1xx_hal_spi.c ****   return status;
 745:Drivers/STM32F1xx_HAL_Driver/Src/stm32f1xx_hal_spi.c **** }
 746:Drivers/STM32F1xx_HAL_Driver/Src/stm32f1xx_hal_spi.c **** #endif /* USE_HAL_SPI_REGISTER_CALLBACKS */
 747:Drivers/STM32F1xx_HAL_Driver/Src/stm32f1xx_hal_spi.c **** /**
 748:Drivers/STM32F1xx_HAL_Driver/Src/stm32f1xx_hal_spi.c ****   * @}
 749:Drivers/STM32F1xx_HAL_Driver/Src/stm32f1xx_hal_spi.c ****   */
 750:Drivers/STM32F1xx_HAL_Driver/Src/stm32f1xx_hal_spi.c **** 
 751:Drivers/STM32F1xx_HAL_Driver/Src/stm32f1xx_hal_spi.c **** /** @defgroup SPI_Exported_Functions_Group2 IO operation functions
 752:Drivers/STM32F1xx_HAL_Driver/Src/stm32f1xx_hal_spi.c ****   *  @brief   Data transfers functions
 753:Drivers/STM32F1xx_HAL_Driver/Src/stm32f1xx_hal_spi.c ****   *
 754:Drivers/STM32F1xx_HAL_Driver/Src/stm32f1xx_hal_spi.c **** @verbatim
 755:Drivers/STM32F1xx_HAL_Driver/Src/stm32f1xx_hal_spi.c ****   ==============================================================================
 756:Drivers/STM32F1xx_HAL_Driver/Src/stm32f1xx_hal_spi.c ****                       ##### IO operation functions #####
 757:Drivers/STM32F1xx_HAL_Driver/Src/stm32f1xx_hal_spi.c ****  ===============================================================================
 758:Drivers/STM32F1xx_HAL_Driver/Src/stm32f1xx_hal_spi.c ****  [..]
 759:Drivers/STM32F1xx_HAL_Driver/Src/stm32f1xx_hal_spi.c ****     This subsection provides a set of functions allowing to manage the SPI
 760:Drivers/STM32F1xx_HAL_Driver/Src/stm32f1xx_hal_spi.c ****     data transfers.
 761:Drivers/STM32F1xx_HAL_Driver/Src/stm32f1xx_hal_spi.c **** 
 762:Drivers/STM32F1xx_HAL_Driver/Src/stm32f1xx_hal_spi.c ****     [..] The SPI supports master and slave mode :
 763:Drivers/STM32F1xx_HAL_Driver/Src/stm32f1xx_hal_spi.c **** 
 764:Drivers/STM32F1xx_HAL_Driver/Src/stm32f1xx_hal_spi.c ****     (#) There are two modes of transfer:
 765:Drivers/STM32F1xx_HAL_Driver/Src/stm32f1xx_hal_spi.c ****        (++) Blocking mode: The communication is performed in polling mode.
 766:Drivers/STM32F1xx_HAL_Driver/Src/stm32f1xx_hal_spi.c ****             The HAL status of all data processing is returned by the same function
 767:Drivers/STM32F1xx_HAL_Driver/Src/stm32f1xx_hal_spi.c ****             after finishing transfer.
 768:Drivers/STM32F1xx_HAL_Driver/Src/stm32f1xx_hal_spi.c ****        (++) No-Blocking mode: The communication is performed using Interrupts
 769:Drivers/STM32F1xx_HAL_Driver/Src/stm32f1xx_hal_spi.c ****             or DMA, These APIs return the HAL status.
 770:Drivers/STM32F1xx_HAL_Driver/Src/stm32f1xx_hal_spi.c ****             The end of the data processing will be indicated through the
 771:Drivers/STM32F1xx_HAL_Driver/Src/stm32f1xx_hal_spi.c ****             dedicated SPI IRQ when using Interrupt mode or the DMA IRQ when
 772:Drivers/STM32F1xx_HAL_Driver/Src/stm32f1xx_hal_spi.c ****             using DMA mode.
 773:Drivers/STM32F1xx_HAL_Driver/Src/stm32f1xx_hal_spi.c ****             The HAL_SPI_TxCpltCallback(), HAL_SPI_RxCpltCallback() and HAL_SPI_TxRxCpltCallback() u
ARM GAS  C:\Users\zhmis\AppData\Local\Temp\ccgFfHBP.s 			page 15


 774:Drivers/STM32F1xx_HAL_Driver/Src/stm32f1xx_hal_spi.c ****             will be executed respectively at the end of the transmit or Receive process
 775:Drivers/STM32F1xx_HAL_Driver/Src/stm32f1xx_hal_spi.c ****             The HAL_SPI_ErrorCallback()user callback will be executed when a communication error is
 776:Drivers/STM32F1xx_HAL_Driver/Src/stm32f1xx_hal_spi.c **** 
 777:Drivers/STM32F1xx_HAL_Driver/Src/stm32f1xx_hal_spi.c ****     (#) APIs provided for these 2 transfer modes (Blocking mode or Non blocking mode using either I
 778:Drivers/STM32F1xx_HAL_Driver/Src/stm32f1xx_hal_spi.c ****         exist for 1Line (simplex) and 2Lines (full duplex) modes.
 779:Drivers/STM32F1xx_HAL_Driver/Src/stm32f1xx_hal_spi.c **** 
 780:Drivers/STM32F1xx_HAL_Driver/Src/stm32f1xx_hal_spi.c **** @endverbatim
 781:Drivers/STM32F1xx_HAL_Driver/Src/stm32f1xx_hal_spi.c ****   * @{
 782:Drivers/STM32F1xx_HAL_Driver/Src/stm32f1xx_hal_spi.c ****   */
 783:Drivers/STM32F1xx_HAL_Driver/Src/stm32f1xx_hal_spi.c **** 
 784:Drivers/STM32F1xx_HAL_Driver/Src/stm32f1xx_hal_spi.c **** /**
 785:Drivers/STM32F1xx_HAL_Driver/Src/stm32f1xx_hal_spi.c ****   * @brief  Transmit an amount of data in blocking mode.
 786:Drivers/STM32F1xx_HAL_Driver/Src/stm32f1xx_hal_spi.c ****   * @param  hspi pointer to a SPI_HandleTypeDef structure that contains
 787:Drivers/STM32F1xx_HAL_Driver/Src/stm32f1xx_hal_spi.c ****   *               the configuration information for SPI module.
 788:Drivers/STM32F1xx_HAL_Driver/Src/stm32f1xx_hal_spi.c ****   * @param  pData pointer to data buffer
 789:Drivers/STM32F1xx_HAL_Driver/Src/stm32f1xx_hal_spi.c ****   * @param  Size amount of data to be sent
 790:Drivers/STM32F1xx_HAL_Driver/Src/stm32f1xx_hal_spi.c ****   * @param  Timeout Timeout duration
 791:Drivers/STM32F1xx_HAL_Driver/Src/stm32f1xx_hal_spi.c ****   * @retval HAL status
 792:Drivers/STM32F1xx_HAL_Driver/Src/stm32f1xx_hal_spi.c ****   */
 793:Drivers/STM32F1xx_HAL_Driver/Src/stm32f1xx_hal_spi.c **** HAL_StatusTypeDef HAL_SPI_Transmit(SPI_HandleTypeDef *hspi, uint8_t *pData, uint16_t Size, uint32_t
 794:Drivers/STM32F1xx_HAL_Driver/Src/stm32f1xx_hal_spi.c **** {
 795:Drivers/STM32F1xx_HAL_Driver/Src/stm32f1xx_hal_spi.c ****   uint32_t tickstart;
 796:Drivers/STM32F1xx_HAL_Driver/Src/stm32f1xx_hal_spi.c ****   HAL_StatusTypeDef errorcode = HAL_OK;
 797:Drivers/STM32F1xx_HAL_Driver/Src/stm32f1xx_hal_spi.c ****   uint16_t initial_TxXferCount;
 798:Drivers/STM32F1xx_HAL_Driver/Src/stm32f1xx_hal_spi.c **** 
 799:Drivers/STM32F1xx_HAL_Driver/Src/stm32f1xx_hal_spi.c ****   /* Check Direction parameter */
 800:Drivers/STM32F1xx_HAL_Driver/Src/stm32f1xx_hal_spi.c ****   assert_param(IS_SPI_DIRECTION_2LINES_OR_1LINE(hspi->Init.Direction));
 801:Drivers/STM32F1xx_HAL_Driver/Src/stm32f1xx_hal_spi.c **** 
 802:Drivers/STM32F1xx_HAL_Driver/Src/stm32f1xx_hal_spi.c ****   /* Process Locked */
 803:Drivers/STM32F1xx_HAL_Driver/Src/stm32f1xx_hal_spi.c ****   __HAL_LOCK(hspi);
 804:Drivers/STM32F1xx_HAL_Driver/Src/stm32f1xx_hal_spi.c **** 
 805:Drivers/STM32F1xx_HAL_Driver/Src/stm32f1xx_hal_spi.c ****   /* Init tickstart for timeout management*/
 806:Drivers/STM32F1xx_HAL_Driver/Src/stm32f1xx_hal_spi.c ****   tickstart = HAL_GetTick();
 807:Drivers/STM32F1xx_HAL_Driver/Src/stm32f1xx_hal_spi.c ****   initial_TxXferCount = Size;
 808:Drivers/STM32F1xx_HAL_Driver/Src/stm32f1xx_hal_spi.c **** 
 809:Drivers/STM32F1xx_HAL_Driver/Src/stm32f1xx_hal_spi.c ****   if (hspi->State != HAL_SPI_STATE_READY)
 810:Drivers/STM32F1xx_HAL_Driver/Src/stm32f1xx_hal_spi.c ****   {
 811:Drivers/STM32F1xx_HAL_Driver/Src/stm32f1xx_hal_spi.c ****     errorcode = HAL_BUSY;
 812:Drivers/STM32F1xx_HAL_Driver/Src/stm32f1xx_hal_spi.c ****     goto error;
 813:Drivers/STM32F1xx_HAL_Driver/Src/stm32f1xx_hal_spi.c ****   }
 814:Drivers/STM32F1xx_HAL_Driver/Src/stm32f1xx_hal_spi.c **** 
 815:Drivers/STM32F1xx_HAL_Driver/Src/stm32f1xx_hal_spi.c ****   if ((pData == NULL) || (Size == 0U))
 816:Drivers/STM32F1xx_HAL_Driver/Src/stm32f1xx_hal_spi.c ****   {
 817:Drivers/STM32F1xx_HAL_Driver/Src/stm32f1xx_hal_spi.c ****     errorcode = HAL_ERROR;
 818:Drivers/STM32F1xx_HAL_Driver/Src/stm32f1xx_hal_spi.c ****     goto error;
 819:Drivers/STM32F1xx_HAL_Driver/Src/stm32f1xx_hal_spi.c ****   }
 820:Drivers/STM32F1xx_HAL_Driver/Src/stm32f1xx_hal_spi.c **** 
 821:Drivers/STM32F1xx_HAL_Driver/Src/stm32f1xx_hal_spi.c ****   /* Set the transaction information */
 822:Drivers/STM32F1xx_HAL_Driver/Src/stm32f1xx_hal_spi.c ****   hspi->State       = HAL_SPI_STATE_BUSY_TX;
 823:Drivers/STM32F1xx_HAL_Driver/Src/stm32f1xx_hal_spi.c ****   hspi->ErrorCode   = HAL_SPI_ERROR_NONE;
 824:Drivers/STM32F1xx_HAL_Driver/Src/stm32f1xx_hal_spi.c ****   hspi->pTxBuffPtr  = (uint8_t *)pData;
 825:Drivers/STM32F1xx_HAL_Driver/Src/stm32f1xx_hal_spi.c ****   hspi->TxXferSize  = Size;
 826:Drivers/STM32F1xx_HAL_Driver/Src/stm32f1xx_hal_spi.c ****   hspi->TxXferCount = Size;
 827:Drivers/STM32F1xx_HAL_Driver/Src/stm32f1xx_hal_spi.c **** 
 828:Drivers/STM32F1xx_HAL_Driver/Src/stm32f1xx_hal_spi.c ****   /*Init field not used in handle to zero */
 829:Drivers/STM32F1xx_HAL_Driver/Src/stm32f1xx_hal_spi.c ****   hspi->pRxBuffPtr  = (uint8_t *)NULL;
 830:Drivers/STM32F1xx_HAL_Driver/Src/stm32f1xx_hal_spi.c ****   hspi->RxXferSize  = 0U;
ARM GAS  C:\Users\zhmis\AppData\Local\Temp\ccgFfHBP.s 			page 16


 831:Drivers/STM32F1xx_HAL_Driver/Src/stm32f1xx_hal_spi.c ****   hspi->RxXferCount = 0U;
 832:Drivers/STM32F1xx_HAL_Driver/Src/stm32f1xx_hal_spi.c ****   hspi->TxISR       = NULL;
 833:Drivers/STM32F1xx_HAL_Driver/Src/stm32f1xx_hal_spi.c ****   hspi->RxISR       = NULL;
 834:Drivers/STM32F1xx_HAL_Driver/Src/stm32f1xx_hal_spi.c **** 
 835:Drivers/STM32F1xx_HAL_Driver/Src/stm32f1xx_hal_spi.c ****   /* Configure communication direction : 1Line */
 836:Drivers/STM32F1xx_HAL_Driver/Src/stm32f1xx_hal_spi.c ****   if (hspi->Init.Direction == SPI_DIRECTION_1LINE)
 837:Drivers/STM32F1xx_HAL_Driver/Src/stm32f1xx_hal_spi.c ****   {
 838:Drivers/STM32F1xx_HAL_Driver/Src/stm32f1xx_hal_spi.c ****     /* Disable SPI Peripheral before set 1Line direction (BIDIOE bit) */
 839:Drivers/STM32F1xx_HAL_Driver/Src/stm32f1xx_hal_spi.c ****     __HAL_SPI_DISABLE(hspi);
 840:Drivers/STM32F1xx_HAL_Driver/Src/stm32f1xx_hal_spi.c ****     SPI_1LINE_TX(hspi);
 841:Drivers/STM32F1xx_HAL_Driver/Src/stm32f1xx_hal_spi.c ****   }
 842:Drivers/STM32F1xx_HAL_Driver/Src/stm32f1xx_hal_spi.c **** 
 843:Drivers/STM32F1xx_HAL_Driver/Src/stm32f1xx_hal_spi.c **** #if (USE_SPI_CRC != 0U)
 844:Drivers/STM32F1xx_HAL_Driver/Src/stm32f1xx_hal_spi.c ****   /* Reset CRC Calculation */
 845:Drivers/STM32F1xx_HAL_Driver/Src/stm32f1xx_hal_spi.c ****   if (hspi->Init.CRCCalculation == SPI_CRCCALCULATION_ENABLE)
 846:Drivers/STM32F1xx_HAL_Driver/Src/stm32f1xx_hal_spi.c ****   {
 847:Drivers/STM32F1xx_HAL_Driver/Src/stm32f1xx_hal_spi.c ****     SPI_RESET_CRC(hspi);
 848:Drivers/STM32F1xx_HAL_Driver/Src/stm32f1xx_hal_spi.c ****   }
 849:Drivers/STM32F1xx_HAL_Driver/Src/stm32f1xx_hal_spi.c **** #endif /* USE_SPI_CRC */
 850:Drivers/STM32F1xx_HAL_Driver/Src/stm32f1xx_hal_spi.c **** 
 851:Drivers/STM32F1xx_HAL_Driver/Src/stm32f1xx_hal_spi.c ****   /* Check if the SPI is already enabled */
 852:Drivers/STM32F1xx_HAL_Driver/Src/stm32f1xx_hal_spi.c ****   if ((hspi->Instance->CR1 & SPI_CR1_SPE) != SPI_CR1_SPE)
 853:Drivers/STM32F1xx_HAL_Driver/Src/stm32f1xx_hal_spi.c ****   {
 854:Drivers/STM32F1xx_HAL_Driver/Src/stm32f1xx_hal_spi.c ****     /* Enable SPI peripheral */
 855:Drivers/STM32F1xx_HAL_Driver/Src/stm32f1xx_hal_spi.c ****     __HAL_SPI_ENABLE(hspi);
 856:Drivers/STM32F1xx_HAL_Driver/Src/stm32f1xx_hal_spi.c ****   }
 857:Drivers/STM32F1xx_HAL_Driver/Src/stm32f1xx_hal_spi.c **** 
 858:Drivers/STM32F1xx_HAL_Driver/Src/stm32f1xx_hal_spi.c ****   /* Transmit data in 16 Bit mode */
 859:Drivers/STM32F1xx_HAL_Driver/Src/stm32f1xx_hal_spi.c ****   if (hspi->Init.DataSize == SPI_DATASIZE_16BIT)
 860:Drivers/STM32F1xx_HAL_Driver/Src/stm32f1xx_hal_spi.c ****   {
 861:Drivers/STM32F1xx_HAL_Driver/Src/stm32f1xx_hal_spi.c ****     if ((hspi->Init.Mode == SPI_MODE_SLAVE) || (initial_TxXferCount == 0x01U))
 862:Drivers/STM32F1xx_HAL_Driver/Src/stm32f1xx_hal_spi.c ****     {
 863:Drivers/STM32F1xx_HAL_Driver/Src/stm32f1xx_hal_spi.c ****       hspi->Instance->DR = *((uint16_t *)hspi->pTxBuffPtr);
 864:Drivers/STM32F1xx_HAL_Driver/Src/stm32f1xx_hal_spi.c ****       hspi->pTxBuffPtr += sizeof(uint16_t);
 865:Drivers/STM32F1xx_HAL_Driver/Src/stm32f1xx_hal_spi.c ****       hspi->TxXferCount--;
 866:Drivers/STM32F1xx_HAL_Driver/Src/stm32f1xx_hal_spi.c ****     }
 867:Drivers/STM32F1xx_HAL_Driver/Src/stm32f1xx_hal_spi.c ****     /* Transmit data in 16 Bit mode */
 868:Drivers/STM32F1xx_HAL_Driver/Src/stm32f1xx_hal_spi.c ****     while (hspi->TxXferCount > 0U)
 869:Drivers/STM32F1xx_HAL_Driver/Src/stm32f1xx_hal_spi.c ****     {
 870:Drivers/STM32F1xx_HAL_Driver/Src/stm32f1xx_hal_spi.c ****       /* Wait until TXE flag is set to send data */
 871:Drivers/STM32F1xx_HAL_Driver/Src/stm32f1xx_hal_spi.c ****       if (__HAL_SPI_GET_FLAG(hspi, SPI_FLAG_TXE))
 872:Drivers/STM32F1xx_HAL_Driver/Src/stm32f1xx_hal_spi.c ****       {
 873:Drivers/STM32F1xx_HAL_Driver/Src/stm32f1xx_hal_spi.c ****         hspi->Instance->DR = *((uint16_t *)hspi->pTxBuffPtr);
 874:Drivers/STM32F1xx_HAL_Driver/Src/stm32f1xx_hal_spi.c ****         hspi->pTxBuffPtr += sizeof(uint16_t);
 875:Drivers/STM32F1xx_HAL_Driver/Src/stm32f1xx_hal_spi.c ****         hspi->TxXferCount--;
 876:Drivers/STM32F1xx_HAL_Driver/Src/stm32f1xx_hal_spi.c ****       }
 877:Drivers/STM32F1xx_HAL_Driver/Src/stm32f1xx_hal_spi.c ****       else
 878:Drivers/STM32F1xx_HAL_Driver/Src/stm32f1xx_hal_spi.c ****       {
 879:Drivers/STM32F1xx_HAL_Driver/Src/stm32f1xx_hal_spi.c ****         /* Timeout management */
 880:Drivers/STM32F1xx_HAL_Driver/Src/stm32f1xx_hal_spi.c ****         if ((((HAL_GetTick() - tickstart) >=  Timeout) && (Timeout != HAL_MAX_DELAY)) || (Timeout =
 881:Drivers/STM32F1xx_HAL_Driver/Src/stm32f1xx_hal_spi.c ****         {
 882:Drivers/STM32F1xx_HAL_Driver/Src/stm32f1xx_hal_spi.c ****           errorcode = HAL_TIMEOUT;
 883:Drivers/STM32F1xx_HAL_Driver/Src/stm32f1xx_hal_spi.c ****           hspi->State = HAL_SPI_STATE_READY;
 884:Drivers/STM32F1xx_HAL_Driver/Src/stm32f1xx_hal_spi.c ****           goto error;
 885:Drivers/STM32F1xx_HAL_Driver/Src/stm32f1xx_hal_spi.c ****         }
 886:Drivers/STM32F1xx_HAL_Driver/Src/stm32f1xx_hal_spi.c ****       }
 887:Drivers/STM32F1xx_HAL_Driver/Src/stm32f1xx_hal_spi.c ****     }
ARM GAS  C:\Users\zhmis\AppData\Local\Temp\ccgFfHBP.s 			page 17


 888:Drivers/STM32F1xx_HAL_Driver/Src/stm32f1xx_hal_spi.c ****   }
 889:Drivers/STM32F1xx_HAL_Driver/Src/stm32f1xx_hal_spi.c ****   /* Transmit data in 8 Bit mode */
 890:Drivers/STM32F1xx_HAL_Driver/Src/stm32f1xx_hal_spi.c ****   else
 891:Drivers/STM32F1xx_HAL_Driver/Src/stm32f1xx_hal_spi.c ****   {
 892:Drivers/STM32F1xx_HAL_Driver/Src/stm32f1xx_hal_spi.c ****     if ((hspi->Init.Mode == SPI_MODE_SLAVE) || (initial_TxXferCount == 0x01U))
 893:Drivers/STM32F1xx_HAL_Driver/Src/stm32f1xx_hal_spi.c ****     {
 894:Drivers/STM32F1xx_HAL_Driver/Src/stm32f1xx_hal_spi.c ****       *((__IO uint8_t *)&hspi->Instance->DR) = (*hspi->pTxBuffPtr);
 895:Drivers/STM32F1xx_HAL_Driver/Src/stm32f1xx_hal_spi.c ****       hspi->pTxBuffPtr += sizeof(uint8_t);
 896:Drivers/STM32F1xx_HAL_Driver/Src/stm32f1xx_hal_spi.c ****       hspi->TxXferCount--;
 897:Drivers/STM32F1xx_HAL_Driver/Src/stm32f1xx_hal_spi.c ****     }
 898:Drivers/STM32F1xx_HAL_Driver/Src/stm32f1xx_hal_spi.c ****     while (hspi->TxXferCount > 0U)
 899:Drivers/STM32F1xx_HAL_Driver/Src/stm32f1xx_hal_spi.c ****     {
 900:Drivers/STM32F1xx_HAL_Driver/Src/stm32f1xx_hal_spi.c ****       /* Wait until TXE flag is set to send data */
 901:Drivers/STM32F1xx_HAL_Driver/Src/stm32f1xx_hal_spi.c ****       if (__HAL_SPI_GET_FLAG(hspi, SPI_FLAG_TXE))
 902:Drivers/STM32F1xx_HAL_Driver/Src/stm32f1xx_hal_spi.c ****       {
 903:Drivers/STM32F1xx_HAL_Driver/Src/stm32f1xx_hal_spi.c ****         *((__IO uint8_t *)&hspi->Instance->DR) = (*hspi->pTxBuffPtr);
 904:Drivers/STM32F1xx_HAL_Driver/Src/stm32f1xx_hal_spi.c ****         hspi->pTxBuffPtr += sizeof(uint8_t);
 905:Drivers/STM32F1xx_HAL_Driver/Src/stm32f1xx_hal_spi.c ****         hspi->TxXferCount--;
 906:Drivers/STM32F1xx_HAL_Driver/Src/stm32f1xx_hal_spi.c ****       }
 907:Drivers/STM32F1xx_HAL_Driver/Src/stm32f1xx_hal_spi.c ****       else
 908:Drivers/STM32F1xx_HAL_Driver/Src/stm32f1xx_hal_spi.c ****       {
 909:Drivers/STM32F1xx_HAL_Driver/Src/stm32f1xx_hal_spi.c ****         /* Timeout management */
 910:Drivers/STM32F1xx_HAL_Driver/Src/stm32f1xx_hal_spi.c ****         if ((((HAL_GetTick() - tickstart) >=  Timeout) && (Timeout != HAL_MAX_DELAY)) || (Timeout =
 911:Drivers/STM32F1xx_HAL_Driver/Src/stm32f1xx_hal_spi.c ****         {
 912:Drivers/STM32F1xx_HAL_Driver/Src/stm32f1xx_hal_spi.c ****           errorcode = HAL_TIMEOUT;
 913:Drivers/STM32F1xx_HAL_Driver/Src/stm32f1xx_hal_spi.c ****           hspi->State = HAL_SPI_STATE_READY;
 914:Drivers/STM32F1xx_HAL_Driver/Src/stm32f1xx_hal_spi.c ****           goto error;
 915:Drivers/STM32F1xx_HAL_Driver/Src/stm32f1xx_hal_spi.c ****         }
 916:Drivers/STM32F1xx_HAL_Driver/Src/stm32f1xx_hal_spi.c ****       }
 917:Drivers/STM32F1xx_HAL_Driver/Src/stm32f1xx_hal_spi.c ****     }
 918:Drivers/STM32F1xx_HAL_Driver/Src/stm32f1xx_hal_spi.c ****   }
 919:Drivers/STM32F1xx_HAL_Driver/Src/stm32f1xx_hal_spi.c **** #if (USE_SPI_CRC != 0U)
 920:Drivers/STM32F1xx_HAL_Driver/Src/stm32f1xx_hal_spi.c ****   /* Enable CRC Transmission */
 921:Drivers/STM32F1xx_HAL_Driver/Src/stm32f1xx_hal_spi.c ****   if (hspi->Init.CRCCalculation == SPI_CRCCALCULATION_ENABLE)
 922:Drivers/STM32F1xx_HAL_Driver/Src/stm32f1xx_hal_spi.c ****   {
 923:Drivers/STM32F1xx_HAL_Driver/Src/stm32f1xx_hal_spi.c ****     SET_BIT(hspi->Instance->CR1, SPI_CR1_CRCNEXT);
 924:Drivers/STM32F1xx_HAL_Driver/Src/stm32f1xx_hal_spi.c ****   }
 925:Drivers/STM32F1xx_HAL_Driver/Src/stm32f1xx_hal_spi.c **** #endif /* USE_SPI_CRC */
 926:Drivers/STM32F1xx_HAL_Driver/Src/stm32f1xx_hal_spi.c **** 
 927:Drivers/STM32F1xx_HAL_Driver/Src/stm32f1xx_hal_spi.c ****   /* Check the end of the transaction */
 928:Drivers/STM32F1xx_HAL_Driver/Src/stm32f1xx_hal_spi.c ****   if (SPI_EndRxTxTransaction(hspi, Timeout, tickstart) != HAL_OK)
 929:Drivers/STM32F1xx_HAL_Driver/Src/stm32f1xx_hal_spi.c ****   {
 930:Drivers/STM32F1xx_HAL_Driver/Src/stm32f1xx_hal_spi.c ****     hspi->ErrorCode = HAL_SPI_ERROR_FLAG;
 931:Drivers/STM32F1xx_HAL_Driver/Src/stm32f1xx_hal_spi.c ****   }
 932:Drivers/STM32F1xx_HAL_Driver/Src/stm32f1xx_hal_spi.c **** 
 933:Drivers/STM32F1xx_HAL_Driver/Src/stm32f1xx_hal_spi.c ****   /* Clear overrun flag in 2 Lines communication mode because received is not read */
 934:Drivers/STM32F1xx_HAL_Driver/Src/stm32f1xx_hal_spi.c ****   if (hspi->Init.Direction == SPI_DIRECTION_2LINES)
 935:Drivers/STM32F1xx_HAL_Driver/Src/stm32f1xx_hal_spi.c ****   {
 936:Drivers/STM32F1xx_HAL_Driver/Src/stm32f1xx_hal_spi.c ****     __HAL_SPI_CLEAR_OVRFLAG(hspi);
 937:Drivers/STM32F1xx_HAL_Driver/Src/stm32f1xx_hal_spi.c ****   }
 938:Drivers/STM32F1xx_HAL_Driver/Src/stm32f1xx_hal_spi.c **** 
 939:Drivers/STM32F1xx_HAL_Driver/Src/stm32f1xx_hal_spi.c ****   if (hspi->ErrorCode != HAL_SPI_ERROR_NONE)
 940:Drivers/STM32F1xx_HAL_Driver/Src/stm32f1xx_hal_spi.c ****   {
 941:Drivers/STM32F1xx_HAL_Driver/Src/stm32f1xx_hal_spi.c ****     errorcode = HAL_ERROR;
 942:Drivers/STM32F1xx_HAL_Driver/Src/stm32f1xx_hal_spi.c ****   }
 943:Drivers/STM32F1xx_HAL_Driver/Src/stm32f1xx_hal_spi.c ****   else
 944:Drivers/STM32F1xx_HAL_Driver/Src/stm32f1xx_hal_spi.c ****   {
ARM GAS  C:\Users\zhmis\AppData\Local\Temp\ccgFfHBP.s 			page 18


 945:Drivers/STM32F1xx_HAL_Driver/Src/stm32f1xx_hal_spi.c ****     hspi->State = HAL_SPI_STATE_READY;
 946:Drivers/STM32F1xx_HAL_Driver/Src/stm32f1xx_hal_spi.c ****   }
 947:Drivers/STM32F1xx_HAL_Driver/Src/stm32f1xx_hal_spi.c **** 
 948:Drivers/STM32F1xx_HAL_Driver/Src/stm32f1xx_hal_spi.c **** error:
 949:Drivers/STM32F1xx_HAL_Driver/Src/stm32f1xx_hal_spi.c ****   /* Process Unlocked */
 950:Drivers/STM32F1xx_HAL_Driver/Src/stm32f1xx_hal_spi.c ****   __HAL_UNLOCK(hspi);
 951:Drivers/STM32F1xx_HAL_Driver/Src/stm32f1xx_hal_spi.c ****   return errorcode;
 952:Drivers/STM32F1xx_HAL_Driver/Src/stm32f1xx_hal_spi.c **** }
 953:Drivers/STM32F1xx_HAL_Driver/Src/stm32f1xx_hal_spi.c **** 
 954:Drivers/STM32F1xx_HAL_Driver/Src/stm32f1xx_hal_spi.c **** /**
 955:Drivers/STM32F1xx_HAL_Driver/Src/stm32f1xx_hal_spi.c ****   * @brief  Receive an amount of data in blocking mode.
 956:Drivers/STM32F1xx_HAL_Driver/Src/stm32f1xx_hal_spi.c ****   * @param  hspi pointer to a SPI_HandleTypeDef structure that contains
 957:Drivers/STM32F1xx_HAL_Driver/Src/stm32f1xx_hal_spi.c ****   *               the configuration information for SPI module.
 958:Drivers/STM32F1xx_HAL_Driver/Src/stm32f1xx_hal_spi.c ****   * @param  pData pointer to data buffer
 959:Drivers/STM32F1xx_HAL_Driver/Src/stm32f1xx_hal_spi.c ****   * @param  Size amount of data to be received
 960:Drivers/STM32F1xx_HAL_Driver/Src/stm32f1xx_hal_spi.c ****   * @param  Timeout Timeout duration
 961:Drivers/STM32F1xx_HAL_Driver/Src/stm32f1xx_hal_spi.c ****   * @retval HAL status
 962:Drivers/STM32F1xx_HAL_Driver/Src/stm32f1xx_hal_spi.c ****   */
 963:Drivers/STM32F1xx_HAL_Driver/Src/stm32f1xx_hal_spi.c **** HAL_StatusTypeDef HAL_SPI_Receive(SPI_HandleTypeDef *hspi, uint8_t *pData, uint16_t Size, uint32_t 
 964:Drivers/STM32F1xx_HAL_Driver/Src/stm32f1xx_hal_spi.c **** {
 965:Drivers/STM32F1xx_HAL_Driver/Src/stm32f1xx_hal_spi.c **** #if (USE_SPI_CRC != 0U)
 966:Drivers/STM32F1xx_HAL_Driver/Src/stm32f1xx_hal_spi.c ****   __IO uint32_t tmpreg = 0U;
 967:Drivers/STM32F1xx_HAL_Driver/Src/stm32f1xx_hal_spi.c **** #endif /* USE_SPI_CRC */
 968:Drivers/STM32F1xx_HAL_Driver/Src/stm32f1xx_hal_spi.c ****   uint32_t tickstart;
 969:Drivers/STM32F1xx_HAL_Driver/Src/stm32f1xx_hal_spi.c ****   HAL_StatusTypeDef errorcode = HAL_OK;
 970:Drivers/STM32F1xx_HAL_Driver/Src/stm32f1xx_hal_spi.c **** 
 971:Drivers/STM32F1xx_HAL_Driver/Src/stm32f1xx_hal_spi.c ****   if (hspi->State != HAL_SPI_STATE_READY)
 972:Drivers/STM32F1xx_HAL_Driver/Src/stm32f1xx_hal_spi.c ****   {
 973:Drivers/STM32F1xx_HAL_Driver/Src/stm32f1xx_hal_spi.c ****     errorcode = HAL_BUSY;
 974:Drivers/STM32F1xx_HAL_Driver/Src/stm32f1xx_hal_spi.c ****     goto error;
 975:Drivers/STM32F1xx_HAL_Driver/Src/stm32f1xx_hal_spi.c ****   }
 976:Drivers/STM32F1xx_HAL_Driver/Src/stm32f1xx_hal_spi.c **** 
 977:Drivers/STM32F1xx_HAL_Driver/Src/stm32f1xx_hal_spi.c ****   if ((hspi->Init.Mode == SPI_MODE_MASTER) && (hspi->Init.Direction == SPI_DIRECTION_2LINES))
 978:Drivers/STM32F1xx_HAL_Driver/Src/stm32f1xx_hal_spi.c ****   {
 979:Drivers/STM32F1xx_HAL_Driver/Src/stm32f1xx_hal_spi.c ****     hspi->State = HAL_SPI_STATE_BUSY_RX;
 980:Drivers/STM32F1xx_HAL_Driver/Src/stm32f1xx_hal_spi.c ****     /* Call transmit-receive function to send Dummy data on Tx line and generate clock on CLK line 
 981:Drivers/STM32F1xx_HAL_Driver/Src/stm32f1xx_hal_spi.c ****     return HAL_SPI_TransmitReceive(hspi, pData, pData, Size, Timeout);
 982:Drivers/STM32F1xx_HAL_Driver/Src/stm32f1xx_hal_spi.c ****   }
 983:Drivers/STM32F1xx_HAL_Driver/Src/stm32f1xx_hal_spi.c **** 
 984:Drivers/STM32F1xx_HAL_Driver/Src/stm32f1xx_hal_spi.c ****   /* Process Locked */
 985:Drivers/STM32F1xx_HAL_Driver/Src/stm32f1xx_hal_spi.c ****   __HAL_LOCK(hspi);
 986:Drivers/STM32F1xx_HAL_Driver/Src/stm32f1xx_hal_spi.c **** 
 987:Drivers/STM32F1xx_HAL_Driver/Src/stm32f1xx_hal_spi.c ****   /* Init tickstart for timeout management*/
 988:Drivers/STM32F1xx_HAL_Driver/Src/stm32f1xx_hal_spi.c ****   tickstart = HAL_GetTick();
 989:Drivers/STM32F1xx_HAL_Driver/Src/stm32f1xx_hal_spi.c **** 
 990:Drivers/STM32F1xx_HAL_Driver/Src/stm32f1xx_hal_spi.c ****   if ((pData == NULL) || (Size == 0U))
 991:Drivers/STM32F1xx_HAL_Driver/Src/stm32f1xx_hal_spi.c ****   {
 992:Drivers/STM32F1xx_HAL_Driver/Src/stm32f1xx_hal_spi.c ****     errorcode = HAL_ERROR;
 993:Drivers/STM32F1xx_HAL_Driver/Src/stm32f1xx_hal_spi.c ****     goto error;
 994:Drivers/STM32F1xx_HAL_Driver/Src/stm32f1xx_hal_spi.c ****   }
 995:Drivers/STM32F1xx_HAL_Driver/Src/stm32f1xx_hal_spi.c **** 
 996:Drivers/STM32F1xx_HAL_Driver/Src/stm32f1xx_hal_spi.c ****   /* Set the transaction information */
 997:Drivers/STM32F1xx_HAL_Driver/Src/stm32f1xx_hal_spi.c ****   hspi->State       = HAL_SPI_STATE_BUSY_RX;
 998:Drivers/STM32F1xx_HAL_Driver/Src/stm32f1xx_hal_spi.c ****   hspi->ErrorCode   = HAL_SPI_ERROR_NONE;
 999:Drivers/STM32F1xx_HAL_Driver/Src/stm32f1xx_hal_spi.c ****   hspi->pRxBuffPtr  = (uint8_t *)pData;
1000:Drivers/STM32F1xx_HAL_Driver/Src/stm32f1xx_hal_spi.c ****   hspi->RxXferSize  = Size;
1001:Drivers/STM32F1xx_HAL_Driver/Src/stm32f1xx_hal_spi.c ****   hspi->RxXferCount = Size;
ARM GAS  C:\Users\zhmis\AppData\Local\Temp\ccgFfHBP.s 			page 19


1002:Drivers/STM32F1xx_HAL_Driver/Src/stm32f1xx_hal_spi.c **** 
1003:Drivers/STM32F1xx_HAL_Driver/Src/stm32f1xx_hal_spi.c ****   /*Init field not used in handle to zero */
1004:Drivers/STM32F1xx_HAL_Driver/Src/stm32f1xx_hal_spi.c ****   hspi->pTxBuffPtr  = (uint8_t *)NULL;
1005:Drivers/STM32F1xx_HAL_Driver/Src/stm32f1xx_hal_spi.c ****   hspi->TxXferSize  = 0U;
1006:Drivers/STM32F1xx_HAL_Driver/Src/stm32f1xx_hal_spi.c ****   hspi->TxXferCount = 0U;
1007:Drivers/STM32F1xx_HAL_Driver/Src/stm32f1xx_hal_spi.c ****   hspi->RxISR       = NULL;
1008:Drivers/STM32F1xx_HAL_Driver/Src/stm32f1xx_hal_spi.c ****   hspi->TxISR       = NULL;
1009:Drivers/STM32F1xx_HAL_Driver/Src/stm32f1xx_hal_spi.c **** 
1010:Drivers/STM32F1xx_HAL_Driver/Src/stm32f1xx_hal_spi.c **** #if (USE_SPI_CRC != 0U)
1011:Drivers/STM32F1xx_HAL_Driver/Src/stm32f1xx_hal_spi.c ****   /* Reset CRC Calculation */
1012:Drivers/STM32F1xx_HAL_Driver/Src/stm32f1xx_hal_spi.c ****   if (hspi->Init.CRCCalculation == SPI_CRCCALCULATION_ENABLE)
1013:Drivers/STM32F1xx_HAL_Driver/Src/stm32f1xx_hal_spi.c ****   {
1014:Drivers/STM32F1xx_HAL_Driver/Src/stm32f1xx_hal_spi.c ****     SPI_RESET_CRC(hspi);
1015:Drivers/STM32F1xx_HAL_Driver/Src/stm32f1xx_hal_spi.c ****     /* this is done to handle the CRCNEXT before the latest data */
1016:Drivers/STM32F1xx_HAL_Driver/Src/stm32f1xx_hal_spi.c ****     hspi->RxXferCount--;
1017:Drivers/STM32F1xx_HAL_Driver/Src/stm32f1xx_hal_spi.c ****   }
1018:Drivers/STM32F1xx_HAL_Driver/Src/stm32f1xx_hal_spi.c **** #endif /* USE_SPI_CRC */
1019:Drivers/STM32F1xx_HAL_Driver/Src/stm32f1xx_hal_spi.c **** 
1020:Drivers/STM32F1xx_HAL_Driver/Src/stm32f1xx_hal_spi.c ****   /* Configure communication direction: 1Line */
1021:Drivers/STM32F1xx_HAL_Driver/Src/stm32f1xx_hal_spi.c ****   if (hspi->Init.Direction == SPI_DIRECTION_1LINE)
1022:Drivers/STM32F1xx_HAL_Driver/Src/stm32f1xx_hal_spi.c ****   {
1023:Drivers/STM32F1xx_HAL_Driver/Src/stm32f1xx_hal_spi.c ****     /* Disable SPI Peripheral before set 1Line direction (BIDIOE bit) */
1024:Drivers/STM32F1xx_HAL_Driver/Src/stm32f1xx_hal_spi.c ****     __HAL_SPI_DISABLE(hspi);
1025:Drivers/STM32F1xx_HAL_Driver/Src/stm32f1xx_hal_spi.c ****     SPI_1LINE_RX(hspi);
1026:Drivers/STM32F1xx_HAL_Driver/Src/stm32f1xx_hal_spi.c ****   }
1027:Drivers/STM32F1xx_HAL_Driver/Src/stm32f1xx_hal_spi.c **** 
1028:Drivers/STM32F1xx_HAL_Driver/Src/stm32f1xx_hal_spi.c ****   /* Check if the SPI is already enabled */
1029:Drivers/STM32F1xx_HAL_Driver/Src/stm32f1xx_hal_spi.c ****   if ((hspi->Instance->CR1 & SPI_CR1_SPE) != SPI_CR1_SPE)
1030:Drivers/STM32F1xx_HAL_Driver/Src/stm32f1xx_hal_spi.c ****   {
1031:Drivers/STM32F1xx_HAL_Driver/Src/stm32f1xx_hal_spi.c ****     /* Enable SPI peripheral */
1032:Drivers/STM32F1xx_HAL_Driver/Src/stm32f1xx_hal_spi.c ****     __HAL_SPI_ENABLE(hspi);
1033:Drivers/STM32F1xx_HAL_Driver/Src/stm32f1xx_hal_spi.c ****   }
1034:Drivers/STM32F1xx_HAL_Driver/Src/stm32f1xx_hal_spi.c **** 
1035:Drivers/STM32F1xx_HAL_Driver/Src/stm32f1xx_hal_spi.c ****   /* Receive data in 8 Bit mode */
1036:Drivers/STM32F1xx_HAL_Driver/Src/stm32f1xx_hal_spi.c ****   if (hspi->Init.DataSize == SPI_DATASIZE_8BIT)
1037:Drivers/STM32F1xx_HAL_Driver/Src/stm32f1xx_hal_spi.c ****   {
1038:Drivers/STM32F1xx_HAL_Driver/Src/stm32f1xx_hal_spi.c ****     /* Transfer loop */
1039:Drivers/STM32F1xx_HAL_Driver/Src/stm32f1xx_hal_spi.c ****     while (hspi->RxXferCount > 0U)
1040:Drivers/STM32F1xx_HAL_Driver/Src/stm32f1xx_hal_spi.c ****     {
1041:Drivers/STM32F1xx_HAL_Driver/Src/stm32f1xx_hal_spi.c ****       /* Check the RXNE flag */
1042:Drivers/STM32F1xx_HAL_Driver/Src/stm32f1xx_hal_spi.c ****       if (__HAL_SPI_GET_FLAG(hspi, SPI_FLAG_RXNE))
1043:Drivers/STM32F1xx_HAL_Driver/Src/stm32f1xx_hal_spi.c ****       {
1044:Drivers/STM32F1xx_HAL_Driver/Src/stm32f1xx_hal_spi.c ****         /* read the received data */
1045:Drivers/STM32F1xx_HAL_Driver/Src/stm32f1xx_hal_spi.c ****         (* (uint8_t *)hspi->pRxBuffPtr) = *(__IO uint8_t *)&hspi->Instance->DR;
1046:Drivers/STM32F1xx_HAL_Driver/Src/stm32f1xx_hal_spi.c ****         hspi->pRxBuffPtr += sizeof(uint8_t);
1047:Drivers/STM32F1xx_HAL_Driver/Src/stm32f1xx_hal_spi.c ****         hspi->RxXferCount--;
1048:Drivers/STM32F1xx_HAL_Driver/Src/stm32f1xx_hal_spi.c ****       }
1049:Drivers/STM32F1xx_HAL_Driver/Src/stm32f1xx_hal_spi.c ****       else
1050:Drivers/STM32F1xx_HAL_Driver/Src/stm32f1xx_hal_spi.c ****       {
1051:Drivers/STM32F1xx_HAL_Driver/Src/stm32f1xx_hal_spi.c ****         /* Timeout management */
1052:Drivers/STM32F1xx_HAL_Driver/Src/stm32f1xx_hal_spi.c ****         if ((((HAL_GetTick() - tickstart) >=  Timeout) && (Timeout != HAL_MAX_DELAY)) || (Timeout =
1053:Drivers/STM32F1xx_HAL_Driver/Src/stm32f1xx_hal_spi.c ****         {
1054:Drivers/STM32F1xx_HAL_Driver/Src/stm32f1xx_hal_spi.c ****           errorcode = HAL_TIMEOUT;
1055:Drivers/STM32F1xx_HAL_Driver/Src/stm32f1xx_hal_spi.c ****           hspi->State = HAL_SPI_STATE_READY;
1056:Drivers/STM32F1xx_HAL_Driver/Src/stm32f1xx_hal_spi.c ****           goto error;
1057:Drivers/STM32F1xx_HAL_Driver/Src/stm32f1xx_hal_spi.c ****         }
1058:Drivers/STM32F1xx_HAL_Driver/Src/stm32f1xx_hal_spi.c ****       }
ARM GAS  C:\Users\zhmis\AppData\Local\Temp\ccgFfHBP.s 			page 20


1059:Drivers/STM32F1xx_HAL_Driver/Src/stm32f1xx_hal_spi.c ****     }
1060:Drivers/STM32F1xx_HAL_Driver/Src/stm32f1xx_hal_spi.c ****   }
1061:Drivers/STM32F1xx_HAL_Driver/Src/stm32f1xx_hal_spi.c ****   else
1062:Drivers/STM32F1xx_HAL_Driver/Src/stm32f1xx_hal_spi.c ****   {
1063:Drivers/STM32F1xx_HAL_Driver/Src/stm32f1xx_hal_spi.c ****     /* Transfer loop */
1064:Drivers/STM32F1xx_HAL_Driver/Src/stm32f1xx_hal_spi.c ****     while (hspi->RxXferCount > 0U)
1065:Drivers/STM32F1xx_HAL_Driver/Src/stm32f1xx_hal_spi.c ****     {
1066:Drivers/STM32F1xx_HAL_Driver/Src/stm32f1xx_hal_spi.c ****       /* Check the RXNE flag */
1067:Drivers/STM32F1xx_HAL_Driver/Src/stm32f1xx_hal_spi.c ****       if (__HAL_SPI_GET_FLAG(hspi, SPI_FLAG_RXNE))
1068:Drivers/STM32F1xx_HAL_Driver/Src/stm32f1xx_hal_spi.c ****       {
1069:Drivers/STM32F1xx_HAL_Driver/Src/stm32f1xx_hal_spi.c ****         *((uint16_t *)hspi->pRxBuffPtr) = (uint16_t)hspi->Instance->DR;
1070:Drivers/STM32F1xx_HAL_Driver/Src/stm32f1xx_hal_spi.c ****         hspi->pRxBuffPtr += sizeof(uint16_t);
1071:Drivers/STM32F1xx_HAL_Driver/Src/stm32f1xx_hal_spi.c ****         hspi->RxXferCount--;
1072:Drivers/STM32F1xx_HAL_Driver/Src/stm32f1xx_hal_spi.c ****       }
1073:Drivers/STM32F1xx_HAL_Driver/Src/stm32f1xx_hal_spi.c ****       else
1074:Drivers/STM32F1xx_HAL_Driver/Src/stm32f1xx_hal_spi.c ****       {
1075:Drivers/STM32F1xx_HAL_Driver/Src/stm32f1xx_hal_spi.c ****         /* Timeout management */
1076:Drivers/STM32F1xx_HAL_Driver/Src/stm32f1xx_hal_spi.c ****         if ((((HAL_GetTick() - tickstart) >=  Timeout) && (Timeout != HAL_MAX_DELAY)) || (Timeout =
1077:Drivers/STM32F1xx_HAL_Driver/Src/stm32f1xx_hal_spi.c ****         {
1078:Drivers/STM32F1xx_HAL_Driver/Src/stm32f1xx_hal_spi.c ****           errorcode = HAL_TIMEOUT;
1079:Drivers/STM32F1xx_HAL_Driver/Src/stm32f1xx_hal_spi.c ****           hspi->State = HAL_SPI_STATE_READY;
1080:Drivers/STM32F1xx_HAL_Driver/Src/stm32f1xx_hal_spi.c ****           goto error;
1081:Drivers/STM32F1xx_HAL_Driver/Src/stm32f1xx_hal_spi.c ****         }
1082:Drivers/STM32F1xx_HAL_Driver/Src/stm32f1xx_hal_spi.c ****       }
1083:Drivers/STM32F1xx_HAL_Driver/Src/stm32f1xx_hal_spi.c ****     }
1084:Drivers/STM32F1xx_HAL_Driver/Src/stm32f1xx_hal_spi.c ****   }
1085:Drivers/STM32F1xx_HAL_Driver/Src/stm32f1xx_hal_spi.c **** 
1086:Drivers/STM32F1xx_HAL_Driver/Src/stm32f1xx_hal_spi.c **** #if (USE_SPI_CRC != 0U)
1087:Drivers/STM32F1xx_HAL_Driver/Src/stm32f1xx_hal_spi.c ****   /* Handle the CRC Transmission */
1088:Drivers/STM32F1xx_HAL_Driver/Src/stm32f1xx_hal_spi.c ****   if (hspi->Init.CRCCalculation == SPI_CRCCALCULATION_ENABLE)
1089:Drivers/STM32F1xx_HAL_Driver/Src/stm32f1xx_hal_spi.c ****   {
1090:Drivers/STM32F1xx_HAL_Driver/Src/stm32f1xx_hal_spi.c ****     /* freeze the CRC before the latest data */
1091:Drivers/STM32F1xx_HAL_Driver/Src/stm32f1xx_hal_spi.c ****     SET_BIT(hspi->Instance->CR1, SPI_CR1_CRCNEXT);
1092:Drivers/STM32F1xx_HAL_Driver/Src/stm32f1xx_hal_spi.c **** 
1093:Drivers/STM32F1xx_HAL_Driver/Src/stm32f1xx_hal_spi.c ****     /* Check if CRCNEXT is well reset by hardware */
1094:Drivers/STM32F1xx_HAL_Driver/Src/stm32f1xx_hal_spi.c ****     if (READ_BIT(hspi->Instance->CR1, SPI_CR1_CRCNEXT))
1095:Drivers/STM32F1xx_HAL_Driver/Src/stm32f1xx_hal_spi.c ****     {
1096:Drivers/STM32F1xx_HAL_Driver/Src/stm32f1xx_hal_spi.c ****       /* Workaround to force CRCNEXT bit to zero in case of CRCNEXT is not reset automatically by h
1097:Drivers/STM32F1xx_HAL_Driver/Src/stm32f1xx_hal_spi.c ****       CLEAR_BIT(hspi->Instance->CR1, SPI_CR1_CRCNEXT);
1098:Drivers/STM32F1xx_HAL_Driver/Src/stm32f1xx_hal_spi.c ****     }
1099:Drivers/STM32F1xx_HAL_Driver/Src/stm32f1xx_hal_spi.c ****     /* Read the latest data */
1100:Drivers/STM32F1xx_HAL_Driver/Src/stm32f1xx_hal_spi.c ****     if (SPI_WaitFlagStateUntilTimeout(hspi, SPI_FLAG_RXNE, SET, Timeout, tickstart) != HAL_OK)
1101:Drivers/STM32F1xx_HAL_Driver/Src/stm32f1xx_hal_spi.c ****     {
1102:Drivers/STM32F1xx_HAL_Driver/Src/stm32f1xx_hal_spi.c ****       /* the latest data has not been received */
1103:Drivers/STM32F1xx_HAL_Driver/Src/stm32f1xx_hal_spi.c ****       errorcode = HAL_TIMEOUT;
1104:Drivers/STM32F1xx_HAL_Driver/Src/stm32f1xx_hal_spi.c ****       goto error;
1105:Drivers/STM32F1xx_HAL_Driver/Src/stm32f1xx_hal_spi.c ****     }
1106:Drivers/STM32F1xx_HAL_Driver/Src/stm32f1xx_hal_spi.c **** 
1107:Drivers/STM32F1xx_HAL_Driver/Src/stm32f1xx_hal_spi.c ****     /* Receive last data in 16 Bit mode */
1108:Drivers/STM32F1xx_HAL_Driver/Src/stm32f1xx_hal_spi.c ****     if (hspi->Init.DataSize == SPI_DATASIZE_16BIT)
1109:Drivers/STM32F1xx_HAL_Driver/Src/stm32f1xx_hal_spi.c ****     {
1110:Drivers/STM32F1xx_HAL_Driver/Src/stm32f1xx_hal_spi.c ****       *((uint16_t *)hspi->pRxBuffPtr) = (uint16_t)hspi->Instance->DR;
1111:Drivers/STM32F1xx_HAL_Driver/Src/stm32f1xx_hal_spi.c ****     }
1112:Drivers/STM32F1xx_HAL_Driver/Src/stm32f1xx_hal_spi.c ****     /* Receive last data in 8 Bit mode */
1113:Drivers/STM32F1xx_HAL_Driver/Src/stm32f1xx_hal_spi.c ****     else
1114:Drivers/STM32F1xx_HAL_Driver/Src/stm32f1xx_hal_spi.c ****     {
1115:Drivers/STM32F1xx_HAL_Driver/Src/stm32f1xx_hal_spi.c ****       (*(uint8_t *)hspi->pRxBuffPtr) = *(__IO uint8_t *)&hspi->Instance->DR;
ARM GAS  C:\Users\zhmis\AppData\Local\Temp\ccgFfHBP.s 			page 21


1116:Drivers/STM32F1xx_HAL_Driver/Src/stm32f1xx_hal_spi.c ****     }
1117:Drivers/STM32F1xx_HAL_Driver/Src/stm32f1xx_hal_spi.c **** 
1118:Drivers/STM32F1xx_HAL_Driver/Src/stm32f1xx_hal_spi.c ****     /* Wait the CRC data */
1119:Drivers/STM32F1xx_HAL_Driver/Src/stm32f1xx_hal_spi.c ****     if (SPI_WaitFlagStateUntilTimeout(hspi, SPI_FLAG_RXNE, SET, Timeout, tickstart) != HAL_OK)
1120:Drivers/STM32F1xx_HAL_Driver/Src/stm32f1xx_hal_spi.c ****     {
1121:Drivers/STM32F1xx_HAL_Driver/Src/stm32f1xx_hal_spi.c ****       SET_BIT(hspi->ErrorCode, HAL_SPI_ERROR_CRC);
1122:Drivers/STM32F1xx_HAL_Driver/Src/stm32f1xx_hal_spi.c ****       errorcode = HAL_TIMEOUT;
1123:Drivers/STM32F1xx_HAL_Driver/Src/stm32f1xx_hal_spi.c ****       goto error;
1124:Drivers/STM32F1xx_HAL_Driver/Src/stm32f1xx_hal_spi.c ****     }
1125:Drivers/STM32F1xx_HAL_Driver/Src/stm32f1xx_hal_spi.c **** 
1126:Drivers/STM32F1xx_HAL_Driver/Src/stm32f1xx_hal_spi.c ****     /* Read CRC to Flush DR and RXNE flag */
1127:Drivers/STM32F1xx_HAL_Driver/Src/stm32f1xx_hal_spi.c ****     tmpreg = READ_REG(hspi->Instance->DR);
1128:Drivers/STM32F1xx_HAL_Driver/Src/stm32f1xx_hal_spi.c ****     /* To avoid GCC warning */
1129:Drivers/STM32F1xx_HAL_Driver/Src/stm32f1xx_hal_spi.c ****     UNUSED(tmpreg);
1130:Drivers/STM32F1xx_HAL_Driver/Src/stm32f1xx_hal_spi.c ****   }
1131:Drivers/STM32F1xx_HAL_Driver/Src/stm32f1xx_hal_spi.c **** #endif /* USE_SPI_CRC */
1132:Drivers/STM32F1xx_HAL_Driver/Src/stm32f1xx_hal_spi.c **** 
1133:Drivers/STM32F1xx_HAL_Driver/Src/stm32f1xx_hal_spi.c ****   /* Check the end of the transaction */
1134:Drivers/STM32F1xx_HAL_Driver/Src/stm32f1xx_hal_spi.c ****   if (SPI_EndRxTransaction(hspi, Timeout, tickstart) != HAL_OK)
1135:Drivers/STM32F1xx_HAL_Driver/Src/stm32f1xx_hal_spi.c ****   {
1136:Drivers/STM32F1xx_HAL_Driver/Src/stm32f1xx_hal_spi.c ****     hspi->ErrorCode = HAL_SPI_ERROR_FLAG;
1137:Drivers/STM32F1xx_HAL_Driver/Src/stm32f1xx_hal_spi.c ****   }
1138:Drivers/STM32F1xx_HAL_Driver/Src/stm32f1xx_hal_spi.c **** 
1139:Drivers/STM32F1xx_HAL_Driver/Src/stm32f1xx_hal_spi.c **** #if (USE_SPI_CRC != 0U)
1140:Drivers/STM32F1xx_HAL_Driver/Src/stm32f1xx_hal_spi.c ****   /* Check if CRC error occurred */
1141:Drivers/STM32F1xx_HAL_Driver/Src/stm32f1xx_hal_spi.c ****   if (__HAL_SPI_GET_FLAG(hspi, SPI_FLAG_CRCERR) != RESET)
1142:Drivers/STM32F1xx_HAL_Driver/Src/stm32f1xx_hal_spi.c ****   {
1143:Drivers/STM32F1xx_HAL_Driver/Src/stm32f1xx_hal_spi.c ****     /* Check if CRC error is valid or not (workaround to be applied or not) */
1144:Drivers/STM32F1xx_HAL_Driver/Src/stm32f1xx_hal_spi.c ****     if (SPI_ISCRCErrorValid(hspi) == SPI_VALID_CRC_ERROR)
1145:Drivers/STM32F1xx_HAL_Driver/Src/stm32f1xx_hal_spi.c ****     {
1146:Drivers/STM32F1xx_HAL_Driver/Src/stm32f1xx_hal_spi.c ****       SET_BIT(hspi->ErrorCode, HAL_SPI_ERROR_CRC);
1147:Drivers/STM32F1xx_HAL_Driver/Src/stm32f1xx_hal_spi.c **** 
1148:Drivers/STM32F1xx_HAL_Driver/Src/stm32f1xx_hal_spi.c ****       /* Reset CRC Calculation */
1149:Drivers/STM32F1xx_HAL_Driver/Src/stm32f1xx_hal_spi.c ****       SPI_RESET_CRC(hspi);
1150:Drivers/STM32F1xx_HAL_Driver/Src/stm32f1xx_hal_spi.c ****     }
1151:Drivers/STM32F1xx_HAL_Driver/Src/stm32f1xx_hal_spi.c ****     else
1152:Drivers/STM32F1xx_HAL_Driver/Src/stm32f1xx_hal_spi.c ****     {
1153:Drivers/STM32F1xx_HAL_Driver/Src/stm32f1xx_hal_spi.c ****       __HAL_SPI_CLEAR_CRCERRFLAG(hspi);
1154:Drivers/STM32F1xx_HAL_Driver/Src/stm32f1xx_hal_spi.c ****     }
1155:Drivers/STM32F1xx_HAL_Driver/Src/stm32f1xx_hal_spi.c ****   }
1156:Drivers/STM32F1xx_HAL_Driver/Src/stm32f1xx_hal_spi.c **** #endif /* USE_SPI_CRC */
1157:Drivers/STM32F1xx_HAL_Driver/Src/stm32f1xx_hal_spi.c **** 
1158:Drivers/STM32F1xx_HAL_Driver/Src/stm32f1xx_hal_spi.c ****   if (hspi->ErrorCode != HAL_SPI_ERROR_NONE)
1159:Drivers/STM32F1xx_HAL_Driver/Src/stm32f1xx_hal_spi.c ****   {
1160:Drivers/STM32F1xx_HAL_Driver/Src/stm32f1xx_hal_spi.c ****     errorcode = HAL_ERROR;
1161:Drivers/STM32F1xx_HAL_Driver/Src/stm32f1xx_hal_spi.c ****   }
1162:Drivers/STM32F1xx_HAL_Driver/Src/stm32f1xx_hal_spi.c ****   else
1163:Drivers/STM32F1xx_HAL_Driver/Src/stm32f1xx_hal_spi.c ****   {
1164:Drivers/STM32F1xx_HAL_Driver/Src/stm32f1xx_hal_spi.c ****     hspi->State = HAL_SPI_STATE_READY;
1165:Drivers/STM32F1xx_HAL_Driver/Src/stm32f1xx_hal_spi.c ****   }
1166:Drivers/STM32F1xx_HAL_Driver/Src/stm32f1xx_hal_spi.c **** 
1167:Drivers/STM32F1xx_HAL_Driver/Src/stm32f1xx_hal_spi.c **** error :
1168:Drivers/STM32F1xx_HAL_Driver/Src/stm32f1xx_hal_spi.c ****   __HAL_UNLOCK(hspi);
1169:Drivers/STM32F1xx_HAL_Driver/Src/stm32f1xx_hal_spi.c ****   return errorcode;
1170:Drivers/STM32F1xx_HAL_Driver/Src/stm32f1xx_hal_spi.c **** }
1171:Drivers/STM32F1xx_HAL_Driver/Src/stm32f1xx_hal_spi.c **** 
1172:Drivers/STM32F1xx_HAL_Driver/Src/stm32f1xx_hal_spi.c **** /**
ARM GAS  C:\Users\zhmis\AppData\Local\Temp\ccgFfHBP.s 			page 22


1173:Drivers/STM32F1xx_HAL_Driver/Src/stm32f1xx_hal_spi.c ****   * @brief  Transmit and Receive an amount of data in blocking mode.
1174:Drivers/STM32F1xx_HAL_Driver/Src/stm32f1xx_hal_spi.c ****   * @param  hspi pointer to a SPI_HandleTypeDef structure that contains
1175:Drivers/STM32F1xx_HAL_Driver/Src/stm32f1xx_hal_spi.c ****   *               the configuration information for SPI module.
1176:Drivers/STM32F1xx_HAL_Driver/Src/stm32f1xx_hal_spi.c ****   * @param  pTxData pointer to transmission data buffer
1177:Drivers/STM32F1xx_HAL_Driver/Src/stm32f1xx_hal_spi.c ****   * @param  pRxData pointer to reception data buffer
1178:Drivers/STM32F1xx_HAL_Driver/Src/stm32f1xx_hal_spi.c ****   * @param  Size amount of data to be sent and received
1179:Drivers/STM32F1xx_HAL_Driver/Src/stm32f1xx_hal_spi.c ****   * @param  Timeout Timeout duration
1180:Drivers/STM32F1xx_HAL_Driver/Src/stm32f1xx_hal_spi.c ****   * @retval HAL status
1181:Drivers/STM32F1xx_HAL_Driver/Src/stm32f1xx_hal_spi.c ****   */
1182:Drivers/STM32F1xx_HAL_Driver/Src/stm32f1xx_hal_spi.c **** HAL_StatusTypeDef HAL_SPI_TransmitReceive(SPI_HandleTypeDef *hspi, uint8_t *pTxData, uint8_t *pRxDa
1183:Drivers/STM32F1xx_HAL_Driver/Src/stm32f1xx_hal_spi.c ****                                           uint32_t Timeout)
1184:Drivers/STM32F1xx_HAL_Driver/Src/stm32f1xx_hal_spi.c **** {
1185:Drivers/STM32F1xx_HAL_Driver/Src/stm32f1xx_hal_spi.c ****   uint16_t             initial_TxXferCount;
1186:Drivers/STM32F1xx_HAL_Driver/Src/stm32f1xx_hal_spi.c ****   uint32_t             tmp_mode;
1187:Drivers/STM32F1xx_HAL_Driver/Src/stm32f1xx_hal_spi.c ****   HAL_SPI_StateTypeDef tmp_state;
1188:Drivers/STM32F1xx_HAL_Driver/Src/stm32f1xx_hal_spi.c ****   uint32_t             tickstart;
1189:Drivers/STM32F1xx_HAL_Driver/Src/stm32f1xx_hal_spi.c **** #if (USE_SPI_CRC != 0U)
1190:Drivers/STM32F1xx_HAL_Driver/Src/stm32f1xx_hal_spi.c ****   __IO uint32_t tmpreg = 0U;
1191:Drivers/STM32F1xx_HAL_Driver/Src/stm32f1xx_hal_spi.c **** #endif /* USE_SPI_CRC */
1192:Drivers/STM32F1xx_HAL_Driver/Src/stm32f1xx_hal_spi.c **** 
1193:Drivers/STM32F1xx_HAL_Driver/Src/stm32f1xx_hal_spi.c ****   /* Variable used to alternate Rx and Tx during transfer */
1194:Drivers/STM32F1xx_HAL_Driver/Src/stm32f1xx_hal_spi.c ****   uint32_t             txallowed = 1U;
1195:Drivers/STM32F1xx_HAL_Driver/Src/stm32f1xx_hal_spi.c ****   HAL_StatusTypeDef    errorcode = HAL_OK;
1196:Drivers/STM32F1xx_HAL_Driver/Src/stm32f1xx_hal_spi.c **** 
1197:Drivers/STM32F1xx_HAL_Driver/Src/stm32f1xx_hal_spi.c ****   /* Check Direction parameter */
1198:Drivers/STM32F1xx_HAL_Driver/Src/stm32f1xx_hal_spi.c ****   assert_param(IS_SPI_DIRECTION_2LINES(hspi->Init.Direction));
1199:Drivers/STM32F1xx_HAL_Driver/Src/stm32f1xx_hal_spi.c **** 
1200:Drivers/STM32F1xx_HAL_Driver/Src/stm32f1xx_hal_spi.c ****   /* Process Locked */
1201:Drivers/STM32F1xx_HAL_Driver/Src/stm32f1xx_hal_spi.c ****   __HAL_LOCK(hspi);
1202:Drivers/STM32F1xx_HAL_Driver/Src/stm32f1xx_hal_spi.c **** 
1203:Drivers/STM32F1xx_HAL_Driver/Src/stm32f1xx_hal_spi.c ****   /* Init tickstart for timeout management*/
1204:Drivers/STM32F1xx_HAL_Driver/Src/stm32f1xx_hal_spi.c ****   tickstart = HAL_GetTick();
1205:Drivers/STM32F1xx_HAL_Driver/Src/stm32f1xx_hal_spi.c **** 
1206:Drivers/STM32F1xx_HAL_Driver/Src/stm32f1xx_hal_spi.c ****   /* Init temporary variables */
1207:Drivers/STM32F1xx_HAL_Driver/Src/stm32f1xx_hal_spi.c ****   tmp_state           = hspi->State;
1208:Drivers/STM32F1xx_HAL_Driver/Src/stm32f1xx_hal_spi.c ****   tmp_mode            = hspi->Init.Mode;
1209:Drivers/STM32F1xx_HAL_Driver/Src/stm32f1xx_hal_spi.c ****   initial_TxXferCount = Size;
1210:Drivers/STM32F1xx_HAL_Driver/Src/stm32f1xx_hal_spi.c **** 
1211:Drivers/STM32F1xx_HAL_Driver/Src/stm32f1xx_hal_spi.c ****   if (!((tmp_state == HAL_SPI_STATE_READY) || \
1212:Drivers/STM32F1xx_HAL_Driver/Src/stm32f1xx_hal_spi.c ****         ((tmp_mode == SPI_MODE_MASTER) && (hspi->Init.Direction == SPI_DIRECTION_2LINES) && (tmp_st
1213:Drivers/STM32F1xx_HAL_Driver/Src/stm32f1xx_hal_spi.c ****   {
1214:Drivers/STM32F1xx_HAL_Driver/Src/stm32f1xx_hal_spi.c ****     errorcode = HAL_BUSY;
1215:Drivers/STM32F1xx_HAL_Driver/Src/stm32f1xx_hal_spi.c ****     goto error;
1216:Drivers/STM32F1xx_HAL_Driver/Src/stm32f1xx_hal_spi.c ****   }
1217:Drivers/STM32F1xx_HAL_Driver/Src/stm32f1xx_hal_spi.c **** 
1218:Drivers/STM32F1xx_HAL_Driver/Src/stm32f1xx_hal_spi.c ****   if ((pTxData == NULL) || (pRxData == NULL) || (Size == 0U))
1219:Drivers/STM32F1xx_HAL_Driver/Src/stm32f1xx_hal_spi.c ****   {
1220:Drivers/STM32F1xx_HAL_Driver/Src/stm32f1xx_hal_spi.c ****     errorcode = HAL_ERROR;
1221:Drivers/STM32F1xx_HAL_Driver/Src/stm32f1xx_hal_spi.c ****     goto error;
1222:Drivers/STM32F1xx_HAL_Driver/Src/stm32f1xx_hal_spi.c ****   }
1223:Drivers/STM32F1xx_HAL_Driver/Src/stm32f1xx_hal_spi.c **** 
1224:Drivers/STM32F1xx_HAL_Driver/Src/stm32f1xx_hal_spi.c ****   /* Don't overwrite in case of HAL_SPI_STATE_BUSY_RX */
1225:Drivers/STM32F1xx_HAL_Driver/Src/stm32f1xx_hal_spi.c ****   if (hspi->State != HAL_SPI_STATE_BUSY_RX)
1226:Drivers/STM32F1xx_HAL_Driver/Src/stm32f1xx_hal_spi.c ****   {
1227:Drivers/STM32F1xx_HAL_Driver/Src/stm32f1xx_hal_spi.c ****     hspi->State = HAL_SPI_STATE_BUSY_TX_RX;
1228:Drivers/STM32F1xx_HAL_Driver/Src/stm32f1xx_hal_spi.c ****   }
1229:Drivers/STM32F1xx_HAL_Driver/Src/stm32f1xx_hal_spi.c **** 
ARM GAS  C:\Users\zhmis\AppData\Local\Temp\ccgFfHBP.s 			page 23


1230:Drivers/STM32F1xx_HAL_Driver/Src/stm32f1xx_hal_spi.c ****   /* Set the transaction information */
1231:Drivers/STM32F1xx_HAL_Driver/Src/stm32f1xx_hal_spi.c ****   hspi->ErrorCode   = HAL_SPI_ERROR_NONE;
1232:Drivers/STM32F1xx_HAL_Driver/Src/stm32f1xx_hal_spi.c ****   hspi->pRxBuffPtr  = (uint8_t *)pRxData;
1233:Drivers/STM32F1xx_HAL_Driver/Src/stm32f1xx_hal_spi.c ****   hspi->RxXferCount = Size;
1234:Drivers/STM32F1xx_HAL_Driver/Src/stm32f1xx_hal_spi.c ****   hspi->RxXferSize  = Size;
1235:Drivers/STM32F1xx_HAL_Driver/Src/stm32f1xx_hal_spi.c ****   hspi->pTxBuffPtr  = (uint8_t *)pTxData;
1236:Drivers/STM32F1xx_HAL_Driver/Src/stm32f1xx_hal_spi.c ****   hspi->TxXferCount = Size;
1237:Drivers/STM32F1xx_HAL_Driver/Src/stm32f1xx_hal_spi.c ****   hspi->TxXferSize  = Size;
1238:Drivers/STM32F1xx_HAL_Driver/Src/stm32f1xx_hal_spi.c **** 
1239:Drivers/STM32F1xx_HAL_Driver/Src/stm32f1xx_hal_spi.c ****   /*Init field not used in handle to zero */
1240:Drivers/STM32F1xx_HAL_Driver/Src/stm32f1xx_hal_spi.c ****   hspi->RxISR       = NULL;
1241:Drivers/STM32F1xx_HAL_Driver/Src/stm32f1xx_hal_spi.c ****   hspi->TxISR       = NULL;
1242:Drivers/STM32F1xx_HAL_Driver/Src/stm32f1xx_hal_spi.c **** 
1243:Drivers/STM32F1xx_HAL_Driver/Src/stm32f1xx_hal_spi.c **** #if (USE_SPI_CRC != 0U)
1244:Drivers/STM32F1xx_HAL_Driver/Src/stm32f1xx_hal_spi.c ****   /* Reset CRC Calculation */
1245:Drivers/STM32F1xx_HAL_Driver/Src/stm32f1xx_hal_spi.c ****   if (hspi->Init.CRCCalculation == SPI_CRCCALCULATION_ENABLE)
1246:Drivers/STM32F1xx_HAL_Driver/Src/stm32f1xx_hal_spi.c ****   {
1247:Drivers/STM32F1xx_HAL_Driver/Src/stm32f1xx_hal_spi.c ****     SPI_RESET_CRC(hspi);
1248:Drivers/STM32F1xx_HAL_Driver/Src/stm32f1xx_hal_spi.c ****   }
1249:Drivers/STM32F1xx_HAL_Driver/Src/stm32f1xx_hal_spi.c **** #endif /* USE_SPI_CRC */
1250:Drivers/STM32F1xx_HAL_Driver/Src/stm32f1xx_hal_spi.c **** 
1251:Drivers/STM32F1xx_HAL_Driver/Src/stm32f1xx_hal_spi.c ****   /* Check if the SPI is already enabled */
1252:Drivers/STM32F1xx_HAL_Driver/Src/stm32f1xx_hal_spi.c ****   if ((hspi->Instance->CR1 & SPI_CR1_SPE) != SPI_CR1_SPE)
1253:Drivers/STM32F1xx_HAL_Driver/Src/stm32f1xx_hal_spi.c ****   {
1254:Drivers/STM32F1xx_HAL_Driver/Src/stm32f1xx_hal_spi.c ****     /* Enable SPI peripheral */
1255:Drivers/STM32F1xx_HAL_Driver/Src/stm32f1xx_hal_spi.c ****     __HAL_SPI_ENABLE(hspi);
1256:Drivers/STM32F1xx_HAL_Driver/Src/stm32f1xx_hal_spi.c ****   }
1257:Drivers/STM32F1xx_HAL_Driver/Src/stm32f1xx_hal_spi.c **** 
1258:Drivers/STM32F1xx_HAL_Driver/Src/stm32f1xx_hal_spi.c ****   /* Transmit and Receive data in 16 Bit mode */
1259:Drivers/STM32F1xx_HAL_Driver/Src/stm32f1xx_hal_spi.c ****   if (hspi->Init.DataSize == SPI_DATASIZE_16BIT)
1260:Drivers/STM32F1xx_HAL_Driver/Src/stm32f1xx_hal_spi.c ****   {
1261:Drivers/STM32F1xx_HAL_Driver/Src/stm32f1xx_hal_spi.c ****     if ((hspi->Init.Mode == SPI_MODE_SLAVE) || (initial_TxXferCount == 0x01U))
1262:Drivers/STM32F1xx_HAL_Driver/Src/stm32f1xx_hal_spi.c ****     {
1263:Drivers/STM32F1xx_HAL_Driver/Src/stm32f1xx_hal_spi.c ****       hspi->Instance->DR = *((uint16_t *)hspi->pTxBuffPtr);
1264:Drivers/STM32F1xx_HAL_Driver/Src/stm32f1xx_hal_spi.c ****       hspi->pTxBuffPtr += sizeof(uint16_t);
1265:Drivers/STM32F1xx_HAL_Driver/Src/stm32f1xx_hal_spi.c ****       hspi->TxXferCount--;
1266:Drivers/STM32F1xx_HAL_Driver/Src/stm32f1xx_hal_spi.c ****     }
1267:Drivers/STM32F1xx_HAL_Driver/Src/stm32f1xx_hal_spi.c ****     while ((hspi->TxXferCount > 0U) || (hspi->RxXferCount > 0U))
1268:Drivers/STM32F1xx_HAL_Driver/Src/stm32f1xx_hal_spi.c ****     {
1269:Drivers/STM32F1xx_HAL_Driver/Src/stm32f1xx_hal_spi.c ****       /* Check TXE flag */
1270:Drivers/STM32F1xx_HAL_Driver/Src/stm32f1xx_hal_spi.c ****       if ((__HAL_SPI_GET_FLAG(hspi, SPI_FLAG_TXE)) && (hspi->TxXferCount > 0U) && (txallowed == 1U)
1271:Drivers/STM32F1xx_HAL_Driver/Src/stm32f1xx_hal_spi.c ****       {
1272:Drivers/STM32F1xx_HAL_Driver/Src/stm32f1xx_hal_spi.c ****         hspi->Instance->DR = *((uint16_t *)hspi->pTxBuffPtr);
1273:Drivers/STM32F1xx_HAL_Driver/Src/stm32f1xx_hal_spi.c ****         hspi->pTxBuffPtr += sizeof(uint16_t);
1274:Drivers/STM32F1xx_HAL_Driver/Src/stm32f1xx_hal_spi.c ****         hspi->TxXferCount--;
1275:Drivers/STM32F1xx_HAL_Driver/Src/stm32f1xx_hal_spi.c ****         /* Next Data is a reception (Rx). Tx not allowed */
1276:Drivers/STM32F1xx_HAL_Driver/Src/stm32f1xx_hal_spi.c ****         txallowed = 0U;
1277:Drivers/STM32F1xx_HAL_Driver/Src/stm32f1xx_hal_spi.c **** 
1278:Drivers/STM32F1xx_HAL_Driver/Src/stm32f1xx_hal_spi.c **** #if (USE_SPI_CRC != 0U)
1279:Drivers/STM32F1xx_HAL_Driver/Src/stm32f1xx_hal_spi.c ****         /* Enable CRC Transmission */
1280:Drivers/STM32F1xx_HAL_Driver/Src/stm32f1xx_hal_spi.c ****         if ((hspi->TxXferCount == 0U) && (hspi->Init.CRCCalculation == SPI_CRCCALCULATION_ENABLE))
1281:Drivers/STM32F1xx_HAL_Driver/Src/stm32f1xx_hal_spi.c ****         {
1282:Drivers/STM32F1xx_HAL_Driver/Src/stm32f1xx_hal_spi.c ****           SET_BIT(hspi->Instance->CR1, SPI_CR1_CRCNEXT);
1283:Drivers/STM32F1xx_HAL_Driver/Src/stm32f1xx_hal_spi.c ****         }
1284:Drivers/STM32F1xx_HAL_Driver/Src/stm32f1xx_hal_spi.c **** #endif /* USE_SPI_CRC */
1285:Drivers/STM32F1xx_HAL_Driver/Src/stm32f1xx_hal_spi.c ****       }
1286:Drivers/STM32F1xx_HAL_Driver/Src/stm32f1xx_hal_spi.c **** 
ARM GAS  C:\Users\zhmis\AppData\Local\Temp\ccgFfHBP.s 			page 24


1287:Drivers/STM32F1xx_HAL_Driver/Src/stm32f1xx_hal_spi.c ****       /* Check RXNE flag */
1288:Drivers/STM32F1xx_HAL_Driver/Src/stm32f1xx_hal_spi.c ****       if ((__HAL_SPI_GET_FLAG(hspi, SPI_FLAG_RXNE)) && (hspi->RxXferCount > 0U))
1289:Drivers/STM32F1xx_HAL_Driver/Src/stm32f1xx_hal_spi.c ****       {
1290:Drivers/STM32F1xx_HAL_Driver/Src/stm32f1xx_hal_spi.c ****         *((uint16_t *)hspi->pRxBuffPtr) = (uint16_t)hspi->Instance->DR;
1291:Drivers/STM32F1xx_HAL_Driver/Src/stm32f1xx_hal_spi.c ****         hspi->pRxBuffPtr += sizeof(uint16_t);
1292:Drivers/STM32F1xx_HAL_Driver/Src/stm32f1xx_hal_spi.c ****         hspi->RxXferCount--;
1293:Drivers/STM32F1xx_HAL_Driver/Src/stm32f1xx_hal_spi.c ****         /* Next Data is a Transmission (Tx). Tx is allowed */
1294:Drivers/STM32F1xx_HAL_Driver/Src/stm32f1xx_hal_spi.c ****         txallowed = 1U;
1295:Drivers/STM32F1xx_HAL_Driver/Src/stm32f1xx_hal_spi.c ****       }
1296:Drivers/STM32F1xx_HAL_Driver/Src/stm32f1xx_hal_spi.c ****       if (((HAL_GetTick() - tickstart) >=  Timeout) && (Timeout != HAL_MAX_DELAY))
1297:Drivers/STM32F1xx_HAL_Driver/Src/stm32f1xx_hal_spi.c ****       {
1298:Drivers/STM32F1xx_HAL_Driver/Src/stm32f1xx_hal_spi.c ****         errorcode = HAL_TIMEOUT;
1299:Drivers/STM32F1xx_HAL_Driver/Src/stm32f1xx_hal_spi.c ****         hspi->State = HAL_SPI_STATE_READY;
1300:Drivers/STM32F1xx_HAL_Driver/Src/stm32f1xx_hal_spi.c ****         goto error;
1301:Drivers/STM32F1xx_HAL_Driver/Src/stm32f1xx_hal_spi.c ****       }
1302:Drivers/STM32F1xx_HAL_Driver/Src/stm32f1xx_hal_spi.c ****     }
1303:Drivers/STM32F1xx_HAL_Driver/Src/stm32f1xx_hal_spi.c ****   }
1304:Drivers/STM32F1xx_HAL_Driver/Src/stm32f1xx_hal_spi.c ****   /* Transmit and Receive data in 8 Bit mode */
1305:Drivers/STM32F1xx_HAL_Driver/Src/stm32f1xx_hal_spi.c ****   else
1306:Drivers/STM32F1xx_HAL_Driver/Src/stm32f1xx_hal_spi.c ****   {
1307:Drivers/STM32F1xx_HAL_Driver/Src/stm32f1xx_hal_spi.c ****     if ((hspi->Init.Mode == SPI_MODE_SLAVE) || (initial_TxXferCount == 0x01U))
1308:Drivers/STM32F1xx_HAL_Driver/Src/stm32f1xx_hal_spi.c ****     {
1309:Drivers/STM32F1xx_HAL_Driver/Src/stm32f1xx_hal_spi.c ****       *((__IO uint8_t *)&hspi->Instance->DR) = (*hspi->pTxBuffPtr);
1310:Drivers/STM32F1xx_HAL_Driver/Src/stm32f1xx_hal_spi.c ****       hspi->pTxBuffPtr += sizeof(uint8_t);
1311:Drivers/STM32F1xx_HAL_Driver/Src/stm32f1xx_hal_spi.c ****       hspi->TxXferCount--;
1312:Drivers/STM32F1xx_HAL_Driver/Src/stm32f1xx_hal_spi.c ****     }
1313:Drivers/STM32F1xx_HAL_Driver/Src/stm32f1xx_hal_spi.c ****     while ((hspi->TxXferCount > 0U) || (hspi->RxXferCount > 0U))
1314:Drivers/STM32F1xx_HAL_Driver/Src/stm32f1xx_hal_spi.c ****     {
1315:Drivers/STM32F1xx_HAL_Driver/Src/stm32f1xx_hal_spi.c ****       /* Check TXE flag */
1316:Drivers/STM32F1xx_HAL_Driver/Src/stm32f1xx_hal_spi.c ****       if ((__HAL_SPI_GET_FLAG(hspi, SPI_FLAG_TXE)) && (hspi->TxXferCount > 0U) && (txallowed == 1U)
1317:Drivers/STM32F1xx_HAL_Driver/Src/stm32f1xx_hal_spi.c ****       {
1318:Drivers/STM32F1xx_HAL_Driver/Src/stm32f1xx_hal_spi.c ****         *(__IO uint8_t *)&hspi->Instance->DR = (*hspi->pTxBuffPtr);
1319:Drivers/STM32F1xx_HAL_Driver/Src/stm32f1xx_hal_spi.c ****         hspi->pTxBuffPtr++;
1320:Drivers/STM32F1xx_HAL_Driver/Src/stm32f1xx_hal_spi.c ****         hspi->TxXferCount--;
1321:Drivers/STM32F1xx_HAL_Driver/Src/stm32f1xx_hal_spi.c ****         /* Next Data is a reception (Rx). Tx not allowed */
1322:Drivers/STM32F1xx_HAL_Driver/Src/stm32f1xx_hal_spi.c ****         txallowed = 0U;
1323:Drivers/STM32F1xx_HAL_Driver/Src/stm32f1xx_hal_spi.c **** 
1324:Drivers/STM32F1xx_HAL_Driver/Src/stm32f1xx_hal_spi.c **** #if (USE_SPI_CRC != 0U)
1325:Drivers/STM32F1xx_HAL_Driver/Src/stm32f1xx_hal_spi.c ****         /* Enable CRC Transmission */
1326:Drivers/STM32F1xx_HAL_Driver/Src/stm32f1xx_hal_spi.c ****         if ((hspi->TxXferCount == 0U) && (hspi->Init.CRCCalculation == SPI_CRCCALCULATION_ENABLE))
1327:Drivers/STM32F1xx_HAL_Driver/Src/stm32f1xx_hal_spi.c ****         {
1328:Drivers/STM32F1xx_HAL_Driver/Src/stm32f1xx_hal_spi.c ****           SET_BIT(hspi->Instance->CR1, SPI_CR1_CRCNEXT);
1329:Drivers/STM32F1xx_HAL_Driver/Src/stm32f1xx_hal_spi.c ****         }
1330:Drivers/STM32F1xx_HAL_Driver/Src/stm32f1xx_hal_spi.c **** #endif /* USE_SPI_CRC */
1331:Drivers/STM32F1xx_HAL_Driver/Src/stm32f1xx_hal_spi.c ****       }
1332:Drivers/STM32F1xx_HAL_Driver/Src/stm32f1xx_hal_spi.c **** 
1333:Drivers/STM32F1xx_HAL_Driver/Src/stm32f1xx_hal_spi.c ****       /* Wait until RXNE flag is reset */
1334:Drivers/STM32F1xx_HAL_Driver/Src/stm32f1xx_hal_spi.c ****       if ((__HAL_SPI_GET_FLAG(hspi, SPI_FLAG_RXNE)) && (hspi->RxXferCount > 0U))
1335:Drivers/STM32F1xx_HAL_Driver/Src/stm32f1xx_hal_spi.c ****       {
1336:Drivers/STM32F1xx_HAL_Driver/Src/stm32f1xx_hal_spi.c ****         (*(uint8_t *)hspi->pRxBuffPtr) = hspi->Instance->DR;
1337:Drivers/STM32F1xx_HAL_Driver/Src/stm32f1xx_hal_spi.c ****         hspi->pRxBuffPtr++;
1338:Drivers/STM32F1xx_HAL_Driver/Src/stm32f1xx_hal_spi.c ****         hspi->RxXferCount--;
1339:Drivers/STM32F1xx_HAL_Driver/Src/stm32f1xx_hal_spi.c ****         /* Next Data is a Transmission (Tx). Tx is allowed */
1340:Drivers/STM32F1xx_HAL_Driver/Src/stm32f1xx_hal_spi.c ****         txallowed = 1U;
1341:Drivers/STM32F1xx_HAL_Driver/Src/stm32f1xx_hal_spi.c ****       }
1342:Drivers/STM32F1xx_HAL_Driver/Src/stm32f1xx_hal_spi.c ****       if ((((HAL_GetTick() - tickstart) >=  Timeout) && ((Timeout != HAL_MAX_DELAY))) || (Timeout =
1343:Drivers/STM32F1xx_HAL_Driver/Src/stm32f1xx_hal_spi.c ****       {
ARM GAS  C:\Users\zhmis\AppData\Local\Temp\ccgFfHBP.s 			page 25


1344:Drivers/STM32F1xx_HAL_Driver/Src/stm32f1xx_hal_spi.c ****         errorcode = HAL_TIMEOUT;
1345:Drivers/STM32F1xx_HAL_Driver/Src/stm32f1xx_hal_spi.c ****         hspi->State = HAL_SPI_STATE_READY;
1346:Drivers/STM32F1xx_HAL_Driver/Src/stm32f1xx_hal_spi.c ****         goto error;
1347:Drivers/STM32F1xx_HAL_Driver/Src/stm32f1xx_hal_spi.c ****       }
1348:Drivers/STM32F1xx_HAL_Driver/Src/stm32f1xx_hal_spi.c ****     }
1349:Drivers/STM32F1xx_HAL_Driver/Src/stm32f1xx_hal_spi.c ****   }
1350:Drivers/STM32F1xx_HAL_Driver/Src/stm32f1xx_hal_spi.c **** 
1351:Drivers/STM32F1xx_HAL_Driver/Src/stm32f1xx_hal_spi.c **** #if (USE_SPI_CRC != 0U)
1352:Drivers/STM32F1xx_HAL_Driver/Src/stm32f1xx_hal_spi.c ****   /* Read CRC from DR to close CRC calculation process */
1353:Drivers/STM32F1xx_HAL_Driver/Src/stm32f1xx_hal_spi.c ****   if (hspi->Init.CRCCalculation == SPI_CRCCALCULATION_ENABLE)
1354:Drivers/STM32F1xx_HAL_Driver/Src/stm32f1xx_hal_spi.c ****   {
1355:Drivers/STM32F1xx_HAL_Driver/Src/stm32f1xx_hal_spi.c ****     /* Wait until TXE flag */
1356:Drivers/STM32F1xx_HAL_Driver/Src/stm32f1xx_hal_spi.c ****     if (SPI_WaitFlagStateUntilTimeout(hspi, SPI_FLAG_RXNE, SET, Timeout, tickstart) != HAL_OK)
1357:Drivers/STM32F1xx_HAL_Driver/Src/stm32f1xx_hal_spi.c ****     {
1358:Drivers/STM32F1xx_HAL_Driver/Src/stm32f1xx_hal_spi.c ****       /* Error on the CRC reception */
1359:Drivers/STM32F1xx_HAL_Driver/Src/stm32f1xx_hal_spi.c ****       SET_BIT(hspi->ErrorCode, HAL_SPI_ERROR_CRC);
1360:Drivers/STM32F1xx_HAL_Driver/Src/stm32f1xx_hal_spi.c ****       errorcode = HAL_TIMEOUT;
1361:Drivers/STM32F1xx_HAL_Driver/Src/stm32f1xx_hal_spi.c ****       goto error;
1362:Drivers/STM32F1xx_HAL_Driver/Src/stm32f1xx_hal_spi.c ****     }
1363:Drivers/STM32F1xx_HAL_Driver/Src/stm32f1xx_hal_spi.c ****     /* Read CRC */
1364:Drivers/STM32F1xx_HAL_Driver/Src/stm32f1xx_hal_spi.c ****     tmpreg = READ_REG(hspi->Instance->DR);
1365:Drivers/STM32F1xx_HAL_Driver/Src/stm32f1xx_hal_spi.c ****     /* To avoid GCC warning */
1366:Drivers/STM32F1xx_HAL_Driver/Src/stm32f1xx_hal_spi.c ****     UNUSED(tmpreg);
1367:Drivers/STM32F1xx_HAL_Driver/Src/stm32f1xx_hal_spi.c ****   }
1368:Drivers/STM32F1xx_HAL_Driver/Src/stm32f1xx_hal_spi.c **** 
1369:Drivers/STM32F1xx_HAL_Driver/Src/stm32f1xx_hal_spi.c ****   /* Check if CRC error occurred */
1370:Drivers/STM32F1xx_HAL_Driver/Src/stm32f1xx_hal_spi.c ****   if (__HAL_SPI_GET_FLAG(hspi, SPI_FLAG_CRCERR) != RESET)
1371:Drivers/STM32F1xx_HAL_Driver/Src/stm32f1xx_hal_spi.c ****   {
1372:Drivers/STM32F1xx_HAL_Driver/Src/stm32f1xx_hal_spi.c ****     /* Check if CRC error is valid or not (workaround to be applied or not) */
1373:Drivers/STM32F1xx_HAL_Driver/Src/stm32f1xx_hal_spi.c ****     if (SPI_ISCRCErrorValid(hspi) == SPI_VALID_CRC_ERROR)
1374:Drivers/STM32F1xx_HAL_Driver/Src/stm32f1xx_hal_spi.c ****     {
1375:Drivers/STM32F1xx_HAL_Driver/Src/stm32f1xx_hal_spi.c ****       SET_BIT(hspi->ErrorCode, HAL_SPI_ERROR_CRC);
1376:Drivers/STM32F1xx_HAL_Driver/Src/stm32f1xx_hal_spi.c **** 
1377:Drivers/STM32F1xx_HAL_Driver/Src/stm32f1xx_hal_spi.c ****       /* Reset CRC Calculation */
1378:Drivers/STM32F1xx_HAL_Driver/Src/stm32f1xx_hal_spi.c ****       SPI_RESET_CRC(hspi);
1379:Drivers/STM32F1xx_HAL_Driver/Src/stm32f1xx_hal_spi.c **** 
1380:Drivers/STM32F1xx_HAL_Driver/Src/stm32f1xx_hal_spi.c ****       errorcode = HAL_ERROR;
1381:Drivers/STM32F1xx_HAL_Driver/Src/stm32f1xx_hal_spi.c ****     }
1382:Drivers/STM32F1xx_HAL_Driver/Src/stm32f1xx_hal_spi.c ****     else
1383:Drivers/STM32F1xx_HAL_Driver/Src/stm32f1xx_hal_spi.c ****     {
1384:Drivers/STM32F1xx_HAL_Driver/Src/stm32f1xx_hal_spi.c ****       __HAL_SPI_CLEAR_CRCERRFLAG(hspi);
1385:Drivers/STM32F1xx_HAL_Driver/Src/stm32f1xx_hal_spi.c ****     }
1386:Drivers/STM32F1xx_HAL_Driver/Src/stm32f1xx_hal_spi.c ****   }
1387:Drivers/STM32F1xx_HAL_Driver/Src/stm32f1xx_hal_spi.c **** #endif /* USE_SPI_CRC */
1388:Drivers/STM32F1xx_HAL_Driver/Src/stm32f1xx_hal_spi.c **** 
1389:Drivers/STM32F1xx_HAL_Driver/Src/stm32f1xx_hal_spi.c ****   /* Check the end of the transaction */
1390:Drivers/STM32F1xx_HAL_Driver/Src/stm32f1xx_hal_spi.c ****   if (SPI_EndRxTxTransaction(hspi, Timeout, tickstart) != HAL_OK)
1391:Drivers/STM32F1xx_HAL_Driver/Src/stm32f1xx_hal_spi.c ****   {
1392:Drivers/STM32F1xx_HAL_Driver/Src/stm32f1xx_hal_spi.c ****     errorcode = HAL_ERROR;
1393:Drivers/STM32F1xx_HAL_Driver/Src/stm32f1xx_hal_spi.c ****     hspi->ErrorCode = HAL_SPI_ERROR_FLAG;
1394:Drivers/STM32F1xx_HAL_Driver/Src/stm32f1xx_hal_spi.c ****     goto error;
1395:Drivers/STM32F1xx_HAL_Driver/Src/stm32f1xx_hal_spi.c ****   }
1396:Drivers/STM32F1xx_HAL_Driver/Src/stm32f1xx_hal_spi.c **** 
1397:Drivers/STM32F1xx_HAL_Driver/Src/stm32f1xx_hal_spi.c ****   /* Clear overrun flag in 2 Lines communication mode because received is not read */
1398:Drivers/STM32F1xx_HAL_Driver/Src/stm32f1xx_hal_spi.c ****   if (hspi->Init.Direction == SPI_DIRECTION_2LINES)
1399:Drivers/STM32F1xx_HAL_Driver/Src/stm32f1xx_hal_spi.c ****   {
1400:Drivers/STM32F1xx_HAL_Driver/Src/stm32f1xx_hal_spi.c ****     __HAL_SPI_CLEAR_OVRFLAG(hspi);
ARM GAS  C:\Users\zhmis\AppData\Local\Temp\ccgFfHBP.s 			page 26


1401:Drivers/STM32F1xx_HAL_Driver/Src/stm32f1xx_hal_spi.c ****   }
1402:Drivers/STM32F1xx_HAL_Driver/Src/stm32f1xx_hal_spi.c **** 
1403:Drivers/STM32F1xx_HAL_Driver/Src/stm32f1xx_hal_spi.c ****   if (hspi->ErrorCode != HAL_SPI_ERROR_NONE)
1404:Drivers/STM32F1xx_HAL_Driver/Src/stm32f1xx_hal_spi.c ****   {
1405:Drivers/STM32F1xx_HAL_Driver/Src/stm32f1xx_hal_spi.c ****     errorcode = HAL_ERROR;
1406:Drivers/STM32F1xx_HAL_Driver/Src/stm32f1xx_hal_spi.c ****   }
1407:Drivers/STM32F1xx_HAL_Driver/Src/stm32f1xx_hal_spi.c ****   else
1408:Drivers/STM32F1xx_HAL_Driver/Src/stm32f1xx_hal_spi.c ****   {
1409:Drivers/STM32F1xx_HAL_Driver/Src/stm32f1xx_hal_spi.c ****     hspi->State = HAL_SPI_STATE_READY;
1410:Drivers/STM32F1xx_HAL_Driver/Src/stm32f1xx_hal_spi.c ****   }
1411:Drivers/STM32F1xx_HAL_Driver/Src/stm32f1xx_hal_spi.c ****   
1412:Drivers/STM32F1xx_HAL_Driver/Src/stm32f1xx_hal_spi.c **** error :
1413:Drivers/STM32F1xx_HAL_Driver/Src/stm32f1xx_hal_spi.c ****   __HAL_UNLOCK(hspi);
1414:Drivers/STM32F1xx_HAL_Driver/Src/stm32f1xx_hal_spi.c ****   return errorcode;
1415:Drivers/STM32F1xx_HAL_Driver/Src/stm32f1xx_hal_spi.c **** }
1416:Drivers/STM32F1xx_HAL_Driver/Src/stm32f1xx_hal_spi.c **** 
1417:Drivers/STM32F1xx_HAL_Driver/Src/stm32f1xx_hal_spi.c **** /**
1418:Drivers/STM32F1xx_HAL_Driver/Src/stm32f1xx_hal_spi.c ****   * @brief  Transmit an amount of data in non-blocking mode with Interrupt.
1419:Drivers/STM32F1xx_HAL_Driver/Src/stm32f1xx_hal_spi.c ****   * @param  hspi pointer to a SPI_HandleTypeDef structure that contains
1420:Drivers/STM32F1xx_HAL_Driver/Src/stm32f1xx_hal_spi.c ****   *               the configuration information for SPI module.
1421:Drivers/STM32F1xx_HAL_Driver/Src/stm32f1xx_hal_spi.c ****   * @param  pData pointer to data buffer
1422:Drivers/STM32F1xx_HAL_Driver/Src/stm32f1xx_hal_spi.c ****   * @param  Size amount of data to be sent
1423:Drivers/STM32F1xx_HAL_Driver/Src/stm32f1xx_hal_spi.c ****   * @retval HAL status
1424:Drivers/STM32F1xx_HAL_Driver/Src/stm32f1xx_hal_spi.c ****   */
1425:Drivers/STM32F1xx_HAL_Driver/Src/stm32f1xx_hal_spi.c **** HAL_StatusTypeDef HAL_SPI_Transmit_IT(SPI_HandleTypeDef *hspi, uint8_t *pData, uint16_t Size)
1426:Drivers/STM32F1xx_HAL_Driver/Src/stm32f1xx_hal_spi.c **** {
1427:Drivers/STM32F1xx_HAL_Driver/Src/stm32f1xx_hal_spi.c ****   HAL_StatusTypeDef errorcode = HAL_OK;
1428:Drivers/STM32F1xx_HAL_Driver/Src/stm32f1xx_hal_spi.c **** 
1429:Drivers/STM32F1xx_HAL_Driver/Src/stm32f1xx_hal_spi.c ****   /* Check Direction parameter */
1430:Drivers/STM32F1xx_HAL_Driver/Src/stm32f1xx_hal_spi.c ****   assert_param(IS_SPI_DIRECTION_2LINES_OR_1LINE(hspi->Init.Direction));
1431:Drivers/STM32F1xx_HAL_Driver/Src/stm32f1xx_hal_spi.c **** 
1432:Drivers/STM32F1xx_HAL_Driver/Src/stm32f1xx_hal_spi.c ****   /* Process Locked */
1433:Drivers/STM32F1xx_HAL_Driver/Src/stm32f1xx_hal_spi.c ****   __HAL_LOCK(hspi);
1434:Drivers/STM32F1xx_HAL_Driver/Src/stm32f1xx_hal_spi.c **** 
1435:Drivers/STM32F1xx_HAL_Driver/Src/stm32f1xx_hal_spi.c ****   if ((pData == NULL) || (Size == 0U))
1436:Drivers/STM32F1xx_HAL_Driver/Src/stm32f1xx_hal_spi.c ****   {
1437:Drivers/STM32F1xx_HAL_Driver/Src/stm32f1xx_hal_spi.c ****     errorcode = HAL_ERROR;
1438:Drivers/STM32F1xx_HAL_Driver/Src/stm32f1xx_hal_spi.c ****     goto error;
1439:Drivers/STM32F1xx_HAL_Driver/Src/stm32f1xx_hal_spi.c ****   }
1440:Drivers/STM32F1xx_HAL_Driver/Src/stm32f1xx_hal_spi.c **** 
1441:Drivers/STM32F1xx_HAL_Driver/Src/stm32f1xx_hal_spi.c ****   if (hspi->State != HAL_SPI_STATE_READY)
1442:Drivers/STM32F1xx_HAL_Driver/Src/stm32f1xx_hal_spi.c ****   {
1443:Drivers/STM32F1xx_HAL_Driver/Src/stm32f1xx_hal_spi.c ****     errorcode = HAL_BUSY;
1444:Drivers/STM32F1xx_HAL_Driver/Src/stm32f1xx_hal_spi.c ****     goto error;
1445:Drivers/STM32F1xx_HAL_Driver/Src/stm32f1xx_hal_spi.c ****   }
1446:Drivers/STM32F1xx_HAL_Driver/Src/stm32f1xx_hal_spi.c **** 
1447:Drivers/STM32F1xx_HAL_Driver/Src/stm32f1xx_hal_spi.c ****   /* Set the transaction information */
1448:Drivers/STM32F1xx_HAL_Driver/Src/stm32f1xx_hal_spi.c ****   hspi->State       = HAL_SPI_STATE_BUSY_TX;
1449:Drivers/STM32F1xx_HAL_Driver/Src/stm32f1xx_hal_spi.c ****   hspi->ErrorCode   = HAL_SPI_ERROR_NONE;
1450:Drivers/STM32F1xx_HAL_Driver/Src/stm32f1xx_hal_spi.c ****   hspi->pTxBuffPtr  = (uint8_t *)pData;
1451:Drivers/STM32F1xx_HAL_Driver/Src/stm32f1xx_hal_spi.c ****   hspi->TxXferSize  = Size;
1452:Drivers/STM32F1xx_HAL_Driver/Src/stm32f1xx_hal_spi.c ****   hspi->TxXferCount = Size;
1453:Drivers/STM32F1xx_HAL_Driver/Src/stm32f1xx_hal_spi.c **** 
1454:Drivers/STM32F1xx_HAL_Driver/Src/stm32f1xx_hal_spi.c ****   /* Init field not used in handle to zero */
1455:Drivers/STM32F1xx_HAL_Driver/Src/stm32f1xx_hal_spi.c ****   hspi->pRxBuffPtr  = (uint8_t *)NULL;
1456:Drivers/STM32F1xx_HAL_Driver/Src/stm32f1xx_hal_spi.c ****   hspi->RxXferSize  = 0U;
1457:Drivers/STM32F1xx_HAL_Driver/Src/stm32f1xx_hal_spi.c ****   hspi->RxXferCount = 0U;
ARM GAS  C:\Users\zhmis\AppData\Local\Temp\ccgFfHBP.s 			page 27


1458:Drivers/STM32F1xx_HAL_Driver/Src/stm32f1xx_hal_spi.c ****   hspi->RxISR       = NULL;
1459:Drivers/STM32F1xx_HAL_Driver/Src/stm32f1xx_hal_spi.c **** 
1460:Drivers/STM32F1xx_HAL_Driver/Src/stm32f1xx_hal_spi.c ****   /* Set the function for IT treatment */
1461:Drivers/STM32F1xx_HAL_Driver/Src/stm32f1xx_hal_spi.c ****   if (hspi->Init.DataSize > SPI_DATASIZE_8BIT)
1462:Drivers/STM32F1xx_HAL_Driver/Src/stm32f1xx_hal_spi.c ****   {
1463:Drivers/STM32F1xx_HAL_Driver/Src/stm32f1xx_hal_spi.c ****     hspi->TxISR = SPI_TxISR_16BIT;
1464:Drivers/STM32F1xx_HAL_Driver/Src/stm32f1xx_hal_spi.c ****   }
1465:Drivers/STM32F1xx_HAL_Driver/Src/stm32f1xx_hal_spi.c ****   else
1466:Drivers/STM32F1xx_HAL_Driver/Src/stm32f1xx_hal_spi.c ****   {
1467:Drivers/STM32F1xx_HAL_Driver/Src/stm32f1xx_hal_spi.c ****     hspi->TxISR = SPI_TxISR_8BIT;
1468:Drivers/STM32F1xx_HAL_Driver/Src/stm32f1xx_hal_spi.c ****   }
1469:Drivers/STM32F1xx_HAL_Driver/Src/stm32f1xx_hal_spi.c **** 
1470:Drivers/STM32F1xx_HAL_Driver/Src/stm32f1xx_hal_spi.c ****   /* Configure communication direction : 1Line */
1471:Drivers/STM32F1xx_HAL_Driver/Src/stm32f1xx_hal_spi.c ****   if (hspi->Init.Direction == SPI_DIRECTION_1LINE)
1472:Drivers/STM32F1xx_HAL_Driver/Src/stm32f1xx_hal_spi.c ****   {
1473:Drivers/STM32F1xx_HAL_Driver/Src/stm32f1xx_hal_spi.c ****     /* Disable SPI Peripheral before set 1Line direction (BIDIOE bit) */
1474:Drivers/STM32F1xx_HAL_Driver/Src/stm32f1xx_hal_spi.c ****     __HAL_SPI_DISABLE(hspi);
1475:Drivers/STM32F1xx_HAL_Driver/Src/stm32f1xx_hal_spi.c ****     SPI_1LINE_TX(hspi);
1476:Drivers/STM32F1xx_HAL_Driver/Src/stm32f1xx_hal_spi.c ****   }
1477:Drivers/STM32F1xx_HAL_Driver/Src/stm32f1xx_hal_spi.c **** 
1478:Drivers/STM32F1xx_HAL_Driver/Src/stm32f1xx_hal_spi.c **** #if (USE_SPI_CRC != 0U)
1479:Drivers/STM32F1xx_HAL_Driver/Src/stm32f1xx_hal_spi.c ****   /* Reset CRC Calculation */
1480:Drivers/STM32F1xx_HAL_Driver/Src/stm32f1xx_hal_spi.c ****   if (hspi->Init.CRCCalculation == SPI_CRCCALCULATION_ENABLE)
1481:Drivers/STM32F1xx_HAL_Driver/Src/stm32f1xx_hal_spi.c ****   {
1482:Drivers/STM32F1xx_HAL_Driver/Src/stm32f1xx_hal_spi.c ****     SPI_RESET_CRC(hspi);
1483:Drivers/STM32F1xx_HAL_Driver/Src/stm32f1xx_hal_spi.c ****   }
1484:Drivers/STM32F1xx_HAL_Driver/Src/stm32f1xx_hal_spi.c **** #endif /* USE_SPI_CRC */
1485:Drivers/STM32F1xx_HAL_Driver/Src/stm32f1xx_hal_spi.c **** 
1486:Drivers/STM32F1xx_HAL_Driver/Src/stm32f1xx_hal_spi.c ****   /* Enable TXE and ERR interrupt */
1487:Drivers/STM32F1xx_HAL_Driver/Src/stm32f1xx_hal_spi.c ****   __HAL_SPI_ENABLE_IT(hspi, (SPI_IT_TXE | SPI_IT_ERR));
1488:Drivers/STM32F1xx_HAL_Driver/Src/stm32f1xx_hal_spi.c **** 
1489:Drivers/STM32F1xx_HAL_Driver/Src/stm32f1xx_hal_spi.c **** 
1490:Drivers/STM32F1xx_HAL_Driver/Src/stm32f1xx_hal_spi.c ****   /* Check if the SPI is already enabled */
1491:Drivers/STM32F1xx_HAL_Driver/Src/stm32f1xx_hal_spi.c ****   if ((hspi->Instance->CR1 & SPI_CR1_SPE) != SPI_CR1_SPE)
1492:Drivers/STM32F1xx_HAL_Driver/Src/stm32f1xx_hal_spi.c ****   {
1493:Drivers/STM32F1xx_HAL_Driver/Src/stm32f1xx_hal_spi.c ****     /* Enable SPI peripheral */
1494:Drivers/STM32F1xx_HAL_Driver/Src/stm32f1xx_hal_spi.c ****     __HAL_SPI_ENABLE(hspi);
1495:Drivers/STM32F1xx_HAL_Driver/Src/stm32f1xx_hal_spi.c ****   }
1496:Drivers/STM32F1xx_HAL_Driver/Src/stm32f1xx_hal_spi.c **** 
1497:Drivers/STM32F1xx_HAL_Driver/Src/stm32f1xx_hal_spi.c **** error :
1498:Drivers/STM32F1xx_HAL_Driver/Src/stm32f1xx_hal_spi.c ****   __HAL_UNLOCK(hspi);
1499:Drivers/STM32F1xx_HAL_Driver/Src/stm32f1xx_hal_spi.c ****   return errorcode;
1500:Drivers/STM32F1xx_HAL_Driver/Src/stm32f1xx_hal_spi.c **** }
1501:Drivers/STM32F1xx_HAL_Driver/Src/stm32f1xx_hal_spi.c **** 
1502:Drivers/STM32F1xx_HAL_Driver/Src/stm32f1xx_hal_spi.c **** /**
1503:Drivers/STM32F1xx_HAL_Driver/Src/stm32f1xx_hal_spi.c ****   * @brief  Receive an amount of data in non-blocking mode with Interrupt.
1504:Drivers/STM32F1xx_HAL_Driver/Src/stm32f1xx_hal_spi.c ****   * @param  hspi pointer to a SPI_HandleTypeDef structure that contains
1505:Drivers/STM32F1xx_HAL_Driver/Src/stm32f1xx_hal_spi.c ****   *               the configuration information for SPI module.
1506:Drivers/STM32F1xx_HAL_Driver/Src/stm32f1xx_hal_spi.c ****   * @param  pData pointer to data buffer
1507:Drivers/STM32F1xx_HAL_Driver/Src/stm32f1xx_hal_spi.c ****   * @param  Size amount of data to be sent
1508:Drivers/STM32F1xx_HAL_Driver/Src/stm32f1xx_hal_spi.c ****   * @retval HAL status
1509:Drivers/STM32F1xx_HAL_Driver/Src/stm32f1xx_hal_spi.c ****   */
1510:Drivers/STM32F1xx_HAL_Driver/Src/stm32f1xx_hal_spi.c **** HAL_StatusTypeDef HAL_SPI_Receive_IT(SPI_HandleTypeDef *hspi, uint8_t *pData, uint16_t Size)
1511:Drivers/STM32F1xx_HAL_Driver/Src/stm32f1xx_hal_spi.c **** {
1512:Drivers/STM32F1xx_HAL_Driver/Src/stm32f1xx_hal_spi.c ****   HAL_StatusTypeDef errorcode = HAL_OK;
1513:Drivers/STM32F1xx_HAL_Driver/Src/stm32f1xx_hal_spi.c **** 
1514:Drivers/STM32F1xx_HAL_Driver/Src/stm32f1xx_hal_spi.c **** 
ARM GAS  C:\Users\zhmis\AppData\Local\Temp\ccgFfHBP.s 			page 28


1515:Drivers/STM32F1xx_HAL_Driver/Src/stm32f1xx_hal_spi.c ****   if (hspi->State != HAL_SPI_STATE_READY)
1516:Drivers/STM32F1xx_HAL_Driver/Src/stm32f1xx_hal_spi.c ****   {
1517:Drivers/STM32F1xx_HAL_Driver/Src/stm32f1xx_hal_spi.c ****     errorcode = HAL_BUSY;
1518:Drivers/STM32F1xx_HAL_Driver/Src/stm32f1xx_hal_spi.c ****     goto error;
1519:Drivers/STM32F1xx_HAL_Driver/Src/stm32f1xx_hal_spi.c ****   }
1520:Drivers/STM32F1xx_HAL_Driver/Src/stm32f1xx_hal_spi.c **** 
1521:Drivers/STM32F1xx_HAL_Driver/Src/stm32f1xx_hal_spi.c ****   if ((hspi->Init.Direction == SPI_DIRECTION_2LINES) && (hspi->Init.Mode == SPI_MODE_MASTER))
1522:Drivers/STM32F1xx_HAL_Driver/Src/stm32f1xx_hal_spi.c ****   {
1523:Drivers/STM32F1xx_HAL_Driver/Src/stm32f1xx_hal_spi.c ****     hspi->State = HAL_SPI_STATE_BUSY_RX;
1524:Drivers/STM32F1xx_HAL_Driver/Src/stm32f1xx_hal_spi.c ****     /* Call transmit-receive function to send Dummy data on Tx line and generate clock on CLK line 
1525:Drivers/STM32F1xx_HAL_Driver/Src/stm32f1xx_hal_spi.c ****     return HAL_SPI_TransmitReceive_IT(hspi, pData, pData, Size);
1526:Drivers/STM32F1xx_HAL_Driver/Src/stm32f1xx_hal_spi.c ****   }
1527:Drivers/STM32F1xx_HAL_Driver/Src/stm32f1xx_hal_spi.c **** 
1528:Drivers/STM32F1xx_HAL_Driver/Src/stm32f1xx_hal_spi.c ****   /* Process Locked */
1529:Drivers/STM32F1xx_HAL_Driver/Src/stm32f1xx_hal_spi.c ****   __HAL_LOCK(hspi);
1530:Drivers/STM32F1xx_HAL_Driver/Src/stm32f1xx_hal_spi.c **** 
1531:Drivers/STM32F1xx_HAL_Driver/Src/stm32f1xx_hal_spi.c ****   if ((pData == NULL) || (Size == 0U))
1532:Drivers/STM32F1xx_HAL_Driver/Src/stm32f1xx_hal_spi.c ****   {
1533:Drivers/STM32F1xx_HAL_Driver/Src/stm32f1xx_hal_spi.c ****     errorcode = HAL_ERROR;
1534:Drivers/STM32F1xx_HAL_Driver/Src/stm32f1xx_hal_spi.c ****     goto error;
1535:Drivers/STM32F1xx_HAL_Driver/Src/stm32f1xx_hal_spi.c ****   }
1536:Drivers/STM32F1xx_HAL_Driver/Src/stm32f1xx_hal_spi.c **** 
1537:Drivers/STM32F1xx_HAL_Driver/Src/stm32f1xx_hal_spi.c ****   /* Set the transaction information */
1538:Drivers/STM32F1xx_HAL_Driver/Src/stm32f1xx_hal_spi.c ****   hspi->State       = HAL_SPI_STATE_BUSY_RX;
1539:Drivers/STM32F1xx_HAL_Driver/Src/stm32f1xx_hal_spi.c ****   hspi->ErrorCode   = HAL_SPI_ERROR_NONE;
1540:Drivers/STM32F1xx_HAL_Driver/Src/stm32f1xx_hal_spi.c ****   hspi->pRxBuffPtr  = (uint8_t *)pData;
1541:Drivers/STM32F1xx_HAL_Driver/Src/stm32f1xx_hal_spi.c ****   hspi->RxXferSize  = Size;
1542:Drivers/STM32F1xx_HAL_Driver/Src/stm32f1xx_hal_spi.c ****   hspi->RxXferCount = Size;
1543:Drivers/STM32F1xx_HAL_Driver/Src/stm32f1xx_hal_spi.c **** 
1544:Drivers/STM32F1xx_HAL_Driver/Src/stm32f1xx_hal_spi.c ****   /* Init field not used in handle to zero */
1545:Drivers/STM32F1xx_HAL_Driver/Src/stm32f1xx_hal_spi.c ****   hspi->pTxBuffPtr  = (uint8_t *)NULL;
1546:Drivers/STM32F1xx_HAL_Driver/Src/stm32f1xx_hal_spi.c ****   hspi->TxXferSize  = 0U;
1547:Drivers/STM32F1xx_HAL_Driver/Src/stm32f1xx_hal_spi.c ****   hspi->TxXferCount = 0U;
1548:Drivers/STM32F1xx_HAL_Driver/Src/stm32f1xx_hal_spi.c ****   hspi->TxISR       = NULL;
1549:Drivers/STM32F1xx_HAL_Driver/Src/stm32f1xx_hal_spi.c **** 
1550:Drivers/STM32F1xx_HAL_Driver/Src/stm32f1xx_hal_spi.c ****   /* Set the function for IT treatment */
1551:Drivers/STM32F1xx_HAL_Driver/Src/stm32f1xx_hal_spi.c ****   if (hspi->Init.DataSize > SPI_DATASIZE_8BIT)
1552:Drivers/STM32F1xx_HAL_Driver/Src/stm32f1xx_hal_spi.c ****   {
1553:Drivers/STM32F1xx_HAL_Driver/Src/stm32f1xx_hal_spi.c ****     hspi->RxISR = SPI_RxISR_16BIT;
1554:Drivers/STM32F1xx_HAL_Driver/Src/stm32f1xx_hal_spi.c ****   }
1555:Drivers/STM32F1xx_HAL_Driver/Src/stm32f1xx_hal_spi.c ****   else
1556:Drivers/STM32F1xx_HAL_Driver/Src/stm32f1xx_hal_spi.c ****   {
1557:Drivers/STM32F1xx_HAL_Driver/Src/stm32f1xx_hal_spi.c ****     hspi->RxISR = SPI_RxISR_8BIT;
1558:Drivers/STM32F1xx_HAL_Driver/Src/stm32f1xx_hal_spi.c ****   }
1559:Drivers/STM32F1xx_HAL_Driver/Src/stm32f1xx_hal_spi.c **** 
1560:Drivers/STM32F1xx_HAL_Driver/Src/stm32f1xx_hal_spi.c ****   /* Configure communication direction : 1Line */
1561:Drivers/STM32F1xx_HAL_Driver/Src/stm32f1xx_hal_spi.c ****   if (hspi->Init.Direction == SPI_DIRECTION_1LINE)
1562:Drivers/STM32F1xx_HAL_Driver/Src/stm32f1xx_hal_spi.c ****   {
1563:Drivers/STM32F1xx_HAL_Driver/Src/stm32f1xx_hal_spi.c ****     /* Disable SPI Peripheral before set 1Line direction (BIDIOE bit) */
1564:Drivers/STM32F1xx_HAL_Driver/Src/stm32f1xx_hal_spi.c ****     __HAL_SPI_DISABLE(hspi);
1565:Drivers/STM32F1xx_HAL_Driver/Src/stm32f1xx_hal_spi.c ****     SPI_1LINE_RX(hspi);
1566:Drivers/STM32F1xx_HAL_Driver/Src/stm32f1xx_hal_spi.c ****   }
1567:Drivers/STM32F1xx_HAL_Driver/Src/stm32f1xx_hal_spi.c **** 
1568:Drivers/STM32F1xx_HAL_Driver/Src/stm32f1xx_hal_spi.c **** #if (USE_SPI_CRC != 0U)
1569:Drivers/STM32F1xx_HAL_Driver/Src/stm32f1xx_hal_spi.c ****   /* Reset CRC Calculation */
1570:Drivers/STM32F1xx_HAL_Driver/Src/stm32f1xx_hal_spi.c ****   if (hspi->Init.CRCCalculation == SPI_CRCCALCULATION_ENABLE)
1571:Drivers/STM32F1xx_HAL_Driver/Src/stm32f1xx_hal_spi.c ****   {
ARM GAS  C:\Users\zhmis\AppData\Local\Temp\ccgFfHBP.s 			page 29


1572:Drivers/STM32F1xx_HAL_Driver/Src/stm32f1xx_hal_spi.c ****     SPI_RESET_CRC(hspi);
1573:Drivers/STM32F1xx_HAL_Driver/Src/stm32f1xx_hal_spi.c ****   }
1574:Drivers/STM32F1xx_HAL_Driver/Src/stm32f1xx_hal_spi.c **** #endif /* USE_SPI_CRC */
1575:Drivers/STM32F1xx_HAL_Driver/Src/stm32f1xx_hal_spi.c **** 
1576:Drivers/STM32F1xx_HAL_Driver/Src/stm32f1xx_hal_spi.c ****   /* Enable TXE and ERR interrupt */
1577:Drivers/STM32F1xx_HAL_Driver/Src/stm32f1xx_hal_spi.c ****   __HAL_SPI_ENABLE_IT(hspi, (SPI_IT_RXNE | SPI_IT_ERR));
1578:Drivers/STM32F1xx_HAL_Driver/Src/stm32f1xx_hal_spi.c **** 
1579:Drivers/STM32F1xx_HAL_Driver/Src/stm32f1xx_hal_spi.c ****   /* Note : The SPI must be enabled after unlocking current process
1580:Drivers/STM32F1xx_HAL_Driver/Src/stm32f1xx_hal_spi.c ****             to avoid the risk of SPI interrupt handle execution before current
1581:Drivers/STM32F1xx_HAL_Driver/Src/stm32f1xx_hal_spi.c ****             process unlock */
1582:Drivers/STM32F1xx_HAL_Driver/Src/stm32f1xx_hal_spi.c **** 
1583:Drivers/STM32F1xx_HAL_Driver/Src/stm32f1xx_hal_spi.c ****   /* Check if the SPI is already enabled */
1584:Drivers/STM32F1xx_HAL_Driver/Src/stm32f1xx_hal_spi.c ****   if ((hspi->Instance->CR1 & SPI_CR1_SPE) != SPI_CR1_SPE)
1585:Drivers/STM32F1xx_HAL_Driver/Src/stm32f1xx_hal_spi.c ****   {
1586:Drivers/STM32F1xx_HAL_Driver/Src/stm32f1xx_hal_spi.c ****     /* Enable SPI peripheral */
1587:Drivers/STM32F1xx_HAL_Driver/Src/stm32f1xx_hal_spi.c ****     __HAL_SPI_ENABLE(hspi);
1588:Drivers/STM32F1xx_HAL_Driver/Src/stm32f1xx_hal_spi.c ****   }
1589:Drivers/STM32F1xx_HAL_Driver/Src/stm32f1xx_hal_spi.c **** 
1590:Drivers/STM32F1xx_HAL_Driver/Src/stm32f1xx_hal_spi.c **** error :
1591:Drivers/STM32F1xx_HAL_Driver/Src/stm32f1xx_hal_spi.c ****   /* Process Unlocked */
1592:Drivers/STM32F1xx_HAL_Driver/Src/stm32f1xx_hal_spi.c ****   __HAL_UNLOCK(hspi);
1593:Drivers/STM32F1xx_HAL_Driver/Src/stm32f1xx_hal_spi.c ****   return errorcode;
1594:Drivers/STM32F1xx_HAL_Driver/Src/stm32f1xx_hal_spi.c **** }
1595:Drivers/STM32F1xx_HAL_Driver/Src/stm32f1xx_hal_spi.c **** 
1596:Drivers/STM32F1xx_HAL_Driver/Src/stm32f1xx_hal_spi.c **** /**
1597:Drivers/STM32F1xx_HAL_Driver/Src/stm32f1xx_hal_spi.c ****   * @brief  Transmit and Receive an amount of data in non-blocking mode with Interrupt.
1598:Drivers/STM32F1xx_HAL_Driver/Src/stm32f1xx_hal_spi.c ****   * @param  hspi pointer to a SPI_HandleTypeDef structure that contains
1599:Drivers/STM32F1xx_HAL_Driver/Src/stm32f1xx_hal_spi.c ****   *               the configuration information for SPI module.
1600:Drivers/STM32F1xx_HAL_Driver/Src/stm32f1xx_hal_spi.c ****   * @param  pTxData pointer to transmission data buffer
1601:Drivers/STM32F1xx_HAL_Driver/Src/stm32f1xx_hal_spi.c ****   * @param  pRxData pointer to reception data buffer
1602:Drivers/STM32F1xx_HAL_Driver/Src/stm32f1xx_hal_spi.c ****   * @param  Size amount of data to be sent and received
1603:Drivers/STM32F1xx_HAL_Driver/Src/stm32f1xx_hal_spi.c ****   * @retval HAL status
1604:Drivers/STM32F1xx_HAL_Driver/Src/stm32f1xx_hal_spi.c ****   */
1605:Drivers/STM32F1xx_HAL_Driver/Src/stm32f1xx_hal_spi.c **** HAL_StatusTypeDef HAL_SPI_TransmitReceive_IT(SPI_HandleTypeDef *hspi, uint8_t *pTxData, uint8_t *pR
1606:Drivers/STM32F1xx_HAL_Driver/Src/stm32f1xx_hal_spi.c **** {
1607:Drivers/STM32F1xx_HAL_Driver/Src/stm32f1xx_hal_spi.c ****   uint32_t             tmp_mode;
1608:Drivers/STM32F1xx_HAL_Driver/Src/stm32f1xx_hal_spi.c ****   HAL_SPI_StateTypeDef tmp_state;
1609:Drivers/STM32F1xx_HAL_Driver/Src/stm32f1xx_hal_spi.c ****   HAL_StatusTypeDef    errorcode = HAL_OK;
1610:Drivers/STM32F1xx_HAL_Driver/Src/stm32f1xx_hal_spi.c **** 
1611:Drivers/STM32F1xx_HAL_Driver/Src/stm32f1xx_hal_spi.c ****   /* Check Direction parameter */
1612:Drivers/STM32F1xx_HAL_Driver/Src/stm32f1xx_hal_spi.c ****   assert_param(IS_SPI_DIRECTION_2LINES(hspi->Init.Direction));
1613:Drivers/STM32F1xx_HAL_Driver/Src/stm32f1xx_hal_spi.c **** 
1614:Drivers/STM32F1xx_HAL_Driver/Src/stm32f1xx_hal_spi.c ****   /* Process locked */
1615:Drivers/STM32F1xx_HAL_Driver/Src/stm32f1xx_hal_spi.c ****   __HAL_LOCK(hspi);
1616:Drivers/STM32F1xx_HAL_Driver/Src/stm32f1xx_hal_spi.c **** 
1617:Drivers/STM32F1xx_HAL_Driver/Src/stm32f1xx_hal_spi.c ****   /* Init temporary variables */
1618:Drivers/STM32F1xx_HAL_Driver/Src/stm32f1xx_hal_spi.c ****   tmp_state           = hspi->State;
1619:Drivers/STM32F1xx_HAL_Driver/Src/stm32f1xx_hal_spi.c ****   tmp_mode            = hspi->Init.Mode;
1620:Drivers/STM32F1xx_HAL_Driver/Src/stm32f1xx_hal_spi.c **** 
1621:Drivers/STM32F1xx_HAL_Driver/Src/stm32f1xx_hal_spi.c ****   if (!((tmp_state == HAL_SPI_STATE_READY) || \
1622:Drivers/STM32F1xx_HAL_Driver/Src/stm32f1xx_hal_spi.c ****         ((tmp_mode == SPI_MODE_MASTER) && (hspi->Init.Direction == SPI_DIRECTION_2LINES) && (tmp_st
1623:Drivers/STM32F1xx_HAL_Driver/Src/stm32f1xx_hal_spi.c ****   {
1624:Drivers/STM32F1xx_HAL_Driver/Src/stm32f1xx_hal_spi.c ****     errorcode = HAL_BUSY;
1625:Drivers/STM32F1xx_HAL_Driver/Src/stm32f1xx_hal_spi.c ****     goto error;
1626:Drivers/STM32F1xx_HAL_Driver/Src/stm32f1xx_hal_spi.c ****   }
1627:Drivers/STM32F1xx_HAL_Driver/Src/stm32f1xx_hal_spi.c **** 
1628:Drivers/STM32F1xx_HAL_Driver/Src/stm32f1xx_hal_spi.c ****   if ((pTxData == NULL) || (pRxData == NULL) || (Size == 0U))
ARM GAS  C:\Users\zhmis\AppData\Local\Temp\ccgFfHBP.s 			page 30


1629:Drivers/STM32F1xx_HAL_Driver/Src/stm32f1xx_hal_spi.c ****   {
1630:Drivers/STM32F1xx_HAL_Driver/Src/stm32f1xx_hal_spi.c ****     errorcode = HAL_ERROR;
1631:Drivers/STM32F1xx_HAL_Driver/Src/stm32f1xx_hal_spi.c ****     goto error;
1632:Drivers/STM32F1xx_HAL_Driver/Src/stm32f1xx_hal_spi.c ****   }
1633:Drivers/STM32F1xx_HAL_Driver/Src/stm32f1xx_hal_spi.c **** 
1634:Drivers/STM32F1xx_HAL_Driver/Src/stm32f1xx_hal_spi.c ****   /* Don't overwrite in case of HAL_SPI_STATE_BUSY_RX */
1635:Drivers/STM32F1xx_HAL_Driver/Src/stm32f1xx_hal_spi.c ****   if (hspi->State != HAL_SPI_STATE_BUSY_RX)
1636:Drivers/STM32F1xx_HAL_Driver/Src/stm32f1xx_hal_spi.c ****   {
1637:Drivers/STM32F1xx_HAL_Driver/Src/stm32f1xx_hal_spi.c ****     hspi->State = HAL_SPI_STATE_BUSY_TX_RX;
1638:Drivers/STM32F1xx_HAL_Driver/Src/stm32f1xx_hal_spi.c ****   }
1639:Drivers/STM32F1xx_HAL_Driver/Src/stm32f1xx_hal_spi.c **** 
1640:Drivers/STM32F1xx_HAL_Driver/Src/stm32f1xx_hal_spi.c ****   /* Set the transaction information */
1641:Drivers/STM32F1xx_HAL_Driver/Src/stm32f1xx_hal_spi.c ****   hspi->ErrorCode   = HAL_SPI_ERROR_NONE;
1642:Drivers/STM32F1xx_HAL_Driver/Src/stm32f1xx_hal_spi.c ****   hspi->pTxBuffPtr  = (uint8_t *)pTxData;
1643:Drivers/STM32F1xx_HAL_Driver/Src/stm32f1xx_hal_spi.c ****   hspi->TxXferSize  = Size;
1644:Drivers/STM32F1xx_HAL_Driver/Src/stm32f1xx_hal_spi.c ****   hspi->TxXferCount = Size;
1645:Drivers/STM32F1xx_HAL_Driver/Src/stm32f1xx_hal_spi.c ****   hspi->pRxBuffPtr  = (uint8_t *)pRxData;
1646:Drivers/STM32F1xx_HAL_Driver/Src/stm32f1xx_hal_spi.c ****   hspi->RxXferSize  = Size;
1647:Drivers/STM32F1xx_HAL_Driver/Src/stm32f1xx_hal_spi.c ****   hspi->RxXferCount = Size;
1648:Drivers/STM32F1xx_HAL_Driver/Src/stm32f1xx_hal_spi.c **** 
1649:Drivers/STM32F1xx_HAL_Driver/Src/stm32f1xx_hal_spi.c ****   /* Set the function for IT treatment */
1650:Drivers/STM32F1xx_HAL_Driver/Src/stm32f1xx_hal_spi.c ****   if (hspi->Init.DataSize > SPI_DATASIZE_8BIT)
1651:Drivers/STM32F1xx_HAL_Driver/Src/stm32f1xx_hal_spi.c ****   {
1652:Drivers/STM32F1xx_HAL_Driver/Src/stm32f1xx_hal_spi.c ****     hspi->RxISR     = SPI_2linesRxISR_16BIT;
1653:Drivers/STM32F1xx_HAL_Driver/Src/stm32f1xx_hal_spi.c ****     hspi->TxISR     = SPI_2linesTxISR_16BIT;
1654:Drivers/STM32F1xx_HAL_Driver/Src/stm32f1xx_hal_spi.c ****   }
1655:Drivers/STM32F1xx_HAL_Driver/Src/stm32f1xx_hal_spi.c ****   else
1656:Drivers/STM32F1xx_HAL_Driver/Src/stm32f1xx_hal_spi.c ****   {
1657:Drivers/STM32F1xx_HAL_Driver/Src/stm32f1xx_hal_spi.c ****     hspi->RxISR     = SPI_2linesRxISR_8BIT;
1658:Drivers/STM32F1xx_HAL_Driver/Src/stm32f1xx_hal_spi.c ****     hspi->TxISR     = SPI_2linesTxISR_8BIT;
1659:Drivers/STM32F1xx_HAL_Driver/Src/stm32f1xx_hal_spi.c ****   }
1660:Drivers/STM32F1xx_HAL_Driver/Src/stm32f1xx_hal_spi.c **** 
1661:Drivers/STM32F1xx_HAL_Driver/Src/stm32f1xx_hal_spi.c **** #if (USE_SPI_CRC != 0U)
1662:Drivers/STM32F1xx_HAL_Driver/Src/stm32f1xx_hal_spi.c ****   /* Reset CRC Calculation */
1663:Drivers/STM32F1xx_HAL_Driver/Src/stm32f1xx_hal_spi.c ****   if (hspi->Init.CRCCalculation == SPI_CRCCALCULATION_ENABLE)
1664:Drivers/STM32F1xx_HAL_Driver/Src/stm32f1xx_hal_spi.c ****   {
1665:Drivers/STM32F1xx_HAL_Driver/Src/stm32f1xx_hal_spi.c ****     SPI_RESET_CRC(hspi);
1666:Drivers/STM32F1xx_HAL_Driver/Src/stm32f1xx_hal_spi.c ****   }
1667:Drivers/STM32F1xx_HAL_Driver/Src/stm32f1xx_hal_spi.c **** #endif /* USE_SPI_CRC */
1668:Drivers/STM32F1xx_HAL_Driver/Src/stm32f1xx_hal_spi.c **** 
1669:Drivers/STM32F1xx_HAL_Driver/Src/stm32f1xx_hal_spi.c ****   /* Enable TXE, RXNE and ERR interrupt */
1670:Drivers/STM32F1xx_HAL_Driver/Src/stm32f1xx_hal_spi.c ****   __HAL_SPI_ENABLE_IT(hspi, (SPI_IT_TXE | SPI_IT_RXNE | SPI_IT_ERR));
1671:Drivers/STM32F1xx_HAL_Driver/Src/stm32f1xx_hal_spi.c **** 
1672:Drivers/STM32F1xx_HAL_Driver/Src/stm32f1xx_hal_spi.c ****   /* Check if the SPI is already enabled */
1673:Drivers/STM32F1xx_HAL_Driver/Src/stm32f1xx_hal_spi.c ****   if ((hspi->Instance->CR1 & SPI_CR1_SPE) != SPI_CR1_SPE)
1674:Drivers/STM32F1xx_HAL_Driver/Src/stm32f1xx_hal_spi.c ****   {
1675:Drivers/STM32F1xx_HAL_Driver/Src/stm32f1xx_hal_spi.c ****     /* Enable SPI peripheral */
1676:Drivers/STM32F1xx_HAL_Driver/Src/stm32f1xx_hal_spi.c ****     __HAL_SPI_ENABLE(hspi);
1677:Drivers/STM32F1xx_HAL_Driver/Src/stm32f1xx_hal_spi.c ****   }
1678:Drivers/STM32F1xx_HAL_Driver/Src/stm32f1xx_hal_spi.c **** 
1679:Drivers/STM32F1xx_HAL_Driver/Src/stm32f1xx_hal_spi.c **** error :
1680:Drivers/STM32F1xx_HAL_Driver/Src/stm32f1xx_hal_spi.c ****   /* Process Unlocked */
1681:Drivers/STM32F1xx_HAL_Driver/Src/stm32f1xx_hal_spi.c ****   __HAL_UNLOCK(hspi);
1682:Drivers/STM32F1xx_HAL_Driver/Src/stm32f1xx_hal_spi.c ****   return errorcode;
1683:Drivers/STM32F1xx_HAL_Driver/Src/stm32f1xx_hal_spi.c **** }
1684:Drivers/STM32F1xx_HAL_Driver/Src/stm32f1xx_hal_spi.c **** 
1685:Drivers/STM32F1xx_HAL_Driver/Src/stm32f1xx_hal_spi.c **** /**
ARM GAS  C:\Users\zhmis\AppData\Local\Temp\ccgFfHBP.s 			page 31


1686:Drivers/STM32F1xx_HAL_Driver/Src/stm32f1xx_hal_spi.c ****   * @brief  Transmit an amount of data in non-blocking mode with DMA.
1687:Drivers/STM32F1xx_HAL_Driver/Src/stm32f1xx_hal_spi.c ****   * @param  hspi pointer to a SPI_HandleTypeDef structure that contains
1688:Drivers/STM32F1xx_HAL_Driver/Src/stm32f1xx_hal_spi.c ****   *               the configuration information for SPI module.
1689:Drivers/STM32F1xx_HAL_Driver/Src/stm32f1xx_hal_spi.c ****   * @param  pData pointer to data buffer
1690:Drivers/STM32F1xx_HAL_Driver/Src/stm32f1xx_hal_spi.c ****   * @param  Size amount of data to be sent
1691:Drivers/STM32F1xx_HAL_Driver/Src/stm32f1xx_hal_spi.c ****   * @retval HAL status
1692:Drivers/STM32F1xx_HAL_Driver/Src/stm32f1xx_hal_spi.c ****   */
1693:Drivers/STM32F1xx_HAL_Driver/Src/stm32f1xx_hal_spi.c **** HAL_StatusTypeDef HAL_SPI_Transmit_DMA(SPI_HandleTypeDef *hspi, uint8_t *pData, uint16_t Size)
1694:Drivers/STM32F1xx_HAL_Driver/Src/stm32f1xx_hal_spi.c **** {
1695:Drivers/STM32F1xx_HAL_Driver/Src/stm32f1xx_hal_spi.c ****   HAL_StatusTypeDef errorcode = HAL_OK;
1696:Drivers/STM32F1xx_HAL_Driver/Src/stm32f1xx_hal_spi.c **** 
1697:Drivers/STM32F1xx_HAL_Driver/Src/stm32f1xx_hal_spi.c ****   /* Check tx dma handle */
1698:Drivers/STM32F1xx_HAL_Driver/Src/stm32f1xx_hal_spi.c ****   assert_param(IS_SPI_DMA_HANDLE(hspi->hdmatx));
1699:Drivers/STM32F1xx_HAL_Driver/Src/stm32f1xx_hal_spi.c **** 
1700:Drivers/STM32F1xx_HAL_Driver/Src/stm32f1xx_hal_spi.c ****   /* Check Direction parameter */
1701:Drivers/STM32F1xx_HAL_Driver/Src/stm32f1xx_hal_spi.c ****   assert_param(IS_SPI_DIRECTION_2LINES_OR_1LINE(hspi->Init.Direction));
1702:Drivers/STM32F1xx_HAL_Driver/Src/stm32f1xx_hal_spi.c **** 
1703:Drivers/STM32F1xx_HAL_Driver/Src/stm32f1xx_hal_spi.c ****   /* Process Locked */
1704:Drivers/STM32F1xx_HAL_Driver/Src/stm32f1xx_hal_spi.c ****   __HAL_LOCK(hspi);
1705:Drivers/STM32F1xx_HAL_Driver/Src/stm32f1xx_hal_spi.c **** 
1706:Drivers/STM32F1xx_HAL_Driver/Src/stm32f1xx_hal_spi.c ****   if (hspi->State != HAL_SPI_STATE_READY)
1707:Drivers/STM32F1xx_HAL_Driver/Src/stm32f1xx_hal_spi.c ****   {
1708:Drivers/STM32F1xx_HAL_Driver/Src/stm32f1xx_hal_spi.c ****     errorcode = HAL_BUSY;
1709:Drivers/STM32F1xx_HAL_Driver/Src/stm32f1xx_hal_spi.c ****     goto error;
1710:Drivers/STM32F1xx_HAL_Driver/Src/stm32f1xx_hal_spi.c ****   }
1711:Drivers/STM32F1xx_HAL_Driver/Src/stm32f1xx_hal_spi.c **** 
1712:Drivers/STM32F1xx_HAL_Driver/Src/stm32f1xx_hal_spi.c ****   if ((pData == NULL) || (Size == 0U))
1713:Drivers/STM32F1xx_HAL_Driver/Src/stm32f1xx_hal_spi.c ****   {
1714:Drivers/STM32F1xx_HAL_Driver/Src/stm32f1xx_hal_spi.c ****     errorcode = HAL_ERROR;
1715:Drivers/STM32F1xx_HAL_Driver/Src/stm32f1xx_hal_spi.c ****     goto error;
1716:Drivers/STM32F1xx_HAL_Driver/Src/stm32f1xx_hal_spi.c ****   }
1717:Drivers/STM32F1xx_HAL_Driver/Src/stm32f1xx_hal_spi.c **** 
1718:Drivers/STM32F1xx_HAL_Driver/Src/stm32f1xx_hal_spi.c ****   /* Set the transaction information */
1719:Drivers/STM32F1xx_HAL_Driver/Src/stm32f1xx_hal_spi.c ****   hspi->State       = HAL_SPI_STATE_BUSY_TX;
1720:Drivers/STM32F1xx_HAL_Driver/Src/stm32f1xx_hal_spi.c ****   hspi->ErrorCode   = HAL_SPI_ERROR_NONE;
1721:Drivers/STM32F1xx_HAL_Driver/Src/stm32f1xx_hal_spi.c ****   hspi->pTxBuffPtr  = (uint8_t *)pData;
1722:Drivers/STM32F1xx_HAL_Driver/Src/stm32f1xx_hal_spi.c ****   hspi->TxXferSize  = Size;
1723:Drivers/STM32F1xx_HAL_Driver/Src/stm32f1xx_hal_spi.c ****   hspi->TxXferCount = Size;
1724:Drivers/STM32F1xx_HAL_Driver/Src/stm32f1xx_hal_spi.c **** 
1725:Drivers/STM32F1xx_HAL_Driver/Src/stm32f1xx_hal_spi.c ****   /* Init field not used in handle to zero */
1726:Drivers/STM32F1xx_HAL_Driver/Src/stm32f1xx_hal_spi.c ****   hspi->pRxBuffPtr  = (uint8_t *)NULL;
1727:Drivers/STM32F1xx_HAL_Driver/Src/stm32f1xx_hal_spi.c ****   hspi->TxISR       = NULL;
1728:Drivers/STM32F1xx_HAL_Driver/Src/stm32f1xx_hal_spi.c ****   hspi->RxISR       = NULL;
1729:Drivers/STM32F1xx_HAL_Driver/Src/stm32f1xx_hal_spi.c ****   hspi->RxXferSize  = 0U;
1730:Drivers/STM32F1xx_HAL_Driver/Src/stm32f1xx_hal_spi.c ****   hspi->RxXferCount = 0U;
1731:Drivers/STM32F1xx_HAL_Driver/Src/stm32f1xx_hal_spi.c **** 
1732:Drivers/STM32F1xx_HAL_Driver/Src/stm32f1xx_hal_spi.c ****   /* Configure communication direction : 1Line */
1733:Drivers/STM32F1xx_HAL_Driver/Src/stm32f1xx_hal_spi.c ****   if (hspi->Init.Direction == SPI_DIRECTION_1LINE)
1734:Drivers/STM32F1xx_HAL_Driver/Src/stm32f1xx_hal_spi.c ****   {
1735:Drivers/STM32F1xx_HAL_Driver/Src/stm32f1xx_hal_spi.c ****     /* Disable SPI Peripheral before set 1Line direction (BIDIOE bit) */
1736:Drivers/STM32F1xx_HAL_Driver/Src/stm32f1xx_hal_spi.c ****     __HAL_SPI_DISABLE(hspi);
1737:Drivers/STM32F1xx_HAL_Driver/Src/stm32f1xx_hal_spi.c ****     SPI_1LINE_TX(hspi);
1738:Drivers/STM32F1xx_HAL_Driver/Src/stm32f1xx_hal_spi.c ****   }
1739:Drivers/STM32F1xx_HAL_Driver/Src/stm32f1xx_hal_spi.c **** 
1740:Drivers/STM32F1xx_HAL_Driver/Src/stm32f1xx_hal_spi.c **** #if (USE_SPI_CRC != 0U)
1741:Drivers/STM32F1xx_HAL_Driver/Src/stm32f1xx_hal_spi.c ****   /* Reset CRC Calculation */
1742:Drivers/STM32F1xx_HAL_Driver/Src/stm32f1xx_hal_spi.c ****   if (hspi->Init.CRCCalculation == SPI_CRCCALCULATION_ENABLE)
ARM GAS  C:\Users\zhmis\AppData\Local\Temp\ccgFfHBP.s 			page 32


1743:Drivers/STM32F1xx_HAL_Driver/Src/stm32f1xx_hal_spi.c ****   {
1744:Drivers/STM32F1xx_HAL_Driver/Src/stm32f1xx_hal_spi.c ****     SPI_RESET_CRC(hspi);
1745:Drivers/STM32F1xx_HAL_Driver/Src/stm32f1xx_hal_spi.c ****   }
1746:Drivers/STM32F1xx_HAL_Driver/Src/stm32f1xx_hal_spi.c **** #endif /* USE_SPI_CRC */
1747:Drivers/STM32F1xx_HAL_Driver/Src/stm32f1xx_hal_spi.c **** 
1748:Drivers/STM32F1xx_HAL_Driver/Src/stm32f1xx_hal_spi.c ****   /* Set the SPI TxDMA Half transfer complete callback */
1749:Drivers/STM32F1xx_HAL_Driver/Src/stm32f1xx_hal_spi.c ****   hspi->hdmatx->XferHalfCpltCallback = SPI_DMAHalfTransmitCplt;
1750:Drivers/STM32F1xx_HAL_Driver/Src/stm32f1xx_hal_spi.c **** 
1751:Drivers/STM32F1xx_HAL_Driver/Src/stm32f1xx_hal_spi.c ****   /* Set the SPI TxDMA transfer complete callback */
1752:Drivers/STM32F1xx_HAL_Driver/Src/stm32f1xx_hal_spi.c ****   hspi->hdmatx->XferCpltCallback = SPI_DMATransmitCplt;
1753:Drivers/STM32F1xx_HAL_Driver/Src/stm32f1xx_hal_spi.c **** 
1754:Drivers/STM32F1xx_HAL_Driver/Src/stm32f1xx_hal_spi.c ****   /* Set the DMA error callback */
1755:Drivers/STM32F1xx_HAL_Driver/Src/stm32f1xx_hal_spi.c ****   hspi->hdmatx->XferErrorCallback = SPI_DMAError;
1756:Drivers/STM32F1xx_HAL_Driver/Src/stm32f1xx_hal_spi.c **** 
1757:Drivers/STM32F1xx_HAL_Driver/Src/stm32f1xx_hal_spi.c ****   /* Set the DMA AbortCpltCallback */
1758:Drivers/STM32F1xx_HAL_Driver/Src/stm32f1xx_hal_spi.c ****   hspi->hdmatx->XferAbortCallback = NULL;
1759:Drivers/STM32F1xx_HAL_Driver/Src/stm32f1xx_hal_spi.c **** 
1760:Drivers/STM32F1xx_HAL_Driver/Src/stm32f1xx_hal_spi.c ****   /* Enable the Tx DMA Stream/Channel */
1761:Drivers/STM32F1xx_HAL_Driver/Src/stm32f1xx_hal_spi.c ****   if (HAL_OK != HAL_DMA_Start_IT(hspi->hdmatx, (uint32_t)hspi->pTxBuffPtr, (uint32_t)&hspi->Instanc
1762:Drivers/STM32F1xx_HAL_Driver/Src/stm32f1xx_hal_spi.c ****                                  hspi->TxXferCount))
1763:Drivers/STM32F1xx_HAL_Driver/Src/stm32f1xx_hal_spi.c ****   {
1764:Drivers/STM32F1xx_HAL_Driver/Src/stm32f1xx_hal_spi.c ****     /* Update SPI error code */
1765:Drivers/STM32F1xx_HAL_Driver/Src/stm32f1xx_hal_spi.c ****     SET_BIT(hspi->ErrorCode, HAL_SPI_ERROR_DMA);
1766:Drivers/STM32F1xx_HAL_Driver/Src/stm32f1xx_hal_spi.c ****     errorcode = HAL_ERROR;
1767:Drivers/STM32F1xx_HAL_Driver/Src/stm32f1xx_hal_spi.c **** 
1768:Drivers/STM32F1xx_HAL_Driver/Src/stm32f1xx_hal_spi.c ****     goto error;
1769:Drivers/STM32F1xx_HAL_Driver/Src/stm32f1xx_hal_spi.c ****   }
1770:Drivers/STM32F1xx_HAL_Driver/Src/stm32f1xx_hal_spi.c **** 
1771:Drivers/STM32F1xx_HAL_Driver/Src/stm32f1xx_hal_spi.c ****   /* Check if the SPI is already enabled */
1772:Drivers/STM32F1xx_HAL_Driver/Src/stm32f1xx_hal_spi.c ****   if ((hspi->Instance->CR1 & SPI_CR1_SPE) != SPI_CR1_SPE)
1773:Drivers/STM32F1xx_HAL_Driver/Src/stm32f1xx_hal_spi.c ****   {
1774:Drivers/STM32F1xx_HAL_Driver/Src/stm32f1xx_hal_spi.c ****     /* Enable SPI peripheral */
1775:Drivers/STM32F1xx_HAL_Driver/Src/stm32f1xx_hal_spi.c ****     __HAL_SPI_ENABLE(hspi);
1776:Drivers/STM32F1xx_HAL_Driver/Src/stm32f1xx_hal_spi.c ****   }
1777:Drivers/STM32F1xx_HAL_Driver/Src/stm32f1xx_hal_spi.c **** 
1778:Drivers/STM32F1xx_HAL_Driver/Src/stm32f1xx_hal_spi.c ****   /* Enable the SPI Error Interrupt Bit */
1779:Drivers/STM32F1xx_HAL_Driver/Src/stm32f1xx_hal_spi.c ****   __HAL_SPI_ENABLE_IT(hspi, (SPI_IT_ERR));
1780:Drivers/STM32F1xx_HAL_Driver/Src/stm32f1xx_hal_spi.c **** 
1781:Drivers/STM32F1xx_HAL_Driver/Src/stm32f1xx_hal_spi.c ****   /* Enable Tx DMA Request */
1782:Drivers/STM32F1xx_HAL_Driver/Src/stm32f1xx_hal_spi.c ****   SET_BIT(hspi->Instance->CR2, SPI_CR2_TXDMAEN);
1783:Drivers/STM32F1xx_HAL_Driver/Src/stm32f1xx_hal_spi.c **** 
1784:Drivers/STM32F1xx_HAL_Driver/Src/stm32f1xx_hal_spi.c **** error :
1785:Drivers/STM32F1xx_HAL_Driver/Src/stm32f1xx_hal_spi.c ****   /* Process Unlocked */
1786:Drivers/STM32F1xx_HAL_Driver/Src/stm32f1xx_hal_spi.c ****   __HAL_UNLOCK(hspi);
1787:Drivers/STM32F1xx_HAL_Driver/Src/stm32f1xx_hal_spi.c ****   return errorcode;
1788:Drivers/STM32F1xx_HAL_Driver/Src/stm32f1xx_hal_spi.c **** }
1789:Drivers/STM32F1xx_HAL_Driver/Src/stm32f1xx_hal_spi.c **** 
1790:Drivers/STM32F1xx_HAL_Driver/Src/stm32f1xx_hal_spi.c **** /**
1791:Drivers/STM32F1xx_HAL_Driver/Src/stm32f1xx_hal_spi.c ****   * @brief  Receive an amount of data in non-blocking mode with DMA.
1792:Drivers/STM32F1xx_HAL_Driver/Src/stm32f1xx_hal_spi.c ****   * @note   In case of MASTER mode and SPI_DIRECTION_2LINES direction, hdmatx shall be defined.
1793:Drivers/STM32F1xx_HAL_Driver/Src/stm32f1xx_hal_spi.c ****   * @param  hspi pointer to a SPI_HandleTypeDef structure that contains
1794:Drivers/STM32F1xx_HAL_Driver/Src/stm32f1xx_hal_spi.c ****   *               the configuration information for SPI module.
1795:Drivers/STM32F1xx_HAL_Driver/Src/stm32f1xx_hal_spi.c ****   * @param  pData pointer to data buffer
1796:Drivers/STM32F1xx_HAL_Driver/Src/stm32f1xx_hal_spi.c ****   * @note   When the CRC feature is enabled the pData Length must be Size + 1.
1797:Drivers/STM32F1xx_HAL_Driver/Src/stm32f1xx_hal_spi.c ****   * @param  Size amount of data to be sent
1798:Drivers/STM32F1xx_HAL_Driver/Src/stm32f1xx_hal_spi.c ****   * @retval HAL status
1799:Drivers/STM32F1xx_HAL_Driver/Src/stm32f1xx_hal_spi.c ****   */
ARM GAS  C:\Users\zhmis\AppData\Local\Temp\ccgFfHBP.s 			page 33


1800:Drivers/STM32F1xx_HAL_Driver/Src/stm32f1xx_hal_spi.c **** HAL_StatusTypeDef HAL_SPI_Receive_DMA(SPI_HandleTypeDef *hspi, uint8_t *pData, uint16_t Size)
1801:Drivers/STM32F1xx_HAL_Driver/Src/stm32f1xx_hal_spi.c **** {
1802:Drivers/STM32F1xx_HAL_Driver/Src/stm32f1xx_hal_spi.c ****   HAL_StatusTypeDef errorcode = HAL_OK;
1803:Drivers/STM32F1xx_HAL_Driver/Src/stm32f1xx_hal_spi.c **** 
1804:Drivers/STM32F1xx_HAL_Driver/Src/stm32f1xx_hal_spi.c ****   /* Check rx dma handle */
1805:Drivers/STM32F1xx_HAL_Driver/Src/stm32f1xx_hal_spi.c ****   assert_param(IS_SPI_DMA_HANDLE(hspi->hdmarx));
1806:Drivers/STM32F1xx_HAL_Driver/Src/stm32f1xx_hal_spi.c ****   
1807:Drivers/STM32F1xx_HAL_Driver/Src/stm32f1xx_hal_spi.c ****   if (hspi->State != HAL_SPI_STATE_READY)
1808:Drivers/STM32F1xx_HAL_Driver/Src/stm32f1xx_hal_spi.c ****   {
1809:Drivers/STM32F1xx_HAL_Driver/Src/stm32f1xx_hal_spi.c ****     errorcode = HAL_BUSY;
1810:Drivers/STM32F1xx_HAL_Driver/Src/stm32f1xx_hal_spi.c ****     goto error;
1811:Drivers/STM32F1xx_HAL_Driver/Src/stm32f1xx_hal_spi.c ****   }
1812:Drivers/STM32F1xx_HAL_Driver/Src/stm32f1xx_hal_spi.c ****   
1813:Drivers/STM32F1xx_HAL_Driver/Src/stm32f1xx_hal_spi.c ****   if ((hspi->Init.Direction == SPI_DIRECTION_2LINES) && (hspi->Init.Mode == SPI_MODE_MASTER))
1814:Drivers/STM32F1xx_HAL_Driver/Src/stm32f1xx_hal_spi.c ****   {
1815:Drivers/STM32F1xx_HAL_Driver/Src/stm32f1xx_hal_spi.c ****     hspi->State = HAL_SPI_STATE_BUSY_RX;
1816:Drivers/STM32F1xx_HAL_Driver/Src/stm32f1xx_hal_spi.c **** 
1817:Drivers/STM32F1xx_HAL_Driver/Src/stm32f1xx_hal_spi.c ****     /* Check tx dma handle */
1818:Drivers/STM32F1xx_HAL_Driver/Src/stm32f1xx_hal_spi.c ****     assert_param(IS_SPI_DMA_HANDLE(hspi->hdmatx));
1819:Drivers/STM32F1xx_HAL_Driver/Src/stm32f1xx_hal_spi.c **** 
1820:Drivers/STM32F1xx_HAL_Driver/Src/stm32f1xx_hal_spi.c ****     /* Call transmit-receive function to send Dummy data on Tx line and generate clock on CLK line 
1821:Drivers/STM32F1xx_HAL_Driver/Src/stm32f1xx_hal_spi.c ****     return HAL_SPI_TransmitReceive_DMA(hspi, pData, pData, Size);
1822:Drivers/STM32F1xx_HAL_Driver/Src/stm32f1xx_hal_spi.c ****   }
1823:Drivers/STM32F1xx_HAL_Driver/Src/stm32f1xx_hal_spi.c **** 
1824:Drivers/STM32F1xx_HAL_Driver/Src/stm32f1xx_hal_spi.c ****   /* Process Locked */
1825:Drivers/STM32F1xx_HAL_Driver/Src/stm32f1xx_hal_spi.c ****   __HAL_LOCK(hspi);
1826:Drivers/STM32F1xx_HAL_Driver/Src/stm32f1xx_hal_spi.c **** 
1827:Drivers/STM32F1xx_HAL_Driver/Src/stm32f1xx_hal_spi.c ****   if ((pData == NULL) || (Size == 0U))
1828:Drivers/STM32F1xx_HAL_Driver/Src/stm32f1xx_hal_spi.c ****   {
1829:Drivers/STM32F1xx_HAL_Driver/Src/stm32f1xx_hal_spi.c ****     errorcode = HAL_ERROR;
1830:Drivers/STM32F1xx_HAL_Driver/Src/stm32f1xx_hal_spi.c ****     goto error;
1831:Drivers/STM32F1xx_HAL_Driver/Src/stm32f1xx_hal_spi.c ****   }
1832:Drivers/STM32F1xx_HAL_Driver/Src/stm32f1xx_hal_spi.c **** 
1833:Drivers/STM32F1xx_HAL_Driver/Src/stm32f1xx_hal_spi.c ****   /* Set the transaction information */
1834:Drivers/STM32F1xx_HAL_Driver/Src/stm32f1xx_hal_spi.c ****   hspi->State       = HAL_SPI_STATE_BUSY_RX;
1835:Drivers/STM32F1xx_HAL_Driver/Src/stm32f1xx_hal_spi.c ****   hspi->ErrorCode   = HAL_SPI_ERROR_NONE;
1836:Drivers/STM32F1xx_HAL_Driver/Src/stm32f1xx_hal_spi.c ****   hspi->pRxBuffPtr  = (uint8_t *)pData;
1837:Drivers/STM32F1xx_HAL_Driver/Src/stm32f1xx_hal_spi.c ****   hspi->RxXferSize  = Size;
1838:Drivers/STM32F1xx_HAL_Driver/Src/stm32f1xx_hal_spi.c ****   hspi->RxXferCount = Size;
1839:Drivers/STM32F1xx_HAL_Driver/Src/stm32f1xx_hal_spi.c **** 
1840:Drivers/STM32F1xx_HAL_Driver/Src/stm32f1xx_hal_spi.c ****   /*Init field not used in handle to zero */
1841:Drivers/STM32F1xx_HAL_Driver/Src/stm32f1xx_hal_spi.c ****   hspi->RxISR       = NULL;
1842:Drivers/STM32F1xx_HAL_Driver/Src/stm32f1xx_hal_spi.c ****   hspi->TxISR       = NULL;
1843:Drivers/STM32F1xx_HAL_Driver/Src/stm32f1xx_hal_spi.c ****   hspi->TxXferSize  = 0U;
1844:Drivers/STM32F1xx_HAL_Driver/Src/stm32f1xx_hal_spi.c ****   hspi->TxXferCount = 0U;
1845:Drivers/STM32F1xx_HAL_Driver/Src/stm32f1xx_hal_spi.c **** 
1846:Drivers/STM32F1xx_HAL_Driver/Src/stm32f1xx_hal_spi.c ****   /* Configure communication direction : 1Line */
1847:Drivers/STM32F1xx_HAL_Driver/Src/stm32f1xx_hal_spi.c ****   if (hspi->Init.Direction == SPI_DIRECTION_1LINE)
1848:Drivers/STM32F1xx_HAL_Driver/Src/stm32f1xx_hal_spi.c ****   {
1849:Drivers/STM32F1xx_HAL_Driver/Src/stm32f1xx_hal_spi.c ****     /* Disable SPI Peripheral before set 1Line direction (BIDIOE bit) */
1850:Drivers/STM32F1xx_HAL_Driver/Src/stm32f1xx_hal_spi.c ****     __HAL_SPI_DISABLE(hspi);
1851:Drivers/STM32F1xx_HAL_Driver/Src/stm32f1xx_hal_spi.c ****     SPI_1LINE_RX(hspi);
1852:Drivers/STM32F1xx_HAL_Driver/Src/stm32f1xx_hal_spi.c ****   }
1853:Drivers/STM32F1xx_HAL_Driver/Src/stm32f1xx_hal_spi.c **** 
1854:Drivers/STM32F1xx_HAL_Driver/Src/stm32f1xx_hal_spi.c **** #if (USE_SPI_CRC != 0U)
1855:Drivers/STM32F1xx_HAL_Driver/Src/stm32f1xx_hal_spi.c ****   /* Reset CRC Calculation */
1856:Drivers/STM32F1xx_HAL_Driver/Src/stm32f1xx_hal_spi.c ****   if (hspi->Init.CRCCalculation == SPI_CRCCALCULATION_ENABLE)
ARM GAS  C:\Users\zhmis\AppData\Local\Temp\ccgFfHBP.s 			page 34


1857:Drivers/STM32F1xx_HAL_Driver/Src/stm32f1xx_hal_spi.c ****   {
1858:Drivers/STM32F1xx_HAL_Driver/Src/stm32f1xx_hal_spi.c ****     SPI_RESET_CRC(hspi);
1859:Drivers/STM32F1xx_HAL_Driver/Src/stm32f1xx_hal_spi.c ****   }
1860:Drivers/STM32F1xx_HAL_Driver/Src/stm32f1xx_hal_spi.c **** #endif /* USE_SPI_CRC */
1861:Drivers/STM32F1xx_HAL_Driver/Src/stm32f1xx_hal_spi.c **** 
1862:Drivers/STM32F1xx_HAL_Driver/Src/stm32f1xx_hal_spi.c ****   /* Set the SPI RxDMA Half transfer complete callback */
1863:Drivers/STM32F1xx_HAL_Driver/Src/stm32f1xx_hal_spi.c ****   hspi->hdmarx->XferHalfCpltCallback = SPI_DMAHalfReceiveCplt;
1864:Drivers/STM32F1xx_HAL_Driver/Src/stm32f1xx_hal_spi.c **** 
1865:Drivers/STM32F1xx_HAL_Driver/Src/stm32f1xx_hal_spi.c ****   /* Set the SPI Rx DMA transfer complete callback */
1866:Drivers/STM32F1xx_HAL_Driver/Src/stm32f1xx_hal_spi.c ****   hspi->hdmarx->XferCpltCallback = SPI_DMAReceiveCplt;
1867:Drivers/STM32F1xx_HAL_Driver/Src/stm32f1xx_hal_spi.c **** 
1868:Drivers/STM32F1xx_HAL_Driver/Src/stm32f1xx_hal_spi.c ****   /* Set the DMA error callback */
1869:Drivers/STM32F1xx_HAL_Driver/Src/stm32f1xx_hal_spi.c ****   hspi->hdmarx->XferErrorCallback = SPI_DMAError;
1870:Drivers/STM32F1xx_HAL_Driver/Src/stm32f1xx_hal_spi.c **** 
1871:Drivers/STM32F1xx_HAL_Driver/Src/stm32f1xx_hal_spi.c ****   /* Set the DMA AbortCpltCallback */
1872:Drivers/STM32F1xx_HAL_Driver/Src/stm32f1xx_hal_spi.c ****   hspi->hdmarx->XferAbortCallback = NULL;
1873:Drivers/STM32F1xx_HAL_Driver/Src/stm32f1xx_hal_spi.c **** 
1874:Drivers/STM32F1xx_HAL_Driver/Src/stm32f1xx_hal_spi.c ****   /* Enable the Rx DMA Stream/Channel  */
1875:Drivers/STM32F1xx_HAL_Driver/Src/stm32f1xx_hal_spi.c ****   if (HAL_OK != HAL_DMA_Start_IT(hspi->hdmarx, (uint32_t)&hspi->Instance->DR, (uint32_t)hspi->pRxBu
1876:Drivers/STM32F1xx_HAL_Driver/Src/stm32f1xx_hal_spi.c ****                                  hspi->RxXferCount))
1877:Drivers/STM32F1xx_HAL_Driver/Src/stm32f1xx_hal_spi.c ****   {
1878:Drivers/STM32F1xx_HAL_Driver/Src/stm32f1xx_hal_spi.c ****     /* Update SPI error code */
1879:Drivers/STM32F1xx_HAL_Driver/Src/stm32f1xx_hal_spi.c ****     SET_BIT(hspi->ErrorCode, HAL_SPI_ERROR_DMA);
1880:Drivers/STM32F1xx_HAL_Driver/Src/stm32f1xx_hal_spi.c ****     errorcode = HAL_ERROR;
1881:Drivers/STM32F1xx_HAL_Driver/Src/stm32f1xx_hal_spi.c **** 
1882:Drivers/STM32F1xx_HAL_Driver/Src/stm32f1xx_hal_spi.c ****     goto error;
1883:Drivers/STM32F1xx_HAL_Driver/Src/stm32f1xx_hal_spi.c ****   }
1884:Drivers/STM32F1xx_HAL_Driver/Src/stm32f1xx_hal_spi.c **** 
1885:Drivers/STM32F1xx_HAL_Driver/Src/stm32f1xx_hal_spi.c ****   /* Check if the SPI is already enabled */
1886:Drivers/STM32F1xx_HAL_Driver/Src/stm32f1xx_hal_spi.c ****   if ((hspi->Instance->CR1 & SPI_CR1_SPE) != SPI_CR1_SPE)
1887:Drivers/STM32F1xx_HAL_Driver/Src/stm32f1xx_hal_spi.c ****   {
1888:Drivers/STM32F1xx_HAL_Driver/Src/stm32f1xx_hal_spi.c ****     /* Enable SPI peripheral */
1889:Drivers/STM32F1xx_HAL_Driver/Src/stm32f1xx_hal_spi.c ****     __HAL_SPI_ENABLE(hspi);
1890:Drivers/STM32F1xx_HAL_Driver/Src/stm32f1xx_hal_spi.c ****   }
1891:Drivers/STM32F1xx_HAL_Driver/Src/stm32f1xx_hal_spi.c **** 
1892:Drivers/STM32F1xx_HAL_Driver/Src/stm32f1xx_hal_spi.c ****   /* Enable the SPI Error Interrupt Bit */
1893:Drivers/STM32F1xx_HAL_Driver/Src/stm32f1xx_hal_spi.c ****   __HAL_SPI_ENABLE_IT(hspi, (SPI_IT_ERR));
1894:Drivers/STM32F1xx_HAL_Driver/Src/stm32f1xx_hal_spi.c **** 
1895:Drivers/STM32F1xx_HAL_Driver/Src/stm32f1xx_hal_spi.c ****   /* Enable Rx DMA Request */
1896:Drivers/STM32F1xx_HAL_Driver/Src/stm32f1xx_hal_spi.c ****   SET_BIT(hspi->Instance->CR2, SPI_CR2_RXDMAEN);
1897:Drivers/STM32F1xx_HAL_Driver/Src/stm32f1xx_hal_spi.c **** 
1898:Drivers/STM32F1xx_HAL_Driver/Src/stm32f1xx_hal_spi.c **** error:
1899:Drivers/STM32F1xx_HAL_Driver/Src/stm32f1xx_hal_spi.c ****   /* Process Unlocked */
1900:Drivers/STM32F1xx_HAL_Driver/Src/stm32f1xx_hal_spi.c ****   __HAL_UNLOCK(hspi);
1901:Drivers/STM32F1xx_HAL_Driver/Src/stm32f1xx_hal_spi.c ****   return errorcode;
1902:Drivers/STM32F1xx_HAL_Driver/Src/stm32f1xx_hal_spi.c **** }
1903:Drivers/STM32F1xx_HAL_Driver/Src/stm32f1xx_hal_spi.c **** 
1904:Drivers/STM32F1xx_HAL_Driver/Src/stm32f1xx_hal_spi.c **** /**
1905:Drivers/STM32F1xx_HAL_Driver/Src/stm32f1xx_hal_spi.c ****   * @brief  Transmit and Receive an amount of data in non-blocking mode with DMA.
1906:Drivers/STM32F1xx_HAL_Driver/Src/stm32f1xx_hal_spi.c ****   * @param  hspi pointer to a SPI_HandleTypeDef structure that contains
1907:Drivers/STM32F1xx_HAL_Driver/Src/stm32f1xx_hal_spi.c ****   *               the configuration information for SPI module.
1908:Drivers/STM32F1xx_HAL_Driver/Src/stm32f1xx_hal_spi.c ****   * @param  pTxData pointer to transmission data buffer
1909:Drivers/STM32F1xx_HAL_Driver/Src/stm32f1xx_hal_spi.c ****   * @param  pRxData pointer to reception data buffer
1910:Drivers/STM32F1xx_HAL_Driver/Src/stm32f1xx_hal_spi.c ****   * @note   When the CRC feature is enabled the pRxData Length must be Size + 1
1911:Drivers/STM32F1xx_HAL_Driver/Src/stm32f1xx_hal_spi.c ****   * @param  Size amount of data to be sent
1912:Drivers/STM32F1xx_HAL_Driver/Src/stm32f1xx_hal_spi.c ****   * @retval HAL status
1913:Drivers/STM32F1xx_HAL_Driver/Src/stm32f1xx_hal_spi.c ****   */
ARM GAS  C:\Users\zhmis\AppData\Local\Temp\ccgFfHBP.s 			page 35


1914:Drivers/STM32F1xx_HAL_Driver/Src/stm32f1xx_hal_spi.c **** HAL_StatusTypeDef HAL_SPI_TransmitReceive_DMA(SPI_HandleTypeDef *hspi, uint8_t *pTxData, uint8_t *p
1915:Drivers/STM32F1xx_HAL_Driver/Src/stm32f1xx_hal_spi.c ****                                               uint16_t Size)
1916:Drivers/STM32F1xx_HAL_Driver/Src/stm32f1xx_hal_spi.c **** {
1917:Drivers/STM32F1xx_HAL_Driver/Src/stm32f1xx_hal_spi.c ****   uint32_t             tmp_mode;
1918:Drivers/STM32F1xx_HAL_Driver/Src/stm32f1xx_hal_spi.c ****   HAL_SPI_StateTypeDef tmp_state;
1919:Drivers/STM32F1xx_HAL_Driver/Src/stm32f1xx_hal_spi.c ****   HAL_StatusTypeDef errorcode = HAL_OK;
1920:Drivers/STM32F1xx_HAL_Driver/Src/stm32f1xx_hal_spi.c **** 
1921:Drivers/STM32F1xx_HAL_Driver/Src/stm32f1xx_hal_spi.c ****   /* Check rx & tx dma handles */
1922:Drivers/STM32F1xx_HAL_Driver/Src/stm32f1xx_hal_spi.c ****   assert_param(IS_SPI_DMA_HANDLE(hspi->hdmarx));
1923:Drivers/STM32F1xx_HAL_Driver/Src/stm32f1xx_hal_spi.c ****   assert_param(IS_SPI_DMA_HANDLE(hspi->hdmatx));
1924:Drivers/STM32F1xx_HAL_Driver/Src/stm32f1xx_hal_spi.c **** 
1925:Drivers/STM32F1xx_HAL_Driver/Src/stm32f1xx_hal_spi.c ****   /* Check Direction parameter */
1926:Drivers/STM32F1xx_HAL_Driver/Src/stm32f1xx_hal_spi.c ****   assert_param(IS_SPI_DIRECTION_2LINES(hspi->Init.Direction));
1927:Drivers/STM32F1xx_HAL_Driver/Src/stm32f1xx_hal_spi.c **** 
1928:Drivers/STM32F1xx_HAL_Driver/Src/stm32f1xx_hal_spi.c ****   /* Process locked */
1929:Drivers/STM32F1xx_HAL_Driver/Src/stm32f1xx_hal_spi.c ****   __HAL_LOCK(hspi);
1930:Drivers/STM32F1xx_HAL_Driver/Src/stm32f1xx_hal_spi.c **** 
1931:Drivers/STM32F1xx_HAL_Driver/Src/stm32f1xx_hal_spi.c ****   /* Init temporary variables */
1932:Drivers/STM32F1xx_HAL_Driver/Src/stm32f1xx_hal_spi.c ****   tmp_state           = hspi->State;
1933:Drivers/STM32F1xx_HAL_Driver/Src/stm32f1xx_hal_spi.c ****   tmp_mode            = hspi->Init.Mode;
1934:Drivers/STM32F1xx_HAL_Driver/Src/stm32f1xx_hal_spi.c **** 
1935:Drivers/STM32F1xx_HAL_Driver/Src/stm32f1xx_hal_spi.c ****   if (!((tmp_state == HAL_SPI_STATE_READY) ||
1936:Drivers/STM32F1xx_HAL_Driver/Src/stm32f1xx_hal_spi.c ****         ((tmp_mode == SPI_MODE_MASTER) && (hspi->Init.Direction == SPI_DIRECTION_2LINES) && (tmp_st
1937:Drivers/STM32F1xx_HAL_Driver/Src/stm32f1xx_hal_spi.c ****   {
1938:Drivers/STM32F1xx_HAL_Driver/Src/stm32f1xx_hal_spi.c ****     errorcode = HAL_BUSY;
1939:Drivers/STM32F1xx_HAL_Driver/Src/stm32f1xx_hal_spi.c ****     goto error;
1940:Drivers/STM32F1xx_HAL_Driver/Src/stm32f1xx_hal_spi.c ****   }
1941:Drivers/STM32F1xx_HAL_Driver/Src/stm32f1xx_hal_spi.c **** 
1942:Drivers/STM32F1xx_HAL_Driver/Src/stm32f1xx_hal_spi.c ****   if ((pTxData == NULL) || (pRxData == NULL) || (Size == 0U))
1943:Drivers/STM32F1xx_HAL_Driver/Src/stm32f1xx_hal_spi.c ****   {
1944:Drivers/STM32F1xx_HAL_Driver/Src/stm32f1xx_hal_spi.c ****     errorcode = HAL_ERROR;
1945:Drivers/STM32F1xx_HAL_Driver/Src/stm32f1xx_hal_spi.c ****     goto error;
1946:Drivers/STM32F1xx_HAL_Driver/Src/stm32f1xx_hal_spi.c ****   }
1947:Drivers/STM32F1xx_HAL_Driver/Src/stm32f1xx_hal_spi.c **** 
1948:Drivers/STM32F1xx_HAL_Driver/Src/stm32f1xx_hal_spi.c ****   /* Don't overwrite in case of HAL_SPI_STATE_BUSY_RX */
1949:Drivers/STM32F1xx_HAL_Driver/Src/stm32f1xx_hal_spi.c ****   if (hspi->State != HAL_SPI_STATE_BUSY_RX)
1950:Drivers/STM32F1xx_HAL_Driver/Src/stm32f1xx_hal_spi.c ****   {
1951:Drivers/STM32F1xx_HAL_Driver/Src/stm32f1xx_hal_spi.c ****     hspi->State = HAL_SPI_STATE_BUSY_TX_RX;
1952:Drivers/STM32F1xx_HAL_Driver/Src/stm32f1xx_hal_spi.c ****   }
1953:Drivers/STM32F1xx_HAL_Driver/Src/stm32f1xx_hal_spi.c **** 
1954:Drivers/STM32F1xx_HAL_Driver/Src/stm32f1xx_hal_spi.c ****   /* Set the transaction information */
1955:Drivers/STM32F1xx_HAL_Driver/Src/stm32f1xx_hal_spi.c ****   hspi->ErrorCode   = HAL_SPI_ERROR_NONE;
1956:Drivers/STM32F1xx_HAL_Driver/Src/stm32f1xx_hal_spi.c ****   hspi->pTxBuffPtr  = (uint8_t *)pTxData;
1957:Drivers/STM32F1xx_HAL_Driver/Src/stm32f1xx_hal_spi.c ****   hspi->TxXferSize  = Size;
1958:Drivers/STM32F1xx_HAL_Driver/Src/stm32f1xx_hal_spi.c ****   hspi->TxXferCount = Size;
1959:Drivers/STM32F1xx_HAL_Driver/Src/stm32f1xx_hal_spi.c ****   hspi->pRxBuffPtr  = (uint8_t *)pRxData;
1960:Drivers/STM32F1xx_HAL_Driver/Src/stm32f1xx_hal_spi.c ****   hspi->RxXferSize  = Size;
1961:Drivers/STM32F1xx_HAL_Driver/Src/stm32f1xx_hal_spi.c ****   hspi->RxXferCount = Size;
1962:Drivers/STM32F1xx_HAL_Driver/Src/stm32f1xx_hal_spi.c **** 
1963:Drivers/STM32F1xx_HAL_Driver/Src/stm32f1xx_hal_spi.c ****   /* Init field not used in handle to zero */
1964:Drivers/STM32F1xx_HAL_Driver/Src/stm32f1xx_hal_spi.c ****   hspi->RxISR       = NULL;
1965:Drivers/STM32F1xx_HAL_Driver/Src/stm32f1xx_hal_spi.c ****   hspi->TxISR       = NULL;
1966:Drivers/STM32F1xx_HAL_Driver/Src/stm32f1xx_hal_spi.c **** 
1967:Drivers/STM32F1xx_HAL_Driver/Src/stm32f1xx_hal_spi.c **** #if (USE_SPI_CRC != 0U)
1968:Drivers/STM32F1xx_HAL_Driver/Src/stm32f1xx_hal_spi.c ****   /* Reset CRC Calculation */
1969:Drivers/STM32F1xx_HAL_Driver/Src/stm32f1xx_hal_spi.c ****   if (hspi->Init.CRCCalculation == SPI_CRCCALCULATION_ENABLE)
1970:Drivers/STM32F1xx_HAL_Driver/Src/stm32f1xx_hal_spi.c ****   {
ARM GAS  C:\Users\zhmis\AppData\Local\Temp\ccgFfHBP.s 			page 36


1971:Drivers/STM32F1xx_HAL_Driver/Src/stm32f1xx_hal_spi.c ****     SPI_RESET_CRC(hspi);
1972:Drivers/STM32F1xx_HAL_Driver/Src/stm32f1xx_hal_spi.c ****   }
1973:Drivers/STM32F1xx_HAL_Driver/Src/stm32f1xx_hal_spi.c **** #endif /* USE_SPI_CRC */
1974:Drivers/STM32F1xx_HAL_Driver/Src/stm32f1xx_hal_spi.c **** 
1975:Drivers/STM32F1xx_HAL_Driver/Src/stm32f1xx_hal_spi.c ****   /* Check if we are in Rx only or in Rx/Tx Mode and configure the DMA transfer complete callback *
1976:Drivers/STM32F1xx_HAL_Driver/Src/stm32f1xx_hal_spi.c ****   if (hspi->State == HAL_SPI_STATE_BUSY_RX)
1977:Drivers/STM32F1xx_HAL_Driver/Src/stm32f1xx_hal_spi.c ****   {
1978:Drivers/STM32F1xx_HAL_Driver/Src/stm32f1xx_hal_spi.c ****     /* Set the SPI Rx DMA Half transfer complete callback */
1979:Drivers/STM32F1xx_HAL_Driver/Src/stm32f1xx_hal_spi.c ****     hspi->hdmarx->XferHalfCpltCallback = SPI_DMAHalfReceiveCplt;
1980:Drivers/STM32F1xx_HAL_Driver/Src/stm32f1xx_hal_spi.c ****     hspi->hdmarx->XferCpltCallback     = SPI_DMAReceiveCplt;
1981:Drivers/STM32F1xx_HAL_Driver/Src/stm32f1xx_hal_spi.c ****   }
1982:Drivers/STM32F1xx_HAL_Driver/Src/stm32f1xx_hal_spi.c ****   else
1983:Drivers/STM32F1xx_HAL_Driver/Src/stm32f1xx_hal_spi.c ****   {
1984:Drivers/STM32F1xx_HAL_Driver/Src/stm32f1xx_hal_spi.c ****     /* Set the SPI Tx/Rx DMA Half transfer complete callback */
1985:Drivers/STM32F1xx_HAL_Driver/Src/stm32f1xx_hal_spi.c ****     hspi->hdmarx->XferHalfCpltCallback = SPI_DMAHalfTransmitReceiveCplt;
1986:Drivers/STM32F1xx_HAL_Driver/Src/stm32f1xx_hal_spi.c ****     hspi->hdmarx->XferCpltCallback     = SPI_DMATransmitReceiveCplt;
1987:Drivers/STM32F1xx_HAL_Driver/Src/stm32f1xx_hal_spi.c ****   }
1988:Drivers/STM32F1xx_HAL_Driver/Src/stm32f1xx_hal_spi.c **** 
1989:Drivers/STM32F1xx_HAL_Driver/Src/stm32f1xx_hal_spi.c ****   /* Set the DMA error callback */
1990:Drivers/STM32F1xx_HAL_Driver/Src/stm32f1xx_hal_spi.c ****   hspi->hdmarx->XferErrorCallback = SPI_DMAError;
1991:Drivers/STM32F1xx_HAL_Driver/Src/stm32f1xx_hal_spi.c **** 
1992:Drivers/STM32F1xx_HAL_Driver/Src/stm32f1xx_hal_spi.c ****   /* Set the DMA AbortCpltCallback */
1993:Drivers/STM32F1xx_HAL_Driver/Src/stm32f1xx_hal_spi.c ****   hspi->hdmarx->XferAbortCallback = NULL;
1994:Drivers/STM32F1xx_HAL_Driver/Src/stm32f1xx_hal_spi.c **** 
1995:Drivers/STM32F1xx_HAL_Driver/Src/stm32f1xx_hal_spi.c ****   /* Enable the Rx DMA Stream/Channel  */
1996:Drivers/STM32F1xx_HAL_Driver/Src/stm32f1xx_hal_spi.c ****   if (HAL_OK != HAL_DMA_Start_IT(hspi->hdmarx, (uint32_t)&hspi->Instance->DR, (uint32_t)hspi->pRxBu
1997:Drivers/STM32F1xx_HAL_Driver/Src/stm32f1xx_hal_spi.c ****                                  hspi->RxXferCount))
1998:Drivers/STM32F1xx_HAL_Driver/Src/stm32f1xx_hal_spi.c ****   {
1999:Drivers/STM32F1xx_HAL_Driver/Src/stm32f1xx_hal_spi.c ****     /* Update SPI error code */
2000:Drivers/STM32F1xx_HAL_Driver/Src/stm32f1xx_hal_spi.c ****     SET_BIT(hspi->ErrorCode, HAL_SPI_ERROR_DMA);
2001:Drivers/STM32F1xx_HAL_Driver/Src/stm32f1xx_hal_spi.c ****     errorcode = HAL_ERROR;
2002:Drivers/STM32F1xx_HAL_Driver/Src/stm32f1xx_hal_spi.c **** 
2003:Drivers/STM32F1xx_HAL_Driver/Src/stm32f1xx_hal_spi.c ****     goto error;
2004:Drivers/STM32F1xx_HAL_Driver/Src/stm32f1xx_hal_spi.c ****   }
2005:Drivers/STM32F1xx_HAL_Driver/Src/stm32f1xx_hal_spi.c **** 
2006:Drivers/STM32F1xx_HAL_Driver/Src/stm32f1xx_hal_spi.c ****   /* Enable Rx DMA Request */
2007:Drivers/STM32F1xx_HAL_Driver/Src/stm32f1xx_hal_spi.c ****   SET_BIT(hspi->Instance->CR2, SPI_CR2_RXDMAEN);
2008:Drivers/STM32F1xx_HAL_Driver/Src/stm32f1xx_hal_spi.c **** 
2009:Drivers/STM32F1xx_HAL_Driver/Src/stm32f1xx_hal_spi.c ****   /* Set the SPI Tx DMA transfer complete callback as NULL because the communication closing
2010:Drivers/STM32F1xx_HAL_Driver/Src/stm32f1xx_hal_spi.c ****   is performed in DMA reception complete callback  */
2011:Drivers/STM32F1xx_HAL_Driver/Src/stm32f1xx_hal_spi.c ****   hspi->hdmatx->XferHalfCpltCallback = NULL;
2012:Drivers/STM32F1xx_HAL_Driver/Src/stm32f1xx_hal_spi.c ****   hspi->hdmatx->XferCpltCallback     = NULL;
2013:Drivers/STM32F1xx_HAL_Driver/Src/stm32f1xx_hal_spi.c ****   hspi->hdmatx->XferErrorCallback    = NULL;
2014:Drivers/STM32F1xx_HAL_Driver/Src/stm32f1xx_hal_spi.c ****   hspi->hdmatx->XferAbortCallback    = NULL;
2015:Drivers/STM32F1xx_HAL_Driver/Src/stm32f1xx_hal_spi.c **** 
2016:Drivers/STM32F1xx_HAL_Driver/Src/stm32f1xx_hal_spi.c ****   /* Enable the Tx DMA Stream/Channel  */
2017:Drivers/STM32F1xx_HAL_Driver/Src/stm32f1xx_hal_spi.c ****   if (HAL_OK != HAL_DMA_Start_IT(hspi->hdmatx, (uint32_t)hspi->pTxBuffPtr, (uint32_t)&hspi->Instanc
2018:Drivers/STM32F1xx_HAL_Driver/Src/stm32f1xx_hal_spi.c ****                                  hspi->TxXferCount))
2019:Drivers/STM32F1xx_HAL_Driver/Src/stm32f1xx_hal_spi.c ****   {
2020:Drivers/STM32F1xx_HAL_Driver/Src/stm32f1xx_hal_spi.c ****     /* Update SPI error code */
2021:Drivers/STM32F1xx_HAL_Driver/Src/stm32f1xx_hal_spi.c ****     SET_BIT(hspi->ErrorCode, HAL_SPI_ERROR_DMA);
2022:Drivers/STM32F1xx_HAL_Driver/Src/stm32f1xx_hal_spi.c ****     errorcode = HAL_ERROR;
2023:Drivers/STM32F1xx_HAL_Driver/Src/stm32f1xx_hal_spi.c **** 
2024:Drivers/STM32F1xx_HAL_Driver/Src/stm32f1xx_hal_spi.c ****     goto error;
2025:Drivers/STM32F1xx_HAL_Driver/Src/stm32f1xx_hal_spi.c ****   }
2026:Drivers/STM32F1xx_HAL_Driver/Src/stm32f1xx_hal_spi.c **** 
2027:Drivers/STM32F1xx_HAL_Driver/Src/stm32f1xx_hal_spi.c ****   /* Check if the SPI is already enabled */
ARM GAS  C:\Users\zhmis\AppData\Local\Temp\ccgFfHBP.s 			page 37


2028:Drivers/STM32F1xx_HAL_Driver/Src/stm32f1xx_hal_spi.c ****   if ((hspi->Instance->CR1 & SPI_CR1_SPE) != SPI_CR1_SPE)
2029:Drivers/STM32F1xx_HAL_Driver/Src/stm32f1xx_hal_spi.c ****   {
2030:Drivers/STM32F1xx_HAL_Driver/Src/stm32f1xx_hal_spi.c ****     /* Enable SPI peripheral */
2031:Drivers/STM32F1xx_HAL_Driver/Src/stm32f1xx_hal_spi.c ****     __HAL_SPI_ENABLE(hspi);
2032:Drivers/STM32F1xx_HAL_Driver/Src/stm32f1xx_hal_spi.c ****   }
2033:Drivers/STM32F1xx_HAL_Driver/Src/stm32f1xx_hal_spi.c ****   /* Enable the SPI Error Interrupt Bit */
2034:Drivers/STM32F1xx_HAL_Driver/Src/stm32f1xx_hal_spi.c ****   __HAL_SPI_ENABLE_IT(hspi, (SPI_IT_ERR));
2035:Drivers/STM32F1xx_HAL_Driver/Src/stm32f1xx_hal_spi.c **** 
2036:Drivers/STM32F1xx_HAL_Driver/Src/stm32f1xx_hal_spi.c ****   /* Enable Tx DMA Request */
2037:Drivers/STM32F1xx_HAL_Driver/Src/stm32f1xx_hal_spi.c ****   SET_BIT(hspi->Instance->CR2, SPI_CR2_TXDMAEN);
2038:Drivers/STM32F1xx_HAL_Driver/Src/stm32f1xx_hal_spi.c **** 
2039:Drivers/STM32F1xx_HAL_Driver/Src/stm32f1xx_hal_spi.c **** error :
2040:Drivers/STM32F1xx_HAL_Driver/Src/stm32f1xx_hal_spi.c ****   /* Process Unlocked */
2041:Drivers/STM32F1xx_HAL_Driver/Src/stm32f1xx_hal_spi.c ****   __HAL_UNLOCK(hspi);
2042:Drivers/STM32F1xx_HAL_Driver/Src/stm32f1xx_hal_spi.c ****   return errorcode;
2043:Drivers/STM32F1xx_HAL_Driver/Src/stm32f1xx_hal_spi.c **** }
2044:Drivers/STM32F1xx_HAL_Driver/Src/stm32f1xx_hal_spi.c **** 
2045:Drivers/STM32F1xx_HAL_Driver/Src/stm32f1xx_hal_spi.c **** /**
2046:Drivers/STM32F1xx_HAL_Driver/Src/stm32f1xx_hal_spi.c ****   * @brief  Abort ongoing transfer (blocking mode).
2047:Drivers/STM32F1xx_HAL_Driver/Src/stm32f1xx_hal_spi.c ****   * @param  hspi SPI handle.
2048:Drivers/STM32F1xx_HAL_Driver/Src/stm32f1xx_hal_spi.c ****   * @note   This procedure could be used for aborting any ongoing transfer (Tx and Rx),
2049:Drivers/STM32F1xx_HAL_Driver/Src/stm32f1xx_hal_spi.c ****   *         started in Interrupt or DMA mode.
2050:Drivers/STM32F1xx_HAL_Driver/Src/stm32f1xx_hal_spi.c ****   *         This procedure performs following operations :
2051:Drivers/STM32F1xx_HAL_Driver/Src/stm32f1xx_hal_spi.c ****   *           - Disable SPI Interrupts (depending of transfer direction)
2052:Drivers/STM32F1xx_HAL_Driver/Src/stm32f1xx_hal_spi.c ****   *           - Disable the DMA transfer in the peripheral register (if enabled)
2053:Drivers/STM32F1xx_HAL_Driver/Src/stm32f1xx_hal_spi.c ****   *           - Abort DMA transfer by calling HAL_DMA_Abort (in case of transfer in DMA mode)
2054:Drivers/STM32F1xx_HAL_Driver/Src/stm32f1xx_hal_spi.c ****   *           - Set handle State to READY
2055:Drivers/STM32F1xx_HAL_Driver/Src/stm32f1xx_hal_spi.c ****   * @note   This procedure is executed in blocking mode : when exiting function, Abort is considere
2056:Drivers/STM32F1xx_HAL_Driver/Src/stm32f1xx_hal_spi.c ****   * @retval HAL status
2057:Drivers/STM32F1xx_HAL_Driver/Src/stm32f1xx_hal_spi.c ****   */
2058:Drivers/STM32F1xx_HAL_Driver/Src/stm32f1xx_hal_spi.c **** HAL_StatusTypeDef HAL_SPI_Abort(SPI_HandleTypeDef *hspi)
2059:Drivers/STM32F1xx_HAL_Driver/Src/stm32f1xx_hal_spi.c **** {
2060:Drivers/STM32F1xx_HAL_Driver/Src/stm32f1xx_hal_spi.c ****   HAL_StatusTypeDef errorcode;
2061:Drivers/STM32F1xx_HAL_Driver/Src/stm32f1xx_hal_spi.c ****   __IO uint32_t count;
2062:Drivers/STM32F1xx_HAL_Driver/Src/stm32f1xx_hal_spi.c ****   __IO uint32_t resetcount;
2063:Drivers/STM32F1xx_HAL_Driver/Src/stm32f1xx_hal_spi.c **** 
2064:Drivers/STM32F1xx_HAL_Driver/Src/stm32f1xx_hal_spi.c ****   /* Initialized local variable  */
2065:Drivers/STM32F1xx_HAL_Driver/Src/stm32f1xx_hal_spi.c ****   errorcode = HAL_OK;
2066:Drivers/STM32F1xx_HAL_Driver/Src/stm32f1xx_hal_spi.c ****   resetcount = SPI_DEFAULT_TIMEOUT * (SystemCoreClock / 24U / 1000U);
2067:Drivers/STM32F1xx_HAL_Driver/Src/stm32f1xx_hal_spi.c ****   count = resetcount;
2068:Drivers/STM32F1xx_HAL_Driver/Src/stm32f1xx_hal_spi.c **** 
2069:Drivers/STM32F1xx_HAL_Driver/Src/stm32f1xx_hal_spi.c ****   /* Clear ERRIE interrupt to avoid error interrupts generation during Abort procedure */
2070:Drivers/STM32F1xx_HAL_Driver/Src/stm32f1xx_hal_spi.c ****   CLEAR_BIT(hspi->Instance->CR2, SPI_CR2_ERRIE);
2071:Drivers/STM32F1xx_HAL_Driver/Src/stm32f1xx_hal_spi.c **** 
2072:Drivers/STM32F1xx_HAL_Driver/Src/stm32f1xx_hal_spi.c ****   /* Disable TXEIE, RXNEIE and ERRIE(mode fault event, overrun error, TI frame error) interrupts */
2073:Drivers/STM32F1xx_HAL_Driver/Src/stm32f1xx_hal_spi.c ****   if (HAL_IS_BIT_SET(hspi->Instance->CR2, SPI_CR2_TXEIE))
2074:Drivers/STM32F1xx_HAL_Driver/Src/stm32f1xx_hal_spi.c ****   {
2075:Drivers/STM32F1xx_HAL_Driver/Src/stm32f1xx_hal_spi.c ****     hspi->TxISR = SPI_AbortTx_ISR;
2076:Drivers/STM32F1xx_HAL_Driver/Src/stm32f1xx_hal_spi.c ****     /* Wait HAL_SPI_STATE_ABORT state */
2077:Drivers/STM32F1xx_HAL_Driver/Src/stm32f1xx_hal_spi.c ****     do
2078:Drivers/STM32F1xx_HAL_Driver/Src/stm32f1xx_hal_spi.c ****     {
2079:Drivers/STM32F1xx_HAL_Driver/Src/stm32f1xx_hal_spi.c ****       if (count == 0U)
2080:Drivers/STM32F1xx_HAL_Driver/Src/stm32f1xx_hal_spi.c ****       {
2081:Drivers/STM32F1xx_HAL_Driver/Src/stm32f1xx_hal_spi.c ****         SET_BIT(hspi->ErrorCode, HAL_SPI_ERROR_ABORT);
2082:Drivers/STM32F1xx_HAL_Driver/Src/stm32f1xx_hal_spi.c ****         break;
2083:Drivers/STM32F1xx_HAL_Driver/Src/stm32f1xx_hal_spi.c ****       }
2084:Drivers/STM32F1xx_HAL_Driver/Src/stm32f1xx_hal_spi.c ****       count--;
ARM GAS  C:\Users\zhmis\AppData\Local\Temp\ccgFfHBP.s 			page 38


2085:Drivers/STM32F1xx_HAL_Driver/Src/stm32f1xx_hal_spi.c ****     } while (hspi->State != HAL_SPI_STATE_ABORT);
2086:Drivers/STM32F1xx_HAL_Driver/Src/stm32f1xx_hal_spi.c ****     /* Reset Timeout Counter */
2087:Drivers/STM32F1xx_HAL_Driver/Src/stm32f1xx_hal_spi.c ****     count = resetcount;
2088:Drivers/STM32F1xx_HAL_Driver/Src/stm32f1xx_hal_spi.c ****   }
2089:Drivers/STM32F1xx_HAL_Driver/Src/stm32f1xx_hal_spi.c **** 
2090:Drivers/STM32F1xx_HAL_Driver/Src/stm32f1xx_hal_spi.c ****   if (HAL_IS_BIT_SET(hspi->Instance->CR2, SPI_CR2_RXNEIE))
2091:Drivers/STM32F1xx_HAL_Driver/Src/stm32f1xx_hal_spi.c ****   {
2092:Drivers/STM32F1xx_HAL_Driver/Src/stm32f1xx_hal_spi.c ****     hspi->RxISR = SPI_AbortRx_ISR;
2093:Drivers/STM32F1xx_HAL_Driver/Src/stm32f1xx_hal_spi.c ****     /* Wait HAL_SPI_STATE_ABORT state */
2094:Drivers/STM32F1xx_HAL_Driver/Src/stm32f1xx_hal_spi.c ****     do
2095:Drivers/STM32F1xx_HAL_Driver/Src/stm32f1xx_hal_spi.c ****     {
2096:Drivers/STM32F1xx_HAL_Driver/Src/stm32f1xx_hal_spi.c ****       if (count == 0U)
2097:Drivers/STM32F1xx_HAL_Driver/Src/stm32f1xx_hal_spi.c ****       {
2098:Drivers/STM32F1xx_HAL_Driver/Src/stm32f1xx_hal_spi.c ****         SET_BIT(hspi->ErrorCode, HAL_SPI_ERROR_ABORT);
2099:Drivers/STM32F1xx_HAL_Driver/Src/stm32f1xx_hal_spi.c ****         break;
2100:Drivers/STM32F1xx_HAL_Driver/Src/stm32f1xx_hal_spi.c ****       }
2101:Drivers/STM32F1xx_HAL_Driver/Src/stm32f1xx_hal_spi.c ****       count--;
2102:Drivers/STM32F1xx_HAL_Driver/Src/stm32f1xx_hal_spi.c ****     } while (hspi->State != HAL_SPI_STATE_ABORT);
2103:Drivers/STM32F1xx_HAL_Driver/Src/stm32f1xx_hal_spi.c ****     /* Reset Timeout Counter */
2104:Drivers/STM32F1xx_HAL_Driver/Src/stm32f1xx_hal_spi.c ****     count = resetcount;
2105:Drivers/STM32F1xx_HAL_Driver/Src/stm32f1xx_hal_spi.c ****   }
2106:Drivers/STM32F1xx_HAL_Driver/Src/stm32f1xx_hal_spi.c **** 
2107:Drivers/STM32F1xx_HAL_Driver/Src/stm32f1xx_hal_spi.c ****   /* Disable the SPI DMA Tx request if enabled */
2108:Drivers/STM32F1xx_HAL_Driver/Src/stm32f1xx_hal_spi.c ****   if (HAL_IS_BIT_SET(hspi->Instance->CR2, SPI_CR2_TXDMAEN))
2109:Drivers/STM32F1xx_HAL_Driver/Src/stm32f1xx_hal_spi.c ****   {
2110:Drivers/STM32F1xx_HAL_Driver/Src/stm32f1xx_hal_spi.c ****     /* Abort the SPI DMA Tx Stream/Channel : use blocking DMA Abort API (no callback) */
2111:Drivers/STM32F1xx_HAL_Driver/Src/stm32f1xx_hal_spi.c ****     if (hspi->hdmatx != NULL)
2112:Drivers/STM32F1xx_HAL_Driver/Src/stm32f1xx_hal_spi.c ****     {
2113:Drivers/STM32F1xx_HAL_Driver/Src/stm32f1xx_hal_spi.c ****       /* Set the SPI DMA Abort callback :
2114:Drivers/STM32F1xx_HAL_Driver/Src/stm32f1xx_hal_spi.c ****       will lead to call HAL_SPI_AbortCpltCallback() at end of DMA abort procedure */
2115:Drivers/STM32F1xx_HAL_Driver/Src/stm32f1xx_hal_spi.c ****       hspi->hdmatx->XferAbortCallback = NULL;
2116:Drivers/STM32F1xx_HAL_Driver/Src/stm32f1xx_hal_spi.c **** 
2117:Drivers/STM32F1xx_HAL_Driver/Src/stm32f1xx_hal_spi.c ****       /* Abort DMA Tx Handle linked to SPI Peripheral */
2118:Drivers/STM32F1xx_HAL_Driver/Src/stm32f1xx_hal_spi.c ****       if (HAL_DMA_Abort(hspi->hdmatx) != HAL_OK)
2119:Drivers/STM32F1xx_HAL_Driver/Src/stm32f1xx_hal_spi.c ****       {
2120:Drivers/STM32F1xx_HAL_Driver/Src/stm32f1xx_hal_spi.c ****         hspi->ErrorCode = HAL_SPI_ERROR_ABORT;
2121:Drivers/STM32F1xx_HAL_Driver/Src/stm32f1xx_hal_spi.c ****       }
2122:Drivers/STM32F1xx_HAL_Driver/Src/stm32f1xx_hal_spi.c **** 
2123:Drivers/STM32F1xx_HAL_Driver/Src/stm32f1xx_hal_spi.c ****       /* Disable Tx DMA Request */
2124:Drivers/STM32F1xx_HAL_Driver/Src/stm32f1xx_hal_spi.c ****       CLEAR_BIT(hspi->Instance->CR2, (SPI_CR2_TXDMAEN));
2125:Drivers/STM32F1xx_HAL_Driver/Src/stm32f1xx_hal_spi.c **** 
2126:Drivers/STM32F1xx_HAL_Driver/Src/stm32f1xx_hal_spi.c ****       /* Wait until TXE flag is set */
2127:Drivers/STM32F1xx_HAL_Driver/Src/stm32f1xx_hal_spi.c ****       do
2128:Drivers/STM32F1xx_HAL_Driver/Src/stm32f1xx_hal_spi.c ****       {
2129:Drivers/STM32F1xx_HAL_Driver/Src/stm32f1xx_hal_spi.c ****         if (count == 0U)
2130:Drivers/STM32F1xx_HAL_Driver/Src/stm32f1xx_hal_spi.c ****         {
2131:Drivers/STM32F1xx_HAL_Driver/Src/stm32f1xx_hal_spi.c ****           SET_BIT(hspi->ErrorCode, HAL_SPI_ERROR_ABORT);
2132:Drivers/STM32F1xx_HAL_Driver/Src/stm32f1xx_hal_spi.c ****           break;
2133:Drivers/STM32F1xx_HAL_Driver/Src/stm32f1xx_hal_spi.c ****         }
2134:Drivers/STM32F1xx_HAL_Driver/Src/stm32f1xx_hal_spi.c ****         count--;
2135:Drivers/STM32F1xx_HAL_Driver/Src/stm32f1xx_hal_spi.c ****       } while ((hspi->Instance->SR & SPI_FLAG_TXE) == RESET);
2136:Drivers/STM32F1xx_HAL_Driver/Src/stm32f1xx_hal_spi.c ****     }
2137:Drivers/STM32F1xx_HAL_Driver/Src/stm32f1xx_hal_spi.c ****   }
2138:Drivers/STM32F1xx_HAL_Driver/Src/stm32f1xx_hal_spi.c **** 
2139:Drivers/STM32F1xx_HAL_Driver/Src/stm32f1xx_hal_spi.c ****   /* Disable the SPI DMA Rx request if enabled */
2140:Drivers/STM32F1xx_HAL_Driver/Src/stm32f1xx_hal_spi.c ****   if (HAL_IS_BIT_SET(hspi->Instance->CR2, SPI_CR2_RXDMAEN))
2141:Drivers/STM32F1xx_HAL_Driver/Src/stm32f1xx_hal_spi.c ****   {
ARM GAS  C:\Users\zhmis\AppData\Local\Temp\ccgFfHBP.s 			page 39


2142:Drivers/STM32F1xx_HAL_Driver/Src/stm32f1xx_hal_spi.c ****     /* Abort the SPI DMA Rx Stream/Channel : use blocking DMA Abort API (no callback) */
2143:Drivers/STM32F1xx_HAL_Driver/Src/stm32f1xx_hal_spi.c ****     if (hspi->hdmarx != NULL)
2144:Drivers/STM32F1xx_HAL_Driver/Src/stm32f1xx_hal_spi.c ****     {
2145:Drivers/STM32F1xx_HAL_Driver/Src/stm32f1xx_hal_spi.c ****       /* Set the SPI DMA Abort callback :
2146:Drivers/STM32F1xx_HAL_Driver/Src/stm32f1xx_hal_spi.c ****       will lead to call HAL_SPI_AbortCpltCallback() at end of DMA abort procedure */
2147:Drivers/STM32F1xx_HAL_Driver/Src/stm32f1xx_hal_spi.c ****       hspi->hdmarx->XferAbortCallback = NULL;
2148:Drivers/STM32F1xx_HAL_Driver/Src/stm32f1xx_hal_spi.c **** 
2149:Drivers/STM32F1xx_HAL_Driver/Src/stm32f1xx_hal_spi.c ****       /* Abort DMA Rx Handle linked to SPI Peripheral */
2150:Drivers/STM32F1xx_HAL_Driver/Src/stm32f1xx_hal_spi.c ****       if (HAL_DMA_Abort(hspi->hdmarx) != HAL_OK)
2151:Drivers/STM32F1xx_HAL_Driver/Src/stm32f1xx_hal_spi.c ****       {
2152:Drivers/STM32F1xx_HAL_Driver/Src/stm32f1xx_hal_spi.c ****         hspi->ErrorCode = HAL_SPI_ERROR_ABORT;
2153:Drivers/STM32F1xx_HAL_Driver/Src/stm32f1xx_hal_spi.c ****       }
2154:Drivers/STM32F1xx_HAL_Driver/Src/stm32f1xx_hal_spi.c **** 
2155:Drivers/STM32F1xx_HAL_Driver/Src/stm32f1xx_hal_spi.c ****       /* Disable peripheral */
2156:Drivers/STM32F1xx_HAL_Driver/Src/stm32f1xx_hal_spi.c ****       __HAL_SPI_DISABLE(hspi);
2157:Drivers/STM32F1xx_HAL_Driver/Src/stm32f1xx_hal_spi.c **** 
2158:Drivers/STM32F1xx_HAL_Driver/Src/stm32f1xx_hal_spi.c ****       /* Disable Rx DMA Request */
2159:Drivers/STM32F1xx_HAL_Driver/Src/stm32f1xx_hal_spi.c ****       CLEAR_BIT(hspi->Instance->CR2, (SPI_CR2_RXDMAEN));
2160:Drivers/STM32F1xx_HAL_Driver/Src/stm32f1xx_hal_spi.c ****     }
2161:Drivers/STM32F1xx_HAL_Driver/Src/stm32f1xx_hal_spi.c ****   }
2162:Drivers/STM32F1xx_HAL_Driver/Src/stm32f1xx_hal_spi.c ****   /* Reset Tx and Rx transfer counters */
2163:Drivers/STM32F1xx_HAL_Driver/Src/stm32f1xx_hal_spi.c ****   hspi->RxXferCount = 0U;
2164:Drivers/STM32F1xx_HAL_Driver/Src/stm32f1xx_hal_spi.c ****   hspi->TxXferCount = 0U;
2165:Drivers/STM32F1xx_HAL_Driver/Src/stm32f1xx_hal_spi.c **** 
2166:Drivers/STM32F1xx_HAL_Driver/Src/stm32f1xx_hal_spi.c ****   /* Check error during Abort procedure */
2167:Drivers/STM32F1xx_HAL_Driver/Src/stm32f1xx_hal_spi.c ****   if (hspi->ErrorCode == HAL_SPI_ERROR_ABORT)
2168:Drivers/STM32F1xx_HAL_Driver/Src/stm32f1xx_hal_spi.c ****   {
2169:Drivers/STM32F1xx_HAL_Driver/Src/stm32f1xx_hal_spi.c ****     /* return HAL_Error in case of error during Abort procedure */
2170:Drivers/STM32F1xx_HAL_Driver/Src/stm32f1xx_hal_spi.c ****     errorcode = HAL_ERROR;
2171:Drivers/STM32F1xx_HAL_Driver/Src/stm32f1xx_hal_spi.c ****   }
2172:Drivers/STM32F1xx_HAL_Driver/Src/stm32f1xx_hal_spi.c ****   else
2173:Drivers/STM32F1xx_HAL_Driver/Src/stm32f1xx_hal_spi.c ****   {
2174:Drivers/STM32F1xx_HAL_Driver/Src/stm32f1xx_hal_spi.c ****     /* Reset errorCode */
2175:Drivers/STM32F1xx_HAL_Driver/Src/stm32f1xx_hal_spi.c ****     hspi->ErrorCode = HAL_SPI_ERROR_NONE;
2176:Drivers/STM32F1xx_HAL_Driver/Src/stm32f1xx_hal_spi.c ****   }
2177:Drivers/STM32F1xx_HAL_Driver/Src/stm32f1xx_hal_spi.c **** 
2178:Drivers/STM32F1xx_HAL_Driver/Src/stm32f1xx_hal_spi.c ****   /* Clear the Error flags in the SR register */
2179:Drivers/STM32F1xx_HAL_Driver/Src/stm32f1xx_hal_spi.c ****   __HAL_SPI_CLEAR_OVRFLAG(hspi);
2180:Drivers/STM32F1xx_HAL_Driver/Src/stm32f1xx_hal_spi.c **** 
2181:Drivers/STM32F1xx_HAL_Driver/Src/stm32f1xx_hal_spi.c ****   /* Restore hspi->state to ready */
2182:Drivers/STM32F1xx_HAL_Driver/Src/stm32f1xx_hal_spi.c ****   hspi->State = HAL_SPI_STATE_READY;
2183:Drivers/STM32F1xx_HAL_Driver/Src/stm32f1xx_hal_spi.c **** 
2184:Drivers/STM32F1xx_HAL_Driver/Src/stm32f1xx_hal_spi.c ****   return errorcode;
2185:Drivers/STM32F1xx_HAL_Driver/Src/stm32f1xx_hal_spi.c **** }
2186:Drivers/STM32F1xx_HAL_Driver/Src/stm32f1xx_hal_spi.c **** 
2187:Drivers/STM32F1xx_HAL_Driver/Src/stm32f1xx_hal_spi.c **** /**
2188:Drivers/STM32F1xx_HAL_Driver/Src/stm32f1xx_hal_spi.c ****   * @brief  Abort ongoing transfer (Interrupt mode).
2189:Drivers/STM32F1xx_HAL_Driver/Src/stm32f1xx_hal_spi.c ****   * @param  hspi SPI handle.
2190:Drivers/STM32F1xx_HAL_Driver/Src/stm32f1xx_hal_spi.c ****   * @note   This procedure could be used for aborting any ongoing transfer (Tx and Rx),
2191:Drivers/STM32F1xx_HAL_Driver/Src/stm32f1xx_hal_spi.c ****   *         started in Interrupt or DMA mode.
2192:Drivers/STM32F1xx_HAL_Driver/Src/stm32f1xx_hal_spi.c ****   *         This procedure performs following operations :
2193:Drivers/STM32F1xx_HAL_Driver/Src/stm32f1xx_hal_spi.c ****   *           - Disable SPI Interrupts (depending of transfer direction)
2194:Drivers/STM32F1xx_HAL_Driver/Src/stm32f1xx_hal_spi.c ****   *           - Disable the DMA transfer in the peripheral register (if enabled)
2195:Drivers/STM32F1xx_HAL_Driver/Src/stm32f1xx_hal_spi.c ****   *           - Abort DMA transfer by calling HAL_DMA_Abort_IT (in case of transfer in DMA mode)
2196:Drivers/STM32F1xx_HAL_Driver/Src/stm32f1xx_hal_spi.c ****   *           - Set handle State to READY
2197:Drivers/STM32F1xx_HAL_Driver/Src/stm32f1xx_hal_spi.c ****   *           - At abort completion, call user abort complete callback
2198:Drivers/STM32F1xx_HAL_Driver/Src/stm32f1xx_hal_spi.c ****   * @note   This procedure is executed in Interrupt mode, meaning that abort procedure could be
ARM GAS  C:\Users\zhmis\AppData\Local\Temp\ccgFfHBP.s 			page 40


2199:Drivers/STM32F1xx_HAL_Driver/Src/stm32f1xx_hal_spi.c ****   *         considered as completed only when user abort complete callback is executed (not when ex
2200:Drivers/STM32F1xx_HAL_Driver/Src/stm32f1xx_hal_spi.c ****   * @retval HAL status
2201:Drivers/STM32F1xx_HAL_Driver/Src/stm32f1xx_hal_spi.c ****   */
2202:Drivers/STM32F1xx_HAL_Driver/Src/stm32f1xx_hal_spi.c **** HAL_StatusTypeDef HAL_SPI_Abort_IT(SPI_HandleTypeDef *hspi)
2203:Drivers/STM32F1xx_HAL_Driver/Src/stm32f1xx_hal_spi.c **** {
2204:Drivers/STM32F1xx_HAL_Driver/Src/stm32f1xx_hal_spi.c ****   HAL_StatusTypeDef errorcode;
2205:Drivers/STM32F1xx_HAL_Driver/Src/stm32f1xx_hal_spi.c ****   uint32_t abortcplt ;
2206:Drivers/STM32F1xx_HAL_Driver/Src/stm32f1xx_hal_spi.c ****   __IO uint32_t count;
2207:Drivers/STM32F1xx_HAL_Driver/Src/stm32f1xx_hal_spi.c ****   __IO uint32_t resetcount;
2208:Drivers/STM32F1xx_HAL_Driver/Src/stm32f1xx_hal_spi.c **** 
2209:Drivers/STM32F1xx_HAL_Driver/Src/stm32f1xx_hal_spi.c ****   /* Initialized local variable  */
2210:Drivers/STM32F1xx_HAL_Driver/Src/stm32f1xx_hal_spi.c ****   errorcode = HAL_OK;
2211:Drivers/STM32F1xx_HAL_Driver/Src/stm32f1xx_hal_spi.c ****   abortcplt = 1U;
2212:Drivers/STM32F1xx_HAL_Driver/Src/stm32f1xx_hal_spi.c ****   resetcount = SPI_DEFAULT_TIMEOUT * (SystemCoreClock / 24U / 1000U);
2213:Drivers/STM32F1xx_HAL_Driver/Src/stm32f1xx_hal_spi.c ****   count = resetcount;
2214:Drivers/STM32F1xx_HAL_Driver/Src/stm32f1xx_hal_spi.c **** 
2215:Drivers/STM32F1xx_HAL_Driver/Src/stm32f1xx_hal_spi.c ****   /* Clear ERRIE interrupt to avoid error interrupts generation during Abort procedure */
2216:Drivers/STM32F1xx_HAL_Driver/Src/stm32f1xx_hal_spi.c ****   CLEAR_BIT(hspi->Instance->CR2, SPI_CR2_ERRIE);
2217:Drivers/STM32F1xx_HAL_Driver/Src/stm32f1xx_hal_spi.c **** 
2218:Drivers/STM32F1xx_HAL_Driver/Src/stm32f1xx_hal_spi.c ****   /* Change Rx and Tx Irq Handler to Disable TXEIE, RXNEIE and ERRIE interrupts */
2219:Drivers/STM32F1xx_HAL_Driver/Src/stm32f1xx_hal_spi.c ****   if (HAL_IS_BIT_SET(hspi->Instance->CR2, SPI_CR2_TXEIE))
2220:Drivers/STM32F1xx_HAL_Driver/Src/stm32f1xx_hal_spi.c ****   {
2221:Drivers/STM32F1xx_HAL_Driver/Src/stm32f1xx_hal_spi.c ****     hspi->TxISR = SPI_AbortTx_ISR;
2222:Drivers/STM32F1xx_HAL_Driver/Src/stm32f1xx_hal_spi.c ****     /* Wait HAL_SPI_STATE_ABORT state */
2223:Drivers/STM32F1xx_HAL_Driver/Src/stm32f1xx_hal_spi.c ****     do
2224:Drivers/STM32F1xx_HAL_Driver/Src/stm32f1xx_hal_spi.c ****     {
2225:Drivers/STM32F1xx_HAL_Driver/Src/stm32f1xx_hal_spi.c ****       if (count == 0U)
2226:Drivers/STM32F1xx_HAL_Driver/Src/stm32f1xx_hal_spi.c ****       {
2227:Drivers/STM32F1xx_HAL_Driver/Src/stm32f1xx_hal_spi.c ****         SET_BIT(hspi->ErrorCode, HAL_SPI_ERROR_ABORT);
2228:Drivers/STM32F1xx_HAL_Driver/Src/stm32f1xx_hal_spi.c ****         break;
2229:Drivers/STM32F1xx_HAL_Driver/Src/stm32f1xx_hal_spi.c ****       }
2230:Drivers/STM32F1xx_HAL_Driver/Src/stm32f1xx_hal_spi.c ****       count--;
2231:Drivers/STM32F1xx_HAL_Driver/Src/stm32f1xx_hal_spi.c ****     } while (hspi->State != HAL_SPI_STATE_ABORT);
2232:Drivers/STM32F1xx_HAL_Driver/Src/stm32f1xx_hal_spi.c ****     /* Reset Timeout Counter */
2233:Drivers/STM32F1xx_HAL_Driver/Src/stm32f1xx_hal_spi.c ****     count = resetcount;
2234:Drivers/STM32F1xx_HAL_Driver/Src/stm32f1xx_hal_spi.c ****   }
2235:Drivers/STM32F1xx_HAL_Driver/Src/stm32f1xx_hal_spi.c **** 
2236:Drivers/STM32F1xx_HAL_Driver/Src/stm32f1xx_hal_spi.c ****   if (HAL_IS_BIT_SET(hspi->Instance->CR2, SPI_CR2_RXNEIE))
2237:Drivers/STM32F1xx_HAL_Driver/Src/stm32f1xx_hal_spi.c ****   {
2238:Drivers/STM32F1xx_HAL_Driver/Src/stm32f1xx_hal_spi.c ****     hspi->RxISR = SPI_AbortRx_ISR;
2239:Drivers/STM32F1xx_HAL_Driver/Src/stm32f1xx_hal_spi.c ****     /* Wait HAL_SPI_STATE_ABORT state */
2240:Drivers/STM32F1xx_HAL_Driver/Src/stm32f1xx_hal_spi.c ****     do
2241:Drivers/STM32F1xx_HAL_Driver/Src/stm32f1xx_hal_spi.c ****     {
2242:Drivers/STM32F1xx_HAL_Driver/Src/stm32f1xx_hal_spi.c ****       if (count == 0U)
2243:Drivers/STM32F1xx_HAL_Driver/Src/stm32f1xx_hal_spi.c ****       {
2244:Drivers/STM32F1xx_HAL_Driver/Src/stm32f1xx_hal_spi.c ****         SET_BIT(hspi->ErrorCode, HAL_SPI_ERROR_ABORT);
2245:Drivers/STM32F1xx_HAL_Driver/Src/stm32f1xx_hal_spi.c ****         break;
2246:Drivers/STM32F1xx_HAL_Driver/Src/stm32f1xx_hal_spi.c ****       }
2247:Drivers/STM32F1xx_HAL_Driver/Src/stm32f1xx_hal_spi.c ****       count--;
2248:Drivers/STM32F1xx_HAL_Driver/Src/stm32f1xx_hal_spi.c ****     } while (hspi->State != HAL_SPI_STATE_ABORT);
2249:Drivers/STM32F1xx_HAL_Driver/Src/stm32f1xx_hal_spi.c ****     /* Reset Timeout Counter */
2250:Drivers/STM32F1xx_HAL_Driver/Src/stm32f1xx_hal_spi.c ****     count = resetcount;
2251:Drivers/STM32F1xx_HAL_Driver/Src/stm32f1xx_hal_spi.c ****   }
2252:Drivers/STM32F1xx_HAL_Driver/Src/stm32f1xx_hal_spi.c **** 
2253:Drivers/STM32F1xx_HAL_Driver/Src/stm32f1xx_hal_spi.c ****   /* If DMA Tx and/or DMA Rx Handles are associated to SPI Handle, DMA Abort complete callbacks sho
2254:Drivers/STM32F1xx_HAL_Driver/Src/stm32f1xx_hal_spi.c ****      before any call to DMA Abort functions */
2255:Drivers/STM32F1xx_HAL_Driver/Src/stm32f1xx_hal_spi.c ****   /* DMA Tx Handle is valid */
ARM GAS  C:\Users\zhmis\AppData\Local\Temp\ccgFfHBP.s 			page 41


2256:Drivers/STM32F1xx_HAL_Driver/Src/stm32f1xx_hal_spi.c ****   if (hspi->hdmatx != NULL)
2257:Drivers/STM32F1xx_HAL_Driver/Src/stm32f1xx_hal_spi.c ****   {
2258:Drivers/STM32F1xx_HAL_Driver/Src/stm32f1xx_hal_spi.c ****     /* Set DMA Abort Complete callback if UART DMA Tx request if enabled.
2259:Drivers/STM32F1xx_HAL_Driver/Src/stm32f1xx_hal_spi.c ****        Otherwise, set it to NULL */
2260:Drivers/STM32F1xx_HAL_Driver/Src/stm32f1xx_hal_spi.c ****     if (HAL_IS_BIT_SET(hspi->Instance->CR2, SPI_CR2_TXDMAEN))
2261:Drivers/STM32F1xx_HAL_Driver/Src/stm32f1xx_hal_spi.c ****     {
2262:Drivers/STM32F1xx_HAL_Driver/Src/stm32f1xx_hal_spi.c ****       hspi->hdmatx->XferAbortCallback = SPI_DMATxAbortCallback;
2263:Drivers/STM32F1xx_HAL_Driver/Src/stm32f1xx_hal_spi.c ****     }
2264:Drivers/STM32F1xx_HAL_Driver/Src/stm32f1xx_hal_spi.c ****     else
2265:Drivers/STM32F1xx_HAL_Driver/Src/stm32f1xx_hal_spi.c ****     {
2266:Drivers/STM32F1xx_HAL_Driver/Src/stm32f1xx_hal_spi.c ****       hspi->hdmatx->XferAbortCallback = NULL;
2267:Drivers/STM32F1xx_HAL_Driver/Src/stm32f1xx_hal_spi.c ****     }
2268:Drivers/STM32F1xx_HAL_Driver/Src/stm32f1xx_hal_spi.c ****   }
2269:Drivers/STM32F1xx_HAL_Driver/Src/stm32f1xx_hal_spi.c ****   /* DMA Rx Handle is valid */
2270:Drivers/STM32F1xx_HAL_Driver/Src/stm32f1xx_hal_spi.c ****   if (hspi->hdmarx != NULL)
2271:Drivers/STM32F1xx_HAL_Driver/Src/stm32f1xx_hal_spi.c ****   {
2272:Drivers/STM32F1xx_HAL_Driver/Src/stm32f1xx_hal_spi.c ****     /* Set DMA Abort Complete callback if UART DMA Rx request if enabled.
2273:Drivers/STM32F1xx_HAL_Driver/Src/stm32f1xx_hal_spi.c ****        Otherwise, set it to NULL */
2274:Drivers/STM32F1xx_HAL_Driver/Src/stm32f1xx_hal_spi.c ****     if (HAL_IS_BIT_SET(hspi->Instance->CR2, SPI_CR2_RXDMAEN))
2275:Drivers/STM32F1xx_HAL_Driver/Src/stm32f1xx_hal_spi.c ****     {
2276:Drivers/STM32F1xx_HAL_Driver/Src/stm32f1xx_hal_spi.c ****       hspi->hdmarx->XferAbortCallback = SPI_DMARxAbortCallback;
2277:Drivers/STM32F1xx_HAL_Driver/Src/stm32f1xx_hal_spi.c ****     }
2278:Drivers/STM32F1xx_HAL_Driver/Src/stm32f1xx_hal_spi.c ****     else
2279:Drivers/STM32F1xx_HAL_Driver/Src/stm32f1xx_hal_spi.c ****     {
2280:Drivers/STM32F1xx_HAL_Driver/Src/stm32f1xx_hal_spi.c ****       hspi->hdmarx->XferAbortCallback = NULL;
2281:Drivers/STM32F1xx_HAL_Driver/Src/stm32f1xx_hal_spi.c ****     }
2282:Drivers/STM32F1xx_HAL_Driver/Src/stm32f1xx_hal_spi.c ****   }
2283:Drivers/STM32F1xx_HAL_Driver/Src/stm32f1xx_hal_spi.c **** 
2284:Drivers/STM32F1xx_HAL_Driver/Src/stm32f1xx_hal_spi.c ****   /* Disable the SPI DMA Tx request if enabled */
2285:Drivers/STM32F1xx_HAL_Driver/Src/stm32f1xx_hal_spi.c ****   if (HAL_IS_BIT_SET(hspi->Instance->CR2, SPI_CR2_TXDMAEN))
2286:Drivers/STM32F1xx_HAL_Driver/Src/stm32f1xx_hal_spi.c ****   {
2287:Drivers/STM32F1xx_HAL_Driver/Src/stm32f1xx_hal_spi.c ****     /* Abort the SPI DMA Tx Stream/Channel */
2288:Drivers/STM32F1xx_HAL_Driver/Src/stm32f1xx_hal_spi.c ****     if (hspi->hdmatx != NULL)
2289:Drivers/STM32F1xx_HAL_Driver/Src/stm32f1xx_hal_spi.c ****     {
2290:Drivers/STM32F1xx_HAL_Driver/Src/stm32f1xx_hal_spi.c ****       /* Abort DMA Tx Handle linked to SPI Peripheral */
2291:Drivers/STM32F1xx_HAL_Driver/Src/stm32f1xx_hal_spi.c ****       if (HAL_DMA_Abort_IT(hspi->hdmatx) != HAL_OK)
2292:Drivers/STM32F1xx_HAL_Driver/Src/stm32f1xx_hal_spi.c ****       {
2293:Drivers/STM32F1xx_HAL_Driver/Src/stm32f1xx_hal_spi.c ****         hspi->hdmatx->XferAbortCallback = NULL;
2294:Drivers/STM32F1xx_HAL_Driver/Src/stm32f1xx_hal_spi.c ****         hspi->ErrorCode = HAL_SPI_ERROR_ABORT;
2295:Drivers/STM32F1xx_HAL_Driver/Src/stm32f1xx_hal_spi.c ****       }
2296:Drivers/STM32F1xx_HAL_Driver/Src/stm32f1xx_hal_spi.c ****       else
2297:Drivers/STM32F1xx_HAL_Driver/Src/stm32f1xx_hal_spi.c ****       {
2298:Drivers/STM32F1xx_HAL_Driver/Src/stm32f1xx_hal_spi.c ****         abortcplt = 0U;
2299:Drivers/STM32F1xx_HAL_Driver/Src/stm32f1xx_hal_spi.c ****       }
2300:Drivers/STM32F1xx_HAL_Driver/Src/stm32f1xx_hal_spi.c ****     }
2301:Drivers/STM32F1xx_HAL_Driver/Src/stm32f1xx_hal_spi.c ****   }
2302:Drivers/STM32F1xx_HAL_Driver/Src/stm32f1xx_hal_spi.c ****   /* Disable the SPI DMA Rx request if enabled */
2303:Drivers/STM32F1xx_HAL_Driver/Src/stm32f1xx_hal_spi.c ****   if (HAL_IS_BIT_SET(hspi->Instance->CR2, SPI_CR2_RXDMAEN))
2304:Drivers/STM32F1xx_HAL_Driver/Src/stm32f1xx_hal_spi.c ****   {
2305:Drivers/STM32F1xx_HAL_Driver/Src/stm32f1xx_hal_spi.c ****     /* Abort the SPI DMA Rx Stream/Channel */
2306:Drivers/STM32F1xx_HAL_Driver/Src/stm32f1xx_hal_spi.c ****     if (hspi->hdmarx != NULL)
2307:Drivers/STM32F1xx_HAL_Driver/Src/stm32f1xx_hal_spi.c ****     {
2308:Drivers/STM32F1xx_HAL_Driver/Src/stm32f1xx_hal_spi.c ****       /* Abort DMA Rx Handle linked to SPI Peripheral */
2309:Drivers/STM32F1xx_HAL_Driver/Src/stm32f1xx_hal_spi.c ****       if (HAL_DMA_Abort_IT(hspi->hdmarx) !=  HAL_OK)
2310:Drivers/STM32F1xx_HAL_Driver/Src/stm32f1xx_hal_spi.c ****       {
2311:Drivers/STM32F1xx_HAL_Driver/Src/stm32f1xx_hal_spi.c ****         hspi->hdmarx->XferAbortCallback = NULL;
2312:Drivers/STM32F1xx_HAL_Driver/Src/stm32f1xx_hal_spi.c ****         hspi->ErrorCode = HAL_SPI_ERROR_ABORT;
ARM GAS  C:\Users\zhmis\AppData\Local\Temp\ccgFfHBP.s 			page 42


2313:Drivers/STM32F1xx_HAL_Driver/Src/stm32f1xx_hal_spi.c ****       }
2314:Drivers/STM32F1xx_HAL_Driver/Src/stm32f1xx_hal_spi.c ****       else
2315:Drivers/STM32F1xx_HAL_Driver/Src/stm32f1xx_hal_spi.c ****       {
2316:Drivers/STM32F1xx_HAL_Driver/Src/stm32f1xx_hal_spi.c ****         abortcplt = 0U;
2317:Drivers/STM32F1xx_HAL_Driver/Src/stm32f1xx_hal_spi.c ****       }
2318:Drivers/STM32F1xx_HAL_Driver/Src/stm32f1xx_hal_spi.c ****     }
2319:Drivers/STM32F1xx_HAL_Driver/Src/stm32f1xx_hal_spi.c ****   }
2320:Drivers/STM32F1xx_HAL_Driver/Src/stm32f1xx_hal_spi.c **** 
2321:Drivers/STM32F1xx_HAL_Driver/Src/stm32f1xx_hal_spi.c ****   if (abortcplt == 1U)
2322:Drivers/STM32F1xx_HAL_Driver/Src/stm32f1xx_hal_spi.c ****   {
2323:Drivers/STM32F1xx_HAL_Driver/Src/stm32f1xx_hal_spi.c ****     /* Reset Tx and Rx transfer counters */
2324:Drivers/STM32F1xx_HAL_Driver/Src/stm32f1xx_hal_spi.c ****     hspi->RxXferCount = 0U;
2325:Drivers/STM32F1xx_HAL_Driver/Src/stm32f1xx_hal_spi.c ****     hspi->TxXferCount = 0U;
2326:Drivers/STM32F1xx_HAL_Driver/Src/stm32f1xx_hal_spi.c **** 
2327:Drivers/STM32F1xx_HAL_Driver/Src/stm32f1xx_hal_spi.c ****     /* Check error during Abort procedure */
2328:Drivers/STM32F1xx_HAL_Driver/Src/stm32f1xx_hal_spi.c ****     if (hspi->ErrorCode == HAL_SPI_ERROR_ABORT)
2329:Drivers/STM32F1xx_HAL_Driver/Src/stm32f1xx_hal_spi.c ****     {
2330:Drivers/STM32F1xx_HAL_Driver/Src/stm32f1xx_hal_spi.c ****       /* return HAL_Error in case of error during Abort procedure */
2331:Drivers/STM32F1xx_HAL_Driver/Src/stm32f1xx_hal_spi.c ****       errorcode = HAL_ERROR;
2332:Drivers/STM32F1xx_HAL_Driver/Src/stm32f1xx_hal_spi.c ****     }
2333:Drivers/STM32F1xx_HAL_Driver/Src/stm32f1xx_hal_spi.c ****     else
2334:Drivers/STM32F1xx_HAL_Driver/Src/stm32f1xx_hal_spi.c ****     {
2335:Drivers/STM32F1xx_HAL_Driver/Src/stm32f1xx_hal_spi.c ****       /* Reset errorCode */
2336:Drivers/STM32F1xx_HAL_Driver/Src/stm32f1xx_hal_spi.c ****       hspi->ErrorCode = HAL_SPI_ERROR_NONE;
2337:Drivers/STM32F1xx_HAL_Driver/Src/stm32f1xx_hal_spi.c ****     }
2338:Drivers/STM32F1xx_HAL_Driver/Src/stm32f1xx_hal_spi.c **** 
2339:Drivers/STM32F1xx_HAL_Driver/Src/stm32f1xx_hal_spi.c ****     /* Clear the Error flags in the SR register */
2340:Drivers/STM32F1xx_HAL_Driver/Src/stm32f1xx_hal_spi.c ****     __HAL_SPI_CLEAR_OVRFLAG(hspi);
2341:Drivers/STM32F1xx_HAL_Driver/Src/stm32f1xx_hal_spi.c **** 
2342:Drivers/STM32F1xx_HAL_Driver/Src/stm32f1xx_hal_spi.c ****     /* Restore hspi->State to Ready */
2343:Drivers/STM32F1xx_HAL_Driver/Src/stm32f1xx_hal_spi.c ****     hspi->State = HAL_SPI_STATE_READY;
2344:Drivers/STM32F1xx_HAL_Driver/Src/stm32f1xx_hal_spi.c **** 
2345:Drivers/STM32F1xx_HAL_Driver/Src/stm32f1xx_hal_spi.c ****     /* As no DMA to be aborted, call directly user Abort complete callback */
2346:Drivers/STM32F1xx_HAL_Driver/Src/stm32f1xx_hal_spi.c **** #if (USE_HAL_SPI_REGISTER_CALLBACKS == 1U)
2347:Drivers/STM32F1xx_HAL_Driver/Src/stm32f1xx_hal_spi.c ****     hspi->AbortCpltCallback(hspi);
2348:Drivers/STM32F1xx_HAL_Driver/Src/stm32f1xx_hal_spi.c **** #else
2349:Drivers/STM32F1xx_HAL_Driver/Src/stm32f1xx_hal_spi.c ****     HAL_SPI_AbortCpltCallback(hspi);
2350:Drivers/STM32F1xx_HAL_Driver/Src/stm32f1xx_hal_spi.c **** #endif /* USE_HAL_SPI_REGISTER_CALLBACKS */
2351:Drivers/STM32F1xx_HAL_Driver/Src/stm32f1xx_hal_spi.c ****   }
2352:Drivers/STM32F1xx_HAL_Driver/Src/stm32f1xx_hal_spi.c **** 
2353:Drivers/STM32F1xx_HAL_Driver/Src/stm32f1xx_hal_spi.c ****   return errorcode;
2354:Drivers/STM32F1xx_HAL_Driver/Src/stm32f1xx_hal_spi.c **** }
2355:Drivers/STM32F1xx_HAL_Driver/Src/stm32f1xx_hal_spi.c **** 
2356:Drivers/STM32F1xx_HAL_Driver/Src/stm32f1xx_hal_spi.c **** /**
2357:Drivers/STM32F1xx_HAL_Driver/Src/stm32f1xx_hal_spi.c ****   * @brief  Pause the DMA Transfer.
2358:Drivers/STM32F1xx_HAL_Driver/Src/stm32f1xx_hal_spi.c ****   * @param  hspi pointer to a SPI_HandleTypeDef structure that contains
2359:Drivers/STM32F1xx_HAL_Driver/Src/stm32f1xx_hal_spi.c ****   *               the configuration information for the specified SPI module.
2360:Drivers/STM32F1xx_HAL_Driver/Src/stm32f1xx_hal_spi.c ****   * @retval HAL status
2361:Drivers/STM32F1xx_HAL_Driver/Src/stm32f1xx_hal_spi.c ****   */
2362:Drivers/STM32F1xx_HAL_Driver/Src/stm32f1xx_hal_spi.c **** HAL_StatusTypeDef HAL_SPI_DMAPause(SPI_HandleTypeDef *hspi)
2363:Drivers/STM32F1xx_HAL_Driver/Src/stm32f1xx_hal_spi.c **** {
2364:Drivers/STM32F1xx_HAL_Driver/Src/stm32f1xx_hal_spi.c ****   /* Process Locked */
2365:Drivers/STM32F1xx_HAL_Driver/Src/stm32f1xx_hal_spi.c ****   __HAL_LOCK(hspi);
2366:Drivers/STM32F1xx_HAL_Driver/Src/stm32f1xx_hal_spi.c **** 
2367:Drivers/STM32F1xx_HAL_Driver/Src/stm32f1xx_hal_spi.c ****   /* Disable the SPI DMA Tx & Rx requests */
2368:Drivers/STM32F1xx_HAL_Driver/Src/stm32f1xx_hal_spi.c ****   CLEAR_BIT(hspi->Instance->CR2, SPI_CR2_TXDMAEN | SPI_CR2_RXDMAEN);
2369:Drivers/STM32F1xx_HAL_Driver/Src/stm32f1xx_hal_spi.c **** 
ARM GAS  C:\Users\zhmis\AppData\Local\Temp\ccgFfHBP.s 			page 43


2370:Drivers/STM32F1xx_HAL_Driver/Src/stm32f1xx_hal_spi.c ****   /* Process Unlocked */
2371:Drivers/STM32F1xx_HAL_Driver/Src/stm32f1xx_hal_spi.c ****   __HAL_UNLOCK(hspi);
2372:Drivers/STM32F1xx_HAL_Driver/Src/stm32f1xx_hal_spi.c **** 
2373:Drivers/STM32F1xx_HAL_Driver/Src/stm32f1xx_hal_spi.c ****   return HAL_OK;
2374:Drivers/STM32F1xx_HAL_Driver/Src/stm32f1xx_hal_spi.c **** }
2375:Drivers/STM32F1xx_HAL_Driver/Src/stm32f1xx_hal_spi.c **** 
2376:Drivers/STM32F1xx_HAL_Driver/Src/stm32f1xx_hal_spi.c **** /**
2377:Drivers/STM32F1xx_HAL_Driver/Src/stm32f1xx_hal_spi.c ****   * @brief  Resume the DMA Transfer.
2378:Drivers/STM32F1xx_HAL_Driver/Src/stm32f1xx_hal_spi.c ****   * @param  hspi pointer to a SPI_HandleTypeDef structure that contains
2379:Drivers/STM32F1xx_HAL_Driver/Src/stm32f1xx_hal_spi.c ****   *               the configuration information for the specified SPI module.
2380:Drivers/STM32F1xx_HAL_Driver/Src/stm32f1xx_hal_spi.c ****   * @retval HAL status
2381:Drivers/STM32F1xx_HAL_Driver/Src/stm32f1xx_hal_spi.c ****   */
2382:Drivers/STM32F1xx_HAL_Driver/Src/stm32f1xx_hal_spi.c **** HAL_StatusTypeDef HAL_SPI_DMAResume(SPI_HandleTypeDef *hspi)
2383:Drivers/STM32F1xx_HAL_Driver/Src/stm32f1xx_hal_spi.c **** {
2384:Drivers/STM32F1xx_HAL_Driver/Src/stm32f1xx_hal_spi.c ****   /* Process Locked */
2385:Drivers/STM32F1xx_HAL_Driver/Src/stm32f1xx_hal_spi.c ****   __HAL_LOCK(hspi);
2386:Drivers/STM32F1xx_HAL_Driver/Src/stm32f1xx_hal_spi.c **** 
2387:Drivers/STM32F1xx_HAL_Driver/Src/stm32f1xx_hal_spi.c ****   /* Enable the SPI DMA Tx & Rx requests */
2388:Drivers/STM32F1xx_HAL_Driver/Src/stm32f1xx_hal_spi.c ****   SET_BIT(hspi->Instance->CR2, SPI_CR2_TXDMAEN | SPI_CR2_RXDMAEN);
2389:Drivers/STM32F1xx_HAL_Driver/Src/stm32f1xx_hal_spi.c **** 
2390:Drivers/STM32F1xx_HAL_Driver/Src/stm32f1xx_hal_spi.c ****   /* Process Unlocked */
2391:Drivers/STM32F1xx_HAL_Driver/Src/stm32f1xx_hal_spi.c ****   __HAL_UNLOCK(hspi);
2392:Drivers/STM32F1xx_HAL_Driver/Src/stm32f1xx_hal_spi.c **** 
2393:Drivers/STM32F1xx_HAL_Driver/Src/stm32f1xx_hal_spi.c ****   return HAL_OK;
2394:Drivers/STM32F1xx_HAL_Driver/Src/stm32f1xx_hal_spi.c **** }
2395:Drivers/STM32F1xx_HAL_Driver/Src/stm32f1xx_hal_spi.c **** 
2396:Drivers/STM32F1xx_HAL_Driver/Src/stm32f1xx_hal_spi.c **** /**
2397:Drivers/STM32F1xx_HAL_Driver/Src/stm32f1xx_hal_spi.c ****   * @brief  Stop the DMA Transfer.
2398:Drivers/STM32F1xx_HAL_Driver/Src/stm32f1xx_hal_spi.c ****   * @param  hspi pointer to a SPI_HandleTypeDef structure that contains
2399:Drivers/STM32F1xx_HAL_Driver/Src/stm32f1xx_hal_spi.c ****   *               the configuration information for the specified SPI module.
2400:Drivers/STM32F1xx_HAL_Driver/Src/stm32f1xx_hal_spi.c ****   * @retval HAL status
2401:Drivers/STM32F1xx_HAL_Driver/Src/stm32f1xx_hal_spi.c ****   */
2402:Drivers/STM32F1xx_HAL_Driver/Src/stm32f1xx_hal_spi.c **** HAL_StatusTypeDef HAL_SPI_DMAStop(SPI_HandleTypeDef *hspi)
2403:Drivers/STM32F1xx_HAL_Driver/Src/stm32f1xx_hal_spi.c **** {
2404:Drivers/STM32F1xx_HAL_Driver/Src/stm32f1xx_hal_spi.c ****   HAL_StatusTypeDef errorcode = HAL_OK;
2405:Drivers/STM32F1xx_HAL_Driver/Src/stm32f1xx_hal_spi.c ****   /* The Lock is not implemented on this API to allow the user application
2406:Drivers/STM32F1xx_HAL_Driver/Src/stm32f1xx_hal_spi.c ****      to call the HAL SPI API under callbacks HAL_SPI_TxCpltCallback() or HAL_SPI_RxCpltCallback() o
2407:Drivers/STM32F1xx_HAL_Driver/Src/stm32f1xx_hal_spi.c ****      when calling HAL_DMA_Abort() API the DMA TX/RX Transfer complete interrupt is generated
2408:Drivers/STM32F1xx_HAL_Driver/Src/stm32f1xx_hal_spi.c ****      and the correspond call back is executed HAL_SPI_TxCpltCallback() or HAL_SPI_RxCpltCallback() 
2409:Drivers/STM32F1xx_HAL_Driver/Src/stm32f1xx_hal_spi.c ****      */
2410:Drivers/STM32F1xx_HAL_Driver/Src/stm32f1xx_hal_spi.c **** 
2411:Drivers/STM32F1xx_HAL_Driver/Src/stm32f1xx_hal_spi.c ****   /* Abort the SPI DMA tx Stream/Channel  */
2412:Drivers/STM32F1xx_HAL_Driver/Src/stm32f1xx_hal_spi.c ****   if (hspi->hdmatx != NULL)
2413:Drivers/STM32F1xx_HAL_Driver/Src/stm32f1xx_hal_spi.c ****   {
2414:Drivers/STM32F1xx_HAL_Driver/Src/stm32f1xx_hal_spi.c ****     if (HAL_OK != HAL_DMA_Abort(hspi->hdmatx))
2415:Drivers/STM32F1xx_HAL_Driver/Src/stm32f1xx_hal_spi.c ****     {
2416:Drivers/STM32F1xx_HAL_Driver/Src/stm32f1xx_hal_spi.c ****       SET_BIT(hspi->ErrorCode, HAL_SPI_ERROR_DMA);
2417:Drivers/STM32F1xx_HAL_Driver/Src/stm32f1xx_hal_spi.c ****       errorcode = HAL_ERROR;
2418:Drivers/STM32F1xx_HAL_Driver/Src/stm32f1xx_hal_spi.c ****     }
2419:Drivers/STM32F1xx_HAL_Driver/Src/stm32f1xx_hal_spi.c ****   }
2420:Drivers/STM32F1xx_HAL_Driver/Src/stm32f1xx_hal_spi.c ****   /* Abort the SPI DMA rx Stream/Channel  */
2421:Drivers/STM32F1xx_HAL_Driver/Src/stm32f1xx_hal_spi.c ****   if (hspi->hdmarx != NULL)
2422:Drivers/STM32F1xx_HAL_Driver/Src/stm32f1xx_hal_spi.c ****   {
2423:Drivers/STM32F1xx_HAL_Driver/Src/stm32f1xx_hal_spi.c ****     if (HAL_OK != HAL_DMA_Abort(hspi->hdmarx))
2424:Drivers/STM32F1xx_HAL_Driver/Src/stm32f1xx_hal_spi.c ****     {
2425:Drivers/STM32F1xx_HAL_Driver/Src/stm32f1xx_hal_spi.c ****       SET_BIT(hspi->ErrorCode, HAL_SPI_ERROR_DMA);
2426:Drivers/STM32F1xx_HAL_Driver/Src/stm32f1xx_hal_spi.c ****       errorcode = HAL_ERROR;
ARM GAS  C:\Users\zhmis\AppData\Local\Temp\ccgFfHBP.s 			page 44


2427:Drivers/STM32F1xx_HAL_Driver/Src/stm32f1xx_hal_spi.c ****     }
2428:Drivers/STM32F1xx_HAL_Driver/Src/stm32f1xx_hal_spi.c ****   }
2429:Drivers/STM32F1xx_HAL_Driver/Src/stm32f1xx_hal_spi.c **** 
2430:Drivers/STM32F1xx_HAL_Driver/Src/stm32f1xx_hal_spi.c ****   /* Disable the SPI DMA Tx & Rx requests */
2431:Drivers/STM32F1xx_HAL_Driver/Src/stm32f1xx_hal_spi.c ****   CLEAR_BIT(hspi->Instance->CR2, SPI_CR2_TXDMAEN | SPI_CR2_RXDMAEN);
2432:Drivers/STM32F1xx_HAL_Driver/Src/stm32f1xx_hal_spi.c ****   hspi->State = HAL_SPI_STATE_READY;
2433:Drivers/STM32F1xx_HAL_Driver/Src/stm32f1xx_hal_spi.c ****   return errorcode;
2434:Drivers/STM32F1xx_HAL_Driver/Src/stm32f1xx_hal_spi.c **** }
2435:Drivers/STM32F1xx_HAL_Driver/Src/stm32f1xx_hal_spi.c **** 
2436:Drivers/STM32F1xx_HAL_Driver/Src/stm32f1xx_hal_spi.c **** /**
2437:Drivers/STM32F1xx_HAL_Driver/Src/stm32f1xx_hal_spi.c ****   * @brief  Handle SPI interrupt request.
2438:Drivers/STM32F1xx_HAL_Driver/Src/stm32f1xx_hal_spi.c ****   * @param  hspi pointer to a SPI_HandleTypeDef structure that contains
2439:Drivers/STM32F1xx_HAL_Driver/Src/stm32f1xx_hal_spi.c ****   *               the configuration information for the specified SPI module.
2440:Drivers/STM32F1xx_HAL_Driver/Src/stm32f1xx_hal_spi.c ****   * @retval None
2441:Drivers/STM32F1xx_HAL_Driver/Src/stm32f1xx_hal_spi.c ****   */
2442:Drivers/STM32F1xx_HAL_Driver/Src/stm32f1xx_hal_spi.c **** void HAL_SPI_IRQHandler(SPI_HandleTypeDef *hspi)
2443:Drivers/STM32F1xx_HAL_Driver/Src/stm32f1xx_hal_spi.c **** {
2444:Drivers/STM32F1xx_HAL_Driver/Src/stm32f1xx_hal_spi.c ****   uint32_t itsource = hspi->Instance->CR2;
2445:Drivers/STM32F1xx_HAL_Driver/Src/stm32f1xx_hal_spi.c ****   uint32_t itflag   = hspi->Instance->SR;
2446:Drivers/STM32F1xx_HAL_Driver/Src/stm32f1xx_hal_spi.c **** 
2447:Drivers/STM32F1xx_HAL_Driver/Src/stm32f1xx_hal_spi.c ****   /* SPI in mode Receiver ----------------------------------------------------*/
2448:Drivers/STM32F1xx_HAL_Driver/Src/stm32f1xx_hal_spi.c ****   if ((SPI_CHECK_FLAG(itflag, SPI_FLAG_OVR) == RESET) &&
2449:Drivers/STM32F1xx_HAL_Driver/Src/stm32f1xx_hal_spi.c ****       (SPI_CHECK_FLAG(itflag, SPI_FLAG_RXNE) != RESET) && (SPI_CHECK_IT_SOURCE(itsource, SPI_IT_RXN
2450:Drivers/STM32F1xx_HAL_Driver/Src/stm32f1xx_hal_spi.c ****   {
2451:Drivers/STM32F1xx_HAL_Driver/Src/stm32f1xx_hal_spi.c ****     hspi->RxISR(hspi);
2452:Drivers/STM32F1xx_HAL_Driver/Src/stm32f1xx_hal_spi.c ****     return;
2453:Drivers/STM32F1xx_HAL_Driver/Src/stm32f1xx_hal_spi.c ****   }
2454:Drivers/STM32F1xx_HAL_Driver/Src/stm32f1xx_hal_spi.c **** 
2455:Drivers/STM32F1xx_HAL_Driver/Src/stm32f1xx_hal_spi.c ****   /* SPI in mode Transmitter -------------------------------------------------*/
2456:Drivers/STM32F1xx_HAL_Driver/Src/stm32f1xx_hal_spi.c ****   if ((SPI_CHECK_FLAG(itflag, SPI_FLAG_TXE) != RESET) && (SPI_CHECK_IT_SOURCE(itsource, SPI_IT_TXE)
2457:Drivers/STM32F1xx_HAL_Driver/Src/stm32f1xx_hal_spi.c ****   {
2458:Drivers/STM32F1xx_HAL_Driver/Src/stm32f1xx_hal_spi.c ****     hspi->TxISR(hspi);
2459:Drivers/STM32F1xx_HAL_Driver/Src/stm32f1xx_hal_spi.c ****     return;
2460:Drivers/STM32F1xx_HAL_Driver/Src/stm32f1xx_hal_spi.c ****   }
2461:Drivers/STM32F1xx_HAL_Driver/Src/stm32f1xx_hal_spi.c **** 
2462:Drivers/STM32F1xx_HAL_Driver/Src/stm32f1xx_hal_spi.c ****   /* SPI in Error Treatment --------------------------------------------------*/
2463:Drivers/STM32F1xx_HAL_Driver/Src/stm32f1xx_hal_spi.c ****   if (((SPI_CHECK_FLAG(itflag, SPI_FLAG_MODF) != RESET) || (SPI_CHECK_FLAG(itflag, SPI_FLAG_OVR) !=
2464:Drivers/STM32F1xx_HAL_Driver/Src/stm32f1xx_hal_spi.c ****       && (SPI_CHECK_IT_SOURCE(itsource, SPI_IT_ERR) != RESET))
2465:Drivers/STM32F1xx_HAL_Driver/Src/stm32f1xx_hal_spi.c ****   {
2466:Drivers/STM32F1xx_HAL_Driver/Src/stm32f1xx_hal_spi.c ****     /* SPI Overrun error interrupt occurred ----------------------------------*/
2467:Drivers/STM32F1xx_HAL_Driver/Src/stm32f1xx_hal_spi.c ****     if (SPI_CHECK_FLAG(itflag, SPI_FLAG_OVR) != RESET)
2468:Drivers/STM32F1xx_HAL_Driver/Src/stm32f1xx_hal_spi.c ****     {
2469:Drivers/STM32F1xx_HAL_Driver/Src/stm32f1xx_hal_spi.c ****       if (hspi->State != HAL_SPI_STATE_BUSY_TX)
2470:Drivers/STM32F1xx_HAL_Driver/Src/stm32f1xx_hal_spi.c ****       {
2471:Drivers/STM32F1xx_HAL_Driver/Src/stm32f1xx_hal_spi.c ****         SET_BIT(hspi->ErrorCode, HAL_SPI_ERROR_OVR);
2472:Drivers/STM32F1xx_HAL_Driver/Src/stm32f1xx_hal_spi.c ****         __HAL_SPI_CLEAR_OVRFLAG(hspi);
2473:Drivers/STM32F1xx_HAL_Driver/Src/stm32f1xx_hal_spi.c ****       }
2474:Drivers/STM32F1xx_HAL_Driver/Src/stm32f1xx_hal_spi.c ****       else
2475:Drivers/STM32F1xx_HAL_Driver/Src/stm32f1xx_hal_spi.c ****       {
2476:Drivers/STM32F1xx_HAL_Driver/Src/stm32f1xx_hal_spi.c ****         __HAL_SPI_CLEAR_OVRFLAG(hspi);
2477:Drivers/STM32F1xx_HAL_Driver/Src/stm32f1xx_hal_spi.c ****         return;
2478:Drivers/STM32F1xx_HAL_Driver/Src/stm32f1xx_hal_spi.c ****       }
2479:Drivers/STM32F1xx_HAL_Driver/Src/stm32f1xx_hal_spi.c ****     }
2480:Drivers/STM32F1xx_HAL_Driver/Src/stm32f1xx_hal_spi.c **** 
2481:Drivers/STM32F1xx_HAL_Driver/Src/stm32f1xx_hal_spi.c ****     /* SPI Mode Fault error interrupt occurred -------------------------------*/
2482:Drivers/STM32F1xx_HAL_Driver/Src/stm32f1xx_hal_spi.c ****     if (SPI_CHECK_FLAG(itflag, SPI_FLAG_MODF) != RESET)
2483:Drivers/STM32F1xx_HAL_Driver/Src/stm32f1xx_hal_spi.c ****     {
ARM GAS  C:\Users\zhmis\AppData\Local\Temp\ccgFfHBP.s 			page 45


2484:Drivers/STM32F1xx_HAL_Driver/Src/stm32f1xx_hal_spi.c ****       SET_BIT(hspi->ErrorCode, HAL_SPI_ERROR_MODF);
2485:Drivers/STM32F1xx_HAL_Driver/Src/stm32f1xx_hal_spi.c ****       __HAL_SPI_CLEAR_MODFFLAG(hspi);
2486:Drivers/STM32F1xx_HAL_Driver/Src/stm32f1xx_hal_spi.c ****     }
2487:Drivers/STM32F1xx_HAL_Driver/Src/stm32f1xx_hal_spi.c **** 
2488:Drivers/STM32F1xx_HAL_Driver/Src/stm32f1xx_hal_spi.c ****     /* SPI Frame error interrupt occurred ------------------------------------*/
2489:Drivers/STM32F1xx_HAL_Driver/Src/stm32f1xx_hal_spi.c **** 
2490:Drivers/STM32F1xx_HAL_Driver/Src/stm32f1xx_hal_spi.c ****     if (hspi->ErrorCode != HAL_SPI_ERROR_NONE)
2491:Drivers/STM32F1xx_HAL_Driver/Src/stm32f1xx_hal_spi.c ****     {
2492:Drivers/STM32F1xx_HAL_Driver/Src/stm32f1xx_hal_spi.c ****       /* Disable all interrupts */
2493:Drivers/STM32F1xx_HAL_Driver/Src/stm32f1xx_hal_spi.c ****       __HAL_SPI_DISABLE_IT(hspi, SPI_IT_RXNE | SPI_IT_TXE | SPI_IT_ERR);
2494:Drivers/STM32F1xx_HAL_Driver/Src/stm32f1xx_hal_spi.c **** 
2495:Drivers/STM32F1xx_HAL_Driver/Src/stm32f1xx_hal_spi.c ****       hspi->State = HAL_SPI_STATE_READY;
2496:Drivers/STM32F1xx_HAL_Driver/Src/stm32f1xx_hal_spi.c ****       /* Disable the SPI DMA requests if enabled */
2497:Drivers/STM32F1xx_HAL_Driver/Src/stm32f1xx_hal_spi.c ****       if ((HAL_IS_BIT_SET(itsource, SPI_CR2_TXDMAEN)) || (HAL_IS_BIT_SET(itsource, SPI_CR2_RXDMAEN)
2498:Drivers/STM32F1xx_HAL_Driver/Src/stm32f1xx_hal_spi.c ****       {
2499:Drivers/STM32F1xx_HAL_Driver/Src/stm32f1xx_hal_spi.c ****         CLEAR_BIT(hspi->Instance->CR2, (SPI_CR2_TXDMAEN | SPI_CR2_RXDMAEN));
2500:Drivers/STM32F1xx_HAL_Driver/Src/stm32f1xx_hal_spi.c **** 
2501:Drivers/STM32F1xx_HAL_Driver/Src/stm32f1xx_hal_spi.c ****         /* Abort the SPI DMA Rx channel */
2502:Drivers/STM32F1xx_HAL_Driver/Src/stm32f1xx_hal_spi.c ****         if (hspi->hdmarx != NULL)
2503:Drivers/STM32F1xx_HAL_Driver/Src/stm32f1xx_hal_spi.c ****         {
2504:Drivers/STM32F1xx_HAL_Driver/Src/stm32f1xx_hal_spi.c ****           /* Set the SPI DMA Abort callback :
2505:Drivers/STM32F1xx_HAL_Driver/Src/stm32f1xx_hal_spi.c ****           will lead to call HAL_SPI_ErrorCallback() at end of DMA abort procedure */
2506:Drivers/STM32F1xx_HAL_Driver/Src/stm32f1xx_hal_spi.c ****           hspi->hdmarx->XferAbortCallback = SPI_DMAAbortOnError;
2507:Drivers/STM32F1xx_HAL_Driver/Src/stm32f1xx_hal_spi.c ****           if (HAL_OK != HAL_DMA_Abort_IT(hspi->hdmarx))
2508:Drivers/STM32F1xx_HAL_Driver/Src/stm32f1xx_hal_spi.c ****           {
2509:Drivers/STM32F1xx_HAL_Driver/Src/stm32f1xx_hal_spi.c ****             SET_BIT(hspi->ErrorCode, HAL_SPI_ERROR_ABORT);
2510:Drivers/STM32F1xx_HAL_Driver/Src/stm32f1xx_hal_spi.c ****           }
2511:Drivers/STM32F1xx_HAL_Driver/Src/stm32f1xx_hal_spi.c ****         }
2512:Drivers/STM32F1xx_HAL_Driver/Src/stm32f1xx_hal_spi.c ****         /* Abort the SPI DMA Tx channel */
2513:Drivers/STM32F1xx_HAL_Driver/Src/stm32f1xx_hal_spi.c ****         if (hspi->hdmatx != NULL)
2514:Drivers/STM32F1xx_HAL_Driver/Src/stm32f1xx_hal_spi.c ****         {
2515:Drivers/STM32F1xx_HAL_Driver/Src/stm32f1xx_hal_spi.c ****           /* Set the SPI DMA Abort callback :
2516:Drivers/STM32F1xx_HAL_Driver/Src/stm32f1xx_hal_spi.c ****           will lead to call HAL_SPI_ErrorCallback() at end of DMA abort procedure */
2517:Drivers/STM32F1xx_HAL_Driver/Src/stm32f1xx_hal_spi.c ****           hspi->hdmatx->XferAbortCallback = SPI_DMAAbortOnError;
2518:Drivers/STM32F1xx_HAL_Driver/Src/stm32f1xx_hal_spi.c ****           if (HAL_OK != HAL_DMA_Abort_IT(hspi->hdmatx))
2519:Drivers/STM32F1xx_HAL_Driver/Src/stm32f1xx_hal_spi.c ****           {
2520:Drivers/STM32F1xx_HAL_Driver/Src/stm32f1xx_hal_spi.c ****             SET_BIT(hspi->ErrorCode, HAL_SPI_ERROR_ABORT);
2521:Drivers/STM32F1xx_HAL_Driver/Src/stm32f1xx_hal_spi.c ****           }
2522:Drivers/STM32F1xx_HAL_Driver/Src/stm32f1xx_hal_spi.c ****         }
2523:Drivers/STM32F1xx_HAL_Driver/Src/stm32f1xx_hal_spi.c ****       }
2524:Drivers/STM32F1xx_HAL_Driver/Src/stm32f1xx_hal_spi.c ****       else
2525:Drivers/STM32F1xx_HAL_Driver/Src/stm32f1xx_hal_spi.c ****       {
2526:Drivers/STM32F1xx_HAL_Driver/Src/stm32f1xx_hal_spi.c ****         /* Call user error callback */
2527:Drivers/STM32F1xx_HAL_Driver/Src/stm32f1xx_hal_spi.c **** #if (USE_HAL_SPI_REGISTER_CALLBACKS == 1U)
2528:Drivers/STM32F1xx_HAL_Driver/Src/stm32f1xx_hal_spi.c ****         hspi->ErrorCallback(hspi);
2529:Drivers/STM32F1xx_HAL_Driver/Src/stm32f1xx_hal_spi.c **** #else
2530:Drivers/STM32F1xx_HAL_Driver/Src/stm32f1xx_hal_spi.c ****         HAL_SPI_ErrorCallback(hspi);
2531:Drivers/STM32F1xx_HAL_Driver/Src/stm32f1xx_hal_spi.c **** #endif /* USE_HAL_SPI_REGISTER_CALLBACKS */
2532:Drivers/STM32F1xx_HAL_Driver/Src/stm32f1xx_hal_spi.c ****       }
2533:Drivers/STM32F1xx_HAL_Driver/Src/stm32f1xx_hal_spi.c ****     }
2534:Drivers/STM32F1xx_HAL_Driver/Src/stm32f1xx_hal_spi.c ****     return;
2535:Drivers/STM32F1xx_HAL_Driver/Src/stm32f1xx_hal_spi.c ****   }
2536:Drivers/STM32F1xx_HAL_Driver/Src/stm32f1xx_hal_spi.c **** }
2537:Drivers/STM32F1xx_HAL_Driver/Src/stm32f1xx_hal_spi.c **** 
2538:Drivers/STM32F1xx_HAL_Driver/Src/stm32f1xx_hal_spi.c **** /**
2539:Drivers/STM32F1xx_HAL_Driver/Src/stm32f1xx_hal_spi.c ****   * @brief  Tx Transfer completed callback.
2540:Drivers/STM32F1xx_HAL_Driver/Src/stm32f1xx_hal_spi.c ****   * @param  hspi pointer to a SPI_HandleTypeDef structure that contains
ARM GAS  C:\Users\zhmis\AppData\Local\Temp\ccgFfHBP.s 			page 46


2541:Drivers/STM32F1xx_HAL_Driver/Src/stm32f1xx_hal_spi.c ****   *               the configuration information for SPI module.
2542:Drivers/STM32F1xx_HAL_Driver/Src/stm32f1xx_hal_spi.c ****   * @retval None
2543:Drivers/STM32F1xx_HAL_Driver/Src/stm32f1xx_hal_spi.c ****   */
2544:Drivers/STM32F1xx_HAL_Driver/Src/stm32f1xx_hal_spi.c **** __weak void HAL_SPI_TxCpltCallback(SPI_HandleTypeDef *hspi)
2545:Drivers/STM32F1xx_HAL_Driver/Src/stm32f1xx_hal_spi.c **** {
2546:Drivers/STM32F1xx_HAL_Driver/Src/stm32f1xx_hal_spi.c ****   /* Prevent unused argument(s) compilation warning */
2547:Drivers/STM32F1xx_HAL_Driver/Src/stm32f1xx_hal_spi.c ****   UNUSED(hspi);
2548:Drivers/STM32F1xx_HAL_Driver/Src/stm32f1xx_hal_spi.c **** 
2549:Drivers/STM32F1xx_HAL_Driver/Src/stm32f1xx_hal_spi.c ****   /* NOTE : This function should not be modified, when the callback is needed,
2550:Drivers/STM32F1xx_HAL_Driver/Src/stm32f1xx_hal_spi.c ****             the HAL_SPI_TxCpltCallback should be implemented in the user file
2551:Drivers/STM32F1xx_HAL_Driver/Src/stm32f1xx_hal_spi.c ****    */
2552:Drivers/STM32F1xx_HAL_Driver/Src/stm32f1xx_hal_spi.c **** }
2553:Drivers/STM32F1xx_HAL_Driver/Src/stm32f1xx_hal_spi.c **** 
2554:Drivers/STM32F1xx_HAL_Driver/Src/stm32f1xx_hal_spi.c **** /**
2555:Drivers/STM32F1xx_HAL_Driver/Src/stm32f1xx_hal_spi.c ****   * @brief  Rx Transfer completed callback.
2556:Drivers/STM32F1xx_HAL_Driver/Src/stm32f1xx_hal_spi.c ****   * @param  hspi pointer to a SPI_HandleTypeDef structure that contains
2557:Drivers/STM32F1xx_HAL_Driver/Src/stm32f1xx_hal_spi.c ****   *               the configuration information for SPI module.
2558:Drivers/STM32F1xx_HAL_Driver/Src/stm32f1xx_hal_spi.c ****   * @retval None
2559:Drivers/STM32F1xx_HAL_Driver/Src/stm32f1xx_hal_spi.c ****   */
2560:Drivers/STM32F1xx_HAL_Driver/Src/stm32f1xx_hal_spi.c **** __weak void HAL_SPI_RxCpltCallback(SPI_HandleTypeDef *hspi)
2561:Drivers/STM32F1xx_HAL_Driver/Src/stm32f1xx_hal_spi.c **** {
2562:Drivers/STM32F1xx_HAL_Driver/Src/stm32f1xx_hal_spi.c ****   /* Prevent unused argument(s) compilation warning */
2563:Drivers/STM32F1xx_HAL_Driver/Src/stm32f1xx_hal_spi.c ****   UNUSED(hspi);
2564:Drivers/STM32F1xx_HAL_Driver/Src/stm32f1xx_hal_spi.c **** 
2565:Drivers/STM32F1xx_HAL_Driver/Src/stm32f1xx_hal_spi.c ****   /* NOTE : This function should not be modified, when the callback is needed,
2566:Drivers/STM32F1xx_HAL_Driver/Src/stm32f1xx_hal_spi.c ****             the HAL_SPI_RxCpltCallback should be implemented in the user file
2567:Drivers/STM32F1xx_HAL_Driver/Src/stm32f1xx_hal_spi.c ****    */
2568:Drivers/STM32F1xx_HAL_Driver/Src/stm32f1xx_hal_spi.c **** }
2569:Drivers/STM32F1xx_HAL_Driver/Src/stm32f1xx_hal_spi.c **** 
2570:Drivers/STM32F1xx_HAL_Driver/Src/stm32f1xx_hal_spi.c **** /**
2571:Drivers/STM32F1xx_HAL_Driver/Src/stm32f1xx_hal_spi.c ****   * @brief  Tx and Rx Transfer completed callback.
2572:Drivers/STM32F1xx_HAL_Driver/Src/stm32f1xx_hal_spi.c ****   * @param  hspi pointer to a SPI_HandleTypeDef structure that contains
2573:Drivers/STM32F1xx_HAL_Driver/Src/stm32f1xx_hal_spi.c ****   *               the configuration information for SPI module.
2574:Drivers/STM32F1xx_HAL_Driver/Src/stm32f1xx_hal_spi.c ****   * @retval None
2575:Drivers/STM32F1xx_HAL_Driver/Src/stm32f1xx_hal_spi.c ****   */
2576:Drivers/STM32F1xx_HAL_Driver/Src/stm32f1xx_hal_spi.c **** __weak void HAL_SPI_TxRxCpltCallback(SPI_HandleTypeDef *hspi)
2577:Drivers/STM32F1xx_HAL_Driver/Src/stm32f1xx_hal_spi.c **** {
2578:Drivers/STM32F1xx_HAL_Driver/Src/stm32f1xx_hal_spi.c ****   /* Prevent unused argument(s) compilation warning */
2579:Drivers/STM32F1xx_HAL_Driver/Src/stm32f1xx_hal_spi.c ****   UNUSED(hspi);
2580:Drivers/STM32F1xx_HAL_Driver/Src/stm32f1xx_hal_spi.c **** 
2581:Drivers/STM32F1xx_HAL_Driver/Src/stm32f1xx_hal_spi.c ****   /* NOTE : This function should not be modified, when the callback is needed,
2582:Drivers/STM32F1xx_HAL_Driver/Src/stm32f1xx_hal_spi.c ****             the HAL_SPI_TxRxCpltCallback should be implemented in the user file
2583:Drivers/STM32F1xx_HAL_Driver/Src/stm32f1xx_hal_spi.c ****    */
2584:Drivers/STM32F1xx_HAL_Driver/Src/stm32f1xx_hal_spi.c **** }
2585:Drivers/STM32F1xx_HAL_Driver/Src/stm32f1xx_hal_spi.c **** 
2586:Drivers/STM32F1xx_HAL_Driver/Src/stm32f1xx_hal_spi.c **** /**
2587:Drivers/STM32F1xx_HAL_Driver/Src/stm32f1xx_hal_spi.c ****   * @brief  Tx Half Transfer completed callback.
2588:Drivers/STM32F1xx_HAL_Driver/Src/stm32f1xx_hal_spi.c ****   * @param  hspi pointer to a SPI_HandleTypeDef structure that contains
2589:Drivers/STM32F1xx_HAL_Driver/Src/stm32f1xx_hal_spi.c ****   *               the configuration information for SPI module.
2590:Drivers/STM32F1xx_HAL_Driver/Src/stm32f1xx_hal_spi.c ****   * @retval None
2591:Drivers/STM32F1xx_HAL_Driver/Src/stm32f1xx_hal_spi.c ****   */
2592:Drivers/STM32F1xx_HAL_Driver/Src/stm32f1xx_hal_spi.c **** __weak void HAL_SPI_TxHalfCpltCallback(SPI_HandleTypeDef *hspi)
2593:Drivers/STM32F1xx_HAL_Driver/Src/stm32f1xx_hal_spi.c **** {
2594:Drivers/STM32F1xx_HAL_Driver/Src/stm32f1xx_hal_spi.c ****   /* Prevent unused argument(s) compilation warning */
2595:Drivers/STM32F1xx_HAL_Driver/Src/stm32f1xx_hal_spi.c ****   UNUSED(hspi);
2596:Drivers/STM32F1xx_HAL_Driver/Src/stm32f1xx_hal_spi.c **** 
2597:Drivers/STM32F1xx_HAL_Driver/Src/stm32f1xx_hal_spi.c ****   /* NOTE : This function should not be modified, when the callback is needed,
ARM GAS  C:\Users\zhmis\AppData\Local\Temp\ccgFfHBP.s 			page 47


2598:Drivers/STM32F1xx_HAL_Driver/Src/stm32f1xx_hal_spi.c ****             the HAL_SPI_TxHalfCpltCallback should be implemented in the user file
2599:Drivers/STM32F1xx_HAL_Driver/Src/stm32f1xx_hal_spi.c ****    */
2600:Drivers/STM32F1xx_HAL_Driver/Src/stm32f1xx_hal_spi.c **** }
2601:Drivers/STM32F1xx_HAL_Driver/Src/stm32f1xx_hal_spi.c **** 
2602:Drivers/STM32F1xx_HAL_Driver/Src/stm32f1xx_hal_spi.c **** /**
2603:Drivers/STM32F1xx_HAL_Driver/Src/stm32f1xx_hal_spi.c ****   * @brief  Rx Half Transfer completed callback.
2604:Drivers/STM32F1xx_HAL_Driver/Src/stm32f1xx_hal_spi.c ****   * @param  hspi pointer to a SPI_HandleTypeDef structure that contains
2605:Drivers/STM32F1xx_HAL_Driver/Src/stm32f1xx_hal_spi.c ****   *               the configuration information for SPI module.
2606:Drivers/STM32F1xx_HAL_Driver/Src/stm32f1xx_hal_spi.c ****   * @retval None
2607:Drivers/STM32F1xx_HAL_Driver/Src/stm32f1xx_hal_spi.c ****   */
2608:Drivers/STM32F1xx_HAL_Driver/Src/stm32f1xx_hal_spi.c **** __weak void HAL_SPI_RxHalfCpltCallback(SPI_HandleTypeDef *hspi)
2609:Drivers/STM32F1xx_HAL_Driver/Src/stm32f1xx_hal_spi.c **** {
2610:Drivers/STM32F1xx_HAL_Driver/Src/stm32f1xx_hal_spi.c ****   /* Prevent unused argument(s) compilation warning */
2611:Drivers/STM32F1xx_HAL_Driver/Src/stm32f1xx_hal_spi.c ****   UNUSED(hspi);
2612:Drivers/STM32F1xx_HAL_Driver/Src/stm32f1xx_hal_spi.c **** 
2613:Drivers/STM32F1xx_HAL_Driver/Src/stm32f1xx_hal_spi.c ****   /* NOTE : This function should not be modified, when the callback is needed,
2614:Drivers/STM32F1xx_HAL_Driver/Src/stm32f1xx_hal_spi.c ****             the HAL_SPI_RxHalfCpltCallback() should be implemented in the user file
2615:Drivers/STM32F1xx_HAL_Driver/Src/stm32f1xx_hal_spi.c ****    */
2616:Drivers/STM32F1xx_HAL_Driver/Src/stm32f1xx_hal_spi.c **** }
2617:Drivers/STM32F1xx_HAL_Driver/Src/stm32f1xx_hal_spi.c **** 
2618:Drivers/STM32F1xx_HAL_Driver/Src/stm32f1xx_hal_spi.c **** /**
2619:Drivers/STM32F1xx_HAL_Driver/Src/stm32f1xx_hal_spi.c ****   * @brief  Tx and Rx Half Transfer callback.
2620:Drivers/STM32F1xx_HAL_Driver/Src/stm32f1xx_hal_spi.c ****   * @param  hspi pointer to a SPI_HandleTypeDef structure that contains
2621:Drivers/STM32F1xx_HAL_Driver/Src/stm32f1xx_hal_spi.c ****   *               the configuration information for SPI module.
2622:Drivers/STM32F1xx_HAL_Driver/Src/stm32f1xx_hal_spi.c ****   * @retval None
2623:Drivers/STM32F1xx_HAL_Driver/Src/stm32f1xx_hal_spi.c ****   */
2624:Drivers/STM32F1xx_HAL_Driver/Src/stm32f1xx_hal_spi.c **** __weak void HAL_SPI_TxRxHalfCpltCallback(SPI_HandleTypeDef *hspi)
2625:Drivers/STM32F1xx_HAL_Driver/Src/stm32f1xx_hal_spi.c **** {
2626:Drivers/STM32F1xx_HAL_Driver/Src/stm32f1xx_hal_spi.c ****   /* Prevent unused argument(s) compilation warning */
2627:Drivers/STM32F1xx_HAL_Driver/Src/stm32f1xx_hal_spi.c ****   UNUSED(hspi);
2628:Drivers/STM32F1xx_HAL_Driver/Src/stm32f1xx_hal_spi.c **** 
2629:Drivers/STM32F1xx_HAL_Driver/Src/stm32f1xx_hal_spi.c ****   /* NOTE : This function should not be modified, when the callback is needed,
2630:Drivers/STM32F1xx_HAL_Driver/Src/stm32f1xx_hal_spi.c ****             the HAL_SPI_TxRxHalfCpltCallback() should be implemented in the user file
2631:Drivers/STM32F1xx_HAL_Driver/Src/stm32f1xx_hal_spi.c ****    */
2632:Drivers/STM32F1xx_HAL_Driver/Src/stm32f1xx_hal_spi.c **** }
2633:Drivers/STM32F1xx_HAL_Driver/Src/stm32f1xx_hal_spi.c **** 
2634:Drivers/STM32F1xx_HAL_Driver/Src/stm32f1xx_hal_spi.c **** /**
2635:Drivers/STM32F1xx_HAL_Driver/Src/stm32f1xx_hal_spi.c ****   * @brief  SPI error callback.
2636:Drivers/STM32F1xx_HAL_Driver/Src/stm32f1xx_hal_spi.c ****   * @param  hspi pointer to a SPI_HandleTypeDef structure that contains
2637:Drivers/STM32F1xx_HAL_Driver/Src/stm32f1xx_hal_spi.c ****   *               the configuration information for SPI module.
2638:Drivers/STM32F1xx_HAL_Driver/Src/stm32f1xx_hal_spi.c ****   * @retval None
2639:Drivers/STM32F1xx_HAL_Driver/Src/stm32f1xx_hal_spi.c ****   */
2640:Drivers/STM32F1xx_HAL_Driver/Src/stm32f1xx_hal_spi.c **** __weak void HAL_SPI_ErrorCallback(SPI_HandleTypeDef *hspi)
2641:Drivers/STM32F1xx_HAL_Driver/Src/stm32f1xx_hal_spi.c **** {
2642:Drivers/STM32F1xx_HAL_Driver/Src/stm32f1xx_hal_spi.c ****   /* Prevent unused argument(s) compilation warning */
2643:Drivers/STM32F1xx_HAL_Driver/Src/stm32f1xx_hal_spi.c ****   UNUSED(hspi);
2644:Drivers/STM32F1xx_HAL_Driver/Src/stm32f1xx_hal_spi.c **** 
2645:Drivers/STM32F1xx_HAL_Driver/Src/stm32f1xx_hal_spi.c ****   /* NOTE : This function should not be modified, when the callback is needed,
2646:Drivers/STM32F1xx_HAL_Driver/Src/stm32f1xx_hal_spi.c ****             the HAL_SPI_ErrorCallback should be implemented in the user file
2647:Drivers/STM32F1xx_HAL_Driver/Src/stm32f1xx_hal_spi.c ****    */
2648:Drivers/STM32F1xx_HAL_Driver/Src/stm32f1xx_hal_spi.c ****   /* NOTE : The ErrorCode parameter in the hspi handle is updated by the SPI processes
2649:Drivers/STM32F1xx_HAL_Driver/Src/stm32f1xx_hal_spi.c ****             and user can use HAL_SPI_GetError() API to check the latest error occurred
2650:Drivers/STM32F1xx_HAL_Driver/Src/stm32f1xx_hal_spi.c ****    */
2651:Drivers/STM32F1xx_HAL_Driver/Src/stm32f1xx_hal_spi.c **** }
2652:Drivers/STM32F1xx_HAL_Driver/Src/stm32f1xx_hal_spi.c **** 
2653:Drivers/STM32F1xx_HAL_Driver/Src/stm32f1xx_hal_spi.c **** /**
2654:Drivers/STM32F1xx_HAL_Driver/Src/stm32f1xx_hal_spi.c ****   * @brief  SPI Abort Complete callback.
ARM GAS  C:\Users\zhmis\AppData\Local\Temp\ccgFfHBP.s 			page 48


2655:Drivers/STM32F1xx_HAL_Driver/Src/stm32f1xx_hal_spi.c ****   * @param  hspi SPI handle.
2656:Drivers/STM32F1xx_HAL_Driver/Src/stm32f1xx_hal_spi.c ****   * @retval None
2657:Drivers/STM32F1xx_HAL_Driver/Src/stm32f1xx_hal_spi.c ****   */
2658:Drivers/STM32F1xx_HAL_Driver/Src/stm32f1xx_hal_spi.c **** __weak void HAL_SPI_AbortCpltCallback(SPI_HandleTypeDef *hspi)
2659:Drivers/STM32F1xx_HAL_Driver/Src/stm32f1xx_hal_spi.c **** {
2660:Drivers/STM32F1xx_HAL_Driver/Src/stm32f1xx_hal_spi.c ****   /* Prevent unused argument(s) compilation warning */
2661:Drivers/STM32F1xx_HAL_Driver/Src/stm32f1xx_hal_spi.c ****   UNUSED(hspi);
2662:Drivers/STM32F1xx_HAL_Driver/Src/stm32f1xx_hal_spi.c **** 
2663:Drivers/STM32F1xx_HAL_Driver/Src/stm32f1xx_hal_spi.c ****   /* NOTE : This function should not be modified, when the callback is needed,
2664:Drivers/STM32F1xx_HAL_Driver/Src/stm32f1xx_hal_spi.c ****             the HAL_SPI_AbortCpltCallback can be implemented in the user file.
2665:Drivers/STM32F1xx_HAL_Driver/Src/stm32f1xx_hal_spi.c ****    */
2666:Drivers/STM32F1xx_HAL_Driver/Src/stm32f1xx_hal_spi.c **** }
2667:Drivers/STM32F1xx_HAL_Driver/Src/stm32f1xx_hal_spi.c **** 
2668:Drivers/STM32F1xx_HAL_Driver/Src/stm32f1xx_hal_spi.c **** /**
2669:Drivers/STM32F1xx_HAL_Driver/Src/stm32f1xx_hal_spi.c ****   * @}
2670:Drivers/STM32F1xx_HAL_Driver/Src/stm32f1xx_hal_spi.c ****   */
2671:Drivers/STM32F1xx_HAL_Driver/Src/stm32f1xx_hal_spi.c **** 
2672:Drivers/STM32F1xx_HAL_Driver/Src/stm32f1xx_hal_spi.c **** /** @defgroup SPI_Exported_Functions_Group3 Peripheral State and Errors functions
2673:Drivers/STM32F1xx_HAL_Driver/Src/stm32f1xx_hal_spi.c ****   * @brief   SPI control functions
2674:Drivers/STM32F1xx_HAL_Driver/Src/stm32f1xx_hal_spi.c ****   *
2675:Drivers/STM32F1xx_HAL_Driver/Src/stm32f1xx_hal_spi.c **** @verbatim
2676:Drivers/STM32F1xx_HAL_Driver/Src/stm32f1xx_hal_spi.c ****  ===============================================================================
2677:Drivers/STM32F1xx_HAL_Driver/Src/stm32f1xx_hal_spi.c ****                       ##### Peripheral State and Errors functions #####
2678:Drivers/STM32F1xx_HAL_Driver/Src/stm32f1xx_hal_spi.c ****  ===============================================================================
2679:Drivers/STM32F1xx_HAL_Driver/Src/stm32f1xx_hal_spi.c ****     [..]
2680:Drivers/STM32F1xx_HAL_Driver/Src/stm32f1xx_hal_spi.c ****     This subsection provides a set of functions allowing to control the SPI.
2681:Drivers/STM32F1xx_HAL_Driver/Src/stm32f1xx_hal_spi.c ****      (+) HAL_SPI_GetState() API can be helpful to check in run-time the state of the SPI peripheral
2682:Drivers/STM32F1xx_HAL_Driver/Src/stm32f1xx_hal_spi.c ****      (+) HAL_SPI_GetError() check in run-time Errors occurring during communication
2683:Drivers/STM32F1xx_HAL_Driver/Src/stm32f1xx_hal_spi.c **** @endverbatim
2684:Drivers/STM32F1xx_HAL_Driver/Src/stm32f1xx_hal_spi.c ****   * @{
2685:Drivers/STM32F1xx_HAL_Driver/Src/stm32f1xx_hal_spi.c ****   */
2686:Drivers/STM32F1xx_HAL_Driver/Src/stm32f1xx_hal_spi.c **** 
2687:Drivers/STM32F1xx_HAL_Driver/Src/stm32f1xx_hal_spi.c **** /**
2688:Drivers/STM32F1xx_HAL_Driver/Src/stm32f1xx_hal_spi.c ****   * @brief  Return the SPI handle state.
2689:Drivers/STM32F1xx_HAL_Driver/Src/stm32f1xx_hal_spi.c ****   * @param  hspi pointer to a SPI_HandleTypeDef structure that contains
2690:Drivers/STM32F1xx_HAL_Driver/Src/stm32f1xx_hal_spi.c ****   *               the configuration information for SPI module.
2691:Drivers/STM32F1xx_HAL_Driver/Src/stm32f1xx_hal_spi.c ****   * @retval SPI state
2692:Drivers/STM32F1xx_HAL_Driver/Src/stm32f1xx_hal_spi.c ****   */
2693:Drivers/STM32F1xx_HAL_Driver/Src/stm32f1xx_hal_spi.c **** HAL_SPI_StateTypeDef HAL_SPI_GetState(SPI_HandleTypeDef *hspi)
2694:Drivers/STM32F1xx_HAL_Driver/Src/stm32f1xx_hal_spi.c **** {
2695:Drivers/STM32F1xx_HAL_Driver/Src/stm32f1xx_hal_spi.c ****   /* Return SPI handle state */
2696:Drivers/STM32F1xx_HAL_Driver/Src/stm32f1xx_hal_spi.c ****   return hspi->State;
2697:Drivers/STM32F1xx_HAL_Driver/Src/stm32f1xx_hal_spi.c **** }
2698:Drivers/STM32F1xx_HAL_Driver/Src/stm32f1xx_hal_spi.c **** 
2699:Drivers/STM32F1xx_HAL_Driver/Src/stm32f1xx_hal_spi.c **** /**
2700:Drivers/STM32F1xx_HAL_Driver/Src/stm32f1xx_hal_spi.c ****   * @brief  Return the SPI error code.
2701:Drivers/STM32F1xx_HAL_Driver/Src/stm32f1xx_hal_spi.c ****   * @param  hspi pointer to a SPI_HandleTypeDef structure that contains
2702:Drivers/STM32F1xx_HAL_Driver/Src/stm32f1xx_hal_spi.c ****   *               the configuration information for SPI module.
2703:Drivers/STM32F1xx_HAL_Driver/Src/stm32f1xx_hal_spi.c ****   * @retval SPI error code in bitmap format
2704:Drivers/STM32F1xx_HAL_Driver/Src/stm32f1xx_hal_spi.c ****   */
2705:Drivers/STM32F1xx_HAL_Driver/Src/stm32f1xx_hal_spi.c **** uint32_t HAL_SPI_GetError(SPI_HandleTypeDef *hspi)
2706:Drivers/STM32F1xx_HAL_Driver/Src/stm32f1xx_hal_spi.c **** {
2707:Drivers/STM32F1xx_HAL_Driver/Src/stm32f1xx_hal_spi.c ****   /* Return SPI ErrorCode */
2708:Drivers/STM32F1xx_HAL_Driver/Src/stm32f1xx_hal_spi.c ****   return hspi->ErrorCode;
2709:Drivers/STM32F1xx_HAL_Driver/Src/stm32f1xx_hal_spi.c **** }
2710:Drivers/STM32F1xx_HAL_Driver/Src/stm32f1xx_hal_spi.c **** 
2711:Drivers/STM32F1xx_HAL_Driver/Src/stm32f1xx_hal_spi.c **** /**
ARM GAS  C:\Users\zhmis\AppData\Local\Temp\ccgFfHBP.s 			page 49


2712:Drivers/STM32F1xx_HAL_Driver/Src/stm32f1xx_hal_spi.c ****   * @}
2713:Drivers/STM32F1xx_HAL_Driver/Src/stm32f1xx_hal_spi.c ****   */
2714:Drivers/STM32F1xx_HAL_Driver/Src/stm32f1xx_hal_spi.c **** 
2715:Drivers/STM32F1xx_HAL_Driver/Src/stm32f1xx_hal_spi.c **** /**
2716:Drivers/STM32F1xx_HAL_Driver/Src/stm32f1xx_hal_spi.c ****   * @}
2717:Drivers/STM32F1xx_HAL_Driver/Src/stm32f1xx_hal_spi.c ****   */
2718:Drivers/STM32F1xx_HAL_Driver/Src/stm32f1xx_hal_spi.c **** 
2719:Drivers/STM32F1xx_HAL_Driver/Src/stm32f1xx_hal_spi.c **** /** @addtogroup SPI_Private_Functions
2720:Drivers/STM32F1xx_HAL_Driver/Src/stm32f1xx_hal_spi.c ****   * @brief   Private functions
2721:Drivers/STM32F1xx_HAL_Driver/Src/stm32f1xx_hal_spi.c ****   * @{
2722:Drivers/STM32F1xx_HAL_Driver/Src/stm32f1xx_hal_spi.c ****   */
2723:Drivers/STM32F1xx_HAL_Driver/Src/stm32f1xx_hal_spi.c **** 
2724:Drivers/STM32F1xx_HAL_Driver/Src/stm32f1xx_hal_spi.c **** /**
2725:Drivers/STM32F1xx_HAL_Driver/Src/stm32f1xx_hal_spi.c ****   * @brief  DMA SPI transmit process complete callback.
2726:Drivers/STM32F1xx_HAL_Driver/Src/stm32f1xx_hal_spi.c ****   * @param  hdma pointer to a DMA_HandleTypeDef structure that contains
2727:Drivers/STM32F1xx_HAL_Driver/Src/stm32f1xx_hal_spi.c ****   *               the configuration information for the specified DMA module.
2728:Drivers/STM32F1xx_HAL_Driver/Src/stm32f1xx_hal_spi.c ****   * @retval None
2729:Drivers/STM32F1xx_HAL_Driver/Src/stm32f1xx_hal_spi.c ****   */
2730:Drivers/STM32F1xx_HAL_Driver/Src/stm32f1xx_hal_spi.c **** static void SPI_DMATransmitCplt(DMA_HandleTypeDef *hdma)
2731:Drivers/STM32F1xx_HAL_Driver/Src/stm32f1xx_hal_spi.c **** {
2732:Drivers/STM32F1xx_HAL_Driver/Src/stm32f1xx_hal_spi.c ****   SPI_HandleTypeDef *hspi = (SPI_HandleTypeDef *)(((DMA_HandleTypeDef *)hdma)->Parent); /* Derogati
2733:Drivers/STM32F1xx_HAL_Driver/Src/stm32f1xx_hal_spi.c ****   uint32_t tickstart;
2734:Drivers/STM32F1xx_HAL_Driver/Src/stm32f1xx_hal_spi.c **** 
2735:Drivers/STM32F1xx_HAL_Driver/Src/stm32f1xx_hal_spi.c ****   /* Init tickstart for timeout management*/
2736:Drivers/STM32F1xx_HAL_Driver/Src/stm32f1xx_hal_spi.c ****   tickstart = HAL_GetTick();
2737:Drivers/STM32F1xx_HAL_Driver/Src/stm32f1xx_hal_spi.c **** 
2738:Drivers/STM32F1xx_HAL_Driver/Src/stm32f1xx_hal_spi.c ****   /* DMA Normal Mode */
2739:Drivers/STM32F1xx_HAL_Driver/Src/stm32f1xx_hal_spi.c ****   if ((hdma->Instance->CCR & DMA_CCR_CIRC) != DMA_CCR_CIRC)
2740:Drivers/STM32F1xx_HAL_Driver/Src/stm32f1xx_hal_spi.c ****   {
2741:Drivers/STM32F1xx_HAL_Driver/Src/stm32f1xx_hal_spi.c ****     /* Disable ERR interrupt */
2742:Drivers/STM32F1xx_HAL_Driver/Src/stm32f1xx_hal_spi.c ****     __HAL_SPI_DISABLE_IT(hspi, SPI_IT_ERR);
2743:Drivers/STM32F1xx_HAL_Driver/Src/stm32f1xx_hal_spi.c **** 
2744:Drivers/STM32F1xx_HAL_Driver/Src/stm32f1xx_hal_spi.c ****     /* Disable Tx DMA Request */
2745:Drivers/STM32F1xx_HAL_Driver/Src/stm32f1xx_hal_spi.c ****     CLEAR_BIT(hspi->Instance->CR2, SPI_CR2_TXDMAEN);
2746:Drivers/STM32F1xx_HAL_Driver/Src/stm32f1xx_hal_spi.c **** 
2747:Drivers/STM32F1xx_HAL_Driver/Src/stm32f1xx_hal_spi.c ****     /* Check the end of the transaction */
2748:Drivers/STM32F1xx_HAL_Driver/Src/stm32f1xx_hal_spi.c ****     if (SPI_EndRxTxTransaction(hspi, SPI_DEFAULT_TIMEOUT, tickstart) != HAL_OK)
2749:Drivers/STM32F1xx_HAL_Driver/Src/stm32f1xx_hal_spi.c ****     {
2750:Drivers/STM32F1xx_HAL_Driver/Src/stm32f1xx_hal_spi.c ****       SET_BIT(hspi->ErrorCode, HAL_SPI_ERROR_FLAG);
2751:Drivers/STM32F1xx_HAL_Driver/Src/stm32f1xx_hal_spi.c ****     }
2752:Drivers/STM32F1xx_HAL_Driver/Src/stm32f1xx_hal_spi.c **** 
2753:Drivers/STM32F1xx_HAL_Driver/Src/stm32f1xx_hal_spi.c ****     /* Clear overrun flag in 2 Lines communication mode because received data is not read */
2754:Drivers/STM32F1xx_HAL_Driver/Src/stm32f1xx_hal_spi.c ****     if (hspi->Init.Direction == SPI_DIRECTION_2LINES)
2755:Drivers/STM32F1xx_HAL_Driver/Src/stm32f1xx_hal_spi.c ****     {
2756:Drivers/STM32F1xx_HAL_Driver/Src/stm32f1xx_hal_spi.c ****       __HAL_SPI_CLEAR_OVRFLAG(hspi);
2757:Drivers/STM32F1xx_HAL_Driver/Src/stm32f1xx_hal_spi.c ****     }
2758:Drivers/STM32F1xx_HAL_Driver/Src/stm32f1xx_hal_spi.c **** 
2759:Drivers/STM32F1xx_HAL_Driver/Src/stm32f1xx_hal_spi.c ****     hspi->TxXferCount = 0U;
2760:Drivers/STM32F1xx_HAL_Driver/Src/stm32f1xx_hal_spi.c ****     hspi->State = HAL_SPI_STATE_READY;
2761:Drivers/STM32F1xx_HAL_Driver/Src/stm32f1xx_hal_spi.c **** 
2762:Drivers/STM32F1xx_HAL_Driver/Src/stm32f1xx_hal_spi.c ****     if (hspi->ErrorCode != HAL_SPI_ERROR_NONE)
2763:Drivers/STM32F1xx_HAL_Driver/Src/stm32f1xx_hal_spi.c ****     {
2764:Drivers/STM32F1xx_HAL_Driver/Src/stm32f1xx_hal_spi.c ****       /* Call user error callback */
2765:Drivers/STM32F1xx_HAL_Driver/Src/stm32f1xx_hal_spi.c **** #if (USE_HAL_SPI_REGISTER_CALLBACKS == 1U)
2766:Drivers/STM32F1xx_HAL_Driver/Src/stm32f1xx_hal_spi.c ****       hspi->ErrorCallback(hspi);
2767:Drivers/STM32F1xx_HAL_Driver/Src/stm32f1xx_hal_spi.c **** #else
2768:Drivers/STM32F1xx_HAL_Driver/Src/stm32f1xx_hal_spi.c ****       HAL_SPI_ErrorCallback(hspi);
ARM GAS  C:\Users\zhmis\AppData\Local\Temp\ccgFfHBP.s 			page 50


2769:Drivers/STM32F1xx_HAL_Driver/Src/stm32f1xx_hal_spi.c **** #endif /* USE_HAL_SPI_REGISTER_CALLBACKS */
2770:Drivers/STM32F1xx_HAL_Driver/Src/stm32f1xx_hal_spi.c ****       return;
2771:Drivers/STM32F1xx_HAL_Driver/Src/stm32f1xx_hal_spi.c ****     }
2772:Drivers/STM32F1xx_HAL_Driver/Src/stm32f1xx_hal_spi.c ****   }
2773:Drivers/STM32F1xx_HAL_Driver/Src/stm32f1xx_hal_spi.c ****   /* Call user Tx complete callback */
2774:Drivers/STM32F1xx_HAL_Driver/Src/stm32f1xx_hal_spi.c **** #if (USE_HAL_SPI_REGISTER_CALLBACKS == 1U)
2775:Drivers/STM32F1xx_HAL_Driver/Src/stm32f1xx_hal_spi.c ****   hspi->TxCpltCallback(hspi);
2776:Drivers/STM32F1xx_HAL_Driver/Src/stm32f1xx_hal_spi.c **** #else
2777:Drivers/STM32F1xx_HAL_Driver/Src/stm32f1xx_hal_spi.c ****   HAL_SPI_TxCpltCallback(hspi);
2778:Drivers/STM32F1xx_HAL_Driver/Src/stm32f1xx_hal_spi.c **** #endif /* USE_HAL_SPI_REGISTER_CALLBACKS */
2779:Drivers/STM32F1xx_HAL_Driver/Src/stm32f1xx_hal_spi.c **** }
2780:Drivers/STM32F1xx_HAL_Driver/Src/stm32f1xx_hal_spi.c **** 
2781:Drivers/STM32F1xx_HAL_Driver/Src/stm32f1xx_hal_spi.c **** /**
2782:Drivers/STM32F1xx_HAL_Driver/Src/stm32f1xx_hal_spi.c ****   * @brief  DMA SPI receive process complete callback.
2783:Drivers/STM32F1xx_HAL_Driver/Src/stm32f1xx_hal_spi.c ****   * @param  hdma pointer to a DMA_HandleTypeDef structure that contains
2784:Drivers/STM32F1xx_HAL_Driver/Src/stm32f1xx_hal_spi.c ****   *               the configuration information for the specified DMA module.
2785:Drivers/STM32F1xx_HAL_Driver/Src/stm32f1xx_hal_spi.c ****   * @retval None
2786:Drivers/STM32F1xx_HAL_Driver/Src/stm32f1xx_hal_spi.c ****   */
2787:Drivers/STM32F1xx_HAL_Driver/Src/stm32f1xx_hal_spi.c **** static void SPI_DMAReceiveCplt(DMA_HandleTypeDef *hdma)
2788:Drivers/STM32F1xx_HAL_Driver/Src/stm32f1xx_hal_spi.c **** {
2789:Drivers/STM32F1xx_HAL_Driver/Src/stm32f1xx_hal_spi.c ****   SPI_HandleTypeDef *hspi = (SPI_HandleTypeDef *)(((DMA_HandleTypeDef *)hdma)->Parent); /* Derogati
2790:Drivers/STM32F1xx_HAL_Driver/Src/stm32f1xx_hal_spi.c ****   uint32_t tickstart;
2791:Drivers/STM32F1xx_HAL_Driver/Src/stm32f1xx_hal_spi.c **** #if (USE_SPI_CRC != 0U)
2792:Drivers/STM32F1xx_HAL_Driver/Src/stm32f1xx_hal_spi.c ****   __IO uint32_t tmpreg = 0U;
2793:Drivers/STM32F1xx_HAL_Driver/Src/stm32f1xx_hal_spi.c **** #endif /* USE_SPI_CRC */
2794:Drivers/STM32F1xx_HAL_Driver/Src/stm32f1xx_hal_spi.c **** 
2795:Drivers/STM32F1xx_HAL_Driver/Src/stm32f1xx_hal_spi.c ****   /* Init tickstart for timeout management*/
2796:Drivers/STM32F1xx_HAL_Driver/Src/stm32f1xx_hal_spi.c ****   tickstart = HAL_GetTick();
2797:Drivers/STM32F1xx_HAL_Driver/Src/stm32f1xx_hal_spi.c **** 
2798:Drivers/STM32F1xx_HAL_Driver/Src/stm32f1xx_hal_spi.c ****   /* DMA Normal Mode */
2799:Drivers/STM32F1xx_HAL_Driver/Src/stm32f1xx_hal_spi.c ****   if ((hdma->Instance->CCR & DMA_CCR_CIRC) != DMA_CCR_CIRC)
2800:Drivers/STM32F1xx_HAL_Driver/Src/stm32f1xx_hal_spi.c ****   {
2801:Drivers/STM32F1xx_HAL_Driver/Src/stm32f1xx_hal_spi.c ****     /* Disable ERR interrupt */
2802:Drivers/STM32F1xx_HAL_Driver/Src/stm32f1xx_hal_spi.c ****     __HAL_SPI_DISABLE_IT(hspi, SPI_IT_ERR);
2803:Drivers/STM32F1xx_HAL_Driver/Src/stm32f1xx_hal_spi.c **** 
2804:Drivers/STM32F1xx_HAL_Driver/Src/stm32f1xx_hal_spi.c **** #if (USE_SPI_CRC != 0U)
2805:Drivers/STM32F1xx_HAL_Driver/Src/stm32f1xx_hal_spi.c ****     /* CRC handling */
2806:Drivers/STM32F1xx_HAL_Driver/Src/stm32f1xx_hal_spi.c ****     if (hspi->Init.CRCCalculation == SPI_CRCCALCULATION_ENABLE)
2807:Drivers/STM32F1xx_HAL_Driver/Src/stm32f1xx_hal_spi.c ****     {
2808:Drivers/STM32F1xx_HAL_Driver/Src/stm32f1xx_hal_spi.c ****       /* Wait until RXNE flag */
2809:Drivers/STM32F1xx_HAL_Driver/Src/stm32f1xx_hal_spi.c ****       if (SPI_WaitFlagStateUntilTimeout(hspi, SPI_FLAG_RXNE, SET, SPI_DEFAULT_TIMEOUT, tickstart) !
2810:Drivers/STM32F1xx_HAL_Driver/Src/stm32f1xx_hal_spi.c ****       {
2811:Drivers/STM32F1xx_HAL_Driver/Src/stm32f1xx_hal_spi.c ****         /* Error on the CRC reception */
2812:Drivers/STM32F1xx_HAL_Driver/Src/stm32f1xx_hal_spi.c ****         SET_BIT(hspi->ErrorCode, HAL_SPI_ERROR_CRC);
2813:Drivers/STM32F1xx_HAL_Driver/Src/stm32f1xx_hal_spi.c ****       }
2814:Drivers/STM32F1xx_HAL_Driver/Src/stm32f1xx_hal_spi.c ****       /* Read CRC */
2815:Drivers/STM32F1xx_HAL_Driver/Src/stm32f1xx_hal_spi.c ****       tmpreg = READ_REG(hspi->Instance->DR);
2816:Drivers/STM32F1xx_HAL_Driver/Src/stm32f1xx_hal_spi.c ****       /* To avoid GCC warning */
2817:Drivers/STM32F1xx_HAL_Driver/Src/stm32f1xx_hal_spi.c ****       UNUSED(tmpreg);
2818:Drivers/STM32F1xx_HAL_Driver/Src/stm32f1xx_hal_spi.c ****     }
2819:Drivers/STM32F1xx_HAL_Driver/Src/stm32f1xx_hal_spi.c **** #endif /* USE_SPI_CRC */
2820:Drivers/STM32F1xx_HAL_Driver/Src/stm32f1xx_hal_spi.c **** 
2821:Drivers/STM32F1xx_HAL_Driver/Src/stm32f1xx_hal_spi.c ****     /* Check if we are in Master RX 2 line mode */
2822:Drivers/STM32F1xx_HAL_Driver/Src/stm32f1xx_hal_spi.c ****     if ((hspi->Init.Direction == SPI_DIRECTION_2LINES) && (hspi->Init.Mode == SPI_MODE_MASTER))
2823:Drivers/STM32F1xx_HAL_Driver/Src/stm32f1xx_hal_spi.c ****     {
2824:Drivers/STM32F1xx_HAL_Driver/Src/stm32f1xx_hal_spi.c ****       /* Disable Rx/Tx DMA Request (done by default to handle the case master rx direction 2 lines)
2825:Drivers/STM32F1xx_HAL_Driver/Src/stm32f1xx_hal_spi.c ****       CLEAR_BIT(hspi->Instance->CR2, SPI_CR2_TXDMAEN | SPI_CR2_RXDMAEN);
ARM GAS  C:\Users\zhmis\AppData\Local\Temp\ccgFfHBP.s 			page 51


2826:Drivers/STM32F1xx_HAL_Driver/Src/stm32f1xx_hal_spi.c ****     }
2827:Drivers/STM32F1xx_HAL_Driver/Src/stm32f1xx_hal_spi.c ****     else
2828:Drivers/STM32F1xx_HAL_Driver/Src/stm32f1xx_hal_spi.c ****     {
2829:Drivers/STM32F1xx_HAL_Driver/Src/stm32f1xx_hal_spi.c ****       /* Normal case */
2830:Drivers/STM32F1xx_HAL_Driver/Src/stm32f1xx_hal_spi.c ****       CLEAR_BIT(hspi->Instance->CR2, SPI_CR2_RXDMAEN);
2831:Drivers/STM32F1xx_HAL_Driver/Src/stm32f1xx_hal_spi.c ****     }
2832:Drivers/STM32F1xx_HAL_Driver/Src/stm32f1xx_hal_spi.c **** 
2833:Drivers/STM32F1xx_HAL_Driver/Src/stm32f1xx_hal_spi.c ****     /* Check the end of the transaction */
2834:Drivers/STM32F1xx_HAL_Driver/Src/stm32f1xx_hal_spi.c ****     if (SPI_EndRxTransaction(hspi, SPI_DEFAULT_TIMEOUT, tickstart) != HAL_OK)
2835:Drivers/STM32F1xx_HAL_Driver/Src/stm32f1xx_hal_spi.c ****     {
2836:Drivers/STM32F1xx_HAL_Driver/Src/stm32f1xx_hal_spi.c ****       hspi->ErrorCode = HAL_SPI_ERROR_FLAG;
2837:Drivers/STM32F1xx_HAL_Driver/Src/stm32f1xx_hal_spi.c ****     }
2838:Drivers/STM32F1xx_HAL_Driver/Src/stm32f1xx_hal_spi.c **** 
2839:Drivers/STM32F1xx_HAL_Driver/Src/stm32f1xx_hal_spi.c ****     hspi->RxXferCount = 0U;
2840:Drivers/STM32F1xx_HAL_Driver/Src/stm32f1xx_hal_spi.c ****     hspi->State = HAL_SPI_STATE_READY;
2841:Drivers/STM32F1xx_HAL_Driver/Src/stm32f1xx_hal_spi.c **** 
2842:Drivers/STM32F1xx_HAL_Driver/Src/stm32f1xx_hal_spi.c **** #if (USE_SPI_CRC != 0U)
2843:Drivers/STM32F1xx_HAL_Driver/Src/stm32f1xx_hal_spi.c ****     /* Check if CRC error occurred */
2844:Drivers/STM32F1xx_HAL_Driver/Src/stm32f1xx_hal_spi.c ****     if (__HAL_SPI_GET_FLAG(hspi, SPI_FLAG_CRCERR) != RESET)
2845:Drivers/STM32F1xx_HAL_Driver/Src/stm32f1xx_hal_spi.c ****     {
2846:Drivers/STM32F1xx_HAL_Driver/Src/stm32f1xx_hal_spi.c ****       /* Check if CRC error is valid or not (workaround to be applied or not) */
2847:Drivers/STM32F1xx_HAL_Driver/Src/stm32f1xx_hal_spi.c ****       if (SPI_ISCRCErrorValid(hspi) == SPI_VALID_CRC_ERROR)
2848:Drivers/STM32F1xx_HAL_Driver/Src/stm32f1xx_hal_spi.c ****       {
2849:Drivers/STM32F1xx_HAL_Driver/Src/stm32f1xx_hal_spi.c ****         SET_BIT(hspi->ErrorCode, HAL_SPI_ERROR_CRC);
2850:Drivers/STM32F1xx_HAL_Driver/Src/stm32f1xx_hal_spi.c **** 
2851:Drivers/STM32F1xx_HAL_Driver/Src/stm32f1xx_hal_spi.c ****         /* Reset CRC Calculation */
2852:Drivers/STM32F1xx_HAL_Driver/Src/stm32f1xx_hal_spi.c ****         SPI_RESET_CRC(hspi);
2853:Drivers/STM32F1xx_HAL_Driver/Src/stm32f1xx_hal_spi.c ****       }
2854:Drivers/STM32F1xx_HAL_Driver/Src/stm32f1xx_hal_spi.c ****       else
2855:Drivers/STM32F1xx_HAL_Driver/Src/stm32f1xx_hal_spi.c ****       {
2856:Drivers/STM32F1xx_HAL_Driver/Src/stm32f1xx_hal_spi.c ****         __HAL_SPI_CLEAR_CRCERRFLAG(hspi);
2857:Drivers/STM32F1xx_HAL_Driver/Src/stm32f1xx_hal_spi.c ****       }
2858:Drivers/STM32F1xx_HAL_Driver/Src/stm32f1xx_hal_spi.c ****     }
2859:Drivers/STM32F1xx_HAL_Driver/Src/stm32f1xx_hal_spi.c **** #endif /* USE_SPI_CRC */
2860:Drivers/STM32F1xx_HAL_Driver/Src/stm32f1xx_hal_spi.c **** 
2861:Drivers/STM32F1xx_HAL_Driver/Src/stm32f1xx_hal_spi.c ****     if (hspi->ErrorCode != HAL_SPI_ERROR_NONE)
2862:Drivers/STM32F1xx_HAL_Driver/Src/stm32f1xx_hal_spi.c ****     {
2863:Drivers/STM32F1xx_HAL_Driver/Src/stm32f1xx_hal_spi.c ****       /* Call user error callback */
2864:Drivers/STM32F1xx_HAL_Driver/Src/stm32f1xx_hal_spi.c **** #if (USE_HAL_SPI_REGISTER_CALLBACKS == 1U)
2865:Drivers/STM32F1xx_HAL_Driver/Src/stm32f1xx_hal_spi.c ****       hspi->ErrorCallback(hspi);
2866:Drivers/STM32F1xx_HAL_Driver/Src/stm32f1xx_hal_spi.c **** #else
2867:Drivers/STM32F1xx_HAL_Driver/Src/stm32f1xx_hal_spi.c ****       HAL_SPI_ErrorCallback(hspi);
2868:Drivers/STM32F1xx_HAL_Driver/Src/stm32f1xx_hal_spi.c **** #endif /* USE_HAL_SPI_REGISTER_CALLBACKS */
2869:Drivers/STM32F1xx_HAL_Driver/Src/stm32f1xx_hal_spi.c ****       return;
2870:Drivers/STM32F1xx_HAL_Driver/Src/stm32f1xx_hal_spi.c ****     }
2871:Drivers/STM32F1xx_HAL_Driver/Src/stm32f1xx_hal_spi.c ****   }
2872:Drivers/STM32F1xx_HAL_Driver/Src/stm32f1xx_hal_spi.c ****   /* Call user Rx complete callback */
2873:Drivers/STM32F1xx_HAL_Driver/Src/stm32f1xx_hal_spi.c **** #if (USE_HAL_SPI_REGISTER_CALLBACKS == 1U)
2874:Drivers/STM32F1xx_HAL_Driver/Src/stm32f1xx_hal_spi.c ****   hspi->RxCpltCallback(hspi);
2875:Drivers/STM32F1xx_HAL_Driver/Src/stm32f1xx_hal_spi.c **** #else
2876:Drivers/STM32F1xx_HAL_Driver/Src/stm32f1xx_hal_spi.c ****   HAL_SPI_RxCpltCallback(hspi);
2877:Drivers/STM32F1xx_HAL_Driver/Src/stm32f1xx_hal_spi.c **** #endif /* USE_HAL_SPI_REGISTER_CALLBACKS */
2878:Drivers/STM32F1xx_HAL_Driver/Src/stm32f1xx_hal_spi.c **** }
2879:Drivers/STM32F1xx_HAL_Driver/Src/stm32f1xx_hal_spi.c **** 
2880:Drivers/STM32F1xx_HAL_Driver/Src/stm32f1xx_hal_spi.c **** /**
2881:Drivers/STM32F1xx_HAL_Driver/Src/stm32f1xx_hal_spi.c ****   * @brief  DMA SPI transmit receive process complete callback.
2882:Drivers/STM32F1xx_HAL_Driver/Src/stm32f1xx_hal_spi.c ****   * @param  hdma pointer to a DMA_HandleTypeDef structure that contains
ARM GAS  C:\Users\zhmis\AppData\Local\Temp\ccgFfHBP.s 			page 52


2883:Drivers/STM32F1xx_HAL_Driver/Src/stm32f1xx_hal_spi.c ****   *               the configuration information for the specified DMA module.
2884:Drivers/STM32F1xx_HAL_Driver/Src/stm32f1xx_hal_spi.c ****   * @retval None
2885:Drivers/STM32F1xx_HAL_Driver/Src/stm32f1xx_hal_spi.c ****   */
2886:Drivers/STM32F1xx_HAL_Driver/Src/stm32f1xx_hal_spi.c **** static void SPI_DMATransmitReceiveCplt(DMA_HandleTypeDef *hdma)
2887:Drivers/STM32F1xx_HAL_Driver/Src/stm32f1xx_hal_spi.c **** {
2888:Drivers/STM32F1xx_HAL_Driver/Src/stm32f1xx_hal_spi.c ****   SPI_HandleTypeDef *hspi = (SPI_HandleTypeDef *)(((DMA_HandleTypeDef *)hdma)->Parent); /* Derogati
2889:Drivers/STM32F1xx_HAL_Driver/Src/stm32f1xx_hal_spi.c ****   uint32_t tickstart;
2890:Drivers/STM32F1xx_HAL_Driver/Src/stm32f1xx_hal_spi.c **** #if (USE_SPI_CRC != 0U)
2891:Drivers/STM32F1xx_HAL_Driver/Src/stm32f1xx_hal_spi.c ****   __IO uint32_t tmpreg = 0U;
2892:Drivers/STM32F1xx_HAL_Driver/Src/stm32f1xx_hal_spi.c **** #endif /* USE_SPI_CRC */
2893:Drivers/STM32F1xx_HAL_Driver/Src/stm32f1xx_hal_spi.c **** 
2894:Drivers/STM32F1xx_HAL_Driver/Src/stm32f1xx_hal_spi.c ****   /* Init tickstart for timeout management*/
2895:Drivers/STM32F1xx_HAL_Driver/Src/stm32f1xx_hal_spi.c ****   tickstart = HAL_GetTick();
2896:Drivers/STM32F1xx_HAL_Driver/Src/stm32f1xx_hal_spi.c **** 
2897:Drivers/STM32F1xx_HAL_Driver/Src/stm32f1xx_hal_spi.c ****   /* DMA Normal Mode */
2898:Drivers/STM32F1xx_HAL_Driver/Src/stm32f1xx_hal_spi.c ****   if ((hdma->Instance->CCR & DMA_CCR_CIRC) != DMA_CCR_CIRC)
2899:Drivers/STM32F1xx_HAL_Driver/Src/stm32f1xx_hal_spi.c ****   {
2900:Drivers/STM32F1xx_HAL_Driver/Src/stm32f1xx_hal_spi.c ****     /* Disable ERR interrupt */
2901:Drivers/STM32F1xx_HAL_Driver/Src/stm32f1xx_hal_spi.c ****     __HAL_SPI_DISABLE_IT(hspi, SPI_IT_ERR);
2902:Drivers/STM32F1xx_HAL_Driver/Src/stm32f1xx_hal_spi.c **** 
2903:Drivers/STM32F1xx_HAL_Driver/Src/stm32f1xx_hal_spi.c **** #if (USE_SPI_CRC != 0U)
2904:Drivers/STM32F1xx_HAL_Driver/Src/stm32f1xx_hal_spi.c ****     /* CRC handling */
2905:Drivers/STM32F1xx_HAL_Driver/Src/stm32f1xx_hal_spi.c ****     if (hspi->Init.CRCCalculation == SPI_CRCCALCULATION_ENABLE)
2906:Drivers/STM32F1xx_HAL_Driver/Src/stm32f1xx_hal_spi.c ****     {
2907:Drivers/STM32F1xx_HAL_Driver/Src/stm32f1xx_hal_spi.c ****       /* Wait the CRC data */
2908:Drivers/STM32F1xx_HAL_Driver/Src/stm32f1xx_hal_spi.c ****       if (SPI_WaitFlagStateUntilTimeout(hspi, SPI_FLAG_RXNE, SET, SPI_DEFAULT_TIMEOUT, tickstart) !
2909:Drivers/STM32F1xx_HAL_Driver/Src/stm32f1xx_hal_spi.c ****       {
2910:Drivers/STM32F1xx_HAL_Driver/Src/stm32f1xx_hal_spi.c ****         SET_BIT(hspi->ErrorCode, HAL_SPI_ERROR_CRC);
2911:Drivers/STM32F1xx_HAL_Driver/Src/stm32f1xx_hal_spi.c ****       }
2912:Drivers/STM32F1xx_HAL_Driver/Src/stm32f1xx_hal_spi.c ****       /* Read CRC to Flush DR and RXNE flag */
2913:Drivers/STM32F1xx_HAL_Driver/Src/stm32f1xx_hal_spi.c ****       tmpreg = READ_REG(hspi->Instance->DR);
2914:Drivers/STM32F1xx_HAL_Driver/Src/stm32f1xx_hal_spi.c ****       /* To avoid GCC warning */
2915:Drivers/STM32F1xx_HAL_Driver/Src/stm32f1xx_hal_spi.c ****       UNUSED(tmpreg);
2916:Drivers/STM32F1xx_HAL_Driver/Src/stm32f1xx_hal_spi.c ****     }
2917:Drivers/STM32F1xx_HAL_Driver/Src/stm32f1xx_hal_spi.c **** #endif /* USE_SPI_CRC */
2918:Drivers/STM32F1xx_HAL_Driver/Src/stm32f1xx_hal_spi.c **** 
2919:Drivers/STM32F1xx_HAL_Driver/Src/stm32f1xx_hal_spi.c ****     /* Check the end of the transaction */
2920:Drivers/STM32F1xx_HAL_Driver/Src/stm32f1xx_hal_spi.c ****     if (SPI_EndRxTxTransaction(hspi, SPI_DEFAULT_TIMEOUT, tickstart) != HAL_OK)
2921:Drivers/STM32F1xx_HAL_Driver/Src/stm32f1xx_hal_spi.c ****     {
2922:Drivers/STM32F1xx_HAL_Driver/Src/stm32f1xx_hal_spi.c ****       SET_BIT(hspi->ErrorCode, HAL_SPI_ERROR_FLAG);
2923:Drivers/STM32F1xx_HAL_Driver/Src/stm32f1xx_hal_spi.c ****     }
2924:Drivers/STM32F1xx_HAL_Driver/Src/stm32f1xx_hal_spi.c **** 
2925:Drivers/STM32F1xx_HAL_Driver/Src/stm32f1xx_hal_spi.c ****     /* Disable Rx/Tx DMA Request */
2926:Drivers/STM32F1xx_HAL_Driver/Src/stm32f1xx_hal_spi.c ****     CLEAR_BIT(hspi->Instance->CR2, SPI_CR2_TXDMAEN | SPI_CR2_RXDMAEN);
2927:Drivers/STM32F1xx_HAL_Driver/Src/stm32f1xx_hal_spi.c **** 
2928:Drivers/STM32F1xx_HAL_Driver/Src/stm32f1xx_hal_spi.c ****     hspi->TxXferCount = 0U;
2929:Drivers/STM32F1xx_HAL_Driver/Src/stm32f1xx_hal_spi.c ****     hspi->RxXferCount = 0U;
2930:Drivers/STM32F1xx_HAL_Driver/Src/stm32f1xx_hal_spi.c ****     hspi->State = HAL_SPI_STATE_READY;
2931:Drivers/STM32F1xx_HAL_Driver/Src/stm32f1xx_hal_spi.c **** 
2932:Drivers/STM32F1xx_HAL_Driver/Src/stm32f1xx_hal_spi.c **** #if (USE_SPI_CRC != 0U)
2933:Drivers/STM32F1xx_HAL_Driver/Src/stm32f1xx_hal_spi.c ****     /* Check if CRC error occurred */
2934:Drivers/STM32F1xx_HAL_Driver/Src/stm32f1xx_hal_spi.c ****     if (__HAL_SPI_GET_FLAG(hspi, SPI_FLAG_CRCERR) != RESET)
2935:Drivers/STM32F1xx_HAL_Driver/Src/stm32f1xx_hal_spi.c ****     {
2936:Drivers/STM32F1xx_HAL_Driver/Src/stm32f1xx_hal_spi.c ****       /* Check if CRC error is valid or not (workaround to be applied or not) */
2937:Drivers/STM32F1xx_HAL_Driver/Src/stm32f1xx_hal_spi.c ****       if (SPI_ISCRCErrorValid(hspi) == SPI_VALID_CRC_ERROR)
2938:Drivers/STM32F1xx_HAL_Driver/Src/stm32f1xx_hal_spi.c ****       {
2939:Drivers/STM32F1xx_HAL_Driver/Src/stm32f1xx_hal_spi.c ****         SET_BIT(hspi->ErrorCode, HAL_SPI_ERROR_CRC);
ARM GAS  C:\Users\zhmis\AppData\Local\Temp\ccgFfHBP.s 			page 53


2940:Drivers/STM32F1xx_HAL_Driver/Src/stm32f1xx_hal_spi.c **** 
2941:Drivers/STM32F1xx_HAL_Driver/Src/stm32f1xx_hal_spi.c ****         /* Reset CRC Calculation */
2942:Drivers/STM32F1xx_HAL_Driver/Src/stm32f1xx_hal_spi.c ****         SPI_RESET_CRC(hspi);
2943:Drivers/STM32F1xx_HAL_Driver/Src/stm32f1xx_hal_spi.c ****       }
2944:Drivers/STM32F1xx_HAL_Driver/Src/stm32f1xx_hal_spi.c ****       else
2945:Drivers/STM32F1xx_HAL_Driver/Src/stm32f1xx_hal_spi.c ****       {
2946:Drivers/STM32F1xx_HAL_Driver/Src/stm32f1xx_hal_spi.c ****         __HAL_SPI_CLEAR_CRCERRFLAG(hspi);
2947:Drivers/STM32F1xx_HAL_Driver/Src/stm32f1xx_hal_spi.c ****       }
2948:Drivers/STM32F1xx_HAL_Driver/Src/stm32f1xx_hal_spi.c ****     }
2949:Drivers/STM32F1xx_HAL_Driver/Src/stm32f1xx_hal_spi.c **** #endif /* USE_SPI_CRC */
2950:Drivers/STM32F1xx_HAL_Driver/Src/stm32f1xx_hal_spi.c **** 
2951:Drivers/STM32F1xx_HAL_Driver/Src/stm32f1xx_hal_spi.c ****     if (hspi->ErrorCode != HAL_SPI_ERROR_NONE)
2952:Drivers/STM32F1xx_HAL_Driver/Src/stm32f1xx_hal_spi.c ****     {
2953:Drivers/STM32F1xx_HAL_Driver/Src/stm32f1xx_hal_spi.c ****       /* Call user error callback */
2954:Drivers/STM32F1xx_HAL_Driver/Src/stm32f1xx_hal_spi.c **** #if (USE_HAL_SPI_REGISTER_CALLBACKS == 1U)
2955:Drivers/STM32F1xx_HAL_Driver/Src/stm32f1xx_hal_spi.c ****       hspi->ErrorCallback(hspi);
2956:Drivers/STM32F1xx_HAL_Driver/Src/stm32f1xx_hal_spi.c **** #else
2957:Drivers/STM32F1xx_HAL_Driver/Src/stm32f1xx_hal_spi.c ****       HAL_SPI_ErrorCallback(hspi);
2958:Drivers/STM32F1xx_HAL_Driver/Src/stm32f1xx_hal_spi.c **** #endif /* USE_HAL_SPI_REGISTER_CALLBACKS */
2959:Drivers/STM32F1xx_HAL_Driver/Src/stm32f1xx_hal_spi.c ****       return;
2960:Drivers/STM32F1xx_HAL_Driver/Src/stm32f1xx_hal_spi.c ****     }
2961:Drivers/STM32F1xx_HAL_Driver/Src/stm32f1xx_hal_spi.c ****   }
2962:Drivers/STM32F1xx_HAL_Driver/Src/stm32f1xx_hal_spi.c ****   /* Call user TxRx complete callback */
2963:Drivers/STM32F1xx_HAL_Driver/Src/stm32f1xx_hal_spi.c **** #if (USE_HAL_SPI_REGISTER_CALLBACKS == 1U)
2964:Drivers/STM32F1xx_HAL_Driver/Src/stm32f1xx_hal_spi.c ****   hspi->TxRxCpltCallback(hspi);
2965:Drivers/STM32F1xx_HAL_Driver/Src/stm32f1xx_hal_spi.c **** #else
2966:Drivers/STM32F1xx_HAL_Driver/Src/stm32f1xx_hal_spi.c ****   HAL_SPI_TxRxCpltCallback(hspi);
2967:Drivers/STM32F1xx_HAL_Driver/Src/stm32f1xx_hal_spi.c **** #endif /* USE_HAL_SPI_REGISTER_CALLBACKS */
2968:Drivers/STM32F1xx_HAL_Driver/Src/stm32f1xx_hal_spi.c **** }
2969:Drivers/STM32F1xx_HAL_Driver/Src/stm32f1xx_hal_spi.c **** 
2970:Drivers/STM32F1xx_HAL_Driver/Src/stm32f1xx_hal_spi.c **** /**
2971:Drivers/STM32F1xx_HAL_Driver/Src/stm32f1xx_hal_spi.c ****   * @brief  DMA SPI half transmit process complete callback.
2972:Drivers/STM32F1xx_HAL_Driver/Src/stm32f1xx_hal_spi.c ****   * @param  hdma pointer to a DMA_HandleTypeDef structure that contains
2973:Drivers/STM32F1xx_HAL_Driver/Src/stm32f1xx_hal_spi.c ****   *               the configuration information for the specified DMA module.
2974:Drivers/STM32F1xx_HAL_Driver/Src/stm32f1xx_hal_spi.c ****   * @retval None
2975:Drivers/STM32F1xx_HAL_Driver/Src/stm32f1xx_hal_spi.c ****   */
2976:Drivers/STM32F1xx_HAL_Driver/Src/stm32f1xx_hal_spi.c **** static void SPI_DMAHalfTransmitCplt(DMA_HandleTypeDef *hdma)
2977:Drivers/STM32F1xx_HAL_Driver/Src/stm32f1xx_hal_spi.c **** {
2978:Drivers/STM32F1xx_HAL_Driver/Src/stm32f1xx_hal_spi.c ****   SPI_HandleTypeDef *hspi = (SPI_HandleTypeDef *)(((DMA_HandleTypeDef *)hdma)->Parent); /* Derogati
2979:Drivers/STM32F1xx_HAL_Driver/Src/stm32f1xx_hal_spi.c **** 
2980:Drivers/STM32F1xx_HAL_Driver/Src/stm32f1xx_hal_spi.c ****   /* Call user Tx half complete callback */
2981:Drivers/STM32F1xx_HAL_Driver/Src/stm32f1xx_hal_spi.c **** #if (USE_HAL_SPI_REGISTER_CALLBACKS == 1U)
2982:Drivers/STM32F1xx_HAL_Driver/Src/stm32f1xx_hal_spi.c ****   hspi->TxHalfCpltCallback(hspi);
2983:Drivers/STM32F1xx_HAL_Driver/Src/stm32f1xx_hal_spi.c **** #else
2984:Drivers/STM32F1xx_HAL_Driver/Src/stm32f1xx_hal_spi.c ****   HAL_SPI_TxHalfCpltCallback(hspi);
2985:Drivers/STM32F1xx_HAL_Driver/Src/stm32f1xx_hal_spi.c **** #endif /* USE_HAL_SPI_REGISTER_CALLBACKS */
2986:Drivers/STM32F1xx_HAL_Driver/Src/stm32f1xx_hal_spi.c **** }
2987:Drivers/STM32F1xx_HAL_Driver/Src/stm32f1xx_hal_spi.c **** 
2988:Drivers/STM32F1xx_HAL_Driver/Src/stm32f1xx_hal_spi.c **** /**
2989:Drivers/STM32F1xx_HAL_Driver/Src/stm32f1xx_hal_spi.c ****   * @brief  DMA SPI half receive process complete callback
2990:Drivers/STM32F1xx_HAL_Driver/Src/stm32f1xx_hal_spi.c ****   * @param  hdma pointer to a DMA_HandleTypeDef structure that contains
2991:Drivers/STM32F1xx_HAL_Driver/Src/stm32f1xx_hal_spi.c ****   *               the configuration information for the specified DMA module.
2992:Drivers/STM32F1xx_HAL_Driver/Src/stm32f1xx_hal_spi.c ****   * @retval None
2993:Drivers/STM32F1xx_HAL_Driver/Src/stm32f1xx_hal_spi.c ****   */
2994:Drivers/STM32F1xx_HAL_Driver/Src/stm32f1xx_hal_spi.c **** static void SPI_DMAHalfReceiveCplt(DMA_HandleTypeDef *hdma)
2995:Drivers/STM32F1xx_HAL_Driver/Src/stm32f1xx_hal_spi.c **** {
2996:Drivers/STM32F1xx_HAL_Driver/Src/stm32f1xx_hal_spi.c ****   SPI_HandleTypeDef *hspi = (SPI_HandleTypeDef *)(((DMA_HandleTypeDef *)hdma)->Parent); /* Derogati
ARM GAS  C:\Users\zhmis\AppData\Local\Temp\ccgFfHBP.s 			page 54


2997:Drivers/STM32F1xx_HAL_Driver/Src/stm32f1xx_hal_spi.c **** 
2998:Drivers/STM32F1xx_HAL_Driver/Src/stm32f1xx_hal_spi.c ****   /* Call user Rx half complete callback */
2999:Drivers/STM32F1xx_HAL_Driver/Src/stm32f1xx_hal_spi.c **** #if (USE_HAL_SPI_REGISTER_CALLBACKS == 1U)
3000:Drivers/STM32F1xx_HAL_Driver/Src/stm32f1xx_hal_spi.c ****   hspi->RxHalfCpltCallback(hspi);
3001:Drivers/STM32F1xx_HAL_Driver/Src/stm32f1xx_hal_spi.c **** #else
3002:Drivers/STM32F1xx_HAL_Driver/Src/stm32f1xx_hal_spi.c ****   HAL_SPI_RxHalfCpltCallback(hspi);
3003:Drivers/STM32F1xx_HAL_Driver/Src/stm32f1xx_hal_spi.c **** #endif /* USE_HAL_SPI_REGISTER_CALLBACKS */
3004:Drivers/STM32F1xx_HAL_Driver/Src/stm32f1xx_hal_spi.c **** }
3005:Drivers/STM32F1xx_HAL_Driver/Src/stm32f1xx_hal_spi.c **** 
3006:Drivers/STM32F1xx_HAL_Driver/Src/stm32f1xx_hal_spi.c **** /**
3007:Drivers/STM32F1xx_HAL_Driver/Src/stm32f1xx_hal_spi.c ****   * @brief  DMA SPI half transmit receive process complete callback.
3008:Drivers/STM32F1xx_HAL_Driver/Src/stm32f1xx_hal_spi.c ****   * @param  hdma pointer to a DMA_HandleTypeDef structure that contains
3009:Drivers/STM32F1xx_HAL_Driver/Src/stm32f1xx_hal_spi.c ****   *               the configuration information for the specified DMA module.
3010:Drivers/STM32F1xx_HAL_Driver/Src/stm32f1xx_hal_spi.c ****   * @retval None
3011:Drivers/STM32F1xx_HAL_Driver/Src/stm32f1xx_hal_spi.c ****   */
3012:Drivers/STM32F1xx_HAL_Driver/Src/stm32f1xx_hal_spi.c **** static void SPI_DMAHalfTransmitReceiveCplt(DMA_HandleTypeDef *hdma)
3013:Drivers/STM32F1xx_HAL_Driver/Src/stm32f1xx_hal_spi.c **** {
3014:Drivers/STM32F1xx_HAL_Driver/Src/stm32f1xx_hal_spi.c ****   SPI_HandleTypeDef *hspi = (SPI_HandleTypeDef *)(((DMA_HandleTypeDef *)hdma)->Parent); /* Derogati
3015:Drivers/STM32F1xx_HAL_Driver/Src/stm32f1xx_hal_spi.c **** 
3016:Drivers/STM32F1xx_HAL_Driver/Src/stm32f1xx_hal_spi.c ****   /* Call user TxRx half complete callback */
3017:Drivers/STM32F1xx_HAL_Driver/Src/stm32f1xx_hal_spi.c **** #if (USE_HAL_SPI_REGISTER_CALLBACKS == 1U)
3018:Drivers/STM32F1xx_HAL_Driver/Src/stm32f1xx_hal_spi.c ****   hspi->TxRxHalfCpltCallback(hspi);
3019:Drivers/STM32F1xx_HAL_Driver/Src/stm32f1xx_hal_spi.c **** #else
3020:Drivers/STM32F1xx_HAL_Driver/Src/stm32f1xx_hal_spi.c ****   HAL_SPI_TxRxHalfCpltCallback(hspi);
3021:Drivers/STM32F1xx_HAL_Driver/Src/stm32f1xx_hal_spi.c **** #endif /* USE_HAL_SPI_REGISTER_CALLBACKS */
3022:Drivers/STM32F1xx_HAL_Driver/Src/stm32f1xx_hal_spi.c **** }
3023:Drivers/STM32F1xx_HAL_Driver/Src/stm32f1xx_hal_spi.c **** 
3024:Drivers/STM32F1xx_HAL_Driver/Src/stm32f1xx_hal_spi.c **** /**
3025:Drivers/STM32F1xx_HAL_Driver/Src/stm32f1xx_hal_spi.c ****   * @brief  DMA SPI communication error callback.
3026:Drivers/STM32F1xx_HAL_Driver/Src/stm32f1xx_hal_spi.c ****   * @param  hdma pointer to a DMA_HandleTypeDef structure that contains
3027:Drivers/STM32F1xx_HAL_Driver/Src/stm32f1xx_hal_spi.c ****   *               the configuration information for the specified DMA module.
3028:Drivers/STM32F1xx_HAL_Driver/Src/stm32f1xx_hal_spi.c ****   * @retval None
3029:Drivers/STM32F1xx_HAL_Driver/Src/stm32f1xx_hal_spi.c ****   */
3030:Drivers/STM32F1xx_HAL_Driver/Src/stm32f1xx_hal_spi.c **** static void SPI_DMAError(DMA_HandleTypeDef *hdma)
3031:Drivers/STM32F1xx_HAL_Driver/Src/stm32f1xx_hal_spi.c **** {
3032:Drivers/STM32F1xx_HAL_Driver/Src/stm32f1xx_hal_spi.c ****   SPI_HandleTypeDef *hspi = (SPI_HandleTypeDef *)(((DMA_HandleTypeDef *)hdma)->Parent); /* Derogati
3033:Drivers/STM32F1xx_HAL_Driver/Src/stm32f1xx_hal_spi.c **** 
3034:Drivers/STM32F1xx_HAL_Driver/Src/stm32f1xx_hal_spi.c ****   /* Stop the disable DMA transfer on SPI side */
3035:Drivers/STM32F1xx_HAL_Driver/Src/stm32f1xx_hal_spi.c ****   CLEAR_BIT(hspi->Instance->CR2, SPI_CR2_TXDMAEN | SPI_CR2_RXDMAEN);
3036:Drivers/STM32F1xx_HAL_Driver/Src/stm32f1xx_hal_spi.c **** 
3037:Drivers/STM32F1xx_HAL_Driver/Src/stm32f1xx_hal_spi.c ****   SET_BIT(hspi->ErrorCode, HAL_SPI_ERROR_DMA);
3038:Drivers/STM32F1xx_HAL_Driver/Src/stm32f1xx_hal_spi.c ****   hspi->State = HAL_SPI_STATE_READY;
3039:Drivers/STM32F1xx_HAL_Driver/Src/stm32f1xx_hal_spi.c ****   /* Call user error callback */
3040:Drivers/STM32F1xx_HAL_Driver/Src/stm32f1xx_hal_spi.c **** #if (USE_HAL_SPI_REGISTER_CALLBACKS == 1U)
3041:Drivers/STM32F1xx_HAL_Driver/Src/stm32f1xx_hal_spi.c ****   hspi->ErrorCallback(hspi);
3042:Drivers/STM32F1xx_HAL_Driver/Src/stm32f1xx_hal_spi.c **** #else
3043:Drivers/STM32F1xx_HAL_Driver/Src/stm32f1xx_hal_spi.c ****   HAL_SPI_ErrorCallback(hspi);
3044:Drivers/STM32F1xx_HAL_Driver/Src/stm32f1xx_hal_spi.c **** #endif /* USE_HAL_SPI_REGISTER_CALLBACKS */
3045:Drivers/STM32F1xx_HAL_Driver/Src/stm32f1xx_hal_spi.c **** }
3046:Drivers/STM32F1xx_HAL_Driver/Src/stm32f1xx_hal_spi.c **** 
3047:Drivers/STM32F1xx_HAL_Driver/Src/stm32f1xx_hal_spi.c **** /**
3048:Drivers/STM32F1xx_HAL_Driver/Src/stm32f1xx_hal_spi.c ****   * @brief  DMA SPI communication abort callback, when initiated by HAL services on Error
3049:Drivers/STM32F1xx_HAL_Driver/Src/stm32f1xx_hal_spi.c ****   *         (To be called at end of DMA Abort procedure following error occurrence).
3050:Drivers/STM32F1xx_HAL_Driver/Src/stm32f1xx_hal_spi.c ****   * @param  hdma DMA handle.
3051:Drivers/STM32F1xx_HAL_Driver/Src/stm32f1xx_hal_spi.c ****   * @retval None
3052:Drivers/STM32F1xx_HAL_Driver/Src/stm32f1xx_hal_spi.c ****   */
3053:Drivers/STM32F1xx_HAL_Driver/Src/stm32f1xx_hal_spi.c **** static void SPI_DMAAbortOnError(DMA_HandleTypeDef *hdma)
ARM GAS  C:\Users\zhmis\AppData\Local\Temp\ccgFfHBP.s 			page 55


3054:Drivers/STM32F1xx_HAL_Driver/Src/stm32f1xx_hal_spi.c **** {
3055:Drivers/STM32F1xx_HAL_Driver/Src/stm32f1xx_hal_spi.c ****   SPI_HandleTypeDef *hspi = (SPI_HandleTypeDef *)(((DMA_HandleTypeDef *)hdma)->Parent); /* Derogati
3056:Drivers/STM32F1xx_HAL_Driver/Src/stm32f1xx_hal_spi.c ****   hspi->RxXferCount = 0U;
3057:Drivers/STM32F1xx_HAL_Driver/Src/stm32f1xx_hal_spi.c ****   hspi->TxXferCount = 0U;
3058:Drivers/STM32F1xx_HAL_Driver/Src/stm32f1xx_hal_spi.c **** 
3059:Drivers/STM32F1xx_HAL_Driver/Src/stm32f1xx_hal_spi.c ****   /* Call user error callback */
3060:Drivers/STM32F1xx_HAL_Driver/Src/stm32f1xx_hal_spi.c **** #if (USE_HAL_SPI_REGISTER_CALLBACKS == 1U)
3061:Drivers/STM32F1xx_HAL_Driver/Src/stm32f1xx_hal_spi.c ****   hspi->ErrorCallback(hspi);
3062:Drivers/STM32F1xx_HAL_Driver/Src/stm32f1xx_hal_spi.c **** #else
3063:Drivers/STM32F1xx_HAL_Driver/Src/stm32f1xx_hal_spi.c ****   HAL_SPI_ErrorCallback(hspi);
3064:Drivers/STM32F1xx_HAL_Driver/Src/stm32f1xx_hal_spi.c **** #endif /* USE_HAL_SPI_REGISTER_CALLBACKS */
3065:Drivers/STM32F1xx_HAL_Driver/Src/stm32f1xx_hal_spi.c **** }
3066:Drivers/STM32F1xx_HAL_Driver/Src/stm32f1xx_hal_spi.c **** 
3067:Drivers/STM32F1xx_HAL_Driver/Src/stm32f1xx_hal_spi.c **** /**
3068:Drivers/STM32F1xx_HAL_Driver/Src/stm32f1xx_hal_spi.c ****   * @brief  DMA SPI Tx communication abort callback, when initiated by user
3069:Drivers/STM32F1xx_HAL_Driver/Src/stm32f1xx_hal_spi.c ****   *         (To be called at end of DMA Tx Abort procedure following user abort request).
3070:Drivers/STM32F1xx_HAL_Driver/Src/stm32f1xx_hal_spi.c ****   * @note   When this callback is executed, User Abort complete call back is called only if no
3071:Drivers/STM32F1xx_HAL_Driver/Src/stm32f1xx_hal_spi.c ****   *         Abort still ongoing for Rx DMA Handle.
3072:Drivers/STM32F1xx_HAL_Driver/Src/stm32f1xx_hal_spi.c ****   * @param  hdma DMA handle.
3073:Drivers/STM32F1xx_HAL_Driver/Src/stm32f1xx_hal_spi.c ****   * @retval None
3074:Drivers/STM32F1xx_HAL_Driver/Src/stm32f1xx_hal_spi.c ****   */
3075:Drivers/STM32F1xx_HAL_Driver/Src/stm32f1xx_hal_spi.c **** static void SPI_DMATxAbortCallback(DMA_HandleTypeDef *hdma)
3076:Drivers/STM32F1xx_HAL_Driver/Src/stm32f1xx_hal_spi.c **** {
3077:Drivers/STM32F1xx_HAL_Driver/Src/stm32f1xx_hal_spi.c ****   SPI_HandleTypeDef *hspi = (SPI_HandleTypeDef *)(((DMA_HandleTypeDef *)hdma)->Parent); /* Derogati
3078:Drivers/STM32F1xx_HAL_Driver/Src/stm32f1xx_hal_spi.c ****   __IO uint32_t count;
3079:Drivers/STM32F1xx_HAL_Driver/Src/stm32f1xx_hal_spi.c **** 
3080:Drivers/STM32F1xx_HAL_Driver/Src/stm32f1xx_hal_spi.c ****   hspi->hdmatx->XferAbortCallback = NULL;
3081:Drivers/STM32F1xx_HAL_Driver/Src/stm32f1xx_hal_spi.c ****   count = SPI_DEFAULT_TIMEOUT * (SystemCoreClock / 24U / 1000U);
3082:Drivers/STM32F1xx_HAL_Driver/Src/stm32f1xx_hal_spi.c **** 
3083:Drivers/STM32F1xx_HAL_Driver/Src/stm32f1xx_hal_spi.c ****   /* Disable Tx DMA Request */
3084:Drivers/STM32F1xx_HAL_Driver/Src/stm32f1xx_hal_spi.c ****   CLEAR_BIT(hspi->Instance->CR2, SPI_CR2_TXDMAEN);
3085:Drivers/STM32F1xx_HAL_Driver/Src/stm32f1xx_hal_spi.c **** 
3086:Drivers/STM32F1xx_HAL_Driver/Src/stm32f1xx_hal_spi.c ****   /* Wait until TXE flag is set */
3087:Drivers/STM32F1xx_HAL_Driver/Src/stm32f1xx_hal_spi.c ****   do
3088:Drivers/STM32F1xx_HAL_Driver/Src/stm32f1xx_hal_spi.c ****   {
3089:Drivers/STM32F1xx_HAL_Driver/Src/stm32f1xx_hal_spi.c ****     if (count == 0U)
3090:Drivers/STM32F1xx_HAL_Driver/Src/stm32f1xx_hal_spi.c ****     {
3091:Drivers/STM32F1xx_HAL_Driver/Src/stm32f1xx_hal_spi.c ****       SET_BIT(hspi->ErrorCode, HAL_SPI_ERROR_ABORT);
3092:Drivers/STM32F1xx_HAL_Driver/Src/stm32f1xx_hal_spi.c ****       break;
3093:Drivers/STM32F1xx_HAL_Driver/Src/stm32f1xx_hal_spi.c ****     }
3094:Drivers/STM32F1xx_HAL_Driver/Src/stm32f1xx_hal_spi.c ****     count--;
3095:Drivers/STM32F1xx_HAL_Driver/Src/stm32f1xx_hal_spi.c ****   } while ((hspi->Instance->SR & SPI_FLAG_TXE) == RESET);
3096:Drivers/STM32F1xx_HAL_Driver/Src/stm32f1xx_hal_spi.c **** 
3097:Drivers/STM32F1xx_HAL_Driver/Src/stm32f1xx_hal_spi.c ****   /* Check if an Abort process is still ongoing */
3098:Drivers/STM32F1xx_HAL_Driver/Src/stm32f1xx_hal_spi.c ****   if (hspi->hdmarx != NULL)
3099:Drivers/STM32F1xx_HAL_Driver/Src/stm32f1xx_hal_spi.c ****   {
3100:Drivers/STM32F1xx_HAL_Driver/Src/stm32f1xx_hal_spi.c ****     if (hspi->hdmarx->XferAbortCallback != NULL)
3101:Drivers/STM32F1xx_HAL_Driver/Src/stm32f1xx_hal_spi.c ****     {
3102:Drivers/STM32F1xx_HAL_Driver/Src/stm32f1xx_hal_spi.c ****       return;
3103:Drivers/STM32F1xx_HAL_Driver/Src/stm32f1xx_hal_spi.c ****     }
3104:Drivers/STM32F1xx_HAL_Driver/Src/stm32f1xx_hal_spi.c ****   }
3105:Drivers/STM32F1xx_HAL_Driver/Src/stm32f1xx_hal_spi.c **** 
3106:Drivers/STM32F1xx_HAL_Driver/Src/stm32f1xx_hal_spi.c ****   /* No Abort process still ongoing : All DMA Stream/Channel are aborted, call user Abort Complete 
3107:Drivers/STM32F1xx_HAL_Driver/Src/stm32f1xx_hal_spi.c ****   hspi->RxXferCount = 0U;
3108:Drivers/STM32F1xx_HAL_Driver/Src/stm32f1xx_hal_spi.c ****   hspi->TxXferCount = 0U;
3109:Drivers/STM32F1xx_HAL_Driver/Src/stm32f1xx_hal_spi.c **** 
3110:Drivers/STM32F1xx_HAL_Driver/Src/stm32f1xx_hal_spi.c ****   /* Check no error during Abort procedure */
ARM GAS  C:\Users\zhmis\AppData\Local\Temp\ccgFfHBP.s 			page 56


3111:Drivers/STM32F1xx_HAL_Driver/Src/stm32f1xx_hal_spi.c ****   if (hspi->ErrorCode != HAL_SPI_ERROR_ABORT)
3112:Drivers/STM32F1xx_HAL_Driver/Src/stm32f1xx_hal_spi.c ****   {
3113:Drivers/STM32F1xx_HAL_Driver/Src/stm32f1xx_hal_spi.c ****     /* Reset errorCode */
3114:Drivers/STM32F1xx_HAL_Driver/Src/stm32f1xx_hal_spi.c ****     hspi->ErrorCode = HAL_SPI_ERROR_NONE;
3115:Drivers/STM32F1xx_HAL_Driver/Src/stm32f1xx_hal_spi.c ****   }
3116:Drivers/STM32F1xx_HAL_Driver/Src/stm32f1xx_hal_spi.c **** 
3117:Drivers/STM32F1xx_HAL_Driver/Src/stm32f1xx_hal_spi.c ****   /* Clear the Error flags in the SR register */
3118:Drivers/STM32F1xx_HAL_Driver/Src/stm32f1xx_hal_spi.c ****   __HAL_SPI_CLEAR_OVRFLAG(hspi);
3119:Drivers/STM32F1xx_HAL_Driver/Src/stm32f1xx_hal_spi.c **** 
3120:Drivers/STM32F1xx_HAL_Driver/Src/stm32f1xx_hal_spi.c ****   /* Restore hspi->State to Ready */
3121:Drivers/STM32F1xx_HAL_Driver/Src/stm32f1xx_hal_spi.c ****   hspi->State  = HAL_SPI_STATE_READY;
3122:Drivers/STM32F1xx_HAL_Driver/Src/stm32f1xx_hal_spi.c **** 
3123:Drivers/STM32F1xx_HAL_Driver/Src/stm32f1xx_hal_spi.c ****   /* Call user Abort complete callback */
3124:Drivers/STM32F1xx_HAL_Driver/Src/stm32f1xx_hal_spi.c **** #if (USE_HAL_SPI_REGISTER_CALLBACKS == 1U)
3125:Drivers/STM32F1xx_HAL_Driver/Src/stm32f1xx_hal_spi.c ****   hspi->AbortCpltCallback(hspi);
3126:Drivers/STM32F1xx_HAL_Driver/Src/stm32f1xx_hal_spi.c **** #else
3127:Drivers/STM32F1xx_HAL_Driver/Src/stm32f1xx_hal_spi.c ****   HAL_SPI_AbortCpltCallback(hspi);
3128:Drivers/STM32F1xx_HAL_Driver/Src/stm32f1xx_hal_spi.c **** #endif /* USE_HAL_SPI_REGISTER_CALLBACKS */
3129:Drivers/STM32F1xx_HAL_Driver/Src/stm32f1xx_hal_spi.c **** }
3130:Drivers/STM32F1xx_HAL_Driver/Src/stm32f1xx_hal_spi.c **** 
3131:Drivers/STM32F1xx_HAL_Driver/Src/stm32f1xx_hal_spi.c **** /**
3132:Drivers/STM32F1xx_HAL_Driver/Src/stm32f1xx_hal_spi.c ****   * @brief  DMA SPI Rx communication abort callback, when initiated by user
3133:Drivers/STM32F1xx_HAL_Driver/Src/stm32f1xx_hal_spi.c ****   *         (To be called at end of DMA Rx Abort procedure following user abort request).
3134:Drivers/STM32F1xx_HAL_Driver/Src/stm32f1xx_hal_spi.c ****   * @note   When this callback is executed, User Abort complete call back is called only if no
3135:Drivers/STM32F1xx_HAL_Driver/Src/stm32f1xx_hal_spi.c ****   *         Abort still ongoing for Tx DMA Handle.
3136:Drivers/STM32F1xx_HAL_Driver/Src/stm32f1xx_hal_spi.c ****   * @param  hdma DMA handle.
3137:Drivers/STM32F1xx_HAL_Driver/Src/stm32f1xx_hal_spi.c ****   * @retval None
3138:Drivers/STM32F1xx_HAL_Driver/Src/stm32f1xx_hal_spi.c ****   */
3139:Drivers/STM32F1xx_HAL_Driver/Src/stm32f1xx_hal_spi.c **** static void SPI_DMARxAbortCallback(DMA_HandleTypeDef *hdma)
3140:Drivers/STM32F1xx_HAL_Driver/Src/stm32f1xx_hal_spi.c **** {
3141:Drivers/STM32F1xx_HAL_Driver/Src/stm32f1xx_hal_spi.c ****   SPI_HandleTypeDef *hspi = (SPI_HandleTypeDef *)(((DMA_HandleTypeDef *)hdma)->Parent); /* Derogati
3142:Drivers/STM32F1xx_HAL_Driver/Src/stm32f1xx_hal_spi.c **** 
3143:Drivers/STM32F1xx_HAL_Driver/Src/stm32f1xx_hal_spi.c ****   /* Disable SPI Peripheral */
3144:Drivers/STM32F1xx_HAL_Driver/Src/stm32f1xx_hal_spi.c ****   __HAL_SPI_DISABLE(hspi);
3145:Drivers/STM32F1xx_HAL_Driver/Src/stm32f1xx_hal_spi.c **** 
3146:Drivers/STM32F1xx_HAL_Driver/Src/stm32f1xx_hal_spi.c ****   hspi->hdmarx->XferAbortCallback = NULL;
3147:Drivers/STM32F1xx_HAL_Driver/Src/stm32f1xx_hal_spi.c **** 
3148:Drivers/STM32F1xx_HAL_Driver/Src/stm32f1xx_hal_spi.c ****   /* Disable Rx DMA Request */
3149:Drivers/STM32F1xx_HAL_Driver/Src/stm32f1xx_hal_spi.c ****   CLEAR_BIT(hspi->Instance->CR2, SPI_CR2_RXDMAEN);
3150:Drivers/STM32F1xx_HAL_Driver/Src/stm32f1xx_hal_spi.c **** 
3151:Drivers/STM32F1xx_HAL_Driver/Src/stm32f1xx_hal_spi.c ****   /* Check Busy flag */
3152:Drivers/STM32F1xx_HAL_Driver/Src/stm32f1xx_hal_spi.c ****   if (SPI_EndRxTxTransaction(hspi, SPI_DEFAULT_TIMEOUT, HAL_GetTick()) != HAL_OK)
3153:Drivers/STM32F1xx_HAL_Driver/Src/stm32f1xx_hal_spi.c ****   {
3154:Drivers/STM32F1xx_HAL_Driver/Src/stm32f1xx_hal_spi.c ****     SET_BIT(hspi->ErrorCode, HAL_SPI_ERROR_ABORT);
3155:Drivers/STM32F1xx_HAL_Driver/Src/stm32f1xx_hal_spi.c ****   }
3156:Drivers/STM32F1xx_HAL_Driver/Src/stm32f1xx_hal_spi.c **** 
3157:Drivers/STM32F1xx_HAL_Driver/Src/stm32f1xx_hal_spi.c ****   /* Check if an Abort process is still ongoing */
3158:Drivers/STM32F1xx_HAL_Driver/Src/stm32f1xx_hal_spi.c ****   if (hspi->hdmatx != NULL)
3159:Drivers/STM32F1xx_HAL_Driver/Src/stm32f1xx_hal_spi.c ****   {
3160:Drivers/STM32F1xx_HAL_Driver/Src/stm32f1xx_hal_spi.c ****     if (hspi->hdmatx->XferAbortCallback != NULL)
3161:Drivers/STM32F1xx_HAL_Driver/Src/stm32f1xx_hal_spi.c ****     {
3162:Drivers/STM32F1xx_HAL_Driver/Src/stm32f1xx_hal_spi.c ****       return;
3163:Drivers/STM32F1xx_HAL_Driver/Src/stm32f1xx_hal_spi.c ****     }
3164:Drivers/STM32F1xx_HAL_Driver/Src/stm32f1xx_hal_spi.c ****   }
3165:Drivers/STM32F1xx_HAL_Driver/Src/stm32f1xx_hal_spi.c **** 
3166:Drivers/STM32F1xx_HAL_Driver/Src/stm32f1xx_hal_spi.c ****   /* No Abort process still ongoing : All DMA Stream/Channel are aborted, call user Abort Complete 
3167:Drivers/STM32F1xx_HAL_Driver/Src/stm32f1xx_hal_spi.c ****   hspi->RxXferCount = 0U;
ARM GAS  C:\Users\zhmis\AppData\Local\Temp\ccgFfHBP.s 			page 57


3168:Drivers/STM32F1xx_HAL_Driver/Src/stm32f1xx_hal_spi.c ****   hspi->TxXferCount = 0U;
3169:Drivers/STM32F1xx_HAL_Driver/Src/stm32f1xx_hal_spi.c **** 
3170:Drivers/STM32F1xx_HAL_Driver/Src/stm32f1xx_hal_spi.c ****   /* Check no error during Abort procedure */
3171:Drivers/STM32F1xx_HAL_Driver/Src/stm32f1xx_hal_spi.c ****   if (hspi->ErrorCode != HAL_SPI_ERROR_ABORT)
3172:Drivers/STM32F1xx_HAL_Driver/Src/stm32f1xx_hal_spi.c ****   {
3173:Drivers/STM32F1xx_HAL_Driver/Src/stm32f1xx_hal_spi.c ****     /* Reset errorCode */
3174:Drivers/STM32F1xx_HAL_Driver/Src/stm32f1xx_hal_spi.c ****     hspi->ErrorCode = HAL_SPI_ERROR_NONE;
3175:Drivers/STM32F1xx_HAL_Driver/Src/stm32f1xx_hal_spi.c ****   }
3176:Drivers/STM32F1xx_HAL_Driver/Src/stm32f1xx_hal_spi.c **** 
3177:Drivers/STM32F1xx_HAL_Driver/Src/stm32f1xx_hal_spi.c ****   /* Clear the Error flags in the SR register */
3178:Drivers/STM32F1xx_HAL_Driver/Src/stm32f1xx_hal_spi.c ****   __HAL_SPI_CLEAR_OVRFLAG(hspi);
3179:Drivers/STM32F1xx_HAL_Driver/Src/stm32f1xx_hal_spi.c **** 
3180:Drivers/STM32F1xx_HAL_Driver/Src/stm32f1xx_hal_spi.c ****   /* Restore hspi->State to Ready */
3181:Drivers/STM32F1xx_HAL_Driver/Src/stm32f1xx_hal_spi.c ****   hspi->State  = HAL_SPI_STATE_READY;
3182:Drivers/STM32F1xx_HAL_Driver/Src/stm32f1xx_hal_spi.c **** 
3183:Drivers/STM32F1xx_HAL_Driver/Src/stm32f1xx_hal_spi.c ****   /* Call user Abort complete callback */
3184:Drivers/STM32F1xx_HAL_Driver/Src/stm32f1xx_hal_spi.c **** #if (USE_HAL_SPI_REGISTER_CALLBACKS == 1U)
3185:Drivers/STM32F1xx_HAL_Driver/Src/stm32f1xx_hal_spi.c ****   hspi->AbortCpltCallback(hspi);
3186:Drivers/STM32F1xx_HAL_Driver/Src/stm32f1xx_hal_spi.c **** #else
3187:Drivers/STM32F1xx_HAL_Driver/Src/stm32f1xx_hal_spi.c ****   HAL_SPI_AbortCpltCallback(hspi);
3188:Drivers/STM32F1xx_HAL_Driver/Src/stm32f1xx_hal_spi.c **** #endif /* USE_HAL_SPI_REGISTER_CALLBACKS */
3189:Drivers/STM32F1xx_HAL_Driver/Src/stm32f1xx_hal_spi.c **** }
3190:Drivers/STM32F1xx_HAL_Driver/Src/stm32f1xx_hal_spi.c **** 
3191:Drivers/STM32F1xx_HAL_Driver/Src/stm32f1xx_hal_spi.c **** /**
3192:Drivers/STM32F1xx_HAL_Driver/Src/stm32f1xx_hal_spi.c ****   * @brief  Rx 8-bit handler for Transmit and Receive in Interrupt mode.
3193:Drivers/STM32F1xx_HAL_Driver/Src/stm32f1xx_hal_spi.c ****   * @param  hspi pointer to a SPI_HandleTypeDef structure that contains
3194:Drivers/STM32F1xx_HAL_Driver/Src/stm32f1xx_hal_spi.c ****   *               the configuration information for SPI module.
3195:Drivers/STM32F1xx_HAL_Driver/Src/stm32f1xx_hal_spi.c ****   * @retval None
3196:Drivers/STM32F1xx_HAL_Driver/Src/stm32f1xx_hal_spi.c ****   */
3197:Drivers/STM32F1xx_HAL_Driver/Src/stm32f1xx_hal_spi.c **** static void SPI_2linesRxISR_8BIT(struct __SPI_HandleTypeDef *hspi)
3198:Drivers/STM32F1xx_HAL_Driver/Src/stm32f1xx_hal_spi.c **** {
3199:Drivers/STM32F1xx_HAL_Driver/Src/stm32f1xx_hal_spi.c ****   /* Receive data in 8bit mode */
3200:Drivers/STM32F1xx_HAL_Driver/Src/stm32f1xx_hal_spi.c ****   *hspi->pRxBuffPtr = *((__IO uint8_t *)&hspi->Instance->DR);
3201:Drivers/STM32F1xx_HAL_Driver/Src/stm32f1xx_hal_spi.c ****   hspi->pRxBuffPtr++;
3202:Drivers/STM32F1xx_HAL_Driver/Src/stm32f1xx_hal_spi.c ****   hspi->RxXferCount--;
3203:Drivers/STM32F1xx_HAL_Driver/Src/stm32f1xx_hal_spi.c **** 
3204:Drivers/STM32F1xx_HAL_Driver/Src/stm32f1xx_hal_spi.c ****   /* Check end of the reception */
3205:Drivers/STM32F1xx_HAL_Driver/Src/stm32f1xx_hal_spi.c ****   if (hspi->RxXferCount == 0U)
3206:Drivers/STM32F1xx_HAL_Driver/Src/stm32f1xx_hal_spi.c ****   {
3207:Drivers/STM32F1xx_HAL_Driver/Src/stm32f1xx_hal_spi.c **** #if (USE_SPI_CRC != 0U)
3208:Drivers/STM32F1xx_HAL_Driver/Src/stm32f1xx_hal_spi.c ****     if (hspi->Init.CRCCalculation == SPI_CRCCALCULATION_ENABLE)
3209:Drivers/STM32F1xx_HAL_Driver/Src/stm32f1xx_hal_spi.c ****     {
3210:Drivers/STM32F1xx_HAL_Driver/Src/stm32f1xx_hal_spi.c ****       hspi->RxISR =  SPI_2linesRxISR_8BITCRC;
3211:Drivers/STM32F1xx_HAL_Driver/Src/stm32f1xx_hal_spi.c ****       return;
3212:Drivers/STM32F1xx_HAL_Driver/Src/stm32f1xx_hal_spi.c ****     }
3213:Drivers/STM32F1xx_HAL_Driver/Src/stm32f1xx_hal_spi.c **** #endif /* USE_SPI_CRC */
3214:Drivers/STM32F1xx_HAL_Driver/Src/stm32f1xx_hal_spi.c **** 
3215:Drivers/STM32F1xx_HAL_Driver/Src/stm32f1xx_hal_spi.c ****     /* Disable RXNE  and ERR interrupt */
3216:Drivers/STM32F1xx_HAL_Driver/Src/stm32f1xx_hal_spi.c ****     __HAL_SPI_DISABLE_IT(hspi, (SPI_IT_RXNE | SPI_IT_ERR));
3217:Drivers/STM32F1xx_HAL_Driver/Src/stm32f1xx_hal_spi.c **** 
3218:Drivers/STM32F1xx_HAL_Driver/Src/stm32f1xx_hal_spi.c ****     if (hspi->TxXferCount == 0U)
3219:Drivers/STM32F1xx_HAL_Driver/Src/stm32f1xx_hal_spi.c ****     {
3220:Drivers/STM32F1xx_HAL_Driver/Src/stm32f1xx_hal_spi.c ****       SPI_CloseRxTx_ISR(hspi);
3221:Drivers/STM32F1xx_HAL_Driver/Src/stm32f1xx_hal_spi.c ****     }
3222:Drivers/STM32F1xx_HAL_Driver/Src/stm32f1xx_hal_spi.c ****   }
3223:Drivers/STM32F1xx_HAL_Driver/Src/stm32f1xx_hal_spi.c **** }
3224:Drivers/STM32F1xx_HAL_Driver/Src/stm32f1xx_hal_spi.c **** 
ARM GAS  C:\Users\zhmis\AppData\Local\Temp\ccgFfHBP.s 			page 58


3225:Drivers/STM32F1xx_HAL_Driver/Src/stm32f1xx_hal_spi.c **** #if (USE_SPI_CRC != 0U)
3226:Drivers/STM32F1xx_HAL_Driver/Src/stm32f1xx_hal_spi.c **** /**
3227:Drivers/STM32F1xx_HAL_Driver/Src/stm32f1xx_hal_spi.c ****   * @brief  Rx 8-bit handler for Transmit and Receive in Interrupt mode.
3228:Drivers/STM32F1xx_HAL_Driver/Src/stm32f1xx_hal_spi.c ****   * @param  hspi pointer to a SPI_HandleTypeDef structure that contains
3229:Drivers/STM32F1xx_HAL_Driver/Src/stm32f1xx_hal_spi.c ****   *               the configuration information for SPI module.
3230:Drivers/STM32F1xx_HAL_Driver/Src/stm32f1xx_hal_spi.c ****   * @retval None
3231:Drivers/STM32F1xx_HAL_Driver/Src/stm32f1xx_hal_spi.c ****   */
3232:Drivers/STM32F1xx_HAL_Driver/Src/stm32f1xx_hal_spi.c **** static void SPI_2linesRxISR_8BITCRC(struct __SPI_HandleTypeDef *hspi)
3233:Drivers/STM32F1xx_HAL_Driver/Src/stm32f1xx_hal_spi.c **** {
3234:Drivers/STM32F1xx_HAL_Driver/Src/stm32f1xx_hal_spi.c ****   __IO uint8_t  *ptmpreg8;
3235:Drivers/STM32F1xx_HAL_Driver/Src/stm32f1xx_hal_spi.c ****   __IO uint8_t  tmpreg8 = 0;
3236:Drivers/STM32F1xx_HAL_Driver/Src/stm32f1xx_hal_spi.c **** 
3237:Drivers/STM32F1xx_HAL_Driver/Src/stm32f1xx_hal_spi.c ****   /* Initialize the 8bit temporary pointer */
3238:Drivers/STM32F1xx_HAL_Driver/Src/stm32f1xx_hal_spi.c ****   ptmpreg8 = (__IO uint8_t *)&hspi->Instance->DR;
3239:Drivers/STM32F1xx_HAL_Driver/Src/stm32f1xx_hal_spi.c ****   /* Read 8bit CRC to flush Data Register */
3240:Drivers/STM32F1xx_HAL_Driver/Src/stm32f1xx_hal_spi.c ****   tmpreg8 = *ptmpreg8;
3241:Drivers/STM32F1xx_HAL_Driver/Src/stm32f1xx_hal_spi.c ****   /* To avoid GCC warning */
3242:Drivers/STM32F1xx_HAL_Driver/Src/stm32f1xx_hal_spi.c ****   UNUSED(tmpreg8);
3243:Drivers/STM32F1xx_HAL_Driver/Src/stm32f1xx_hal_spi.c **** 
3244:Drivers/STM32F1xx_HAL_Driver/Src/stm32f1xx_hal_spi.c ****   /* Disable RXNE and ERR interrupt */
3245:Drivers/STM32F1xx_HAL_Driver/Src/stm32f1xx_hal_spi.c ****   __HAL_SPI_DISABLE_IT(hspi, (SPI_IT_RXNE | SPI_IT_ERR));
3246:Drivers/STM32F1xx_HAL_Driver/Src/stm32f1xx_hal_spi.c **** 
3247:Drivers/STM32F1xx_HAL_Driver/Src/stm32f1xx_hal_spi.c ****   if (hspi->TxXferCount == 0U)
3248:Drivers/STM32F1xx_HAL_Driver/Src/stm32f1xx_hal_spi.c ****   {
3249:Drivers/STM32F1xx_HAL_Driver/Src/stm32f1xx_hal_spi.c ****     SPI_CloseRxTx_ISR(hspi);
3250:Drivers/STM32F1xx_HAL_Driver/Src/stm32f1xx_hal_spi.c ****   }
3251:Drivers/STM32F1xx_HAL_Driver/Src/stm32f1xx_hal_spi.c **** }
3252:Drivers/STM32F1xx_HAL_Driver/Src/stm32f1xx_hal_spi.c **** #endif /* USE_SPI_CRC */
3253:Drivers/STM32F1xx_HAL_Driver/Src/stm32f1xx_hal_spi.c **** 
3254:Drivers/STM32F1xx_HAL_Driver/Src/stm32f1xx_hal_spi.c **** /**
3255:Drivers/STM32F1xx_HAL_Driver/Src/stm32f1xx_hal_spi.c ****   * @brief  Tx 8-bit handler for Transmit and Receive in Interrupt mode.
3256:Drivers/STM32F1xx_HAL_Driver/Src/stm32f1xx_hal_spi.c ****   * @param  hspi pointer to a SPI_HandleTypeDef structure that contains
3257:Drivers/STM32F1xx_HAL_Driver/Src/stm32f1xx_hal_spi.c ****   *               the configuration information for SPI module.
3258:Drivers/STM32F1xx_HAL_Driver/Src/stm32f1xx_hal_spi.c ****   * @retval None
3259:Drivers/STM32F1xx_HAL_Driver/Src/stm32f1xx_hal_spi.c ****   */
3260:Drivers/STM32F1xx_HAL_Driver/Src/stm32f1xx_hal_spi.c **** static void SPI_2linesTxISR_8BIT(struct __SPI_HandleTypeDef *hspi)
3261:Drivers/STM32F1xx_HAL_Driver/Src/stm32f1xx_hal_spi.c **** {
3262:Drivers/STM32F1xx_HAL_Driver/Src/stm32f1xx_hal_spi.c ****   *(__IO uint8_t *)&hspi->Instance->DR = (*hspi->pTxBuffPtr);
3263:Drivers/STM32F1xx_HAL_Driver/Src/stm32f1xx_hal_spi.c ****   hspi->pTxBuffPtr++;
3264:Drivers/STM32F1xx_HAL_Driver/Src/stm32f1xx_hal_spi.c ****   hspi->TxXferCount--;
3265:Drivers/STM32F1xx_HAL_Driver/Src/stm32f1xx_hal_spi.c **** 
3266:Drivers/STM32F1xx_HAL_Driver/Src/stm32f1xx_hal_spi.c ****   /* Check the end of the transmission */
3267:Drivers/STM32F1xx_HAL_Driver/Src/stm32f1xx_hal_spi.c ****   if (hspi->TxXferCount == 0U)
3268:Drivers/STM32F1xx_HAL_Driver/Src/stm32f1xx_hal_spi.c ****   {
3269:Drivers/STM32F1xx_HAL_Driver/Src/stm32f1xx_hal_spi.c **** #if (USE_SPI_CRC != 0U)
3270:Drivers/STM32F1xx_HAL_Driver/Src/stm32f1xx_hal_spi.c ****     if (hspi->Init.CRCCalculation == SPI_CRCCALCULATION_ENABLE)
3271:Drivers/STM32F1xx_HAL_Driver/Src/stm32f1xx_hal_spi.c ****     {
3272:Drivers/STM32F1xx_HAL_Driver/Src/stm32f1xx_hal_spi.c ****       /* Set CRC Next Bit to send CRC */
3273:Drivers/STM32F1xx_HAL_Driver/Src/stm32f1xx_hal_spi.c ****       SET_BIT(hspi->Instance->CR1, SPI_CR1_CRCNEXT);
3274:Drivers/STM32F1xx_HAL_Driver/Src/stm32f1xx_hal_spi.c ****       /* Disable TXE interrupt */
3275:Drivers/STM32F1xx_HAL_Driver/Src/stm32f1xx_hal_spi.c ****       __HAL_SPI_DISABLE_IT(hspi, SPI_IT_TXE);
3276:Drivers/STM32F1xx_HAL_Driver/Src/stm32f1xx_hal_spi.c ****       return;
3277:Drivers/STM32F1xx_HAL_Driver/Src/stm32f1xx_hal_spi.c ****     }
3278:Drivers/STM32F1xx_HAL_Driver/Src/stm32f1xx_hal_spi.c **** #endif /* USE_SPI_CRC */
3279:Drivers/STM32F1xx_HAL_Driver/Src/stm32f1xx_hal_spi.c **** 
3280:Drivers/STM32F1xx_HAL_Driver/Src/stm32f1xx_hal_spi.c ****     /* Disable TXE interrupt */
3281:Drivers/STM32F1xx_HAL_Driver/Src/stm32f1xx_hal_spi.c ****     __HAL_SPI_DISABLE_IT(hspi, SPI_IT_TXE);
ARM GAS  C:\Users\zhmis\AppData\Local\Temp\ccgFfHBP.s 			page 59


3282:Drivers/STM32F1xx_HAL_Driver/Src/stm32f1xx_hal_spi.c **** 
3283:Drivers/STM32F1xx_HAL_Driver/Src/stm32f1xx_hal_spi.c ****     if (hspi->RxXferCount == 0U)
3284:Drivers/STM32F1xx_HAL_Driver/Src/stm32f1xx_hal_spi.c ****     {
3285:Drivers/STM32F1xx_HAL_Driver/Src/stm32f1xx_hal_spi.c ****       SPI_CloseRxTx_ISR(hspi);
3286:Drivers/STM32F1xx_HAL_Driver/Src/stm32f1xx_hal_spi.c ****     }
3287:Drivers/STM32F1xx_HAL_Driver/Src/stm32f1xx_hal_spi.c ****   }
3288:Drivers/STM32F1xx_HAL_Driver/Src/stm32f1xx_hal_spi.c **** }
3289:Drivers/STM32F1xx_HAL_Driver/Src/stm32f1xx_hal_spi.c **** 
3290:Drivers/STM32F1xx_HAL_Driver/Src/stm32f1xx_hal_spi.c **** /**
3291:Drivers/STM32F1xx_HAL_Driver/Src/stm32f1xx_hal_spi.c ****   * @brief  Rx 16-bit handler for Transmit and Receive in Interrupt mode.
3292:Drivers/STM32F1xx_HAL_Driver/Src/stm32f1xx_hal_spi.c ****   * @param  hspi pointer to a SPI_HandleTypeDef structure that contains
3293:Drivers/STM32F1xx_HAL_Driver/Src/stm32f1xx_hal_spi.c ****   *               the configuration information for SPI module.
3294:Drivers/STM32F1xx_HAL_Driver/Src/stm32f1xx_hal_spi.c ****   * @retval None
3295:Drivers/STM32F1xx_HAL_Driver/Src/stm32f1xx_hal_spi.c ****   */
3296:Drivers/STM32F1xx_HAL_Driver/Src/stm32f1xx_hal_spi.c **** static void SPI_2linesRxISR_16BIT(struct __SPI_HandleTypeDef *hspi)
3297:Drivers/STM32F1xx_HAL_Driver/Src/stm32f1xx_hal_spi.c **** {
3298:Drivers/STM32F1xx_HAL_Driver/Src/stm32f1xx_hal_spi.c ****   /* Receive data in 16 Bit mode */
3299:Drivers/STM32F1xx_HAL_Driver/Src/stm32f1xx_hal_spi.c ****   *((uint16_t *)hspi->pRxBuffPtr) = (uint16_t)(hspi->Instance->DR);
3300:Drivers/STM32F1xx_HAL_Driver/Src/stm32f1xx_hal_spi.c ****   hspi->pRxBuffPtr += sizeof(uint16_t);
3301:Drivers/STM32F1xx_HAL_Driver/Src/stm32f1xx_hal_spi.c ****   hspi->RxXferCount--;
3302:Drivers/STM32F1xx_HAL_Driver/Src/stm32f1xx_hal_spi.c **** 
3303:Drivers/STM32F1xx_HAL_Driver/Src/stm32f1xx_hal_spi.c ****   if (hspi->RxXferCount == 0U)
3304:Drivers/STM32F1xx_HAL_Driver/Src/stm32f1xx_hal_spi.c ****   {
3305:Drivers/STM32F1xx_HAL_Driver/Src/stm32f1xx_hal_spi.c **** #if (USE_SPI_CRC != 0U)
3306:Drivers/STM32F1xx_HAL_Driver/Src/stm32f1xx_hal_spi.c ****     if (hspi->Init.CRCCalculation == SPI_CRCCALCULATION_ENABLE)
3307:Drivers/STM32F1xx_HAL_Driver/Src/stm32f1xx_hal_spi.c ****     {
3308:Drivers/STM32F1xx_HAL_Driver/Src/stm32f1xx_hal_spi.c ****       hspi->RxISR =  SPI_2linesRxISR_16BITCRC;
3309:Drivers/STM32F1xx_HAL_Driver/Src/stm32f1xx_hal_spi.c ****       return;
3310:Drivers/STM32F1xx_HAL_Driver/Src/stm32f1xx_hal_spi.c ****     }
3311:Drivers/STM32F1xx_HAL_Driver/Src/stm32f1xx_hal_spi.c **** #endif /* USE_SPI_CRC */
3312:Drivers/STM32F1xx_HAL_Driver/Src/stm32f1xx_hal_spi.c **** 
3313:Drivers/STM32F1xx_HAL_Driver/Src/stm32f1xx_hal_spi.c ****     /* Disable RXNE interrupt */
3314:Drivers/STM32F1xx_HAL_Driver/Src/stm32f1xx_hal_spi.c ****     __HAL_SPI_DISABLE_IT(hspi, SPI_IT_RXNE);
3315:Drivers/STM32F1xx_HAL_Driver/Src/stm32f1xx_hal_spi.c **** 
3316:Drivers/STM32F1xx_HAL_Driver/Src/stm32f1xx_hal_spi.c ****     if (hspi->TxXferCount == 0U)
3317:Drivers/STM32F1xx_HAL_Driver/Src/stm32f1xx_hal_spi.c ****     {
3318:Drivers/STM32F1xx_HAL_Driver/Src/stm32f1xx_hal_spi.c ****       SPI_CloseRxTx_ISR(hspi);
3319:Drivers/STM32F1xx_HAL_Driver/Src/stm32f1xx_hal_spi.c ****     }
3320:Drivers/STM32F1xx_HAL_Driver/Src/stm32f1xx_hal_spi.c ****   }
3321:Drivers/STM32F1xx_HAL_Driver/Src/stm32f1xx_hal_spi.c **** }
3322:Drivers/STM32F1xx_HAL_Driver/Src/stm32f1xx_hal_spi.c **** 
3323:Drivers/STM32F1xx_HAL_Driver/Src/stm32f1xx_hal_spi.c **** #if (USE_SPI_CRC != 0U)
3324:Drivers/STM32F1xx_HAL_Driver/Src/stm32f1xx_hal_spi.c **** /**
3325:Drivers/STM32F1xx_HAL_Driver/Src/stm32f1xx_hal_spi.c ****   * @brief  Manage the CRC 16-bit receive for Transmit and Receive in Interrupt mode.
3326:Drivers/STM32F1xx_HAL_Driver/Src/stm32f1xx_hal_spi.c ****   * @param  hspi pointer to a SPI_HandleTypeDef structure that contains
3327:Drivers/STM32F1xx_HAL_Driver/Src/stm32f1xx_hal_spi.c ****   *               the configuration information for SPI module.
3328:Drivers/STM32F1xx_HAL_Driver/Src/stm32f1xx_hal_spi.c ****   * @retval None
3329:Drivers/STM32F1xx_HAL_Driver/Src/stm32f1xx_hal_spi.c ****   */
3330:Drivers/STM32F1xx_HAL_Driver/Src/stm32f1xx_hal_spi.c **** static void SPI_2linesRxISR_16BITCRC(struct __SPI_HandleTypeDef *hspi)
3331:Drivers/STM32F1xx_HAL_Driver/Src/stm32f1xx_hal_spi.c **** {
3332:Drivers/STM32F1xx_HAL_Driver/Src/stm32f1xx_hal_spi.c ****   __IO uint32_t tmpreg = 0U;
3333:Drivers/STM32F1xx_HAL_Driver/Src/stm32f1xx_hal_spi.c **** 
3334:Drivers/STM32F1xx_HAL_Driver/Src/stm32f1xx_hal_spi.c ****   /* Read 16bit CRC to flush Data Register */
3335:Drivers/STM32F1xx_HAL_Driver/Src/stm32f1xx_hal_spi.c ****   tmpreg = READ_REG(hspi->Instance->DR);
3336:Drivers/STM32F1xx_HAL_Driver/Src/stm32f1xx_hal_spi.c ****   /* To avoid GCC warning */
3337:Drivers/STM32F1xx_HAL_Driver/Src/stm32f1xx_hal_spi.c ****   UNUSED(tmpreg);
3338:Drivers/STM32F1xx_HAL_Driver/Src/stm32f1xx_hal_spi.c **** 
ARM GAS  C:\Users\zhmis\AppData\Local\Temp\ccgFfHBP.s 			page 60


3339:Drivers/STM32F1xx_HAL_Driver/Src/stm32f1xx_hal_spi.c ****   /* Disable RXNE interrupt */
3340:Drivers/STM32F1xx_HAL_Driver/Src/stm32f1xx_hal_spi.c ****   __HAL_SPI_DISABLE_IT(hspi, SPI_IT_RXNE);
3341:Drivers/STM32F1xx_HAL_Driver/Src/stm32f1xx_hal_spi.c **** 
3342:Drivers/STM32F1xx_HAL_Driver/Src/stm32f1xx_hal_spi.c ****   SPI_CloseRxTx_ISR(hspi);
3343:Drivers/STM32F1xx_HAL_Driver/Src/stm32f1xx_hal_spi.c **** }
3344:Drivers/STM32F1xx_HAL_Driver/Src/stm32f1xx_hal_spi.c **** #endif /* USE_SPI_CRC */
3345:Drivers/STM32F1xx_HAL_Driver/Src/stm32f1xx_hal_spi.c **** 
3346:Drivers/STM32F1xx_HAL_Driver/Src/stm32f1xx_hal_spi.c **** /**
3347:Drivers/STM32F1xx_HAL_Driver/Src/stm32f1xx_hal_spi.c ****   * @brief  Tx 16-bit handler for Transmit and Receive in Interrupt mode.
3348:Drivers/STM32F1xx_HAL_Driver/Src/stm32f1xx_hal_spi.c ****   * @param  hspi pointer to a SPI_HandleTypeDef structure that contains
3349:Drivers/STM32F1xx_HAL_Driver/Src/stm32f1xx_hal_spi.c ****   *               the configuration information for SPI module.
3350:Drivers/STM32F1xx_HAL_Driver/Src/stm32f1xx_hal_spi.c ****   * @retval None
3351:Drivers/STM32F1xx_HAL_Driver/Src/stm32f1xx_hal_spi.c ****   */
3352:Drivers/STM32F1xx_HAL_Driver/Src/stm32f1xx_hal_spi.c **** static void SPI_2linesTxISR_16BIT(struct __SPI_HandleTypeDef *hspi)
3353:Drivers/STM32F1xx_HAL_Driver/Src/stm32f1xx_hal_spi.c **** {
3354:Drivers/STM32F1xx_HAL_Driver/Src/stm32f1xx_hal_spi.c ****   /* Transmit data in 16 Bit mode */
3355:Drivers/STM32F1xx_HAL_Driver/Src/stm32f1xx_hal_spi.c ****   hspi->Instance->DR = *((uint16_t *)hspi->pTxBuffPtr);
3356:Drivers/STM32F1xx_HAL_Driver/Src/stm32f1xx_hal_spi.c ****   hspi->pTxBuffPtr += sizeof(uint16_t);
3357:Drivers/STM32F1xx_HAL_Driver/Src/stm32f1xx_hal_spi.c ****   hspi->TxXferCount--;
3358:Drivers/STM32F1xx_HAL_Driver/Src/stm32f1xx_hal_spi.c **** 
3359:Drivers/STM32F1xx_HAL_Driver/Src/stm32f1xx_hal_spi.c ****   /* Enable CRC Transmission */
3360:Drivers/STM32F1xx_HAL_Driver/Src/stm32f1xx_hal_spi.c ****   if (hspi->TxXferCount == 0U)
3361:Drivers/STM32F1xx_HAL_Driver/Src/stm32f1xx_hal_spi.c ****   {
3362:Drivers/STM32F1xx_HAL_Driver/Src/stm32f1xx_hal_spi.c **** #if (USE_SPI_CRC != 0U)
3363:Drivers/STM32F1xx_HAL_Driver/Src/stm32f1xx_hal_spi.c ****     if (hspi->Init.CRCCalculation == SPI_CRCCALCULATION_ENABLE)
3364:Drivers/STM32F1xx_HAL_Driver/Src/stm32f1xx_hal_spi.c ****     {
3365:Drivers/STM32F1xx_HAL_Driver/Src/stm32f1xx_hal_spi.c ****       /* Set CRC Next Bit to send CRC */
3366:Drivers/STM32F1xx_HAL_Driver/Src/stm32f1xx_hal_spi.c ****       SET_BIT(hspi->Instance->CR1, SPI_CR1_CRCNEXT);
3367:Drivers/STM32F1xx_HAL_Driver/Src/stm32f1xx_hal_spi.c ****       /* Disable TXE interrupt */
3368:Drivers/STM32F1xx_HAL_Driver/Src/stm32f1xx_hal_spi.c ****       __HAL_SPI_DISABLE_IT(hspi, SPI_IT_TXE);
3369:Drivers/STM32F1xx_HAL_Driver/Src/stm32f1xx_hal_spi.c ****       return;
3370:Drivers/STM32F1xx_HAL_Driver/Src/stm32f1xx_hal_spi.c ****     }
3371:Drivers/STM32F1xx_HAL_Driver/Src/stm32f1xx_hal_spi.c **** #endif /* USE_SPI_CRC */
3372:Drivers/STM32F1xx_HAL_Driver/Src/stm32f1xx_hal_spi.c **** 
3373:Drivers/STM32F1xx_HAL_Driver/Src/stm32f1xx_hal_spi.c ****     /* Disable TXE interrupt */
3374:Drivers/STM32F1xx_HAL_Driver/Src/stm32f1xx_hal_spi.c ****     __HAL_SPI_DISABLE_IT(hspi, SPI_IT_TXE);
3375:Drivers/STM32F1xx_HAL_Driver/Src/stm32f1xx_hal_spi.c **** 
3376:Drivers/STM32F1xx_HAL_Driver/Src/stm32f1xx_hal_spi.c ****     if (hspi->RxXferCount == 0U)
3377:Drivers/STM32F1xx_HAL_Driver/Src/stm32f1xx_hal_spi.c ****     {
3378:Drivers/STM32F1xx_HAL_Driver/Src/stm32f1xx_hal_spi.c ****       SPI_CloseRxTx_ISR(hspi);
3379:Drivers/STM32F1xx_HAL_Driver/Src/stm32f1xx_hal_spi.c ****     }
3380:Drivers/STM32F1xx_HAL_Driver/Src/stm32f1xx_hal_spi.c ****   }
3381:Drivers/STM32F1xx_HAL_Driver/Src/stm32f1xx_hal_spi.c **** }
3382:Drivers/STM32F1xx_HAL_Driver/Src/stm32f1xx_hal_spi.c **** 
3383:Drivers/STM32F1xx_HAL_Driver/Src/stm32f1xx_hal_spi.c **** #if (USE_SPI_CRC != 0U)
3384:Drivers/STM32F1xx_HAL_Driver/Src/stm32f1xx_hal_spi.c **** /**
3385:Drivers/STM32F1xx_HAL_Driver/Src/stm32f1xx_hal_spi.c ****   * @brief  Manage the CRC 8-bit receive in Interrupt context.
3386:Drivers/STM32F1xx_HAL_Driver/Src/stm32f1xx_hal_spi.c ****   * @param  hspi pointer to a SPI_HandleTypeDef structure that contains
3387:Drivers/STM32F1xx_HAL_Driver/Src/stm32f1xx_hal_spi.c ****   *               the configuration information for SPI module.
3388:Drivers/STM32F1xx_HAL_Driver/Src/stm32f1xx_hal_spi.c ****   * @retval None
3389:Drivers/STM32F1xx_HAL_Driver/Src/stm32f1xx_hal_spi.c ****   */
3390:Drivers/STM32F1xx_HAL_Driver/Src/stm32f1xx_hal_spi.c **** static void SPI_RxISR_8BITCRC(struct __SPI_HandleTypeDef *hspi)
3391:Drivers/STM32F1xx_HAL_Driver/Src/stm32f1xx_hal_spi.c **** {
3392:Drivers/STM32F1xx_HAL_Driver/Src/stm32f1xx_hal_spi.c ****   __IO uint8_t  *ptmpreg8;
3393:Drivers/STM32F1xx_HAL_Driver/Src/stm32f1xx_hal_spi.c ****   __IO uint8_t  tmpreg8 = 0;
3394:Drivers/STM32F1xx_HAL_Driver/Src/stm32f1xx_hal_spi.c **** 
3395:Drivers/STM32F1xx_HAL_Driver/Src/stm32f1xx_hal_spi.c ****   /* Initialize the 8bit temporary pointer */
ARM GAS  C:\Users\zhmis\AppData\Local\Temp\ccgFfHBP.s 			page 61


3396:Drivers/STM32F1xx_HAL_Driver/Src/stm32f1xx_hal_spi.c ****   ptmpreg8 = (__IO uint8_t *)&hspi->Instance->DR;
3397:Drivers/STM32F1xx_HAL_Driver/Src/stm32f1xx_hal_spi.c ****   /* Read 8bit CRC to flush Data Register */
3398:Drivers/STM32F1xx_HAL_Driver/Src/stm32f1xx_hal_spi.c ****   tmpreg8 = *ptmpreg8;
3399:Drivers/STM32F1xx_HAL_Driver/Src/stm32f1xx_hal_spi.c ****   /* To avoid GCC warning */
3400:Drivers/STM32F1xx_HAL_Driver/Src/stm32f1xx_hal_spi.c ****   UNUSED(tmpreg8);
3401:Drivers/STM32F1xx_HAL_Driver/Src/stm32f1xx_hal_spi.c **** 
3402:Drivers/STM32F1xx_HAL_Driver/Src/stm32f1xx_hal_spi.c ****   SPI_CloseRx_ISR(hspi);
3403:Drivers/STM32F1xx_HAL_Driver/Src/stm32f1xx_hal_spi.c **** }
3404:Drivers/STM32F1xx_HAL_Driver/Src/stm32f1xx_hal_spi.c **** #endif /* USE_SPI_CRC */
3405:Drivers/STM32F1xx_HAL_Driver/Src/stm32f1xx_hal_spi.c **** 
3406:Drivers/STM32F1xx_HAL_Driver/Src/stm32f1xx_hal_spi.c **** /**
3407:Drivers/STM32F1xx_HAL_Driver/Src/stm32f1xx_hal_spi.c ****   * @brief  Manage the receive 8-bit in Interrupt context.
3408:Drivers/STM32F1xx_HAL_Driver/Src/stm32f1xx_hal_spi.c ****   * @param  hspi pointer to a SPI_HandleTypeDef structure that contains
3409:Drivers/STM32F1xx_HAL_Driver/Src/stm32f1xx_hal_spi.c ****   *               the configuration information for SPI module.
3410:Drivers/STM32F1xx_HAL_Driver/Src/stm32f1xx_hal_spi.c ****   * @retval None
3411:Drivers/STM32F1xx_HAL_Driver/Src/stm32f1xx_hal_spi.c ****   */
3412:Drivers/STM32F1xx_HAL_Driver/Src/stm32f1xx_hal_spi.c **** static void SPI_RxISR_8BIT(struct __SPI_HandleTypeDef *hspi)
3413:Drivers/STM32F1xx_HAL_Driver/Src/stm32f1xx_hal_spi.c **** {
3414:Drivers/STM32F1xx_HAL_Driver/Src/stm32f1xx_hal_spi.c ****   *hspi->pRxBuffPtr = (*(__IO uint8_t *)&hspi->Instance->DR);
3415:Drivers/STM32F1xx_HAL_Driver/Src/stm32f1xx_hal_spi.c ****   hspi->pRxBuffPtr++;
3416:Drivers/STM32F1xx_HAL_Driver/Src/stm32f1xx_hal_spi.c ****   hspi->RxXferCount--;
3417:Drivers/STM32F1xx_HAL_Driver/Src/stm32f1xx_hal_spi.c **** 
3418:Drivers/STM32F1xx_HAL_Driver/Src/stm32f1xx_hal_spi.c **** #if (USE_SPI_CRC != 0U)
3419:Drivers/STM32F1xx_HAL_Driver/Src/stm32f1xx_hal_spi.c ****   /* Enable CRC Transmission */
3420:Drivers/STM32F1xx_HAL_Driver/Src/stm32f1xx_hal_spi.c ****   if ((hspi->RxXferCount == 1U) && (hspi->Init.CRCCalculation == SPI_CRCCALCULATION_ENABLE))
3421:Drivers/STM32F1xx_HAL_Driver/Src/stm32f1xx_hal_spi.c ****   {
3422:Drivers/STM32F1xx_HAL_Driver/Src/stm32f1xx_hal_spi.c ****     SET_BIT(hspi->Instance->CR1, SPI_CR1_CRCNEXT);
3423:Drivers/STM32F1xx_HAL_Driver/Src/stm32f1xx_hal_spi.c ****   }
3424:Drivers/STM32F1xx_HAL_Driver/Src/stm32f1xx_hal_spi.c ****   /* Check if CRCNEXT is well reset by hardware */
3425:Drivers/STM32F1xx_HAL_Driver/Src/stm32f1xx_hal_spi.c ****   if (READ_BIT(hspi->Instance->CR1, SPI_CR1_CRCNEXT))
3426:Drivers/STM32F1xx_HAL_Driver/Src/stm32f1xx_hal_spi.c ****   {
3427:Drivers/STM32F1xx_HAL_Driver/Src/stm32f1xx_hal_spi.c ****     /* Workaround to force CRCNEXT bit to zero in case of CRCNEXT is not reset automatically by har
3428:Drivers/STM32F1xx_HAL_Driver/Src/stm32f1xx_hal_spi.c ****     CLEAR_BIT(hspi->Instance->CR1, SPI_CR1_CRCNEXT);
3429:Drivers/STM32F1xx_HAL_Driver/Src/stm32f1xx_hal_spi.c ****   }
3430:Drivers/STM32F1xx_HAL_Driver/Src/stm32f1xx_hal_spi.c **** 
3431:Drivers/STM32F1xx_HAL_Driver/Src/stm32f1xx_hal_spi.c **** #endif /* USE_SPI_CRC */
3432:Drivers/STM32F1xx_HAL_Driver/Src/stm32f1xx_hal_spi.c **** 
3433:Drivers/STM32F1xx_HAL_Driver/Src/stm32f1xx_hal_spi.c ****   if (hspi->RxXferCount == 0U)
3434:Drivers/STM32F1xx_HAL_Driver/Src/stm32f1xx_hal_spi.c ****   {
3435:Drivers/STM32F1xx_HAL_Driver/Src/stm32f1xx_hal_spi.c **** #if (USE_SPI_CRC != 0U)
3436:Drivers/STM32F1xx_HAL_Driver/Src/stm32f1xx_hal_spi.c ****     if (hspi->Init.CRCCalculation == SPI_CRCCALCULATION_ENABLE)
3437:Drivers/STM32F1xx_HAL_Driver/Src/stm32f1xx_hal_spi.c ****     {
3438:Drivers/STM32F1xx_HAL_Driver/Src/stm32f1xx_hal_spi.c ****       hspi->RxISR =  SPI_RxISR_8BITCRC;
3439:Drivers/STM32F1xx_HAL_Driver/Src/stm32f1xx_hal_spi.c ****       return;
3440:Drivers/STM32F1xx_HAL_Driver/Src/stm32f1xx_hal_spi.c ****     }
3441:Drivers/STM32F1xx_HAL_Driver/Src/stm32f1xx_hal_spi.c **** #endif /* USE_SPI_CRC */
3442:Drivers/STM32F1xx_HAL_Driver/Src/stm32f1xx_hal_spi.c ****     SPI_CloseRx_ISR(hspi);
3443:Drivers/STM32F1xx_HAL_Driver/Src/stm32f1xx_hal_spi.c ****   }
3444:Drivers/STM32F1xx_HAL_Driver/Src/stm32f1xx_hal_spi.c **** }
3445:Drivers/STM32F1xx_HAL_Driver/Src/stm32f1xx_hal_spi.c **** 
3446:Drivers/STM32F1xx_HAL_Driver/Src/stm32f1xx_hal_spi.c **** #if (USE_SPI_CRC != 0U)
3447:Drivers/STM32F1xx_HAL_Driver/Src/stm32f1xx_hal_spi.c **** /**
3448:Drivers/STM32F1xx_HAL_Driver/Src/stm32f1xx_hal_spi.c ****   * @brief  Manage the CRC 16-bit receive in Interrupt context.
3449:Drivers/STM32F1xx_HAL_Driver/Src/stm32f1xx_hal_spi.c ****   * @param  hspi pointer to a SPI_HandleTypeDef structure that contains
3450:Drivers/STM32F1xx_HAL_Driver/Src/stm32f1xx_hal_spi.c ****   *               the configuration information for SPI module.
3451:Drivers/STM32F1xx_HAL_Driver/Src/stm32f1xx_hal_spi.c ****   * @retval None
3452:Drivers/STM32F1xx_HAL_Driver/Src/stm32f1xx_hal_spi.c ****   */
ARM GAS  C:\Users\zhmis\AppData\Local\Temp\ccgFfHBP.s 			page 62


3453:Drivers/STM32F1xx_HAL_Driver/Src/stm32f1xx_hal_spi.c **** static void SPI_RxISR_16BITCRC(struct __SPI_HandleTypeDef *hspi)
3454:Drivers/STM32F1xx_HAL_Driver/Src/stm32f1xx_hal_spi.c **** {
3455:Drivers/STM32F1xx_HAL_Driver/Src/stm32f1xx_hal_spi.c ****   __IO uint32_t tmpreg = 0U;
3456:Drivers/STM32F1xx_HAL_Driver/Src/stm32f1xx_hal_spi.c **** 
3457:Drivers/STM32F1xx_HAL_Driver/Src/stm32f1xx_hal_spi.c ****   /* Read 16bit CRC to flush Data Register */
3458:Drivers/STM32F1xx_HAL_Driver/Src/stm32f1xx_hal_spi.c ****   tmpreg = READ_REG(hspi->Instance->DR);
3459:Drivers/STM32F1xx_HAL_Driver/Src/stm32f1xx_hal_spi.c ****   /* To avoid GCC warning */
3460:Drivers/STM32F1xx_HAL_Driver/Src/stm32f1xx_hal_spi.c ****   UNUSED(tmpreg);
3461:Drivers/STM32F1xx_HAL_Driver/Src/stm32f1xx_hal_spi.c **** 
3462:Drivers/STM32F1xx_HAL_Driver/Src/stm32f1xx_hal_spi.c ****   /* Disable RXNE and ERR interrupt */
3463:Drivers/STM32F1xx_HAL_Driver/Src/stm32f1xx_hal_spi.c ****   __HAL_SPI_DISABLE_IT(hspi, (SPI_IT_RXNE | SPI_IT_ERR));
3464:Drivers/STM32F1xx_HAL_Driver/Src/stm32f1xx_hal_spi.c **** 
3465:Drivers/STM32F1xx_HAL_Driver/Src/stm32f1xx_hal_spi.c ****   SPI_CloseRx_ISR(hspi);
3466:Drivers/STM32F1xx_HAL_Driver/Src/stm32f1xx_hal_spi.c **** }
3467:Drivers/STM32F1xx_HAL_Driver/Src/stm32f1xx_hal_spi.c **** #endif /* USE_SPI_CRC */
3468:Drivers/STM32F1xx_HAL_Driver/Src/stm32f1xx_hal_spi.c **** 
3469:Drivers/STM32F1xx_HAL_Driver/Src/stm32f1xx_hal_spi.c **** /**
3470:Drivers/STM32F1xx_HAL_Driver/Src/stm32f1xx_hal_spi.c ****   * @brief  Manage the 16-bit receive in Interrupt context.
3471:Drivers/STM32F1xx_HAL_Driver/Src/stm32f1xx_hal_spi.c ****   * @param  hspi pointer to a SPI_HandleTypeDef structure that contains
3472:Drivers/STM32F1xx_HAL_Driver/Src/stm32f1xx_hal_spi.c ****   *               the configuration information for SPI module.
3473:Drivers/STM32F1xx_HAL_Driver/Src/stm32f1xx_hal_spi.c ****   * @retval None
3474:Drivers/STM32F1xx_HAL_Driver/Src/stm32f1xx_hal_spi.c ****   */
3475:Drivers/STM32F1xx_HAL_Driver/Src/stm32f1xx_hal_spi.c **** static void SPI_RxISR_16BIT(struct __SPI_HandleTypeDef *hspi)
3476:Drivers/STM32F1xx_HAL_Driver/Src/stm32f1xx_hal_spi.c **** {
3477:Drivers/STM32F1xx_HAL_Driver/Src/stm32f1xx_hal_spi.c ****   *((uint16_t *)hspi->pRxBuffPtr) = (uint16_t)(hspi->Instance->DR);
3478:Drivers/STM32F1xx_HAL_Driver/Src/stm32f1xx_hal_spi.c ****   hspi->pRxBuffPtr += sizeof(uint16_t);
3479:Drivers/STM32F1xx_HAL_Driver/Src/stm32f1xx_hal_spi.c ****   hspi->RxXferCount--;
3480:Drivers/STM32F1xx_HAL_Driver/Src/stm32f1xx_hal_spi.c **** 
3481:Drivers/STM32F1xx_HAL_Driver/Src/stm32f1xx_hal_spi.c **** #if (USE_SPI_CRC != 0U)
3482:Drivers/STM32F1xx_HAL_Driver/Src/stm32f1xx_hal_spi.c ****   /* Enable CRC Transmission */
3483:Drivers/STM32F1xx_HAL_Driver/Src/stm32f1xx_hal_spi.c ****   if ((hspi->RxXferCount == 1U) && (hspi->Init.CRCCalculation == SPI_CRCCALCULATION_ENABLE))
3484:Drivers/STM32F1xx_HAL_Driver/Src/stm32f1xx_hal_spi.c ****   {
3485:Drivers/STM32F1xx_HAL_Driver/Src/stm32f1xx_hal_spi.c ****     SET_BIT(hspi->Instance->CR1, SPI_CR1_CRCNEXT);
3486:Drivers/STM32F1xx_HAL_Driver/Src/stm32f1xx_hal_spi.c ****   }
3487:Drivers/STM32F1xx_HAL_Driver/Src/stm32f1xx_hal_spi.c ****   /* Check if CRCNEXT is well reset by hardware */
3488:Drivers/STM32F1xx_HAL_Driver/Src/stm32f1xx_hal_spi.c ****   if (READ_BIT(hspi->Instance->CR1, SPI_CR1_CRCNEXT))
3489:Drivers/STM32F1xx_HAL_Driver/Src/stm32f1xx_hal_spi.c ****   {
3490:Drivers/STM32F1xx_HAL_Driver/Src/stm32f1xx_hal_spi.c ****     /* Workaround to force CRCNEXT bit to zero in case of CRCNEXT is not reset automatically by har
3491:Drivers/STM32F1xx_HAL_Driver/Src/stm32f1xx_hal_spi.c ****     CLEAR_BIT(hspi->Instance->CR1, SPI_CR1_CRCNEXT);
3492:Drivers/STM32F1xx_HAL_Driver/Src/stm32f1xx_hal_spi.c ****   }
3493:Drivers/STM32F1xx_HAL_Driver/Src/stm32f1xx_hal_spi.c **** 
3494:Drivers/STM32F1xx_HAL_Driver/Src/stm32f1xx_hal_spi.c **** #endif /* USE_SPI_CRC */
3495:Drivers/STM32F1xx_HAL_Driver/Src/stm32f1xx_hal_spi.c **** 
3496:Drivers/STM32F1xx_HAL_Driver/Src/stm32f1xx_hal_spi.c ****   if (hspi->RxXferCount == 0U)
3497:Drivers/STM32F1xx_HAL_Driver/Src/stm32f1xx_hal_spi.c ****   {
3498:Drivers/STM32F1xx_HAL_Driver/Src/stm32f1xx_hal_spi.c **** #if (USE_SPI_CRC != 0U)
3499:Drivers/STM32F1xx_HAL_Driver/Src/stm32f1xx_hal_spi.c ****     if (hspi->Init.CRCCalculation == SPI_CRCCALCULATION_ENABLE)
3500:Drivers/STM32F1xx_HAL_Driver/Src/stm32f1xx_hal_spi.c ****     {
3501:Drivers/STM32F1xx_HAL_Driver/Src/stm32f1xx_hal_spi.c ****       hspi->RxISR = SPI_RxISR_16BITCRC;
3502:Drivers/STM32F1xx_HAL_Driver/Src/stm32f1xx_hal_spi.c ****       return;
3503:Drivers/STM32F1xx_HAL_Driver/Src/stm32f1xx_hal_spi.c ****     }
3504:Drivers/STM32F1xx_HAL_Driver/Src/stm32f1xx_hal_spi.c **** #endif /* USE_SPI_CRC */
3505:Drivers/STM32F1xx_HAL_Driver/Src/stm32f1xx_hal_spi.c ****     SPI_CloseRx_ISR(hspi);
3506:Drivers/STM32F1xx_HAL_Driver/Src/stm32f1xx_hal_spi.c ****   }
3507:Drivers/STM32F1xx_HAL_Driver/Src/stm32f1xx_hal_spi.c **** }
3508:Drivers/STM32F1xx_HAL_Driver/Src/stm32f1xx_hal_spi.c **** 
3509:Drivers/STM32F1xx_HAL_Driver/Src/stm32f1xx_hal_spi.c **** /**
ARM GAS  C:\Users\zhmis\AppData\Local\Temp\ccgFfHBP.s 			page 63


3510:Drivers/STM32F1xx_HAL_Driver/Src/stm32f1xx_hal_spi.c ****   * @brief  Handle the data 8-bit transmit in Interrupt mode.
3511:Drivers/STM32F1xx_HAL_Driver/Src/stm32f1xx_hal_spi.c ****   * @param  hspi pointer to a SPI_HandleTypeDef structure that contains
3512:Drivers/STM32F1xx_HAL_Driver/Src/stm32f1xx_hal_spi.c ****   *               the configuration information for SPI module.
3513:Drivers/STM32F1xx_HAL_Driver/Src/stm32f1xx_hal_spi.c ****   * @retval None
3514:Drivers/STM32F1xx_HAL_Driver/Src/stm32f1xx_hal_spi.c ****   */
3515:Drivers/STM32F1xx_HAL_Driver/Src/stm32f1xx_hal_spi.c **** static void SPI_TxISR_8BIT(struct __SPI_HandleTypeDef *hspi)
3516:Drivers/STM32F1xx_HAL_Driver/Src/stm32f1xx_hal_spi.c **** {
3517:Drivers/STM32F1xx_HAL_Driver/Src/stm32f1xx_hal_spi.c ****   *(__IO uint8_t *)&hspi->Instance->DR = (*hspi->pTxBuffPtr);
3518:Drivers/STM32F1xx_HAL_Driver/Src/stm32f1xx_hal_spi.c ****   hspi->pTxBuffPtr++;
3519:Drivers/STM32F1xx_HAL_Driver/Src/stm32f1xx_hal_spi.c ****   hspi->TxXferCount--;
3520:Drivers/STM32F1xx_HAL_Driver/Src/stm32f1xx_hal_spi.c **** 
3521:Drivers/STM32F1xx_HAL_Driver/Src/stm32f1xx_hal_spi.c ****   if (hspi->TxXferCount == 0U)
3522:Drivers/STM32F1xx_HAL_Driver/Src/stm32f1xx_hal_spi.c ****   {
3523:Drivers/STM32F1xx_HAL_Driver/Src/stm32f1xx_hal_spi.c **** #if (USE_SPI_CRC != 0U)
3524:Drivers/STM32F1xx_HAL_Driver/Src/stm32f1xx_hal_spi.c ****     if (hspi->Init.CRCCalculation == SPI_CRCCALCULATION_ENABLE)
3525:Drivers/STM32F1xx_HAL_Driver/Src/stm32f1xx_hal_spi.c ****     {
3526:Drivers/STM32F1xx_HAL_Driver/Src/stm32f1xx_hal_spi.c ****       /* Enable CRC Transmission */
3527:Drivers/STM32F1xx_HAL_Driver/Src/stm32f1xx_hal_spi.c ****       SET_BIT(hspi->Instance->CR1, SPI_CR1_CRCNEXT);
3528:Drivers/STM32F1xx_HAL_Driver/Src/stm32f1xx_hal_spi.c ****     }
3529:Drivers/STM32F1xx_HAL_Driver/Src/stm32f1xx_hal_spi.c **** #endif /* USE_SPI_CRC */
3530:Drivers/STM32F1xx_HAL_Driver/Src/stm32f1xx_hal_spi.c ****     SPI_CloseTx_ISR(hspi);
3531:Drivers/STM32F1xx_HAL_Driver/Src/stm32f1xx_hal_spi.c ****   }
3532:Drivers/STM32F1xx_HAL_Driver/Src/stm32f1xx_hal_spi.c **** }
3533:Drivers/STM32F1xx_HAL_Driver/Src/stm32f1xx_hal_spi.c **** 
3534:Drivers/STM32F1xx_HAL_Driver/Src/stm32f1xx_hal_spi.c **** /**
3535:Drivers/STM32F1xx_HAL_Driver/Src/stm32f1xx_hal_spi.c ****   * @brief  Handle the data 16-bit transmit in Interrupt mode.
3536:Drivers/STM32F1xx_HAL_Driver/Src/stm32f1xx_hal_spi.c ****   * @param  hspi pointer to a SPI_HandleTypeDef structure that contains
3537:Drivers/STM32F1xx_HAL_Driver/Src/stm32f1xx_hal_spi.c ****   *               the configuration information for SPI module.
3538:Drivers/STM32F1xx_HAL_Driver/Src/stm32f1xx_hal_spi.c ****   * @retval None
3539:Drivers/STM32F1xx_HAL_Driver/Src/stm32f1xx_hal_spi.c ****   */
3540:Drivers/STM32F1xx_HAL_Driver/Src/stm32f1xx_hal_spi.c **** static void SPI_TxISR_16BIT(struct __SPI_HandleTypeDef *hspi)
3541:Drivers/STM32F1xx_HAL_Driver/Src/stm32f1xx_hal_spi.c **** {
3542:Drivers/STM32F1xx_HAL_Driver/Src/stm32f1xx_hal_spi.c ****   /* Transmit data in 16 Bit mode */
3543:Drivers/STM32F1xx_HAL_Driver/Src/stm32f1xx_hal_spi.c ****   hspi->Instance->DR = *((uint16_t *)hspi->pTxBuffPtr);
3544:Drivers/STM32F1xx_HAL_Driver/Src/stm32f1xx_hal_spi.c ****   hspi->pTxBuffPtr += sizeof(uint16_t);
3545:Drivers/STM32F1xx_HAL_Driver/Src/stm32f1xx_hal_spi.c ****   hspi->TxXferCount--;
3546:Drivers/STM32F1xx_HAL_Driver/Src/stm32f1xx_hal_spi.c **** 
3547:Drivers/STM32F1xx_HAL_Driver/Src/stm32f1xx_hal_spi.c ****   if (hspi->TxXferCount == 0U)
3548:Drivers/STM32F1xx_HAL_Driver/Src/stm32f1xx_hal_spi.c ****   {
3549:Drivers/STM32F1xx_HAL_Driver/Src/stm32f1xx_hal_spi.c **** #if (USE_SPI_CRC != 0U)
3550:Drivers/STM32F1xx_HAL_Driver/Src/stm32f1xx_hal_spi.c ****     if (hspi->Init.CRCCalculation == SPI_CRCCALCULATION_ENABLE)
3551:Drivers/STM32F1xx_HAL_Driver/Src/stm32f1xx_hal_spi.c ****     {
3552:Drivers/STM32F1xx_HAL_Driver/Src/stm32f1xx_hal_spi.c ****       /* Enable CRC Transmission */
3553:Drivers/STM32F1xx_HAL_Driver/Src/stm32f1xx_hal_spi.c ****       SET_BIT(hspi->Instance->CR1, SPI_CR1_CRCNEXT);
3554:Drivers/STM32F1xx_HAL_Driver/Src/stm32f1xx_hal_spi.c ****     }
3555:Drivers/STM32F1xx_HAL_Driver/Src/stm32f1xx_hal_spi.c **** #endif /* USE_SPI_CRC */
3556:Drivers/STM32F1xx_HAL_Driver/Src/stm32f1xx_hal_spi.c ****     SPI_CloseTx_ISR(hspi);
3557:Drivers/STM32F1xx_HAL_Driver/Src/stm32f1xx_hal_spi.c ****   }
3558:Drivers/STM32F1xx_HAL_Driver/Src/stm32f1xx_hal_spi.c **** }
3559:Drivers/STM32F1xx_HAL_Driver/Src/stm32f1xx_hal_spi.c **** 
3560:Drivers/STM32F1xx_HAL_Driver/Src/stm32f1xx_hal_spi.c **** /**
3561:Drivers/STM32F1xx_HAL_Driver/Src/stm32f1xx_hal_spi.c ****   * @brief  Handle SPI Communication Timeout.
3562:Drivers/STM32F1xx_HAL_Driver/Src/stm32f1xx_hal_spi.c ****   * @param  hspi pointer to a SPI_HandleTypeDef structure that contains
3563:Drivers/STM32F1xx_HAL_Driver/Src/stm32f1xx_hal_spi.c ****   *              the configuration information for SPI module.
3564:Drivers/STM32F1xx_HAL_Driver/Src/stm32f1xx_hal_spi.c ****   * @param  Flag SPI flag to check
3565:Drivers/STM32F1xx_HAL_Driver/Src/stm32f1xx_hal_spi.c ****   * @param  State flag state to check
3566:Drivers/STM32F1xx_HAL_Driver/Src/stm32f1xx_hal_spi.c ****   * @param  Timeout Timeout duration
ARM GAS  C:\Users\zhmis\AppData\Local\Temp\ccgFfHBP.s 			page 64


3567:Drivers/STM32F1xx_HAL_Driver/Src/stm32f1xx_hal_spi.c ****   * @param  Tickstart tick start value
3568:Drivers/STM32F1xx_HAL_Driver/Src/stm32f1xx_hal_spi.c ****   * @retval HAL status
3569:Drivers/STM32F1xx_HAL_Driver/Src/stm32f1xx_hal_spi.c ****   */
3570:Drivers/STM32F1xx_HAL_Driver/Src/stm32f1xx_hal_spi.c **** static HAL_StatusTypeDef SPI_WaitFlagStateUntilTimeout(SPI_HandleTypeDef *hspi, uint32_t Flag, Flag
3571:Drivers/STM32F1xx_HAL_Driver/Src/stm32f1xx_hal_spi.c ****                                                        uint32_t Timeout, uint32_t Tickstart)
3572:Drivers/STM32F1xx_HAL_Driver/Src/stm32f1xx_hal_spi.c **** {
3573:Drivers/STM32F1xx_HAL_Driver/Src/stm32f1xx_hal_spi.c ****   __IO uint32_t count;
3574:Drivers/STM32F1xx_HAL_Driver/Src/stm32f1xx_hal_spi.c ****   uint32_t tmp_timeout;
3575:Drivers/STM32F1xx_HAL_Driver/Src/stm32f1xx_hal_spi.c ****   uint32_t tmp_tickstart;
3576:Drivers/STM32F1xx_HAL_Driver/Src/stm32f1xx_hal_spi.c **** 
3577:Drivers/STM32F1xx_HAL_Driver/Src/stm32f1xx_hal_spi.c ****   /* Adjust Timeout value  in case of end of transfer */
3578:Drivers/STM32F1xx_HAL_Driver/Src/stm32f1xx_hal_spi.c ****   tmp_timeout   = Timeout - (HAL_GetTick() - Tickstart);
3579:Drivers/STM32F1xx_HAL_Driver/Src/stm32f1xx_hal_spi.c ****   tmp_tickstart = HAL_GetTick();
3580:Drivers/STM32F1xx_HAL_Driver/Src/stm32f1xx_hal_spi.c **** 
3581:Drivers/STM32F1xx_HAL_Driver/Src/stm32f1xx_hal_spi.c ****   /* Calculate Timeout based on a software loop to avoid blocking issue if Systick is disabled */
3582:Drivers/STM32F1xx_HAL_Driver/Src/stm32f1xx_hal_spi.c ****   count = tmp_timeout * ((SystemCoreClock * 32U) >> 20U);
3583:Drivers/STM32F1xx_HAL_Driver/Src/stm32f1xx_hal_spi.c **** 
3584:Drivers/STM32F1xx_HAL_Driver/Src/stm32f1xx_hal_spi.c ****   while ((__HAL_SPI_GET_FLAG(hspi, Flag) ? SET : RESET) != State)
3585:Drivers/STM32F1xx_HAL_Driver/Src/stm32f1xx_hal_spi.c ****   {
3586:Drivers/STM32F1xx_HAL_Driver/Src/stm32f1xx_hal_spi.c ****     if (Timeout != HAL_MAX_DELAY)
3587:Drivers/STM32F1xx_HAL_Driver/Src/stm32f1xx_hal_spi.c ****     {
3588:Drivers/STM32F1xx_HAL_Driver/Src/stm32f1xx_hal_spi.c ****       if (((HAL_GetTick() - tmp_tickstart) >= tmp_timeout) || (tmp_timeout == 0U))
3589:Drivers/STM32F1xx_HAL_Driver/Src/stm32f1xx_hal_spi.c ****       {
3590:Drivers/STM32F1xx_HAL_Driver/Src/stm32f1xx_hal_spi.c ****         /* Disable the SPI and reset the CRC: the CRC value should be cleared
3591:Drivers/STM32F1xx_HAL_Driver/Src/stm32f1xx_hal_spi.c ****            on both master and slave sides in order to resynchronize the master
3592:Drivers/STM32F1xx_HAL_Driver/Src/stm32f1xx_hal_spi.c ****            and slave for their respective CRC calculation */
3593:Drivers/STM32F1xx_HAL_Driver/Src/stm32f1xx_hal_spi.c **** 
3594:Drivers/STM32F1xx_HAL_Driver/Src/stm32f1xx_hal_spi.c ****         /* Disable TXE, RXNE and ERR interrupts for the interrupt process */
3595:Drivers/STM32F1xx_HAL_Driver/Src/stm32f1xx_hal_spi.c ****         __HAL_SPI_DISABLE_IT(hspi, (SPI_IT_TXE | SPI_IT_RXNE | SPI_IT_ERR));
3596:Drivers/STM32F1xx_HAL_Driver/Src/stm32f1xx_hal_spi.c **** 
3597:Drivers/STM32F1xx_HAL_Driver/Src/stm32f1xx_hal_spi.c ****         if ((hspi->Init.Mode == SPI_MODE_MASTER) && ((hspi->Init.Direction == SPI_DIRECTION_1LINE)
3598:Drivers/STM32F1xx_HAL_Driver/Src/stm32f1xx_hal_spi.c ****                                                      || (hspi->Init.Direction == SPI_DIRECTION_2LIN
3599:Drivers/STM32F1xx_HAL_Driver/Src/stm32f1xx_hal_spi.c ****         {
3600:Drivers/STM32F1xx_HAL_Driver/Src/stm32f1xx_hal_spi.c ****           /* Disable SPI peripheral */
3601:Drivers/STM32F1xx_HAL_Driver/Src/stm32f1xx_hal_spi.c ****           __HAL_SPI_DISABLE(hspi);
3602:Drivers/STM32F1xx_HAL_Driver/Src/stm32f1xx_hal_spi.c ****         }
3603:Drivers/STM32F1xx_HAL_Driver/Src/stm32f1xx_hal_spi.c **** 
3604:Drivers/STM32F1xx_HAL_Driver/Src/stm32f1xx_hal_spi.c ****         /* Reset CRC Calculation */
3605:Drivers/STM32F1xx_HAL_Driver/Src/stm32f1xx_hal_spi.c ****         if (hspi->Init.CRCCalculation == SPI_CRCCALCULATION_ENABLE)
3606:Drivers/STM32F1xx_HAL_Driver/Src/stm32f1xx_hal_spi.c ****         {
3607:Drivers/STM32F1xx_HAL_Driver/Src/stm32f1xx_hal_spi.c ****           SPI_RESET_CRC(hspi);
3608:Drivers/STM32F1xx_HAL_Driver/Src/stm32f1xx_hal_spi.c ****         }
3609:Drivers/STM32F1xx_HAL_Driver/Src/stm32f1xx_hal_spi.c **** 
3610:Drivers/STM32F1xx_HAL_Driver/Src/stm32f1xx_hal_spi.c ****         hspi->State = HAL_SPI_STATE_READY;
3611:Drivers/STM32F1xx_HAL_Driver/Src/stm32f1xx_hal_spi.c **** 
3612:Drivers/STM32F1xx_HAL_Driver/Src/stm32f1xx_hal_spi.c ****         /* Process Unlocked */
3613:Drivers/STM32F1xx_HAL_Driver/Src/stm32f1xx_hal_spi.c ****         __HAL_UNLOCK(hspi);
3614:Drivers/STM32F1xx_HAL_Driver/Src/stm32f1xx_hal_spi.c **** 
3615:Drivers/STM32F1xx_HAL_Driver/Src/stm32f1xx_hal_spi.c ****         return HAL_TIMEOUT;
3616:Drivers/STM32F1xx_HAL_Driver/Src/stm32f1xx_hal_spi.c ****       }
3617:Drivers/STM32F1xx_HAL_Driver/Src/stm32f1xx_hal_spi.c ****       /* If Systick is disabled or not incremented, deactivate timeout to go in disable loop proced
3618:Drivers/STM32F1xx_HAL_Driver/Src/stm32f1xx_hal_spi.c ****       if (count == 0U)
3619:Drivers/STM32F1xx_HAL_Driver/Src/stm32f1xx_hal_spi.c ****       {
3620:Drivers/STM32F1xx_HAL_Driver/Src/stm32f1xx_hal_spi.c ****         tmp_timeout = 0U;
3621:Drivers/STM32F1xx_HAL_Driver/Src/stm32f1xx_hal_spi.c ****       }
3622:Drivers/STM32F1xx_HAL_Driver/Src/stm32f1xx_hal_spi.c ****       count--;
3623:Drivers/STM32F1xx_HAL_Driver/Src/stm32f1xx_hal_spi.c ****     }
ARM GAS  C:\Users\zhmis\AppData\Local\Temp\ccgFfHBP.s 			page 65


3624:Drivers/STM32F1xx_HAL_Driver/Src/stm32f1xx_hal_spi.c ****   }
3625:Drivers/STM32F1xx_HAL_Driver/Src/stm32f1xx_hal_spi.c **** 
3626:Drivers/STM32F1xx_HAL_Driver/Src/stm32f1xx_hal_spi.c ****   return HAL_OK;
3627:Drivers/STM32F1xx_HAL_Driver/Src/stm32f1xx_hal_spi.c **** }
3628:Drivers/STM32F1xx_HAL_Driver/Src/stm32f1xx_hal_spi.c **** 
3629:Drivers/STM32F1xx_HAL_Driver/Src/stm32f1xx_hal_spi.c **** /**
3630:Drivers/STM32F1xx_HAL_Driver/Src/stm32f1xx_hal_spi.c ****   * @brief  Handle the check of the RX transaction complete.
3631:Drivers/STM32F1xx_HAL_Driver/Src/stm32f1xx_hal_spi.c ****   * @param  hspi pointer to a SPI_HandleTypeDef structure that contains
3632:Drivers/STM32F1xx_HAL_Driver/Src/stm32f1xx_hal_spi.c ****   *               the configuration information for SPI module.
3633:Drivers/STM32F1xx_HAL_Driver/Src/stm32f1xx_hal_spi.c ****   * @param  Timeout Timeout duration
3634:Drivers/STM32F1xx_HAL_Driver/Src/stm32f1xx_hal_spi.c ****   * @param  Tickstart tick start value
3635:Drivers/STM32F1xx_HAL_Driver/Src/stm32f1xx_hal_spi.c ****   * @retval HAL status
3636:Drivers/STM32F1xx_HAL_Driver/Src/stm32f1xx_hal_spi.c ****   */
3637:Drivers/STM32F1xx_HAL_Driver/Src/stm32f1xx_hal_spi.c **** static HAL_StatusTypeDef SPI_EndRxTransaction(SPI_HandleTypeDef *hspi,  uint32_t Timeout, uint32_t 
3638:Drivers/STM32F1xx_HAL_Driver/Src/stm32f1xx_hal_spi.c **** {
3639:Drivers/STM32F1xx_HAL_Driver/Src/stm32f1xx_hal_spi.c ****   if ((hspi->Init.Mode == SPI_MODE_MASTER) && ((hspi->Init.Direction == SPI_DIRECTION_1LINE)
3640:Drivers/STM32F1xx_HAL_Driver/Src/stm32f1xx_hal_spi.c ****                                                || (hspi->Init.Direction == SPI_DIRECTION_2LINES_RXO
3641:Drivers/STM32F1xx_HAL_Driver/Src/stm32f1xx_hal_spi.c ****   {
3642:Drivers/STM32F1xx_HAL_Driver/Src/stm32f1xx_hal_spi.c ****     /* Disable SPI peripheral */
3643:Drivers/STM32F1xx_HAL_Driver/Src/stm32f1xx_hal_spi.c ****     __HAL_SPI_DISABLE(hspi);
3644:Drivers/STM32F1xx_HAL_Driver/Src/stm32f1xx_hal_spi.c ****   }
3645:Drivers/STM32F1xx_HAL_Driver/Src/stm32f1xx_hal_spi.c **** 
3646:Drivers/STM32F1xx_HAL_Driver/Src/stm32f1xx_hal_spi.c ****   if ((hspi->Init.Mode == SPI_MODE_MASTER) && (hspi->Init.Direction == SPI_DIRECTION_2LINES_RXONLY)
3647:Drivers/STM32F1xx_HAL_Driver/Src/stm32f1xx_hal_spi.c ****   {
3648:Drivers/STM32F1xx_HAL_Driver/Src/stm32f1xx_hal_spi.c ****     /* Wait the RXNE reset */
3649:Drivers/STM32F1xx_HAL_Driver/Src/stm32f1xx_hal_spi.c ****     if (SPI_WaitFlagStateUntilTimeout(hspi, SPI_FLAG_RXNE, RESET, Timeout, Tickstart) != HAL_OK)
3650:Drivers/STM32F1xx_HAL_Driver/Src/stm32f1xx_hal_spi.c ****     {
3651:Drivers/STM32F1xx_HAL_Driver/Src/stm32f1xx_hal_spi.c ****       SET_BIT(hspi->ErrorCode, HAL_SPI_ERROR_FLAG);
3652:Drivers/STM32F1xx_HAL_Driver/Src/stm32f1xx_hal_spi.c ****       return HAL_TIMEOUT;
3653:Drivers/STM32F1xx_HAL_Driver/Src/stm32f1xx_hal_spi.c ****     }
3654:Drivers/STM32F1xx_HAL_Driver/Src/stm32f1xx_hal_spi.c ****   }
3655:Drivers/STM32F1xx_HAL_Driver/Src/stm32f1xx_hal_spi.c ****   else
3656:Drivers/STM32F1xx_HAL_Driver/Src/stm32f1xx_hal_spi.c ****   {
3657:Drivers/STM32F1xx_HAL_Driver/Src/stm32f1xx_hal_spi.c ****     /* Control the BSY flag */
3658:Drivers/STM32F1xx_HAL_Driver/Src/stm32f1xx_hal_spi.c ****     if (SPI_WaitFlagStateUntilTimeout(hspi, SPI_FLAG_BSY, RESET, Timeout, Tickstart) != HAL_OK)
3659:Drivers/STM32F1xx_HAL_Driver/Src/stm32f1xx_hal_spi.c ****     {
3660:Drivers/STM32F1xx_HAL_Driver/Src/stm32f1xx_hal_spi.c ****       SET_BIT(hspi->ErrorCode, HAL_SPI_ERROR_FLAG);
3661:Drivers/STM32F1xx_HAL_Driver/Src/stm32f1xx_hal_spi.c ****       return HAL_TIMEOUT;
3662:Drivers/STM32F1xx_HAL_Driver/Src/stm32f1xx_hal_spi.c ****     }
3663:Drivers/STM32F1xx_HAL_Driver/Src/stm32f1xx_hal_spi.c ****   }
3664:Drivers/STM32F1xx_HAL_Driver/Src/stm32f1xx_hal_spi.c ****   return HAL_OK;
3665:Drivers/STM32F1xx_HAL_Driver/Src/stm32f1xx_hal_spi.c **** }
3666:Drivers/STM32F1xx_HAL_Driver/Src/stm32f1xx_hal_spi.c **** 
3667:Drivers/STM32F1xx_HAL_Driver/Src/stm32f1xx_hal_spi.c **** /**
3668:Drivers/STM32F1xx_HAL_Driver/Src/stm32f1xx_hal_spi.c ****   * @brief  Handle the check of the RXTX or TX transaction complete.
3669:Drivers/STM32F1xx_HAL_Driver/Src/stm32f1xx_hal_spi.c ****   * @param  hspi SPI handle
3670:Drivers/STM32F1xx_HAL_Driver/Src/stm32f1xx_hal_spi.c ****   * @param  Timeout Timeout duration
3671:Drivers/STM32F1xx_HAL_Driver/Src/stm32f1xx_hal_spi.c ****   * @param  Tickstart tick start value
3672:Drivers/STM32F1xx_HAL_Driver/Src/stm32f1xx_hal_spi.c ****   * @retval HAL status
3673:Drivers/STM32F1xx_HAL_Driver/Src/stm32f1xx_hal_spi.c ****   */
3674:Drivers/STM32F1xx_HAL_Driver/Src/stm32f1xx_hal_spi.c **** static HAL_StatusTypeDef SPI_EndRxTxTransaction(SPI_HandleTypeDef *hspi, uint32_t Timeout, uint32_t
3675:Drivers/STM32F1xx_HAL_Driver/Src/stm32f1xx_hal_spi.c **** {
3676:Drivers/STM32F1xx_HAL_Driver/Src/stm32f1xx_hal_spi.c ****   /* Control the BSY flag */
3677:Drivers/STM32F1xx_HAL_Driver/Src/stm32f1xx_hal_spi.c ****   if (SPI_WaitFlagStateUntilTimeout(hspi, SPI_FLAG_BSY, RESET, Timeout, Tickstart) != HAL_OK)
3678:Drivers/STM32F1xx_HAL_Driver/Src/stm32f1xx_hal_spi.c ****   {
3679:Drivers/STM32F1xx_HAL_Driver/Src/stm32f1xx_hal_spi.c ****     SET_BIT(hspi->ErrorCode, HAL_SPI_ERROR_FLAG);
3680:Drivers/STM32F1xx_HAL_Driver/Src/stm32f1xx_hal_spi.c ****     return HAL_TIMEOUT;
ARM GAS  C:\Users\zhmis\AppData\Local\Temp\ccgFfHBP.s 			page 66


3681:Drivers/STM32F1xx_HAL_Driver/Src/stm32f1xx_hal_spi.c ****   }
3682:Drivers/STM32F1xx_HAL_Driver/Src/stm32f1xx_hal_spi.c ****   return HAL_OK;
3683:Drivers/STM32F1xx_HAL_Driver/Src/stm32f1xx_hal_spi.c **** }
3684:Drivers/STM32F1xx_HAL_Driver/Src/stm32f1xx_hal_spi.c **** 
3685:Drivers/STM32F1xx_HAL_Driver/Src/stm32f1xx_hal_spi.c **** /**
3686:Drivers/STM32F1xx_HAL_Driver/Src/stm32f1xx_hal_spi.c ****   * @brief  Handle the end of the RXTX transaction.
3687:Drivers/STM32F1xx_HAL_Driver/Src/stm32f1xx_hal_spi.c ****   * @param  hspi pointer to a SPI_HandleTypeDef structure that contains
3688:Drivers/STM32F1xx_HAL_Driver/Src/stm32f1xx_hal_spi.c ****   *               the configuration information for SPI module.
3689:Drivers/STM32F1xx_HAL_Driver/Src/stm32f1xx_hal_spi.c ****   * @retval None
3690:Drivers/STM32F1xx_HAL_Driver/Src/stm32f1xx_hal_spi.c ****   */
3691:Drivers/STM32F1xx_HAL_Driver/Src/stm32f1xx_hal_spi.c **** static void SPI_CloseRxTx_ISR(SPI_HandleTypeDef *hspi)
3692:Drivers/STM32F1xx_HAL_Driver/Src/stm32f1xx_hal_spi.c **** {
3693:Drivers/STM32F1xx_HAL_Driver/Src/stm32f1xx_hal_spi.c ****   uint32_t tickstart;
3694:Drivers/STM32F1xx_HAL_Driver/Src/stm32f1xx_hal_spi.c ****   __IO uint32_t count = SPI_DEFAULT_TIMEOUT * (SystemCoreClock / 24U / 1000U);
3695:Drivers/STM32F1xx_HAL_Driver/Src/stm32f1xx_hal_spi.c **** 
3696:Drivers/STM32F1xx_HAL_Driver/Src/stm32f1xx_hal_spi.c ****   /* Init tickstart for timeout management */
3697:Drivers/STM32F1xx_HAL_Driver/Src/stm32f1xx_hal_spi.c ****   tickstart = HAL_GetTick();
3698:Drivers/STM32F1xx_HAL_Driver/Src/stm32f1xx_hal_spi.c **** 
3699:Drivers/STM32F1xx_HAL_Driver/Src/stm32f1xx_hal_spi.c ****   /* Disable ERR interrupt */
3700:Drivers/STM32F1xx_HAL_Driver/Src/stm32f1xx_hal_spi.c ****   __HAL_SPI_DISABLE_IT(hspi, SPI_IT_ERR);
3701:Drivers/STM32F1xx_HAL_Driver/Src/stm32f1xx_hal_spi.c **** 
3702:Drivers/STM32F1xx_HAL_Driver/Src/stm32f1xx_hal_spi.c ****   /* Wait until TXE flag is set */
3703:Drivers/STM32F1xx_HAL_Driver/Src/stm32f1xx_hal_spi.c ****   do
3704:Drivers/STM32F1xx_HAL_Driver/Src/stm32f1xx_hal_spi.c ****   {
3705:Drivers/STM32F1xx_HAL_Driver/Src/stm32f1xx_hal_spi.c ****     if (count == 0U)
3706:Drivers/STM32F1xx_HAL_Driver/Src/stm32f1xx_hal_spi.c ****     {
3707:Drivers/STM32F1xx_HAL_Driver/Src/stm32f1xx_hal_spi.c ****       SET_BIT(hspi->ErrorCode, HAL_SPI_ERROR_FLAG);
3708:Drivers/STM32F1xx_HAL_Driver/Src/stm32f1xx_hal_spi.c ****       break;
3709:Drivers/STM32F1xx_HAL_Driver/Src/stm32f1xx_hal_spi.c ****     }
3710:Drivers/STM32F1xx_HAL_Driver/Src/stm32f1xx_hal_spi.c ****     count--;
3711:Drivers/STM32F1xx_HAL_Driver/Src/stm32f1xx_hal_spi.c ****   } while ((hspi->Instance->SR & SPI_FLAG_TXE) == RESET);
3712:Drivers/STM32F1xx_HAL_Driver/Src/stm32f1xx_hal_spi.c **** 
3713:Drivers/STM32F1xx_HAL_Driver/Src/stm32f1xx_hal_spi.c ****   /* Check the end of the transaction */
3714:Drivers/STM32F1xx_HAL_Driver/Src/stm32f1xx_hal_spi.c ****   if (SPI_EndRxTxTransaction(hspi, SPI_DEFAULT_TIMEOUT, tickstart) != HAL_OK)
3715:Drivers/STM32F1xx_HAL_Driver/Src/stm32f1xx_hal_spi.c ****   {
3716:Drivers/STM32F1xx_HAL_Driver/Src/stm32f1xx_hal_spi.c ****     SET_BIT(hspi->ErrorCode, HAL_SPI_ERROR_FLAG);
3717:Drivers/STM32F1xx_HAL_Driver/Src/stm32f1xx_hal_spi.c ****   }
3718:Drivers/STM32F1xx_HAL_Driver/Src/stm32f1xx_hal_spi.c **** 
3719:Drivers/STM32F1xx_HAL_Driver/Src/stm32f1xx_hal_spi.c ****   /* Clear overrun flag in 2 Lines communication mode because received is not read */
3720:Drivers/STM32F1xx_HAL_Driver/Src/stm32f1xx_hal_spi.c ****   if (hspi->Init.Direction == SPI_DIRECTION_2LINES)
3721:Drivers/STM32F1xx_HAL_Driver/Src/stm32f1xx_hal_spi.c ****   {
3722:Drivers/STM32F1xx_HAL_Driver/Src/stm32f1xx_hal_spi.c ****     __HAL_SPI_CLEAR_OVRFLAG(hspi);
3723:Drivers/STM32F1xx_HAL_Driver/Src/stm32f1xx_hal_spi.c ****   }
3724:Drivers/STM32F1xx_HAL_Driver/Src/stm32f1xx_hal_spi.c **** 
3725:Drivers/STM32F1xx_HAL_Driver/Src/stm32f1xx_hal_spi.c **** #if (USE_SPI_CRC != 0U)
3726:Drivers/STM32F1xx_HAL_Driver/Src/stm32f1xx_hal_spi.c ****   /* Check if CRC error occurred */
3727:Drivers/STM32F1xx_HAL_Driver/Src/stm32f1xx_hal_spi.c ****   if (__HAL_SPI_GET_FLAG(hspi, SPI_FLAG_CRCERR) != RESET)
3728:Drivers/STM32F1xx_HAL_Driver/Src/stm32f1xx_hal_spi.c ****   {
3729:Drivers/STM32F1xx_HAL_Driver/Src/stm32f1xx_hal_spi.c ****     /* Check if CRC error is valid or not (workaround to be applied or not) */
3730:Drivers/STM32F1xx_HAL_Driver/Src/stm32f1xx_hal_spi.c ****     if (SPI_ISCRCErrorValid(hspi) == SPI_VALID_CRC_ERROR)
3731:Drivers/STM32F1xx_HAL_Driver/Src/stm32f1xx_hal_spi.c ****     {
3732:Drivers/STM32F1xx_HAL_Driver/Src/stm32f1xx_hal_spi.c ****       hspi->State = HAL_SPI_STATE_READY;
3733:Drivers/STM32F1xx_HAL_Driver/Src/stm32f1xx_hal_spi.c ****       SET_BIT(hspi->ErrorCode, HAL_SPI_ERROR_CRC);
3734:Drivers/STM32F1xx_HAL_Driver/Src/stm32f1xx_hal_spi.c **** 
3735:Drivers/STM32F1xx_HAL_Driver/Src/stm32f1xx_hal_spi.c ****       /* Reset CRC Calculation */
3736:Drivers/STM32F1xx_HAL_Driver/Src/stm32f1xx_hal_spi.c ****       SPI_RESET_CRC(hspi);
3737:Drivers/STM32F1xx_HAL_Driver/Src/stm32f1xx_hal_spi.c **** 
ARM GAS  C:\Users\zhmis\AppData\Local\Temp\ccgFfHBP.s 			page 67


3738:Drivers/STM32F1xx_HAL_Driver/Src/stm32f1xx_hal_spi.c ****       /* Call user error callback */
3739:Drivers/STM32F1xx_HAL_Driver/Src/stm32f1xx_hal_spi.c **** #if (USE_HAL_SPI_REGISTER_CALLBACKS == 1U)
3740:Drivers/STM32F1xx_HAL_Driver/Src/stm32f1xx_hal_spi.c ****       hspi->ErrorCallback(hspi);
3741:Drivers/STM32F1xx_HAL_Driver/Src/stm32f1xx_hal_spi.c **** #else
3742:Drivers/STM32F1xx_HAL_Driver/Src/stm32f1xx_hal_spi.c ****       HAL_SPI_ErrorCallback(hspi);
3743:Drivers/STM32F1xx_HAL_Driver/Src/stm32f1xx_hal_spi.c **** #endif /* USE_HAL_SPI_REGISTER_CALLBACKS */
3744:Drivers/STM32F1xx_HAL_Driver/Src/stm32f1xx_hal_spi.c ****     }
3745:Drivers/STM32F1xx_HAL_Driver/Src/stm32f1xx_hal_spi.c ****     else
3746:Drivers/STM32F1xx_HAL_Driver/Src/stm32f1xx_hal_spi.c ****     {
3747:Drivers/STM32F1xx_HAL_Driver/Src/stm32f1xx_hal_spi.c ****       __HAL_SPI_CLEAR_CRCERRFLAG(hspi);
3748:Drivers/STM32F1xx_HAL_Driver/Src/stm32f1xx_hal_spi.c ****     }
3749:Drivers/STM32F1xx_HAL_Driver/Src/stm32f1xx_hal_spi.c ****   }
3750:Drivers/STM32F1xx_HAL_Driver/Src/stm32f1xx_hal_spi.c ****   else
3751:Drivers/STM32F1xx_HAL_Driver/Src/stm32f1xx_hal_spi.c ****   {
3752:Drivers/STM32F1xx_HAL_Driver/Src/stm32f1xx_hal_spi.c **** #endif /* USE_SPI_CRC */
3753:Drivers/STM32F1xx_HAL_Driver/Src/stm32f1xx_hal_spi.c ****     if (hspi->ErrorCode == HAL_SPI_ERROR_NONE)
3754:Drivers/STM32F1xx_HAL_Driver/Src/stm32f1xx_hal_spi.c ****     {
3755:Drivers/STM32F1xx_HAL_Driver/Src/stm32f1xx_hal_spi.c ****       if (hspi->State == HAL_SPI_STATE_BUSY_RX)
3756:Drivers/STM32F1xx_HAL_Driver/Src/stm32f1xx_hal_spi.c ****       {
3757:Drivers/STM32F1xx_HAL_Driver/Src/stm32f1xx_hal_spi.c ****         hspi->State = HAL_SPI_STATE_READY;
3758:Drivers/STM32F1xx_HAL_Driver/Src/stm32f1xx_hal_spi.c ****         /* Call user Rx complete callback */
3759:Drivers/STM32F1xx_HAL_Driver/Src/stm32f1xx_hal_spi.c **** #if (USE_HAL_SPI_REGISTER_CALLBACKS == 1U)
3760:Drivers/STM32F1xx_HAL_Driver/Src/stm32f1xx_hal_spi.c ****         hspi->RxCpltCallback(hspi);
3761:Drivers/STM32F1xx_HAL_Driver/Src/stm32f1xx_hal_spi.c **** #else
3762:Drivers/STM32F1xx_HAL_Driver/Src/stm32f1xx_hal_spi.c ****         HAL_SPI_RxCpltCallback(hspi);
3763:Drivers/STM32F1xx_HAL_Driver/Src/stm32f1xx_hal_spi.c **** #endif /* USE_HAL_SPI_REGISTER_CALLBACKS */
3764:Drivers/STM32F1xx_HAL_Driver/Src/stm32f1xx_hal_spi.c ****       }
3765:Drivers/STM32F1xx_HAL_Driver/Src/stm32f1xx_hal_spi.c ****       else
3766:Drivers/STM32F1xx_HAL_Driver/Src/stm32f1xx_hal_spi.c ****       {
3767:Drivers/STM32F1xx_HAL_Driver/Src/stm32f1xx_hal_spi.c ****         hspi->State = HAL_SPI_STATE_READY;
3768:Drivers/STM32F1xx_HAL_Driver/Src/stm32f1xx_hal_spi.c ****         /* Call user TxRx complete callback */
3769:Drivers/STM32F1xx_HAL_Driver/Src/stm32f1xx_hal_spi.c **** #if (USE_HAL_SPI_REGISTER_CALLBACKS == 1U)
3770:Drivers/STM32F1xx_HAL_Driver/Src/stm32f1xx_hal_spi.c ****         hspi->TxRxCpltCallback(hspi);
3771:Drivers/STM32F1xx_HAL_Driver/Src/stm32f1xx_hal_spi.c **** #else
3772:Drivers/STM32F1xx_HAL_Driver/Src/stm32f1xx_hal_spi.c ****         HAL_SPI_TxRxCpltCallback(hspi);
3773:Drivers/STM32F1xx_HAL_Driver/Src/stm32f1xx_hal_spi.c **** #endif /* USE_HAL_SPI_REGISTER_CALLBACKS */
3774:Drivers/STM32F1xx_HAL_Driver/Src/stm32f1xx_hal_spi.c ****       }
3775:Drivers/STM32F1xx_HAL_Driver/Src/stm32f1xx_hal_spi.c ****     }
3776:Drivers/STM32F1xx_HAL_Driver/Src/stm32f1xx_hal_spi.c ****     else
3777:Drivers/STM32F1xx_HAL_Driver/Src/stm32f1xx_hal_spi.c ****     {
3778:Drivers/STM32F1xx_HAL_Driver/Src/stm32f1xx_hal_spi.c ****       hspi->State = HAL_SPI_STATE_READY;
3779:Drivers/STM32F1xx_HAL_Driver/Src/stm32f1xx_hal_spi.c ****       /* Call user error callback */
3780:Drivers/STM32F1xx_HAL_Driver/Src/stm32f1xx_hal_spi.c **** #if (USE_HAL_SPI_REGISTER_CALLBACKS == 1U)
3781:Drivers/STM32F1xx_HAL_Driver/Src/stm32f1xx_hal_spi.c ****       hspi->ErrorCallback(hspi);
3782:Drivers/STM32F1xx_HAL_Driver/Src/stm32f1xx_hal_spi.c **** #else
3783:Drivers/STM32F1xx_HAL_Driver/Src/stm32f1xx_hal_spi.c ****       HAL_SPI_ErrorCallback(hspi);
3784:Drivers/STM32F1xx_HAL_Driver/Src/stm32f1xx_hal_spi.c **** #endif /* USE_HAL_SPI_REGISTER_CALLBACKS */
3785:Drivers/STM32F1xx_HAL_Driver/Src/stm32f1xx_hal_spi.c ****     }
3786:Drivers/STM32F1xx_HAL_Driver/Src/stm32f1xx_hal_spi.c **** #if (USE_SPI_CRC != 0U)
3787:Drivers/STM32F1xx_HAL_Driver/Src/stm32f1xx_hal_spi.c ****   }
3788:Drivers/STM32F1xx_HAL_Driver/Src/stm32f1xx_hal_spi.c **** #endif /* USE_SPI_CRC */
3789:Drivers/STM32F1xx_HAL_Driver/Src/stm32f1xx_hal_spi.c **** }
3790:Drivers/STM32F1xx_HAL_Driver/Src/stm32f1xx_hal_spi.c **** 
3791:Drivers/STM32F1xx_HAL_Driver/Src/stm32f1xx_hal_spi.c **** /**
3792:Drivers/STM32F1xx_HAL_Driver/Src/stm32f1xx_hal_spi.c ****   * @brief  Handle the end of the RX transaction.
3793:Drivers/STM32F1xx_HAL_Driver/Src/stm32f1xx_hal_spi.c ****   * @param  hspi pointer to a SPI_HandleTypeDef structure that contains
3794:Drivers/STM32F1xx_HAL_Driver/Src/stm32f1xx_hal_spi.c ****   *               the configuration information for SPI module.
ARM GAS  C:\Users\zhmis\AppData\Local\Temp\ccgFfHBP.s 			page 68


3795:Drivers/STM32F1xx_HAL_Driver/Src/stm32f1xx_hal_spi.c ****   * @retval None
3796:Drivers/STM32F1xx_HAL_Driver/Src/stm32f1xx_hal_spi.c ****   */
3797:Drivers/STM32F1xx_HAL_Driver/Src/stm32f1xx_hal_spi.c **** static void SPI_CloseRx_ISR(SPI_HandleTypeDef *hspi)
3798:Drivers/STM32F1xx_HAL_Driver/Src/stm32f1xx_hal_spi.c **** {
3799:Drivers/STM32F1xx_HAL_Driver/Src/stm32f1xx_hal_spi.c ****   /* Disable RXNE and ERR interrupt */
3800:Drivers/STM32F1xx_HAL_Driver/Src/stm32f1xx_hal_spi.c ****   __HAL_SPI_DISABLE_IT(hspi, (SPI_IT_RXNE | SPI_IT_ERR));
3801:Drivers/STM32F1xx_HAL_Driver/Src/stm32f1xx_hal_spi.c **** 
3802:Drivers/STM32F1xx_HAL_Driver/Src/stm32f1xx_hal_spi.c ****   /* Check the end of the transaction */
3803:Drivers/STM32F1xx_HAL_Driver/Src/stm32f1xx_hal_spi.c ****   if (SPI_EndRxTransaction(hspi, SPI_DEFAULT_TIMEOUT, HAL_GetTick()) != HAL_OK)
3804:Drivers/STM32F1xx_HAL_Driver/Src/stm32f1xx_hal_spi.c ****   {
3805:Drivers/STM32F1xx_HAL_Driver/Src/stm32f1xx_hal_spi.c ****     SET_BIT(hspi->ErrorCode, HAL_SPI_ERROR_FLAG);
3806:Drivers/STM32F1xx_HAL_Driver/Src/stm32f1xx_hal_spi.c ****   }
3807:Drivers/STM32F1xx_HAL_Driver/Src/stm32f1xx_hal_spi.c **** 
3808:Drivers/STM32F1xx_HAL_Driver/Src/stm32f1xx_hal_spi.c ****   /* Clear overrun flag in 2 Lines communication mode because received is not read */
3809:Drivers/STM32F1xx_HAL_Driver/Src/stm32f1xx_hal_spi.c ****   if (hspi->Init.Direction == SPI_DIRECTION_2LINES)
3810:Drivers/STM32F1xx_HAL_Driver/Src/stm32f1xx_hal_spi.c ****   {
3811:Drivers/STM32F1xx_HAL_Driver/Src/stm32f1xx_hal_spi.c ****     __HAL_SPI_CLEAR_OVRFLAG(hspi);
3812:Drivers/STM32F1xx_HAL_Driver/Src/stm32f1xx_hal_spi.c ****   }
3813:Drivers/STM32F1xx_HAL_Driver/Src/stm32f1xx_hal_spi.c ****   hspi->State = HAL_SPI_STATE_READY;
3814:Drivers/STM32F1xx_HAL_Driver/Src/stm32f1xx_hal_spi.c **** 
3815:Drivers/STM32F1xx_HAL_Driver/Src/stm32f1xx_hal_spi.c **** #if (USE_SPI_CRC != 0U)
3816:Drivers/STM32F1xx_HAL_Driver/Src/stm32f1xx_hal_spi.c ****   /* Check if CRC error occurred */
3817:Drivers/STM32F1xx_HAL_Driver/Src/stm32f1xx_hal_spi.c ****   if (__HAL_SPI_GET_FLAG(hspi, SPI_FLAG_CRCERR) != RESET)
3818:Drivers/STM32F1xx_HAL_Driver/Src/stm32f1xx_hal_spi.c ****   {
3819:Drivers/STM32F1xx_HAL_Driver/Src/stm32f1xx_hal_spi.c ****     /* Check if CRC error is valid or not (workaround to be applied or not) */
3820:Drivers/STM32F1xx_HAL_Driver/Src/stm32f1xx_hal_spi.c ****     if (SPI_ISCRCErrorValid(hspi) == SPI_VALID_CRC_ERROR)
3821:Drivers/STM32F1xx_HAL_Driver/Src/stm32f1xx_hal_spi.c ****     {
3822:Drivers/STM32F1xx_HAL_Driver/Src/stm32f1xx_hal_spi.c ****       SET_BIT(hspi->ErrorCode, HAL_SPI_ERROR_CRC);
3823:Drivers/STM32F1xx_HAL_Driver/Src/stm32f1xx_hal_spi.c **** 
3824:Drivers/STM32F1xx_HAL_Driver/Src/stm32f1xx_hal_spi.c ****       /* Reset CRC Calculation */
3825:Drivers/STM32F1xx_HAL_Driver/Src/stm32f1xx_hal_spi.c ****       SPI_RESET_CRC(hspi);
3826:Drivers/STM32F1xx_HAL_Driver/Src/stm32f1xx_hal_spi.c **** 
3827:Drivers/STM32F1xx_HAL_Driver/Src/stm32f1xx_hal_spi.c ****       /* Call user error callback */
3828:Drivers/STM32F1xx_HAL_Driver/Src/stm32f1xx_hal_spi.c **** #if (USE_HAL_SPI_REGISTER_CALLBACKS == 1U)
3829:Drivers/STM32F1xx_HAL_Driver/Src/stm32f1xx_hal_spi.c ****       hspi->ErrorCallback(hspi);
3830:Drivers/STM32F1xx_HAL_Driver/Src/stm32f1xx_hal_spi.c **** #else
3831:Drivers/STM32F1xx_HAL_Driver/Src/stm32f1xx_hal_spi.c ****       HAL_SPI_ErrorCallback(hspi);
3832:Drivers/STM32F1xx_HAL_Driver/Src/stm32f1xx_hal_spi.c **** #endif /* USE_HAL_SPI_REGISTER_CALLBACKS */
3833:Drivers/STM32F1xx_HAL_Driver/Src/stm32f1xx_hal_spi.c ****     }
3834:Drivers/STM32F1xx_HAL_Driver/Src/stm32f1xx_hal_spi.c ****     else
3835:Drivers/STM32F1xx_HAL_Driver/Src/stm32f1xx_hal_spi.c ****     {
3836:Drivers/STM32F1xx_HAL_Driver/Src/stm32f1xx_hal_spi.c ****       __HAL_SPI_CLEAR_CRCERRFLAG(hspi);
3837:Drivers/STM32F1xx_HAL_Driver/Src/stm32f1xx_hal_spi.c ****     }
3838:Drivers/STM32F1xx_HAL_Driver/Src/stm32f1xx_hal_spi.c ****   }
3839:Drivers/STM32F1xx_HAL_Driver/Src/stm32f1xx_hal_spi.c ****   else
3840:Drivers/STM32F1xx_HAL_Driver/Src/stm32f1xx_hal_spi.c ****   {
3841:Drivers/STM32F1xx_HAL_Driver/Src/stm32f1xx_hal_spi.c **** #endif /* USE_SPI_CRC */
3842:Drivers/STM32F1xx_HAL_Driver/Src/stm32f1xx_hal_spi.c ****     if (hspi->ErrorCode == HAL_SPI_ERROR_NONE)
3843:Drivers/STM32F1xx_HAL_Driver/Src/stm32f1xx_hal_spi.c ****     {
3844:Drivers/STM32F1xx_HAL_Driver/Src/stm32f1xx_hal_spi.c ****       /* Call user Rx complete callback */
3845:Drivers/STM32F1xx_HAL_Driver/Src/stm32f1xx_hal_spi.c **** #if (USE_HAL_SPI_REGISTER_CALLBACKS == 1U)
3846:Drivers/STM32F1xx_HAL_Driver/Src/stm32f1xx_hal_spi.c ****       hspi->RxCpltCallback(hspi);
3847:Drivers/STM32F1xx_HAL_Driver/Src/stm32f1xx_hal_spi.c **** #else
3848:Drivers/STM32F1xx_HAL_Driver/Src/stm32f1xx_hal_spi.c ****       HAL_SPI_RxCpltCallback(hspi);
3849:Drivers/STM32F1xx_HAL_Driver/Src/stm32f1xx_hal_spi.c **** #endif /* USE_HAL_SPI_REGISTER_CALLBACKS */
3850:Drivers/STM32F1xx_HAL_Driver/Src/stm32f1xx_hal_spi.c ****     }
3851:Drivers/STM32F1xx_HAL_Driver/Src/stm32f1xx_hal_spi.c ****     else
ARM GAS  C:\Users\zhmis\AppData\Local\Temp\ccgFfHBP.s 			page 69


3852:Drivers/STM32F1xx_HAL_Driver/Src/stm32f1xx_hal_spi.c ****     {
3853:Drivers/STM32F1xx_HAL_Driver/Src/stm32f1xx_hal_spi.c ****       /* Call user error callback */
3854:Drivers/STM32F1xx_HAL_Driver/Src/stm32f1xx_hal_spi.c **** #if (USE_HAL_SPI_REGISTER_CALLBACKS == 1U)
3855:Drivers/STM32F1xx_HAL_Driver/Src/stm32f1xx_hal_spi.c ****       hspi->ErrorCallback(hspi);
3856:Drivers/STM32F1xx_HAL_Driver/Src/stm32f1xx_hal_spi.c **** #else
3857:Drivers/STM32F1xx_HAL_Driver/Src/stm32f1xx_hal_spi.c ****       HAL_SPI_ErrorCallback(hspi);
3858:Drivers/STM32F1xx_HAL_Driver/Src/stm32f1xx_hal_spi.c **** #endif /* USE_HAL_SPI_REGISTER_CALLBACKS */
3859:Drivers/STM32F1xx_HAL_Driver/Src/stm32f1xx_hal_spi.c ****     }
3860:Drivers/STM32F1xx_HAL_Driver/Src/stm32f1xx_hal_spi.c **** #if (USE_SPI_CRC != 0U)
3861:Drivers/STM32F1xx_HAL_Driver/Src/stm32f1xx_hal_spi.c ****   }
3862:Drivers/STM32F1xx_HAL_Driver/Src/stm32f1xx_hal_spi.c **** #endif /* USE_SPI_CRC */
3863:Drivers/STM32F1xx_HAL_Driver/Src/stm32f1xx_hal_spi.c **** }
3864:Drivers/STM32F1xx_HAL_Driver/Src/stm32f1xx_hal_spi.c **** 
3865:Drivers/STM32F1xx_HAL_Driver/Src/stm32f1xx_hal_spi.c **** /**
3866:Drivers/STM32F1xx_HAL_Driver/Src/stm32f1xx_hal_spi.c ****   * @brief  Handle the end of the TX transaction.
3867:Drivers/STM32F1xx_HAL_Driver/Src/stm32f1xx_hal_spi.c ****   * @param  hspi pointer to a SPI_HandleTypeDef structure that contains
3868:Drivers/STM32F1xx_HAL_Driver/Src/stm32f1xx_hal_spi.c ****   *               the configuration information for SPI module.
3869:Drivers/STM32F1xx_HAL_Driver/Src/stm32f1xx_hal_spi.c ****   * @retval None
3870:Drivers/STM32F1xx_HAL_Driver/Src/stm32f1xx_hal_spi.c ****   */
3871:Drivers/STM32F1xx_HAL_Driver/Src/stm32f1xx_hal_spi.c **** static void SPI_CloseTx_ISR(SPI_HandleTypeDef *hspi)
3872:Drivers/STM32F1xx_HAL_Driver/Src/stm32f1xx_hal_spi.c **** {
3873:Drivers/STM32F1xx_HAL_Driver/Src/stm32f1xx_hal_spi.c ****   uint32_t tickstart;
3874:Drivers/STM32F1xx_HAL_Driver/Src/stm32f1xx_hal_spi.c ****   __IO uint32_t count = SPI_DEFAULT_TIMEOUT * (SystemCoreClock / 24U / 1000U);
3875:Drivers/STM32F1xx_HAL_Driver/Src/stm32f1xx_hal_spi.c **** 
3876:Drivers/STM32F1xx_HAL_Driver/Src/stm32f1xx_hal_spi.c ****   /* Init tickstart for timeout management*/
3877:Drivers/STM32F1xx_HAL_Driver/Src/stm32f1xx_hal_spi.c ****   tickstart = HAL_GetTick();
3878:Drivers/STM32F1xx_HAL_Driver/Src/stm32f1xx_hal_spi.c **** 
3879:Drivers/STM32F1xx_HAL_Driver/Src/stm32f1xx_hal_spi.c ****   /* Wait until TXE flag is set */
3880:Drivers/STM32F1xx_HAL_Driver/Src/stm32f1xx_hal_spi.c ****   do
3881:Drivers/STM32F1xx_HAL_Driver/Src/stm32f1xx_hal_spi.c ****   {
3882:Drivers/STM32F1xx_HAL_Driver/Src/stm32f1xx_hal_spi.c ****     if (count == 0U)
3883:Drivers/STM32F1xx_HAL_Driver/Src/stm32f1xx_hal_spi.c ****     {
3884:Drivers/STM32F1xx_HAL_Driver/Src/stm32f1xx_hal_spi.c ****       SET_BIT(hspi->ErrorCode, HAL_SPI_ERROR_FLAG);
3885:Drivers/STM32F1xx_HAL_Driver/Src/stm32f1xx_hal_spi.c ****       break;
3886:Drivers/STM32F1xx_HAL_Driver/Src/stm32f1xx_hal_spi.c ****     }
3887:Drivers/STM32F1xx_HAL_Driver/Src/stm32f1xx_hal_spi.c ****     count--;
3888:Drivers/STM32F1xx_HAL_Driver/Src/stm32f1xx_hal_spi.c ****   } while ((hspi->Instance->SR & SPI_FLAG_TXE) == RESET);
3889:Drivers/STM32F1xx_HAL_Driver/Src/stm32f1xx_hal_spi.c **** 
3890:Drivers/STM32F1xx_HAL_Driver/Src/stm32f1xx_hal_spi.c ****   /* Disable TXE and ERR interrupt */
3891:Drivers/STM32F1xx_HAL_Driver/Src/stm32f1xx_hal_spi.c ****   __HAL_SPI_DISABLE_IT(hspi, (SPI_IT_TXE | SPI_IT_ERR));
3892:Drivers/STM32F1xx_HAL_Driver/Src/stm32f1xx_hal_spi.c **** 
3893:Drivers/STM32F1xx_HAL_Driver/Src/stm32f1xx_hal_spi.c ****   /* Check the end of the transaction */
3894:Drivers/STM32F1xx_HAL_Driver/Src/stm32f1xx_hal_spi.c ****   if (SPI_EndRxTxTransaction(hspi, SPI_DEFAULT_TIMEOUT, tickstart) != HAL_OK)
3895:Drivers/STM32F1xx_HAL_Driver/Src/stm32f1xx_hal_spi.c ****   {
3896:Drivers/STM32F1xx_HAL_Driver/Src/stm32f1xx_hal_spi.c ****     SET_BIT(hspi->ErrorCode, HAL_SPI_ERROR_FLAG);
3897:Drivers/STM32F1xx_HAL_Driver/Src/stm32f1xx_hal_spi.c ****   }
3898:Drivers/STM32F1xx_HAL_Driver/Src/stm32f1xx_hal_spi.c **** 
3899:Drivers/STM32F1xx_HAL_Driver/Src/stm32f1xx_hal_spi.c ****   /* Clear overrun flag in 2 Lines communication mode because received is not read */
3900:Drivers/STM32F1xx_HAL_Driver/Src/stm32f1xx_hal_spi.c ****   if (hspi->Init.Direction == SPI_DIRECTION_2LINES)
3901:Drivers/STM32F1xx_HAL_Driver/Src/stm32f1xx_hal_spi.c ****   {
3902:Drivers/STM32F1xx_HAL_Driver/Src/stm32f1xx_hal_spi.c ****     __HAL_SPI_CLEAR_OVRFLAG(hspi);
3903:Drivers/STM32F1xx_HAL_Driver/Src/stm32f1xx_hal_spi.c ****   }
3904:Drivers/STM32F1xx_HAL_Driver/Src/stm32f1xx_hal_spi.c **** 
3905:Drivers/STM32F1xx_HAL_Driver/Src/stm32f1xx_hal_spi.c ****   hspi->State = HAL_SPI_STATE_READY;
3906:Drivers/STM32F1xx_HAL_Driver/Src/stm32f1xx_hal_spi.c ****   if (hspi->ErrorCode != HAL_SPI_ERROR_NONE)
3907:Drivers/STM32F1xx_HAL_Driver/Src/stm32f1xx_hal_spi.c ****   {
3908:Drivers/STM32F1xx_HAL_Driver/Src/stm32f1xx_hal_spi.c ****     /* Call user error callback */
ARM GAS  C:\Users\zhmis\AppData\Local\Temp\ccgFfHBP.s 			page 70


3909:Drivers/STM32F1xx_HAL_Driver/Src/stm32f1xx_hal_spi.c **** #if (USE_HAL_SPI_REGISTER_CALLBACKS == 1U)
3910:Drivers/STM32F1xx_HAL_Driver/Src/stm32f1xx_hal_spi.c ****     hspi->ErrorCallback(hspi);
3911:Drivers/STM32F1xx_HAL_Driver/Src/stm32f1xx_hal_spi.c **** #else
3912:Drivers/STM32F1xx_HAL_Driver/Src/stm32f1xx_hal_spi.c ****     HAL_SPI_ErrorCallback(hspi);
3913:Drivers/STM32F1xx_HAL_Driver/Src/stm32f1xx_hal_spi.c **** #endif /* USE_HAL_SPI_REGISTER_CALLBACKS */
3914:Drivers/STM32F1xx_HAL_Driver/Src/stm32f1xx_hal_spi.c ****   }
3915:Drivers/STM32F1xx_HAL_Driver/Src/stm32f1xx_hal_spi.c ****   else
3916:Drivers/STM32F1xx_HAL_Driver/Src/stm32f1xx_hal_spi.c ****   {
3917:Drivers/STM32F1xx_HAL_Driver/Src/stm32f1xx_hal_spi.c ****     /* Call user Rx complete callback */
3918:Drivers/STM32F1xx_HAL_Driver/Src/stm32f1xx_hal_spi.c **** #if (USE_HAL_SPI_REGISTER_CALLBACKS == 1U)
3919:Drivers/STM32F1xx_HAL_Driver/Src/stm32f1xx_hal_spi.c ****     hspi->TxCpltCallback(hspi);
3920:Drivers/STM32F1xx_HAL_Driver/Src/stm32f1xx_hal_spi.c **** #else
3921:Drivers/STM32F1xx_HAL_Driver/Src/stm32f1xx_hal_spi.c ****     HAL_SPI_TxCpltCallback(hspi);
3922:Drivers/STM32F1xx_HAL_Driver/Src/stm32f1xx_hal_spi.c **** #endif /* USE_HAL_SPI_REGISTER_CALLBACKS */
3923:Drivers/STM32F1xx_HAL_Driver/Src/stm32f1xx_hal_spi.c ****   }
3924:Drivers/STM32F1xx_HAL_Driver/Src/stm32f1xx_hal_spi.c **** }
3925:Drivers/STM32F1xx_HAL_Driver/Src/stm32f1xx_hal_spi.c **** 
3926:Drivers/STM32F1xx_HAL_Driver/Src/stm32f1xx_hal_spi.c **** /**
3927:Drivers/STM32F1xx_HAL_Driver/Src/stm32f1xx_hal_spi.c ****   * @brief  Handle abort a Rx transaction.
3928:Drivers/STM32F1xx_HAL_Driver/Src/stm32f1xx_hal_spi.c ****   * @param  hspi pointer to a SPI_HandleTypeDef structure that contains
3929:Drivers/STM32F1xx_HAL_Driver/Src/stm32f1xx_hal_spi.c ****   *               the configuration information for SPI module.
3930:Drivers/STM32F1xx_HAL_Driver/Src/stm32f1xx_hal_spi.c ****   * @retval None
3931:Drivers/STM32F1xx_HAL_Driver/Src/stm32f1xx_hal_spi.c ****   */
3932:Drivers/STM32F1xx_HAL_Driver/Src/stm32f1xx_hal_spi.c **** static void SPI_AbortRx_ISR(SPI_HandleTypeDef *hspi)
3933:Drivers/STM32F1xx_HAL_Driver/Src/stm32f1xx_hal_spi.c **** {
  27              		.loc 1 3933 1 view -0
  28              		.cfi_startproc
  29              		@ args = 0, pretend = 0, frame = 8
  30              		@ frame_needed = 0, uses_anonymous_args = 0
  31              		@ link register save eliminated.
  32              		.loc 1 3933 1 is_stmt 0 view .LVU1
  33 0000 82B0     		sub	sp, sp, #8
  34              		.cfi_def_cfa_offset 8
3934:Drivers/STM32F1xx_HAL_Driver/Src/stm32f1xx_hal_spi.c ****   __IO uint32_t tmpreg = 0U;
  35              		.loc 1 3934 3 is_stmt 1 view .LVU2
  36              		.loc 1 3934 17 is_stmt 0 view .LVU3
  37 0002 0023     		movs	r3, #0
  38 0004 0193     		str	r3, [sp, #4]
3935:Drivers/STM32F1xx_HAL_Driver/Src/stm32f1xx_hal_spi.c ****   __IO uint32_t count = SPI_DEFAULT_TIMEOUT * (SystemCoreClock / 24U / 1000U);
  39              		.loc 1 3935 3 is_stmt 1 view .LVU4
  40              		.loc 1 3935 70 is_stmt 0 view .LVU5
  41 0006 164B     		ldr	r3, .L7
  42 0008 1B68     		ldr	r3, [r3]
  43 000a 164A     		ldr	r2, .L7+4
  44 000c A2FB0323 		umull	r2, r3, r2, r3
  45 0010 5B0A     		lsrs	r3, r3, #9
  46              		.loc 1 3935 45 view .LVU6
  47 0012 6422     		movs	r2, #100
  48 0014 02FB03F3 		mul	r3, r2, r3
  49              		.loc 1 3935 17 view .LVU7
  50 0018 0093     		str	r3, [sp]
  51              	.L4:
3936:Drivers/STM32F1xx_HAL_Driver/Src/stm32f1xx_hal_spi.c **** 
3937:Drivers/STM32F1xx_HAL_Driver/Src/stm32f1xx_hal_spi.c ****   /* Wait until TXE flag is set */
3938:Drivers/STM32F1xx_HAL_Driver/Src/stm32f1xx_hal_spi.c ****   do
  52              		.loc 1 3938 3 is_stmt 1 view .LVU8
3939:Drivers/STM32F1xx_HAL_Driver/Src/stm32f1xx_hal_spi.c ****   {
ARM GAS  C:\Users\zhmis\AppData\Local\Temp\ccgFfHBP.s 			page 71


3940:Drivers/STM32F1xx_HAL_Driver/Src/stm32f1xx_hal_spi.c ****     if (count == 0U)
  53              		.loc 1 3940 5 view .LVU9
  54              		.loc 1 3940 15 is_stmt 0 view .LVU10
  55 001a 009B     		ldr	r3, [sp]
  56              		.loc 1 3940 8 view .LVU11
  57 001c 43B1     		cbz	r3, .L6
3941:Drivers/STM32F1xx_HAL_Driver/Src/stm32f1xx_hal_spi.c ****     {
3942:Drivers/STM32F1xx_HAL_Driver/Src/stm32f1xx_hal_spi.c ****       SET_BIT(hspi->ErrorCode, HAL_SPI_ERROR_ABORT);
3943:Drivers/STM32F1xx_HAL_Driver/Src/stm32f1xx_hal_spi.c ****       break;
3944:Drivers/STM32F1xx_HAL_Driver/Src/stm32f1xx_hal_spi.c ****     }
3945:Drivers/STM32F1xx_HAL_Driver/Src/stm32f1xx_hal_spi.c ****     count--;
  58              		.loc 1 3945 5 is_stmt 1 view .LVU12
  59              		.loc 1 3945 10 is_stmt 0 view .LVU13
  60 001e 009B     		ldr	r3, [sp]
  61 0020 013B     		subs	r3, r3, #1
  62 0022 0093     		str	r3, [sp]
3946:Drivers/STM32F1xx_HAL_Driver/Src/stm32f1xx_hal_spi.c ****   } while ((hspi->Instance->SR & SPI_FLAG_TXE) == RESET);
  63              		.loc 1 3946 48 is_stmt 1 view .LVU14
  64              		.loc 1 3946 17 is_stmt 0 view .LVU15
  65 0024 0368     		ldr	r3, [r0]
  66              		.loc 1 3946 27 view .LVU16
  67 0026 9B68     		ldr	r3, [r3, #8]
  68              		.loc 1 3946 48 view .LVU17
  69 0028 13F0020F 		tst	r3, #2
  70 002c F5D0     		beq	.L4
  71 002e 03E0     		b	.L3
  72              	.L6:
3942:Drivers/STM32F1xx_HAL_Driver/Src/stm32f1xx_hal_spi.c ****       break;
  73              		.loc 1 3942 7 is_stmt 1 view .LVU18
  74 0030 436D     		ldr	r3, [r0, #84]
  75 0032 43F04003 		orr	r3, r3, #64
  76 0036 4365     		str	r3, [r0, #84]
3943:Drivers/STM32F1xx_HAL_Driver/Src/stm32f1xx_hal_spi.c ****     }
  77              		.loc 1 3943 7 view .LVU19
  78              	.L3:
3947:Drivers/STM32F1xx_HAL_Driver/Src/stm32f1xx_hal_spi.c **** 
3948:Drivers/STM32F1xx_HAL_Driver/Src/stm32f1xx_hal_spi.c ****   /* Disable SPI Peripheral */
3949:Drivers/STM32F1xx_HAL_Driver/Src/stm32f1xx_hal_spi.c ****   __HAL_SPI_DISABLE(hspi);
  79              		.loc 1 3949 3 view .LVU20
  80 0038 0268     		ldr	r2, [r0]
  81 003a 1368     		ldr	r3, [r2]
  82 003c 23F04003 		bic	r3, r3, #64
  83 0040 1360     		str	r3, [r2]
3950:Drivers/STM32F1xx_HAL_Driver/Src/stm32f1xx_hal_spi.c **** 
3951:Drivers/STM32F1xx_HAL_Driver/Src/stm32f1xx_hal_spi.c ****   /* Disable TXEIE, RXNEIE and ERRIE(mode fault event, overrun error, TI frame error) interrupts */
3952:Drivers/STM32F1xx_HAL_Driver/Src/stm32f1xx_hal_spi.c ****   CLEAR_BIT(hspi->Instance->CR2, (SPI_CR2_TXEIE | SPI_CR2_RXNEIE | SPI_CR2_ERRIE));
  84              		.loc 1 3952 3 view .LVU21
  85 0042 0268     		ldr	r2, [r0]
  86 0044 5368     		ldr	r3, [r2, #4]
  87 0046 23F0E003 		bic	r3, r3, #224
  88 004a 5360     		str	r3, [r2, #4]
3953:Drivers/STM32F1xx_HAL_Driver/Src/stm32f1xx_hal_spi.c **** 
3954:Drivers/STM32F1xx_HAL_Driver/Src/stm32f1xx_hal_spi.c ****   /* Flush Data Register by a blank read */
3955:Drivers/STM32F1xx_HAL_Driver/Src/stm32f1xx_hal_spi.c ****   tmpreg = READ_REG(hspi->Instance->DR);
  89              		.loc 1 3955 3 view .LVU22
  90              		.loc 1 3955 12 is_stmt 0 view .LVU23
  91 004c 0368     		ldr	r3, [r0]
ARM GAS  C:\Users\zhmis\AppData\Local\Temp\ccgFfHBP.s 			page 72


  92 004e DB68     		ldr	r3, [r3, #12]
  93              		.loc 1 3955 10 view .LVU24
  94 0050 0193     		str	r3, [sp, #4]
3956:Drivers/STM32F1xx_HAL_Driver/Src/stm32f1xx_hal_spi.c ****   /* To avoid GCC warning */
3957:Drivers/STM32F1xx_HAL_Driver/Src/stm32f1xx_hal_spi.c ****   UNUSED(tmpreg);
  95              		.loc 1 3957 3 is_stmt 1 view .LVU25
  96 0052 019B     		ldr	r3, [sp, #4]
3958:Drivers/STM32F1xx_HAL_Driver/Src/stm32f1xx_hal_spi.c **** 
3959:Drivers/STM32F1xx_HAL_Driver/Src/stm32f1xx_hal_spi.c ****   hspi->State = HAL_SPI_STATE_ABORT;
  97              		.loc 1 3959 3 view .LVU26
  98              		.loc 1 3959 15 is_stmt 0 view .LVU27
  99 0054 0723     		movs	r3, #7
 100 0056 80F85130 		strb	r3, [r0, #81]
3960:Drivers/STM32F1xx_HAL_Driver/Src/stm32f1xx_hal_spi.c **** }
 101              		.loc 1 3960 1 view .LVU28
 102 005a 02B0     		add	sp, sp, #8
 103              		.cfi_def_cfa_offset 0
 104              		@ sp needed
 105 005c 7047     		bx	lr
 106              	.L8:
 107 005e 00BF     		.align	2
 108              	.L7:
 109 0060 00000000 		.word	SystemCoreClock
 110 0064 F1197605 		.word	91625969
 111              		.cfi_endproc
 112              	.LFE118:
 114              		.section	.text.SPI_AbortTx_ISR,"ax",%progbits
 115              		.align	1
 116              		.syntax unified
 117              		.thumb
 118              		.thumb_func
 120              	SPI_AbortTx_ISR:
 121              	.LVL1:
 122              	.LFB119:
3961:Drivers/STM32F1xx_HAL_Driver/Src/stm32f1xx_hal_spi.c **** 
3962:Drivers/STM32F1xx_HAL_Driver/Src/stm32f1xx_hal_spi.c **** /**
3963:Drivers/STM32F1xx_HAL_Driver/Src/stm32f1xx_hal_spi.c ****   * @brief  Handle abort a Tx or Rx/Tx transaction.
3964:Drivers/STM32F1xx_HAL_Driver/Src/stm32f1xx_hal_spi.c ****   * @param  hspi pointer to a SPI_HandleTypeDef structure that contains
3965:Drivers/STM32F1xx_HAL_Driver/Src/stm32f1xx_hal_spi.c ****   *               the configuration information for SPI module.
3966:Drivers/STM32F1xx_HAL_Driver/Src/stm32f1xx_hal_spi.c ****   * @retval None
3967:Drivers/STM32F1xx_HAL_Driver/Src/stm32f1xx_hal_spi.c ****   */
3968:Drivers/STM32F1xx_HAL_Driver/Src/stm32f1xx_hal_spi.c **** static void SPI_AbortTx_ISR(SPI_HandleTypeDef *hspi)
3969:Drivers/STM32F1xx_HAL_Driver/Src/stm32f1xx_hal_spi.c **** {
 123              		.loc 1 3969 1 is_stmt 1 view -0
 124              		.cfi_startproc
 125              		@ args = 0, pretend = 0, frame = 0
 126              		@ frame_needed = 0, uses_anonymous_args = 0
 127              		@ link register save eliminated.
3970:Drivers/STM32F1xx_HAL_Driver/Src/stm32f1xx_hal_spi.c ****   /* Disable TXEIE interrupt */
3971:Drivers/STM32F1xx_HAL_Driver/Src/stm32f1xx_hal_spi.c ****   CLEAR_BIT(hspi->Instance->CR2, (SPI_CR2_TXEIE));
 128              		.loc 1 3971 3 view .LVU30
 129 0000 0268     		ldr	r2, [r0]
 130 0002 5368     		ldr	r3, [r2, #4]
 131 0004 23F08003 		bic	r3, r3, #128
 132 0008 5360     		str	r3, [r2, #4]
3972:Drivers/STM32F1xx_HAL_Driver/Src/stm32f1xx_hal_spi.c **** 
3973:Drivers/STM32F1xx_HAL_Driver/Src/stm32f1xx_hal_spi.c ****   /* Disable SPI Peripheral */
ARM GAS  C:\Users\zhmis\AppData\Local\Temp\ccgFfHBP.s 			page 73


3974:Drivers/STM32F1xx_HAL_Driver/Src/stm32f1xx_hal_spi.c ****   __HAL_SPI_DISABLE(hspi);
 133              		.loc 1 3974 3 view .LVU31
 134 000a 0268     		ldr	r2, [r0]
 135 000c 1368     		ldr	r3, [r2]
 136 000e 23F04003 		bic	r3, r3, #64
 137 0012 1360     		str	r3, [r2]
3975:Drivers/STM32F1xx_HAL_Driver/Src/stm32f1xx_hal_spi.c **** 
3976:Drivers/STM32F1xx_HAL_Driver/Src/stm32f1xx_hal_spi.c ****   hspi->State = HAL_SPI_STATE_ABORT;
 138              		.loc 1 3976 3 view .LVU32
 139              		.loc 1 3976 15 is_stmt 0 view .LVU33
 140 0014 0723     		movs	r3, #7
 141 0016 80F85130 		strb	r3, [r0, #81]
3977:Drivers/STM32F1xx_HAL_Driver/Src/stm32f1xx_hal_spi.c **** }
 142              		.loc 1 3977 1 view .LVU34
 143 001a 7047     		bx	lr
 144              		.cfi_endproc
 145              	.LFE119:
 147              		.section	.text.SPI_WaitFlagStateUntilTimeout,"ax",%progbits
 148              		.align	1
 149              		.syntax unified
 150              		.thumb
 151              		.thumb_func
 153              	SPI_WaitFlagStateUntilTimeout:
 154              	.LVL2:
 155              	.LFB112:
3572:Drivers/STM32F1xx_HAL_Driver/Src/stm32f1xx_hal_spi.c ****   __IO uint32_t count;
 156              		.loc 1 3572 1 is_stmt 1 view -0
 157              		.cfi_startproc
 158              		@ args = 4, pretend = 0, frame = 8
 159              		@ frame_needed = 0, uses_anonymous_args = 0
3572:Drivers/STM32F1xx_HAL_Driver/Src/stm32f1xx_hal_spi.c ****   __IO uint32_t count;
 160              		.loc 1 3572 1 is_stmt 0 view .LVU36
 161 0000 2DE9F047 		push	{r4, r5, r6, r7, r8, r9, r10, lr}
 162              		.cfi_def_cfa_offset 32
 163              		.cfi_offset 4, -32
 164              		.cfi_offset 5, -28
 165              		.cfi_offset 6, -24
 166              		.cfi_offset 7, -20
 167              		.cfi_offset 8, -16
 168              		.cfi_offset 9, -12
 169              		.cfi_offset 10, -8
 170              		.cfi_offset 14, -4
 171 0004 82B0     		sub	sp, sp, #8
 172              		.cfi_def_cfa_offset 40
 173 0006 0546     		mov	r5, r0
 174 0008 8846     		mov	r8, r1
 175 000a 1746     		mov	r7, r2
 176 000c 1E46     		mov	r6, r3
3573:Drivers/STM32F1xx_HAL_Driver/Src/stm32f1xx_hal_spi.c ****   uint32_t tmp_timeout;
 177              		.loc 1 3573 3 is_stmt 1 view .LVU37
3574:Drivers/STM32F1xx_HAL_Driver/Src/stm32f1xx_hal_spi.c ****   uint32_t tmp_tickstart;
 178              		.loc 1 3574 3 view .LVU38
3575:Drivers/STM32F1xx_HAL_Driver/Src/stm32f1xx_hal_spi.c **** 
 179              		.loc 1 3575 3 view .LVU39
3578:Drivers/STM32F1xx_HAL_Driver/Src/stm32f1xx_hal_spi.c ****   tmp_tickstart = HAL_GetTick();
 180              		.loc 1 3578 3 view .LVU40
3578:Drivers/STM32F1xx_HAL_Driver/Src/stm32f1xx_hal_spi.c ****   tmp_tickstart = HAL_GetTick();
ARM GAS  C:\Users\zhmis\AppData\Local\Temp\ccgFfHBP.s 			page 74


 181              		.loc 1 3578 30 is_stmt 0 view .LVU41
 182 000e FFF7FEFF 		bl	HAL_GetTick
 183              	.LVL3:
3578:Drivers/STM32F1xx_HAL_Driver/Src/stm32f1xx_hal_spi.c ****   tmp_tickstart = HAL_GetTick();
 184              		.loc 1 3578 44 discriminator 1 view .LVU42
 185 0012 0A9B     		ldr	r3, [sp, #40]
 186 0014 1B1A     		subs	r3, r3, r0
3578:Drivers/STM32F1xx_HAL_Driver/Src/stm32f1xx_hal_spi.c ****   tmp_tickstart = HAL_GetTick();
 187              		.loc 1 3578 17 discriminator 1 view .LVU43
 188 0016 03EB0609 		add	r9, r3, r6
 189              	.LVL4:
3579:Drivers/STM32F1xx_HAL_Driver/Src/stm32f1xx_hal_spi.c **** 
 190              		.loc 1 3579 3 is_stmt 1 view .LVU44
3579:Drivers/STM32F1xx_HAL_Driver/Src/stm32f1xx_hal_spi.c **** 
 191              		.loc 1 3579 19 is_stmt 0 view .LVU45
 192 001a FFF7FEFF 		bl	HAL_GetTick
 193              	.LVL5:
 194 001e 8246     		mov	r10, r0
 195              	.LVL6:
3582:Drivers/STM32F1xx_HAL_Driver/Src/stm32f1xx_hal_spi.c **** 
 196              		.loc 1 3582 3 is_stmt 1 view .LVU46
3582:Drivers/STM32F1xx_HAL_Driver/Src/stm32f1xx_hal_spi.c **** 
 197              		.loc 1 3582 43 is_stmt 0 view .LVU47
 198 0020 284B     		ldr	r3, .L25
 199 0022 1B68     		ldr	r3, [r3]
3582:Drivers/STM32F1xx_HAL_Driver/Src/stm32f1xx_hal_spi.c **** 
 200              		.loc 1 3582 50 view .LVU48
 201 0024 C3F3CB33 		ubfx	r3, r3, #15, #12
3582:Drivers/STM32F1xx_HAL_Driver/Src/stm32f1xx_hal_spi.c **** 
 202              		.loc 1 3582 23 view .LVU49
 203 0028 09FB03F3 		mul	r3, r9, r3
3582:Drivers/STM32F1xx_HAL_Driver/Src/stm32f1xx_hal_spi.c **** 
 204              		.loc 1 3582 9 view .LVU50
 205 002c 0193     		str	r3, [sp, #4]
3584:Drivers/STM32F1xx_HAL_Driver/Src/stm32f1xx_hal_spi.c ****   {
 206              		.loc 1 3584 3 is_stmt 1 view .LVU51
 207              	.LVL7:
 208              	.L12:
3584:Drivers/STM32F1xx_HAL_Driver/Src/stm32f1xx_hal_spi.c ****   {
 209              		.loc 1 3584 57 view .LVU52
3584:Drivers/STM32F1xx_HAL_Driver/Src/stm32f1xx_hal_spi.c ****   {
 210              		.loc 1 3584 11 is_stmt 0 view .LVU53
 211 002e 2B68     		ldr	r3, [r5]
 212 0030 9C68     		ldr	r4, [r3, #8]
3584:Drivers/STM32F1xx_HAL_Driver/Src/stm32f1xx_hal_spi.c ****   {
 213              		.loc 1 3584 48 view .LVU54
 214 0032 38EA0404 		bics	r4, r8, r4
 215 0036 0CBF     		ite	eq
 216 0038 0123     		moveq	r3, #1
 217 003a 0023     		movne	r3, #0
3584:Drivers/STM32F1xx_HAL_Driver/Src/stm32f1xx_hal_spi.c ****   {
 218              		.loc 1 3584 57 view .LVU55
 219 003c BB42     		cmp	r3, r7
 220 003e 3DD0     		beq	.L21
3586:Drivers/STM32F1xx_HAL_Driver/Src/stm32f1xx_hal_spi.c ****     {
 221              		.loc 1 3586 5 is_stmt 1 view .LVU56
3586:Drivers/STM32F1xx_HAL_Driver/Src/stm32f1xx_hal_spi.c ****     {
ARM GAS  C:\Users\zhmis\AppData\Local\Temp\ccgFfHBP.s 			page 75


 222              		.loc 1 3586 8 is_stmt 0 view .LVU57
 223 0040 B6F1FF3F 		cmp	r6, #-1
 224 0044 F3D0     		beq	.L12
3588:Drivers/STM32F1xx_HAL_Driver/Src/stm32f1xx_hal_spi.c ****       {
 225              		.loc 1 3588 7 is_stmt 1 view .LVU58
3588:Drivers/STM32F1xx_HAL_Driver/Src/stm32f1xx_hal_spi.c ****       {
 226              		.loc 1 3588 13 is_stmt 0 view .LVU59
 227 0046 FFF7FEFF 		bl	HAL_GetTick
 228              	.LVL8:
3588:Drivers/STM32F1xx_HAL_Driver/Src/stm32f1xx_hal_spi.c ****       {
 229              		.loc 1 3588 27 discriminator 1 view .LVU60
 230 004a A0EB0A00 		sub	r0, r0, r10
3588:Drivers/STM32F1xx_HAL_Driver/Src/stm32f1xx_hal_spi.c ****       {
 231              		.loc 1 3588 10 discriminator 1 view .LVU61
 232 004e 4845     		cmp	r0, r9
 233 0050 07D2     		bcs	.L22
3618:Drivers/STM32F1xx_HAL_Driver/Src/stm32f1xx_hal_spi.c ****       {
 234              		.loc 1 3618 7 is_stmt 1 view .LVU62
3618:Drivers/STM32F1xx_HAL_Driver/Src/stm32f1xx_hal_spi.c ****       {
 235              		.loc 1 3618 17 is_stmt 0 view .LVU63
 236 0052 019A     		ldr	r2, [sp, #4]
3618:Drivers/STM32F1xx_HAL_Driver/Src/stm32f1xx_hal_spi.c ****       {
 237              		.loc 1 3618 10 view .LVU64
 238 0054 02B1     		cbz	r2, .L18
 239 0056 4A46     		mov	r2, r9
 240              	.L18:
 241              	.LVL9:
3622:Drivers/STM32F1xx_HAL_Driver/Src/stm32f1xx_hal_spi.c ****     }
 242              		.loc 1 3622 7 is_stmt 1 view .LVU65
3622:Drivers/STM32F1xx_HAL_Driver/Src/stm32f1xx_hal_spi.c ****     }
 243              		.loc 1 3622 12 is_stmt 0 view .LVU66
 244 0058 019B     		ldr	r3, [sp, #4]
 245 005a 013B     		subs	r3, r3, #1
 246 005c 0193     		str	r3, [sp, #4]
 247 005e 9146     		mov	r9, r2
 248 0060 E5E7     		b	.L12
 249              	.LVL10:
 250              	.L22:
3595:Drivers/STM32F1xx_HAL_Driver/Src/stm32f1xx_hal_spi.c **** 
 251              		.loc 1 3595 9 is_stmt 1 view .LVU67
 252 0062 2A68     		ldr	r2, [r5]
 253 0064 5368     		ldr	r3, [r2, #4]
 254 0066 23F0E003 		bic	r3, r3, #224
 255 006a 5360     		str	r3, [r2, #4]
3597:Drivers/STM32F1xx_HAL_Driver/Src/stm32f1xx_hal_spi.c ****                                                      || (hspi->Init.Direction == SPI_DIRECTION_2LIN
 256              		.loc 1 3597 9 view .LVU68
3597:Drivers/STM32F1xx_HAL_Driver/Src/stm32f1xx_hal_spi.c ****                                                      || (hspi->Init.Direction == SPI_DIRECTION_2LIN
 257              		.loc 1 3597 24 is_stmt 0 view .LVU69
 258 006c 6B68     		ldr	r3, [r5, #4]
3597:Drivers/STM32F1xx_HAL_Driver/Src/stm32f1xx_hal_spi.c ****                                                      || (hspi->Init.Direction == SPI_DIRECTION_2LIN
 259              		.loc 1 3597 12 view .LVU70
 260 006e B3F5827F 		cmp	r3, #260
 261 0072 0BD0     		beq	.L23
 262              	.L14:
3605:Drivers/STM32F1xx_HAL_Driver/Src/stm32f1xx_hal_spi.c ****         {
 263              		.loc 1 3605 9 is_stmt 1 view .LVU71
3605:Drivers/STM32F1xx_HAL_Driver/Src/stm32f1xx_hal_spi.c ****         {
ARM GAS  C:\Users\zhmis\AppData\Local\Temp\ccgFfHBP.s 			page 76


 264              		.loc 1 3605 23 is_stmt 0 view .LVU72
 265 0074 AB6A     		ldr	r3, [r5, #40]
3605:Drivers/STM32F1xx_HAL_Driver/Src/stm32f1xx_hal_spi.c ****         {
 266              		.loc 1 3605 12 view .LVU73
 267 0076 B3F5005F 		cmp	r3, #8192
 268 007a 14D0     		beq	.L24
 269              	.L16:
3607:Drivers/STM32F1xx_HAL_Driver/Src/stm32f1xx_hal_spi.c ****         }
 270              		.loc 1 3607 11 is_stmt 1 discriminator 1 view .LVU74
3610:Drivers/STM32F1xx_HAL_Driver/Src/stm32f1xx_hal_spi.c **** 
 271              		.loc 1 3610 9 view .LVU75
3610:Drivers/STM32F1xx_HAL_Driver/Src/stm32f1xx_hal_spi.c **** 
 272              		.loc 1 3610 21 is_stmt 0 view .LVU76
 273 007c 0123     		movs	r3, #1
 274 007e 85F85130 		strb	r3, [r5, #81]
3613:Drivers/STM32F1xx_HAL_Driver/Src/stm32f1xx_hal_spi.c **** 
 275              		.loc 1 3613 9 is_stmt 1 view .LVU77
3613:Drivers/STM32F1xx_HAL_Driver/Src/stm32f1xx_hal_spi.c **** 
 276              		.loc 1 3613 9 view .LVU78
 277 0082 0023     		movs	r3, #0
 278 0084 85F85030 		strb	r3, [r5, #80]
3613:Drivers/STM32F1xx_HAL_Driver/Src/stm32f1xx_hal_spi.c **** 
 279              		.loc 1 3613 9 view .LVU79
3615:Drivers/STM32F1xx_HAL_Driver/Src/stm32f1xx_hal_spi.c ****       }
 280              		.loc 1 3615 9 view .LVU80
3615:Drivers/STM32F1xx_HAL_Driver/Src/stm32f1xx_hal_spi.c ****       }
 281              		.loc 1 3615 16 is_stmt 0 view .LVU81
 282 0088 0320     		movs	r0, #3
 283 008a 18E0     		b	.L17
 284              	.L23:
3597:Drivers/STM32F1xx_HAL_Driver/Src/stm32f1xx_hal_spi.c ****                                                      || (hspi->Init.Direction == SPI_DIRECTION_2LIN
 285              		.loc 1 3597 65 discriminator 1 view .LVU82
 286 008c AB68     		ldr	r3, [r5, #8]
3597:Drivers/STM32F1xx_HAL_Driver/Src/stm32f1xx_hal_spi.c ****                                                      || (hspi->Init.Direction == SPI_DIRECTION_2LIN
 287              		.loc 1 3597 50 discriminator 1 view .LVU83
 288 008e B3F5004F 		cmp	r3, #32768
 289 0092 02D0     		beq	.L15
3598:Drivers/STM32F1xx_HAL_Driver/Src/stm32f1xx_hal_spi.c ****         {
 290              		.loc 1 3598 54 view .LVU84
 291 0094 B3F5806F 		cmp	r3, #1024
 292 0098 ECD1     		bne	.L14
 293              	.L15:
3601:Drivers/STM32F1xx_HAL_Driver/Src/stm32f1xx_hal_spi.c ****         }
 294              		.loc 1 3601 11 is_stmt 1 view .LVU85
 295 009a 2A68     		ldr	r2, [r5]
 296 009c 1368     		ldr	r3, [r2]
 297 009e 23F04003 		bic	r3, r3, #64
 298 00a2 1360     		str	r3, [r2]
 299 00a4 E6E7     		b	.L14
 300              	.L24:
3607:Drivers/STM32F1xx_HAL_Driver/Src/stm32f1xx_hal_spi.c ****         }
 301              		.loc 1 3607 11 view .LVU86
3607:Drivers/STM32F1xx_HAL_Driver/Src/stm32f1xx_hal_spi.c ****         }
 302              		.loc 1 3607 11 view .LVU87
 303 00a6 2A68     		ldr	r2, [r5]
 304 00a8 1368     		ldr	r3, [r2]
 305 00aa 23F40053 		bic	r3, r3, #8192
ARM GAS  C:\Users\zhmis\AppData\Local\Temp\ccgFfHBP.s 			page 77


 306 00ae 1360     		str	r3, [r2]
3607:Drivers/STM32F1xx_HAL_Driver/Src/stm32f1xx_hal_spi.c ****         }
 307              		.loc 1 3607 11 view .LVU88
 308 00b0 2A68     		ldr	r2, [r5]
 309 00b2 1368     		ldr	r3, [r2]
 310 00b4 43F40053 		orr	r3, r3, #8192
 311 00b8 1360     		str	r3, [r2]
 312 00ba DFE7     		b	.L16
 313              	.L21:
3626:Drivers/STM32F1xx_HAL_Driver/Src/stm32f1xx_hal_spi.c **** }
 314              		.loc 1 3626 10 is_stmt 0 view .LVU89
 315 00bc 0020     		movs	r0, #0
 316              	.L17:
3627:Drivers/STM32F1xx_HAL_Driver/Src/stm32f1xx_hal_spi.c **** 
 317              		.loc 1 3627 1 view .LVU90
 318 00be 02B0     		add	sp, sp, #8
 319              		.cfi_def_cfa_offset 32
 320              		@ sp needed
 321 00c0 BDE8F087 		pop	{r4, r5, r6, r7, r8, r9, r10, pc}
 322              	.LVL11:
 323              	.L26:
3627:Drivers/STM32F1xx_HAL_Driver/Src/stm32f1xx_hal_spi.c **** 
 324              		.loc 1 3627 1 view .LVU91
 325              		.align	2
 326              	.L25:
 327 00c4 00000000 		.word	SystemCoreClock
 328              		.cfi_endproc
 329              	.LFE112:
 331              		.section	.text.SPI_EndRxTxTransaction,"ax",%progbits
 332              		.align	1
 333              		.syntax unified
 334              		.thumb
 335              		.thumb_func
 337              	SPI_EndRxTxTransaction:
 338              	.LVL12:
 339              	.LFB114:
3675:Drivers/STM32F1xx_HAL_Driver/Src/stm32f1xx_hal_spi.c ****   /* Control the BSY flag */
 340              		.loc 1 3675 1 is_stmt 1 view -0
 341              		.cfi_startproc
 342              		@ args = 0, pretend = 0, frame = 0
 343              		@ frame_needed = 0, uses_anonymous_args = 0
3675:Drivers/STM32F1xx_HAL_Driver/Src/stm32f1xx_hal_spi.c ****   /* Control the BSY flag */
 344              		.loc 1 3675 1 is_stmt 0 view .LVU93
 345 0000 10B5     		push	{r4, lr}
 346              		.cfi_def_cfa_offset 8
 347              		.cfi_offset 4, -8
 348              		.cfi_offset 14, -4
 349 0002 82B0     		sub	sp, sp, #8
 350              		.cfi_def_cfa_offset 16
 351 0004 0446     		mov	r4, r0
 352 0006 0B46     		mov	r3, r1
3677:Drivers/STM32F1xx_HAL_Driver/Src/stm32f1xx_hal_spi.c ****   {
 353              		.loc 1 3677 3 is_stmt 1 view .LVU94
3677:Drivers/STM32F1xx_HAL_Driver/Src/stm32f1xx_hal_spi.c ****   {
 354              		.loc 1 3677 7 is_stmt 0 view .LVU95
 355 0008 0092     		str	r2, [sp]
 356 000a 0022     		movs	r2, #0
ARM GAS  C:\Users\zhmis\AppData\Local\Temp\ccgFfHBP.s 			page 78


 357              	.LVL13:
3677:Drivers/STM32F1xx_HAL_Driver/Src/stm32f1xx_hal_spi.c ****   {
 358              		.loc 1 3677 7 view .LVU96
 359 000c 8021     		movs	r1, #128
 360              	.LVL14:
3677:Drivers/STM32F1xx_HAL_Driver/Src/stm32f1xx_hal_spi.c ****   {
 361              		.loc 1 3677 7 view .LVU97
 362 000e FFF7FEFF 		bl	SPI_WaitFlagStateUntilTimeout
 363              	.LVL15:
3677:Drivers/STM32F1xx_HAL_Driver/Src/stm32f1xx_hal_spi.c ****   {
 364              		.loc 1 3677 6 discriminator 1 view .LVU98
 365 0012 08B9     		cbnz	r0, .L30
 366              	.L28:
3683:Drivers/STM32F1xx_HAL_Driver/Src/stm32f1xx_hal_spi.c **** 
 367              		.loc 1 3683 1 view .LVU99
 368 0014 02B0     		add	sp, sp, #8
 369              		.cfi_remember_state
 370              		.cfi_def_cfa_offset 8
 371              		@ sp needed
 372 0016 10BD     		pop	{r4, pc}
 373              	.LVL16:
 374              	.L30:
 375              		.cfi_restore_state
3679:Drivers/STM32F1xx_HAL_Driver/Src/stm32f1xx_hal_spi.c ****     return HAL_TIMEOUT;
 376              		.loc 1 3679 5 is_stmt 1 view .LVU100
 377 0018 636D     		ldr	r3, [r4, #84]
 378 001a 43F02003 		orr	r3, r3, #32
 379 001e 6365     		str	r3, [r4, #84]
3680:Drivers/STM32F1xx_HAL_Driver/Src/stm32f1xx_hal_spi.c ****   }
 380              		.loc 1 3680 5 view .LVU101
3680:Drivers/STM32F1xx_HAL_Driver/Src/stm32f1xx_hal_spi.c ****   }
 381              		.loc 1 3680 12 is_stmt 0 view .LVU102
 382 0020 0320     		movs	r0, #3
 383 0022 F7E7     		b	.L28
 384              		.cfi_endproc
 385              	.LFE114:
 387              		.section	.text.SPI_EndRxTransaction,"ax",%progbits
 388              		.align	1
 389              		.syntax unified
 390              		.thumb
 391              		.thumb_func
 393              	SPI_EndRxTransaction:
 394              	.LVL17:
 395              	.LFB113:
3638:Drivers/STM32F1xx_HAL_Driver/Src/stm32f1xx_hal_spi.c ****   if ((hspi->Init.Mode == SPI_MODE_MASTER) && ((hspi->Init.Direction == SPI_DIRECTION_1LINE)
 396              		.loc 1 3638 1 is_stmt 1 view -0
 397              		.cfi_startproc
 398              		@ args = 0, pretend = 0, frame = 0
 399              		@ frame_needed = 0, uses_anonymous_args = 0
3638:Drivers/STM32F1xx_HAL_Driver/Src/stm32f1xx_hal_spi.c ****   if ((hspi->Init.Mode == SPI_MODE_MASTER) && ((hspi->Init.Direction == SPI_DIRECTION_1LINE)
 400              		.loc 1 3638 1 is_stmt 0 view .LVU104
 401 0000 10B5     		push	{r4, lr}
 402              		.cfi_def_cfa_offset 8
 403              		.cfi_offset 4, -8
 404              		.cfi_offset 14, -4
 405 0002 82B0     		sub	sp, sp, #8
 406              		.cfi_def_cfa_offset 16
ARM GAS  C:\Users\zhmis\AppData\Local\Temp\ccgFfHBP.s 			page 79


 407 0004 0446     		mov	r4, r0
 408 0006 0B46     		mov	r3, r1
3639:Drivers/STM32F1xx_HAL_Driver/Src/stm32f1xx_hal_spi.c ****                                                || (hspi->Init.Direction == SPI_DIRECTION_2LINES_RXO
 409              		.loc 1 3639 3 is_stmt 1 view .LVU105
3639:Drivers/STM32F1xx_HAL_Driver/Src/stm32f1xx_hal_spi.c ****                                                || (hspi->Init.Direction == SPI_DIRECTION_2LINES_RXO
 410              		.loc 1 3639 18 is_stmt 0 view .LVU106
 411 0008 4168     		ldr	r1, [r0, #4]
 412              	.LVL18:
3639:Drivers/STM32F1xx_HAL_Driver/Src/stm32f1xx_hal_spi.c ****                                                || (hspi->Init.Direction == SPI_DIRECTION_2LINES_RXO
 413              		.loc 1 3639 6 view .LVU107
 414 000a B1F5827F 		cmp	r1, #260
 415 000e 10D0     		beq	.L37
 416              	.LVL19:
 417              	.L32:
3646:Drivers/STM32F1xx_HAL_Driver/Src/stm32f1xx_hal_spi.c ****   {
 418              		.loc 1 3646 3 is_stmt 1 view .LVU108
3646:Drivers/STM32F1xx_HAL_Driver/Src/stm32f1xx_hal_spi.c ****   {
 419              		.loc 1 3646 18 is_stmt 0 view .LVU109
 420 0010 6168     		ldr	r1, [r4, #4]
3646:Drivers/STM32F1xx_HAL_Driver/Src/stm32f1xx_hal_spi.c ****   {
 421              		.loc 1 3646 6 view .LVU110
 422 0012 B1F5827F 		cmp	r1, #260
 423 0016 03D1     		bne	.L34
3646:Drivers/STM32F1xx_HAL_Driver/Src/stm32f1xx_hal_spi.c ****   {
 424              		.loc 1 3646 58 discriminator 1 view .LVU111
 425 0018 A168     		ldr	r1, [r4, #8]
3646:Drivers/STM32F1xx_HAL_Driver/Src/stm32f1xx_hal_spi.c ****   {
 426              		.loc 1 3646 44 discriminator 1 view .LVU112
 427 001a B1F5806F 		cmp	r1, #1024
 428 001e 15D0     		beq	.L38
 429              	.L34:
3658:Drivers/STM32F1xx_HAL_Driver/Src/stm32f1xx_hal_spi.c ****     {
 430              		.loc 1 3658 5 is_stmt 1 view .LVU113
3658:Drivers/STM32F1xx_HAL_Driver/Src/stm32f1xx_hal_spi.c ****     {
 431              		.loc 1 3658 9 is_stmt 0 view .LVU114
 432 0020 0092     		str	r2, [sp]
 433 0022 0022     		movs	r2, #0
 434              	.LVL20:
3658:Drivers/STM32F1xx_HAL_Driver/Src/stm32f1xx_hal_spi.c ****     {
 435              		.loc 1 3658 9 view .LVU115
 436 0024 8021     		movs	r1, #128
 437 0026 2046     		mov	r0, r4
 438 0028 FFF7FEFF 		bl	SPI_WaitFlagStateUntilTimeout
 439              	.LVL21:
3658:Drivers/STM32F1xx_HAL_Driver/Src/stm32f1xx_hal_spi.c ****     {
 440              		.loc 1 3658 8 discriminator 1 view .LVU116
 441 002c E0B9     		cbnz	r0, .L39
 442              	.L35:
3665:Drivers/STM32F1xx_HAL_Driver/Src/stm32f1xx_hal_spi.c **** 
 443              		.loc 1 3665 1 view .LVU117
 444 002e 02B0     		add	sp, sp, #8
 445              		.cfi_remember_state
 446              		.cfi_def_cfa_offset 8
 447              		@ sp needed
 448 0030 10BD     		pop	{r4, pc}
 449              	.LVL22:
 450              	.L37:
ARM GAS  C:\Users\zhmis\AppData\Local\Temp\ccgFfHBP.s 			page 80


 451              		.cfi_restore_state
3639:Drivers/STM32F1xx_HAL_Driver/Src/stm32f1xx_hal_spi.c ****                                                || (hspi->Init.Direction == SPI_DIRECTION_2LINES_RXO
 452              		.loc 1 3639 59 discriminator 1 view .LVU118
 453 0032 8168     		ldr	r1, [r0, #8]
3639:Drivers/STM32F1xx_HAL_Driver/Src/stm32f1xx_hal_spi.c ****                                                || (hspi->Init.Direction == SPI_DIRECTION_2LINES_RXO
 454              		.loc 1 3639 44 discriminator 1 view .LVU119
 455 0034 B1F5004F 		cmp	r1, #32768
 456 0038 02D0     		beq	.L33
3640:Drivers/STM32F1xx_HAL_Driver/Src/stm32f1xx_hal_spi.c ****   {
 457              		.loc 1 3640 48 view .LVU120
 458 003a B1F5806F 		cmp	r1, #1024
 459 003e E7D1     		bne	.L32
 460              	.L33:
3643:Drivers/STM32F1xx_HAL_Driver/Src/stm32f1xx_hal_spi.c ****   }
 461              		.loc 1 3643 5 is_stmt 1 view .LVU121
 462 0040 2068     		ldr	r0, [r4]
 463              	.LVL23:
3643:Drivers/STM32F1xx_HAL_Driver/Src/stm32f1xx_hal_spi.c ****   }
 464              		.loc 1 3643 5 is_stmt 0 view .LVU122
 465 0042 0168     		ldr	r1, [r0]
 466 0044 21F04001 		bic	r1, r1, #64
 467 0048 0160     		str	r1, [r0]
 468 004a E1E7     		b	.L32
 469              	.L38:
3649:Drivers/STM32F1xx_HAL_Driver/Src/stm32f1xx_hal_spi.c ****     {
 470              		.loc 1 3649 5 is_stmt 1 view .LVU123
3649:Drivers/STM32F1xx_HAL_Driver/Src/stm32f1xx_hal_spi.c ****     {
 471              		.loc 1 3649 9 is_stmt 0 view .LVU124
 472 004c 0092     		str	r2, [sp]
 473 004e 0022     		movs	r2, #0
 474              	.LVL24:
3649:Drivers/STM32F1xx_HAL_Driver/Src/stm32f1xx_hal_spi.c ****     {
 475              		.loc 1 3649 9 view .LVU125
 476 0050 0121     		movs	r1, #1
 477 0052 2046     		mov	r0, r4
 478 0054 FFF7FEFF 		bl	SPI_WaitFlagStateUntilTimeout
 479              	.LVL25:
3649:Drivers/STM32F1xx_HAL_Driver/Src/stm32f1xx_hal_spi.c ****     {
 480              		.loc 1 3649 8 discriminator 1 view .LVU126
 481 0058 0028     		cmp	r0, #0
 482 005a E8D0     		beq	.L35
3651:Drivers/STM32F1xx_HAL_Driver/Src/stm32f1xx_hal_spi.c ****       return HAL_TIMEOUT;
 483              		.loc 1 3651 7 is_stmt 1 view .LVU127
 484 005c 636D     		ldr	r3, [r4, #84]
 485 005e 43F02003 		orr	r3, r3, #32
 486 0062 6365     		str	r3, [r4, #84]
3652:Drivers/STM32F1xx_HAL_Driver/Src/stm32f1xx_hal_spi.c ****     }
 487              		.loc 1 3652 7 view .LVU128
3652:Drivers/STM32F1xx_HAL_Driver/Src/stm32f1xx_hal_spi.c ****     }
 488              		.loc 1 3652 14 is_stmt 0 view .LVU129
 489 0064 0320     		movs	r0, #3
 490 0066 E2E7     		b	.L35
 491              	.L39:
3660:Drivers/STM32F1xx_HAL_Driver/Src/stm32f1xx_hal_spi.c ****       return HAL_TIMEOUT;
 492              		.loc 1 3660 7 is_stmt 1 view .LVU130
 493 0068 636D     		ldr	r3, [r4, #84]
 494 006a 43F02003 		orr	r3, r3, #32
ARM GAS  C:\Users\zhmis\AppData\Local\Temp\ccgFfHBP.s 			page 81


 495 006e 6365     		str	r3, [r4, #84]
3661:Drivers/STM32F1xx_HAL_Driver/Src/stm32f1xx_hal_spi.c ****     }
 496              		.loc 1 3661 7 view .LVU131
3661:Drivers/STM32F1xx_HAL_Driver/Src/stm32f1xx_hal_spi.c ****     }
 497              		.loc 1 3661 14 is_stmt 0 view .LVU132
 498 0070 0320     		movs	r0, #3
 499 0072 DCE7     		b	.L35
 500              		.cfi_endproc
 501              	.LFE113:
 503              		.section	.text.HAL_SPI_MspInit,"ax",%progbits
 504              		.align	1
 505              		.weak	HAL_SPI_MspInit
 506              		.syntax unified
 507              		.thumb
 508              		.thumb_func
 510              	HAL_SPI_MspInit:
 511              	.LVL26:
 512              	.LFB67:
 506:Drivers/STM32F1xx_HAL_Driver/Src/stm32f1xx_hal_spi.c ****   /* Prevent unused argument(s) compilation warning */
 513              		.loc 1 506 1 is_stmt 1 view -0
 514              		.cfi_startproc
 515              		@ args = 0, pretend = 0, frame = 0
 516              		@ frame_needed = 0, uses_anonymous_args = 0
 517              		@ link register save eliminated.
 508:Drivers/STM32F1xx_HAL_Driver/Src/stm32f1xx_hal_spi.c **** 
 518              		.loc 1 508 3 view .LVU134
 513:Drivers/STM32F1xx_HAL_Driver/Src/stm32f1xx_hal_spi.c **** 
 519              		.loc 1 513 1 is_stmt 0 view .LVU135
 520 0000 7047     		bx	lr
 521              		.cfi_endproc
 522              	.LFE67:
 524              		.section	.text.HAL_SPI_Init,"ax",%progbits
 525              		.align	1
 526              		.global	HAL_SPI_Init
 527              		.syntax unified
 528              		.thumb
 529              		.thumb_func
 531              	HAL_SPI_Init:
 532              	.LVL27:
 533              	.LFB65:
 334:Drivers/STM32F1xx_HAL_Driver/Src/stm32f1xx_hal_spi.c ****   /* Check the SPI handle allocation */
 534              		.loc 1 334 1 is_stmt 1 view -0
 535              		.cfi_startproc
 536              		@ args = 0, pretend = 0, frame = 0
 537              		@ frame_needed = 0, uses_anonymous_args = 0
 336:Drivers/STM32F1xx_HAL_Driver/Src/stm32f1xx_hal_spi.c ****   {
 538              		.loc 1 336 3 view .LVU137
 336:Drivers/STM32F1xx_HAL_Driver/Src/stm32f1xx_hal_spi.c ****   {
 539              		.loc 1 336 6 is_stmt 0 view .LVU138
 540 0000 0028     		cmp	r0, #0
 541 0002 56D0     		beq	.L46
 334:Drivers/STM32F1xx_HAL_Driver/Src/stm32f1xx_hal_spi.c ****   /* Check the SPI handle allocation */
 542              		.loc 1 334 1 view .LVU139
 543 0004 10B5     		push	{r4, lr}
 544              		.cfi_def_cfa_offset 8
 545              		.cfi_offset 4, -8
 546              		.cfi_offset 14, -4
ARM GAS  C:\Users\zhmis\AppData\Local\Temp\ccgFfHBP.s 			page 82


 547 0006 0446     		mov	r4, r0
 342:Drivers/STM32F1xx_HAL_Driver/Src/stm32f1xx_hal_spi.c ****   assert_param(IS_SPI_MODE(hspi->Init.Mode));
 548              		.loc 1 342 3 is_stmt 1 view .LVU140
 343:Drivers/STM32F1xx_HAL_Driver/Src/stm32f1xx_hal_spi.c ****   assert_param(IS_SPI_DIRECTION(hspi->Init.Direction));
 549              		.loc 1 343 3 view .LVU141
 344:Drivers/STM32F1xx_HAL_Driver/Src/stm32f1xx_hal_spi.c ****   assert_param(IS_SPI_DATASIZE(hspi->Init.DataSize));
 550              		.loc 1 344 3 view .LVU142
 345:Drivers/STM32F1xx_HAL_Driver/Src/stm32f1xx_hal_spi.c ****   assert_param(IS_SPI_NSS(hspi->Init.NSS));
 551              		.loc 1 345 3 view .LVU143
 346:Drivers/STM32F1xx_HAL_Driver/Src/stm32f1xx_hal_spi.c ****   assert_param(IS_SPI_BAUDRATE_PRESCALER(hspi->Init.BaudRatePrescaler));
 552              		.loc 1 346 3 view .LVU144
 347:Drivers/STM32F1xx_HAL_Driver/Src/stm32f1xx_hal_spi.c ****   assert_param(IS_SPI_FIRST_BIT(hspi->Init.FirstBit));
 553              		.loc 1 347 3 view .LVU145
 348:Drivers/STM32F1xx_HAL_Driver/Src/stm32f1xx_hal_spi.c ****   /* TI mode is not supported on this device.
 554              		.loc 1 348 3 view .LVU146
 351:Drivers/STM32F1xx_HAL_Driver/Src/stm32f1xx_hal_spi.c ****   if (hspi->Init.TIMode == SPI_TIMODE_DISABLE)
 555              		.loc 1 351 3 view .LVU147
 352:Drivers/STM32F1xx_HAL_Driver/Src/stm32f1xx_hal_spi.c ****   {
 556              		.loc 1 352 3 view .LVU148
 352:Drivers/STM32F1xx_HAL_Driver/Src/stm32f1xx_hal_spi.c ****   {
 557              		.loc 1 352 17 is_stmt 0 view .LVU149
 558 0008 436A     		ldr	r3, [r0, #36]
 352:Drivers/STM32F1xx_HAL_Driver/Src/stm32f1xx_hal_spi.c ****   {
 559              		.loc 1 352 6 view .LVU150
 560 000a 33B9     		cbnz	r3, .L43
 354:Drivers/STM32F1xx_HAL_Driver/Src/stm32f1xx_hal_spi.c ****     assert_param(IS_SPI_CPHA(hspi->Init.CLKPhase));
 561              		.loc 1 354 5 is_stmt 1 view .LVU151
 355:Drivers/STM32F1xx_HAL_Driver/Src/stm32f1xx_hal_spi.c **** 
 562              		.loc 1 355 5 view .LVU152
 357:Drivers/STM32F1xx_HAL_Driver/Src/stm32f1xx_hal_spi.c ****     {
 563              		.loc 1 357 5 view .LVU153
 357:Drivers/STM32F1xx_HAL_Driver/Src/stm32f1xx_hal_spi.c ****     {
 564              		.loc 1 357 19 is_stmt 0 view .LVU154
 565 000c 4368     		ldr	r3, [r0, #4]
 357:Drivers/STM32F1xx_HAL_Driver/Src/stm32f1xx_hal_spi.c ****     {
 566              		.loc 1 357 8 view .LVU155
 567 000e B3F5827F 		cmp	r3, #260
 568 0012 05D0     		beq	.L44
 364:Drivers/STM32F1xx_HAL_Driver/Src/stm32f1xx_hal_spi.c ****     }
 569              		.loc 1 364 7 is_stmt 1 view .LVU156
 364:Drivers/STM32F1xx_HAL_Driver/Src/stm32f1xx_hal_spi.c ****     }
 570              		.loc 1 364 36 is_stmt 0 view .LVU157
 571 0014 0023     		movs	r3, #0
 572 0016 C361     		str	r3, [r0, #28]
 573 0018 02E0     		b	.L44
 574              	.L43:
 369:Drivers/STM32F1xx_HAL_Driver/Src/stm32f1xx_hal_spi.c **** 
 575              		.loc 1 369 5 is_stmt 1 view .LVU158
 372:Drivers/STM32F1xx_HAL_Driver/Src/stm32f1xx_hal_spi.c ****     hspi->Init.CLKPhase    = SPI_PHASE_1EDGE;
 576              		.loc 1 372 5 view .LVU159
 372:Drivers/STM32F1xx_HAL_Driver/Src/stm32f1xx_hal_spi.c ****     hspi->Init.CLKPhase    = SPI_PHASE_1EDGE;
 577              		.loc 1 372 28 is_stmt 0 view .LVU160
 578 001a 0023     		movs	r3, #0
 579 001c 0361     		str	r3, [r0, #16]
 373:Drivers/STM32F1xx_HAL_Driver/Src/stm32f1xx_hal_spi.c ****   }
 580              		.loc 1 373 5 is_stmt 1 view .LVU161
 373:Drivers/STM32F1xx_HAL_Driver/Src/stm32f1xx_hal_spi.c ****   }
ARM GAS  C:\Users\zhmis\AppData\Local\Temp\ccgFfHBP.s 			page 83


 581              		.loc 1 373 28 is_stmt 0 view .LVU162
 582 001e 4361     		str	r3, [r0, #20]
 583              	.L44:
 382:Drivers/STM32F1xx_HAL_Driver/Src/stm32f1xx_hal_spi.c **** #endif /* USE_SPI_CRC */
 584              		.loc 1 382 3 is_stmt 1 view .LVU163
 382:Drivers/STM32F1xx_HAL_Driver/Src/stm32f1xx_hal_spi.c **** #endif /* USE_SPI_CRC */
 585              		.loc 1 382 29 is_stmt 0 view .LVU164
 586 0020 0023     		movs	r3, #0
 587 0022 A362     		str	r3, [r4, #40]
 385:Drivers/STM32F1xx_HAL_Driver/Src/stm32f1xx_hal_spi.c ****   {
 588              		.loc 1 385 3 is_stmt 1 view .LVU165
 385:Drivers/STM32F1xx_HAL_Driver/Src/stm32f1xx_hal_spi.c ****   {
 589              		.loc 1 385 11 is_stmt 0 view .LVU166
 590 0024 94F85130 		ldrb	r3, [r4, #81]	@ zero_extendqisi2
 385:Drivers/STM32F1xx_HAL_Driver/Src/stm32f1xx_hal_spi.c ****   {
 591              		.loc 1 385 6 view .LVU167
 592 0028 002B     		cmp	r3, #0
 593 002a 3CD0     		beq	.L51
 594              	.LVL28:
 595              	.L45:
 414:Drivers/STM32F1xx_HAL_Driver/Src/stm32f1xx_hal_spi.c **** 
 596              		.loc 1 414 3 is_stmt 1 view .LVU168
 414:Drivers/STM32F1xx_HAL_Driver/Src/stm32f1xx_hal_spi.c **** 
 597              		.loc 1 414 15 is_stmt 0 view .LVU169
 598 002c 0223     		movs	r3, #2
 599 002e 84F85130 		strb	r3, [r4, #81]
 417:Drivers/STM32F1xx_HAL_Driver/Src/stm32f1xx_hal_spi.c **** 
 600              		.loc 1 417 3 is_stmt 1 view .LVU170
 601 0032 2268     		ldr	r2, [r4]
 602 0034 1368     		ldr	r3, [r2]
 603 0036 23F04003 		bic	r3, r3, #64
 604 003a 1360     		str	r3, [r2]
 422:Drivers/STM32F1xx_HAL_Driver/Src/stm32f1xx_hal_spi.c ****                                   (hspi->Init.Direction & (SPI_CR1_RXONLY | SPI_CR1_BIDIMODE)) |
 605              		.loc 1 422 3 view .LVU171
 606 003c 6368     		ldr	r3, [r4, #4]
 607 003e 03F48273 		and	r3, r3, #260
 608 0042 A268     		ldr	r2, [r4, #8]
 609 0044 02F40442 		and	r2, r2, #33792
 610 0048 1343     		orrs	r3, r3, r2
 611 004a E268     		ldr	r2, [r4, #12]
 612 004c 02F40062 		and	r2, r2, #2048
 613 0050 1343     		orrs	r3, r3, r2
 614 0052 2269     		ldr	r2, [r4, #16]
 615 0054 02F00202 		and	r2, r2, #2
 616 0058 1343     		orrs	r3, r3, r2
 617 005a 6269     		ldr	r2, [r4, #20]
 618 005c 02F00102 		and	r2, r2, #1
 619 0060 1343     		orrs	r3, r3, r2
 620 0062 A269     		ldr	r2, [r4, #24]
 621 0064 02F40072 		and	r2, r2, #512
 622 0068 1343     		orrs	r3, r3, r2
 623 006a E269     		ldr	r2, [r4, #28]
 624 006c 02F03802 		and	r2, r2, #56
 625 0070 1343     		orrs	r3, r3, r2
 626 0072 226A     		ldr	r2, [r4, #32]
 627 0074 02F08002 		and	r2, r2, #128
 628 0078 1343     		orrs	r3, r3, r2
ARM GAS  C:\Users\zhmis\AppData\Local\Temp\ccgFfHBP.s 			page 84


 629 007a A26A     		ldr	r2, [r4, #40]
 630 007c 02F40052 		and	r2, r2, #8192
 631 0080 2168     		ldr	r1, [r4]
 632 0082 1343     		orrs	r3, r3, r2
 633 0084 0B60     		str	r3, [r1]
 433:Drivers/STM32F1xx_HAL_Driver/Src/stm32f1xx_hal_spi.c **** 
 634              		.loc 1 433 3 view .LVU172
 635 0086 638B     		ldrh	r3, [r4, #26]
 636 0088 2268     		ldr	r2, [r4]
 637 008a 03F00403 		and	r3, r3, #4
 638 008e 5360     		str	r3, [r2, #4]
 446:Drivers/STM32F1xx_HAL_Driver/Src/stm32f1xx_hal_spi.c **** #endif /* SPI_I2SCFGR_I2SMOD */
 639              		.loc 1 446 3 view .LVU173
 640 0090 2268     		ldr	r2, [r4]
 641 0092 D369     		ldr	r3, [r2, #28]
 642 0094 23F40063 		bic	r3, r3, #2048
 643 0098 D361     		str	r3, [r2, #28]
 449:Drivers/STM32F1xx_HAL_Driver/Src/stm32f1xx_hal_spi.c ****   hspi->State     = HAL_SPI_STATE_READY;
 644              		.loc 1 449 3 view .LVU174
 449:Drivers/STM32F1xx_HAL_Driver/Src/stm32f1xx_hal_spi.c ****   hspi->State     = HAL_SPI_STATE_READY;
 645              		.loc 1 449 19 is_stmt 0 view .LVU175
 646 009a 0020     		movs	r0, #0
 647 009c 6065     		str	r0, [r4, #84]
 450:Drivers/STM32F1xx_HAL_Driver/Src/stm32f1xx_hal_spi.c **** 
 648              		.loc 1 450 3 is_stmt 1 view .LVU176
 450:Drivers/STM32F1xx_HAL_Driver/Src/stm32f1xx_hal_spi.c **** 
 649              		.loc 1 450 19 is_stmt 0 view .LVU177
 650 009e 0123     		movs	r3, #1
 651 00a0 84F85130 		strb	r3, [r4, #81]
 452:Drivers/STM32F1xx_HAL_Driver/Src/stm32f1xx_hal_spi.c **** }
 652              		.loc 1 452 3 is_stmt 1 view .LVU178
 453:Drivers/STM32F1xx_HAL_Driver/Src/stm32f1xx_hal_spi.c **** 
 653              		.loc 1 453 1 is_stmt 0 view .LVU179
 654 00a4 10BD     		pop	{r4, pc}
 655              	.LVL29:
 656              	.L51:
 388:Drivers/STM32F1xx_HAL_Driver/Src/stm32f1xx_hal_spi.c **** 
 657              		.loc 1 388 5 is_stmt 1 view .LVU180
 388:Drivers/STM32F1xx_HAL_Driver/Src/stm32f1xx_hal_spi.c **** 
 658              		.loc 1 388 16 is_stmt 0 view .LVU181
 659 00a6 84F85030 		strb	r3, [r4, #80]
 410:Drivers/STM32F1xx_HAL_Driver/Src/stm32f1xx_hal_spi.c **** #endif /* USE_HAL_SPI_REGISTER_CALLBACKS */
 660              		.loc 1 410 5 is_stmt 1 view .LVU182
 661 00aa 2046     		mov	r0, r4
 662              	.LVL30:
 410:Drivers/STM32F1xx_HAL_Driver/Src/stm32f1xx_hal_spi.c **** #endif /* USE_HAL_SPI_REGISTER_CALLBACKS */
 663              		.loc 1 410 5 is_stmt 0 view .LVU183
 664 00ac FFF7FEFF 		bl	HAL_SPI_MspInit
 665              	.LVL31:
 666 00b0 BCE7     		b	.L45
 667              	.LVL32:
 668              	.L46:
 669              		.cfi_def_cfa_offset 0
 670              		.cfi_restore 4
 671              		.cfi_restore 14
 338:Drivers/STM32F1xx_HAL_Driver/Src/stm32f1xx_hal_spi.c ****   }
 672              		.loc 1 338 12 view .LVU184
ARM GAS  C:\Users\zhmis\AppData\Local\Temp\ccgFfHBP.s 			page 85


 673 00b2 0120     		movs	r0, #1
 674              	.LVL33:
 453:Drivers/STM32F1xx_HAL_Driver/Src/stm32f1xx_hal_spi.c **** 
 675              		.loc 1 453 1 view .LVU185
 676 00b4 7047     		bx	lr
 677              		.cfi_endproc
 678              	.LFE65:
 680              		.section	.text.HAL_SPI_MspDeInit,"ax",%progbits
 681              		.align	1
 682              		.weak	HAL_SPI_MspDeInit
 683              		.syntax unified
 684              		.thumb
 685              		.thumb_func
 687              	HAL_SPI_MspDeInit:
 688              	.LVL34:
 689              	.LFB68:
 522:Drivers/STM32F1xx_HAL_Driver/Src/stm32f1xx_hal_spi.c ****   /* Prevent unused argument(s) compilation warning */
 690              		.loc 1 522 1 is_stmt 1 view -0
 691              		.cfi_startproc
 692              		@ args = 0, pretend = 0, frame = 0
 693              		@ frame_needed = 0, uses_anonymous_args = 0
 694              		@ link register save eliminated.
 524:Drivers/STM32F1xx_HAL_Driver/Src/stm32f1xx_hal_spi.c **** 
 695              		.loc 1 524 3 view .LVU187
 529:Drivers/STM32F1xx_HAL_Driver/Src/stm32f1xx_hal_spi.c **** 
 696              		.loc 1 529 1 is_stmt 0 view .LVU188
 697 0000 7047     		bx	lr
 698              		.cfi_endproc
 699              	.LFE68:
 701              		.section	.text.HAL_SPI_DeInit,"ax",%progbits
 702              		.align	1
 703              		.global	HAL_SPI_DeInit
 704              		.syntax unified
 705              		.thumb
 706              		.thumb_func
 708              	HAL_SPI_DeInit:
 709              	.LVL35:
 710              	.LFB66:
 462:Drivers/STM32F1xx_HAL_Driver/Src/stm32f1xx_hal_spi.c ****   /* Check the SPI handle allocation */
 711              		.loc 1 462 1 is_stmt 1 view -0
 712              		.cfi_startproc
 713              		@ args = 0, pretend = 0, frame = 0
 714              		@ frame_needed = 0, uses_anonymous_args = 0
 464:Drivers/STM32F1xx_HAL_Driver/Src/stm32f1xx_hal_spi.c ****   {
 715              		.loc 1 464 3 view .LVU190
 464:Drivers/STM32F1xx_HAL_Driver/Src/stm32f1xx_hal_spi.c ****   {
 716              		.loc 1 464 6 is_stmt 0 view .LVU191
 717 0000 90B1     		cbz	r0, .L55
 462:Drivers/STM32F1xx_HAL_Driver/Src/stm32f1xx_hal_spi.c ****   /* Check the SPI handle allocation */
 718              		.loc 1 462 1 view .LVU192
 719 0002 10B5     		push	{r4, lr}
 720              		.cfi_def_cfa_offset 8
 721              		.cfi_offset 4, -8
 722              		.cfi_offset 14, -4
 723 0004 0446     		mov	r4, r0
 470:Drivers/STM32F1xx_HAL_Driver/Src/stm32f1xx_hal_spi.c **** 
 724              		.loc 1 470 3 is_stmt 1 view .LVU193
ARM GAS  C:\Users\zhmis\AppData\Local\Temp\ccgFfHBP.s 			page 86


 472:Drivers/STM32F1xx_HAL_Driver/Src/stm32f1xx_hal_spi.c **** 
 725              		.loc 1 472 3 view .LVU194
 472:Drivers/STM32F1xx_HAL_Driver/Src/stm32f1xx_hal_spi.c **** 
 726              		.loc 1 472 15 is_stmt 0 view .LVU195
 727 0006 0223     		movs	r3, #2
 728 0008 80F85130 		strb	r3, [r0, #81]
 475:Drivers/STM32F1xx_HAL_Driver/Src/stm32f1xx_hal_spi.c **** 
 729              		.loc 1 475 3 is_stmt 1 view .LVU196
 730 000c 0268     		ldr	r2, [r0]
 731 000e 1368     		ldr	r3, [r2]
 732 0010 23F04003 		bic	r3, r3, #64
 733 0014 1360     		str	r3, [r2]
 487:Drivers/STM32F1xx_HAL_Driver/Src/stm32f1xx_hal_spi.c **** #endif /* USE_HAL_SPI_REGISTER_CALLBACKS */
 734              		.loc 1 487 3 view .LVU197
 735 0016 FFF7FEFF 		bl	HAL_SPI_MspDeInit
 736              	.LVL36:
 490:Drivers/STM32F1xx_HAL_Driver/Src/stm32f1xx_hal_spi.c ****   hspi->State = HAL_SPI_STATE_RESET;
 737              		.loc 1 490 3 view .LVU198
 490:Drivers/STM32F1xx_HAL_Driver/Src/stm32f1xx_hal_spi.c ****   hspi->State = HAL_SPI_STATE_RESET;
 738              		.loc 1 490 19 is_stmt 0 view .LVU199
 739 001a 0020     		movs	r0, #0
 740 001c 6065     		str	r0, [r4, #84]
 491:Drivers/STM32F1xx_HAL_Driver/Src/stm32f1xx_hal_spi.c **** 
 741              		.loc 1 491 3 is_stmt 1 view .LVU200
 491:Drivers/STM32F1xx_HAL_Driver/Src/stm32f1xx_hal_spi.c **** 
 742              		.loc 1 491 15 is_stmt 0 view .LVU201
 743 001e 84F85100 		strb	r0, [r4, #81]
 494:Drivers/STM32F1xx_HAL_Driver/Src/stm32f1xx_hal_spi.c **** 
 744              		.loc 1 494 3 is_stmt 1 view .LVU202
 494:Drivers/STM32F1xx_HAL_Driver/Src/stm32f1xx_hal_spi.c **** 
 745              		.loc 1 494 3 view .LVU203
 746 0022 84F85000 		strb	r0, [r4, #80]
 494:Drivers/STM32F1xx_HAL_Driver/Src/stm32f1xx_hal_spi.c **** 
 747              		.loc 1 494 3 view .LVU204
 496:Drivers/STM32F1xx_HAL_Driver/Src/stm32f1xx_hal_spi.c **** }
 748              		.loc 1 496 3 view .LVU205
 497:Drivers/STM32F1xx_HAL_Driver/Src/stm32f1xx_hal_spi.c **** 
 749              		.loc 1 497 1 is_stmt 0 view .LVU206
 750 0026 10BD     		pop	{r4, pc}
 751              	.LVL37:
 752              	.L55:
 753              		.cfi_def_cfa_offset 0
 754              		.cfi_restore 4
 755              		.cfi_restore 14
 466:Drivers/STM32F1xx_HAL_Driver/Src/stm32f1xx_hal_spi.c ****   }
 756              		.loc 1 466 12 view .LVU207
 757 0028 0120     		movs	r0, #1
 758              	.LVL38:
 497:Drivers/STM32F1xx_HAL_Driver/Src/stm32f1xx_hal_spi.c **** 
 759              		.loc 1 497 1 view .LVU208
 760 002a 7047     		bx	lr
 761              		.cfi_endproc
 762              	.LFE66:
 764              		.section	.text.HAL_SPI_Transmit,"ax",%progbits
 765              		.align	1
 766              		.global	HAL_SPI_Transmit
 767              		.syntax unified
ARM GAS  C:\Users\zhmis\AppData\Local\Temp\ccgFfHBP.s 			page 87


 768              		.thumb
 769              		.thumb_func
 771              	HAL_SPI_Transmit:
 772              	.LVL39:
 773              	.LFB69:
 794:Drivers/STM32F1xx_HAL_Driver/Src/stm32f1xx_hal_spi.c ****   uint32_t tickstart;
 774              		.loc 1 794 1 is_stmt 1 view -0
 775              		.cfi_startproc
 776              		@ args = 0, pretend = 0, frame = 8
 777              		@ frame_needed = 0, uses_anonymous_args = 0
 794:Drivers/STM32F1xx_HAL_Driver/Src/stm32f1xx_hal_spi.c ****   uint32_t tickstart;
 778              		.loc 1 794 1 is_stmt 0 view .LVU210
 779 0000 2DE9F043 		push	{r4, r5, r6, r7, r8, r9, lr}
 780              		.cfi_def_cfa_offset 28
 781              		.cfi_offset 4, -28
 782              		.cfi_offset 5, -24
 783              		.cfi_offset 6, -20
 784              		.cfi_offset 7, -16
 785              		.cfi_offset 8, -12
 786              		.cfi_offset 9, -8
 787              		.cfi_offset 14, -4
 788 0004 83B0     		sub	sp, sp, #12
 789              		.cfi_def_cfa_offset 40
 790 0006 1D46     		mov	r5, r3
 795:Drivers/STM32F1xx_HAL_Driver/Src/stm32f1xx_hal_spi.c ****   HAL_StatusTypeDef errorcode = HAL_OK;
 791              		.loc 1 795 3 is_stmt 1 view .LVU211
 796:Drivers/STM32F1xx_HAL_Driver/Src/stm32f1xx_hal_spi.c ****   uint16_t initial_TxXferCount;
 792              		.loc 1 796 3 view .LVU212
 793              	.LVL40:
 797:Drivers/STM32F1xx_HAL_Driver/Src/stm32f1xx_hal_spi.c **** 
 794              		.loc 1 797 3 view .LVU213
 800:Drivers/STM32F1xx_HAL_Driver/Src/stm32f1xx_hal_spi.c **** 
 795              		.loc 1 800 3 view .LVU214
 803:Drivers/STM32F1xx_HAL_Driver/Src/stm32f1xx_hal_spi.c **** 
 796              		.loc 1 803 3 view .LVU215
 803:Drivers/STM32F1xx_HAL_Driver/Src/stm32f1xx_hal_spi.c **** 
 797              		.loc 1 803 3 view .LVU216
 798 0008 90F85030 		ldrb	r3, [r0, #80]	@ zero_extendqisi2
 799              	.LVL41:
 803:Drivers/STM32F1xx_HAL_Driver/Src/stm32f1xx_hal_spi.c **** 
 800              		.loc 1 803 3 is_stmt 0 view .LVU217
 801 000c 012B     		cmp	r3, #1
 802 000e 00F0D180 		beq	.L85
 803 0012 0446     		mov	r4, r0
 804 0014 8846     		mov	r8, r1
 805 0016 9146     		mov	r9, r2
 803:Drivers/STM32F1xx_HAL_Driver/Src/stm32f1xx_hal_spi.c **** 
 806              		.loc 1 803 3 is_stmt 1 discriminator 2 view .LVU218
 807 0018 0123     		movs	r3, #1
 808 001a 80F85030 		strb	r3, [r0, #80]
 803:Drivers/STM32F1xx_HAL_Driver/Src/stm32f1xx_hal_spi.c **** 
 809              		.loc 1 803 3 discriminator 2 view .LVU219
 806:Drivers/STM32F1xx_HAL_Driver/Src/stm32f1xx_hal_spi.c ****   initial_TxXferCount = Size;
 810              		.loc 1 806 3 view .LVU220
 806:Drivers/STM32F1xx_HAL_Driver/Src/stm32f1xx_hal_spi.c ****   initial_TxXferCount = Size;
 811              		.loc 1 806 15 is_stmt 0 view .LVU221
 812 001e FFF7FEFF 		bl	HAL_GetTick
ARM GAS  C:\Users\zhmis\AppData\Local\Temp\ccgFfHBP.s 			page 88


 813              	.LVL42:
 806:Drivers/STM32F1xx_HAL_Driver/Src/stm32f1xx_hal_spi.c ****   initial_TxXferCount = Size;
 814              		.loc 1 806 15 view .LVU222
 815 0022 0746     		mov	r7, r0
 816              	.LVL43:
 807:Drivers/STM32F1xx_HAL_Driver/Src/stm32f1xx_hal_spi.c **** 
 817              		.loc 1 807 3 is_stmt 1 view .LVU223
 809:Drivers/STM32F1xx_HAL_Driver/Src/stm32f1xx_hal_spi.c ****   {
 818              		.loc 1 809 3 view .LVU224
 809:Drivers/STM32F1xx_HAL_Driver/Src/stm32f1xx_hal_spi.c ****   {
 819              		.loc 1 809 11 is_stmt 0 view .LVU225
 820 0024 94F85160 		ldrb	r6, [r4, #81]	@ zero_extendqisi2
 821 0028 F6B2     		uxtb	r6, r6
 809:Drivers/STM32F1xx_HAL_Driver/Src/stm32f1xx_hal_spi.c ****   {
 822              		.loc 1 809 6 view .LVU226
 823 002a 012E     		cmp	r6, #1
 824 002c 40F0BA80 		bne	.L86
 815:Drivers/STM32F1xx_HAL_Driver/Src/stm32f1xx_hal_spi.c ****   {
 825              		.loc 1 815 3 is_stmt 1 view .LVU227
 815:Drivers/STM32F1xx_HAL_Driver/Src/stm32f1xx_hal_spi.c ****   {
 826              		.loc 1 815 6 is_stmt 0 view .LVU228
 827 0030 B8F1000F 		cmp	r8, #0
 828 0034 00F0B780 		beq	.L62
 815:Drivers/STM32F1xx_HAL_Driver/Src/stm32f1xx_hal_spi.c ****   {
 829              		.loc 1 815 23 discriminator 1 view .LVU229
 830 0038 B9F1000F 		cmp	r9, #0
 831 003c 00F0B380 		beq	.L62
 822:Drivers/STM32F1xx_HAL_Driver/Src/stm32f1xx_hal_spi.c ****   hspi->ErrorCode   = HAL_SPI_ERROR_NONE;
 832              		.loc 1 822 3 is_stmt 1 view .LVU230
 822:Drivers/STM32F1xx_HAL_Driver/Src/stm32f1xx_hal_spi.c ****   hspi->ErrorCode   = HAL_SPI_ERROR_NONE;
 833              		.loc 1 822 21 is_stmt 0 view .LVU231
 834 0040 0323     		movs	r3, #3
 835 0042 84F85130 		strb	r3, [r4, #81]
 823:Drivers/STM32F1xx_HAL_Driver/Src/stm32f1xx_hal_spi.c ****   hspi->pTxBuffPtr  = (uint8_t *)pData;
 836              		.loc 1 823 3 is_stmt 1 view .LVU232
 823:Drivers/STM32F1xx_HAL_Driver/Src/stm32f1xx_hal_spi.c ****   hspi->pTxBuffPtr  = (uint8_t *)pData;
 837              		.loc 1 823 21 is_stmt 0 view .LVU233
 838 0046 0023     		movs	r3, #0
 839 0048 6365     		str	r3, [r4, #84]
 824:Drivers/STM32F1xx_HAL_Driver/Src/stm32f1xx_hal_spi.c ****   hspi->TxXferSize  = Size;
 840              		.loc 1 824 3 is_stmt 1 view .LVU234
 824:Drivers/STM32F1xx_HAL_Driver/Src/stm32f1xx_hal_spi.c ****   hspi->TxXferSize  = Size;
 841              		.loc 1 824 21 is_stmt 0 view .LVU235
 842 004a C4F83080 		str	r8, [r4, #48]
 825:Drivers/STM32F1xx_HAL_Driver/Src/stm32f1xx_hal_spi.c ****   hspi->TxXferCount = Size;
 843              		.loc 1 825 3 is_stmt 1 view .LVU236
 825:Drivers/STM32F1xx_HAL_Driver/Src/stm32f1xx_hal_spi.c ****   hspi->TxXferCount = Size;
 844              		.loc 1 825 21 is_stmt 0 view .LVU237
 845 004e A4F83490 		strh	r9, [r4, #52]	@ movhi
 826:Drivers/STM32F1xx_HAL_Driver/Src/stm32f1xx_hal_spi.c **** 
 846              		.loc 1 826 3 is_stmt 1 view .LVU238
 826:Drivers/STM32F1xx_HAL_Driver/Src/stm32f1xx_hal_spi.c **** 
 847              		.loc 1 826 21 is_stmt 0 view .LVU239
 848 0052 A4F83690 		strh	r9, [r4, #54]	@ movhi
 829:Drivers/STM32F1xx_HAL_Driver/Src/stm32f1xx_hal_spi.c ****   hspi->RxXferSize  = 0U;
 849              		.loc 1 829 3 is_stmt 1 view .LVU240
 829:Drivers/STM32F1xx_HAL_Driver/Src/stm32f1xx_hal_spi.c ****   hspi->RxXferSize  = 0U;
ARM GAS  C:\Users\zhmis\AppData\Local\Temp\ccgFfHBP.s 			page 89


 850              		.loc 1 829 21 is_stmt 0 view .LVU241
 851 0056 A363     		str	r3, [r4, #56]
 830:Drivers/STM32F1xx_HAL_Driver/Src/stm32f1xx_hal_spi.c ****   hspi->RxXferCount = 0U;
 852              		.loc 1 830 3 is_stmt 1 view .LVU242
 830:Drivers/STM32F1xx_HAL_Driver/Src/stm32f1xx_hal_spi.c ****   hspi->RxXferCount = 0U;
 853              		.loc 1 830 21 is_stmt 0 view .LVU243
 854 0058 A387     		strh	r3, [r4, #60]	@ movhi
 831:Drivers/STM32F1xx_HAL_Driver/Src/stm32f1xx_hal_spi.c ****   hspi->TxISR       = NULL;
 855              		.loc 1 831 3 is_stmt 1 view .LVU244
 831:Drivers/STM32F1xx_HAL_Driver/Src/stm32f1xx_hal_spi.c ****   hspi->TxISR       = NULL;
 856              		.loc 1 831 21 is_stmt 0 view .LVU245
 857 005a E387     		strh	r3, [r4, #62]	@ movhi
 832:Drivers/STM32F1xx_HAL_Driver/Src/stm32f1xx_hal_spi.c ****   hspi->RxISR       = NULL;
 858              		.loc 1 832 3 is_stmt 1 view .LVU246
 832:Drivers/STM32F1xx_HAL_Driver/Src/stm32f1xx_hal_spi.c ****   hspi->RxISR       = NULL;
 859              		.loc 1 832 21 is_stmt 0 view .LVU247
 860 005c 6364     		str	r3, [r4, #68]
 833:Drivers/STM32F1xx_HAL_Driver/Src/stm32f1xx_hal_spi.c **** 
 861              		.loc 1 833 3 is_stmt 1 view .LVU248
 833:Drivers/STM32F1xx_HAL_Driver/Src/stm32f1xx_hal_spi.c **** 
 862              		.loc 1 833 21 is_stmt 0 view .LVU249
 863 005e 2364     		str	r3, [r4, #64]
 836:Drivers/STM32F1xx_HAL_Driver/Src/stm32f1xx_hal_spi.c ****   {
 864              		.loc 1 836 3 is_stmt 1 view .LVU250
 836:Drivers/STM32F1xx_HAL_Driver/Src/stm32f1xx_hal_spi.c ****   {
 865              		.loc 1 836 17 is_stmt 0 view .LVU251
 866 0060 A368     		ldr	r3, [r4, #8]
 836:Drivers/STM32F1xx_HAL_Driver/Src/stm32f1xx_hal_spi.c ****   {
 867              		.loc 1 836 6 view .LVU252
 868 0062 B3F5004F 		cmp	r3, #32768
 869 0066 1ED0     		beq	.L88
 870              	.L63:
 852:Drivers/STM32F1xx_HAL_Driver/Src/stm32f1xx_hal_spi.c ****   {
 871              		.loc 1 852 3 is_stmt 1 view .LVU253
 852:Drivers/STM32F1xx_HAL_Driver/Src/stm32f1xx_hal_spi.c ****   {
 872              		.loc 1 852 12 is_stmt 0 view .LVU254
 873 0068 2368     		ldr	r3, [r4]
 852:Drivers/STM32F1xx_HAL_Driver/Src/stm32f1xx_hal_spi.c ****   {
 874              		.loc 1 852 22 view .LVU255
 875 006a 1A68     		ldr	r2, [r3]
 852:Drivers/STM32F1xx_HAL_Driver/Src/stm32f1xx_hal_spi.c ****   {
 876              		.loc 1 852 6 view .LVU256
 877 006c 12F0400F 		tst	r2, #64
 878 0070 03D1     		bne	.L64
 855:Drivers/STM32F1xx_HAL_Driver/Src/stm32f1xx_hal_spi.c ****   }
 879              		.loc 1 855 5 is_stmt 1 view .LVU257
 880 0072 1A68     		ldr	r2, [r3]
 881 0074 42F04002 		orr	r2, r2, #64
 882 0078 1A60     		str	r2, [r3]
 883              	.L64:
 859:Drivers/STM32F1xx_HAL_Driver/Src/stm32f1xx_hal_spi.c ****   {
 884              		.loc 1 859 3 view .LVU258
 859:Drivers/STM32F1xx_HAL_Driver/Src/stm32f1xx_hal_spi.c ****   {
 885              		.loc 1 859 17 is_stmt 0 view .LVU259
 886 007a E368     		ldr	r3, [r4, #12]
 859:Drivers/STM32F1xx_HAL_Driver/Src/stm32f1xx_hal_spi.c ****   {
 887              		.loc 1 859 6 view .LVU260
ARM GAS  C:\Users\zhmis\AppData\Local\Temp\ccgFfHBP.s 			page 90


 888 007c B3F5006F 		cmp	r3, #2048
 889 0080 1CD0     		beq	.L89
 892:Drivers/STM32F1xx_HAL_Driver/Src/stm32f1xx_hal_spi.c ****     {
 890              		.loc 1 892 5 is_stmt 1 view .LVU261
 892:Drivers/STM32F1xx_HAL_Driver/Src/stm32f1xx_hal_spi.c ****     {
 891              		.loc 1 892 20 is_stmt 0 view .LVU262
 892 0082 6368     		ldr	r3, [r4, #4]
 892:Drivers/STM32F1xx_HAL_Driver/Src/stm32f1xx_hal_spi.c ****     {
 893              		.loc 1 892 8 view .LVU263
 894 0084 13B1     		cbz	r3, .L75
 892:Drivers/STM32F1xx_HAL_Driver/Src/stm32f1xx_hal_spi.c ****     {
 895              		.loc 1 892 45 discriminator 1 view .LVU264
 896 0086 B9F1010F 		cmp	r9, #1
 897 008a 55D1     		bne	.L77
 898              	.L75:
 894:Drivers/STM32F1xx_HAL_Driver/Src/stm32f1xx_hal_spi.c ****       hspi->pTxBuffPtr += sizeof(uint8_t);
 899              		.loc 1 894 7 is_stmt 1 view .LVU265
 894:Drivers/STM32F1xx_HAL_Driver/Src/stm32f1xx_hal_spi.c ****       hspi->pTxBuffPtr += sizeof(uint8_t);
 900              		.loc 1 894 54 is_stmt 0 view .LVU266
 901 008c 226B     		ldr	r2, [r4, #48]
 894:Drivers/STM32F1xx_HAL_Driver/Src/stm32f1xx_hal_spi.c ****       hspi->pTxBuffPtr += sizeof(uint8_t);
 902              		.loc 1 894 30 view .LVU267
 903 008e 2368     		ldr	r3, [r4]
 894:Drivers/STM32F1xx_HAL_Driver/Src/stm32f1xx_hal_spi.c ****       hspi->pTxBuffPtr += sizeof(uint8_t);
 904              		.loc 1 894 49 view .LVU268
 905 0090 1278     		ldrb	r2, [r2]	@ zero_extendqisi2
 894:Drivers/STM32F1xx_HAL_Driver/Src/stm32f1xx_hal_spi.c ****       hspi->pTxBuffPtr += sizeof(uint8_t);
 906              		.loc 1 894 46 view .LVU269
 907 0092 1A73     		strb	r2, [r3, #12]
 895:Drivers/STM32F1xx_HAL_Driver/Src/stm32f1xx_hal_spi.c ****       hspi->TxXferCount--;
 908              		.loc 1 895 7 is_stmt 1 view .LVU270
 895:Drivers/STM32F1xx_HAL_Driver/Src/stm32f1xx_hal_spi.c ****       hspi->TxXferCount--;
 909              		.loc 1 895 11 is_stmt 0 view .LVU271
 910 0094 236B     		ldr	r3, [r4, #48]
 895:Drivers/STM32F1xx_HAL_Driver/Src/stm32f1xx_hal_spi.c ****       hspi->TxXferCount--;
 911              		.loc 1 895 24 view .LVU272
 912 0096 0133     		adds	r3, r3, #1
 913 0098 2363     		str	r3, [r4, #48]
 896:Drivers/STM32F1xx_HAL_Driver/Src/stm32f1xx_hal_spi.c ****     }
 914              		.loc 1 896 7 is_stmt 1 view .LVU273
 896:Drivers/STM32F1xx_HAL_Driver/Src/stm32f1xx_hal_spi.c ****     }
 915              		.loc 1 896 11 is_stmt 0 view .LVU274
 916 009a E38E     		ldrh	r3, [r4, #54]
 917 009c 9BB2     		uxth	r3, r3
 896:Drivers/STM32F1xx_HAL_Driver/Src/stm32f1xx_hal_spi.c ****     }
 918              		.loc 1 896 24 view .LVU275
 919 009e 013B     		subs	r3, r3, #1
 920 00a0 9BB2     		uxth	r3, r3
 921 00a2 E386     		strh	r3, [r4, #54]	@ movhi
 922 00a4 48E0     		b	.L77
 923              	.L88:
 839:Drivers/STM32F1xx_HAL_Driver/Src/stm32f1xx_hal_spi.c ****     SPI_1LINE_TX(hspi);
 924              		.loc 1 839 5 is_stmt 1 view .LVU276
 925 00a6 2268     		ldr	r2, [r4]
 926 00a8 1368     		ldr	r3, [r2]
 927 00aa 23F04003 		bic	r3, r3, #64
 928 00ae 1360     		str	r3, [r2]
ARM GAS  C:\Users\zhmis\AppData\Local\Temp\ccgFfHBP.s 			page 91


 840:Drivers/STM32F1xx_HAL_Driver/Src/stm32f1xx_hal_spi.c ****   }
 929              		.loc 1 840 5 view .LVU277
 930 00b0 2268     		ldr	r2, [r4]
 931 00b2 1368     		ldr	r3, [r2]
 932 00b4 43F48043 		orr	r3, r3, #16384
 933 00b8 1360     		str	r3, [r2]
 934 00ba D5E7     		b	.L63
 935              	.L89:
 861:Drivers/STM32F1xx_HAL_Driver/Src/stm32f1xx_hal_spi.c ****     {
 936              		.loc 1 861 5 view .LVU278
 861:Drivers/STM32F1xx_HAL_Driver/Src/stm32f1xx_hal_spi.c ****     {
 937              		.loc 1 861 20 is_stmt 0 view .LVU279
 938 00bc 6368     		ldr	r3, [r4, #4]
 861:Drivers/STM32F1xx_HAL_Driver/Src/stm32f1xx_hal_spi.c ****     {
 939              		.loc 1 861 8 view .LVU280
 940 00be 13B1     		cbz	r3, .L66
 861:Drivers/STM32F1xx_HAL_Driver/Src/stm32f1xx_hal_spi.c ****     {
 941              		.loc 1 861 45 discriminator 1 view .LVU281
 942 00c0 B9F1010F 		cmp	r9, #1
 943 00c4 15D1     		bne	.L68
 944              	.L66:
 863:Drivers/STM32F1xx_HAL_Driver/Src/stm32f1xx_hal_spi.c ****       hspi->pTxBuffPtr += sizeof(uint16_t);
 945              		.loc 1 863 7 is_stmt 1 view .LVU282
 863:Drivers/STM32F1xx_HAL_Driver/Src/stm32f1xx_hal_spi.c ****       hspi->pTxBuffPtr += sizeof(uint16_t);
 946              		.loc 1 863 46 is_stmt 0 view .LVU283
 947 00c6 226B     		ldr	r2, [r4, #48]
 863:Drivers/STM32F1xx_HAL_Driver/Src/stm32f1xx_hal_spi.c ****       hspi->pTxBuffPtr += sizeof(uint16_t);
 948              		.loc 1 863 11 view .LVU284
 949 00c8 2368     		ldr	r3, [r4]
 863:Drivers/STM32F1xx_HAL_Driver/Src/stm32f1xx_hal_spi.c ****       hspi->pTxBuffPtr += sizeof(uint16_t);
 950              		.loc 1 863 28 view .LVU285
 951 00ca 1288     		ldrh	r2, [r2]
 863:Drivers/STM32F1xx_HAL_Driver/Src/stm32f1xx_hal_spi.c ****       hspi->pTxBuffPtr += sizeof(uint16_t);
 952              		.loc 1 863 26 view .LVU286
 953 00cc DA60     		str	r2, [r3, #12]
 864:Drivers/STM32F1xx_HAL_Driver/Src/stm32f1xx_hal_spi.c ****       hspi->TxXferCount--;
 954              		.loc 1 864 7 is_stmt 1 view .LVU287
 864:Drivers/STM32F1xx_HAL_Driver/Src/stm32f1xx_hal_spi.c ****       hspi->TxXferCount--;
 955              		.loc 1 864 11 is_stmt 0 view .LVU288
 956 00ce 236B     		ldr	r3, [r4, #48]
 864:Drivers/STM32F1xx_HAL_Driver/Src/stm32f1xx_hal_spi.c ****       hspi->TxXferCount--;
 957              		.loc 1 864 24 view .LVU289
 958 00d0 0233     		adds	r3, r3, #2
 959 00d2 2363     		str	r3, [r4, #48]
 865:Drivers/STM32F1xx_HAL_Driver/Src/stm32f1xx_hal_spi.c ****     }
 960              		.loc 1 865 7 is_stmt 1 view .LVU290
 865:Drivers/STM32F1xx_HAL_Driver/Src/stm32f1xx_hal_spi.c ****     }
 961              		.loc 1 865 11 is_stmt 0 view .LVU291
 962 00d4 E38E     		ldrh	r3, [r4, #54]
 963 00d6 9BB2     		uxth	r3, r3
 865:Drivers/STM32F1xx_HAL_Driver/Src/stm32f1xx_hal_spi.c ****     }
 964              		.loc 1 865 24 view .LVU292
 965 00d8 013B     		subs	r3, r3, #1
 966 00da 9BB2     		uxth	r3, r3
 967 00dc E386     		strh	r3, [r4, #54]	@ movhi
 968 00de 08E0     		b	.L68
 969              	.LVL44:
ARM GAS  C:\Users\zhmis\AppData\Local\Temp\ccgFfHBP.s 			page 92


 970              	.L69:
 880:Drivers/STM32F1xx_HAL_Driver/Src/stm32f1xx_hal_spi.c ****         {
 971              		.loc 1 880 9 is_stmt 1 view .LVU293
 880:Drivers/STM32F1xx_HAL_Driver/Src/stm32f1xx_hal_spi.c ****         {
 972              		.loc 1 880 16 is_stmt 0 view .LVU294
 973 00e0 FFF7FEFF 		bl	HAL_GetTick
 974              	.LVL45:
 880:Drivers/STM32F1xx_HAL_Driver/Src/stm32f1xx_hal_spi.c ****         {
 975              		.loc 1 880 30 discriminator 1 view .LVU295
 976 00e4 C01B     		subs	r0, r0, r7
 880:Drivers/STM32F1xx_HAL_Driver/Src/stm32f1xx_hal_spi.c ****         {
 977              		.loc 1 880 12 discriminator 1 view .LVU296
 978 00e6 A842     		cmp	r0, r5
 979 00e8 02D3     		bcc	.L71
 880:Drivers/STM32F1xx_HAL_Driver/Src/stm32f1xx_hal_spi.c ****         {
 980              		.loc 1 880 56 discriminator 1 view .LVU297
 981 00ea B5F1FF3F 		cmp	r5, #-1
 982 00ee 15D1     		bne	.L72
 983              	.L71:
 880:Drivers/STM32F1xx_HAL_Driver/Src/stm32f1xx_hal_spi.c ****         {
 984              		.loc 1 880 87 discriminator 3 view .LVU298
 985 00f0 A5B1     		cbz	r5, .L72
 986              	.L68:
 868:Drivers/STM32F1xx_HAL_Driver/Src/stm32f1xx_hal_spi.c ****     {
 987              		.loc 1 868 30 is_stmt 1 view .LVU299
 868:Drivers/STM32F1xx_HAL_Driver/Src/stm32f1xx_hal_spi.c ****     {
 988              		.loc 1 868 16 is_stmt 0 view .LVU300
 989 00f2 E38E     		ldrh	r3, [r4, #54]
 990 00f4 9BB2     		uxth	r3, r3
 868:Drivers/STM32F1xx_HAL_Driver/Src/stm32f1xx_hal_spi.c ****     {
 991              		.loc 1 868 30 view .LVU301
 992 00f6 002B     		cmp	r3, #0
 993 00f8 3CD0     		beq	.L74
 871:Drivers/STM32F1xx_HAL_Driver/Src/stm32f1xx_hal_spi.c ****       {
 994              		.loc 1 871 7 is_stmt 1 view .LVU302
 871:Drivers/STM32F1xx_HAL_Driver/Src/stm32f1xx_hal_spi.c ****       {
 995              		.loc 1 871 11 is_stmt 0 view .LVU303
 996 00fa 2368     		ldr	r3, [r4]
 997 00fc 9A68     		ldr	r2, [r3, #8]
 871:Drivers/STM32F1xx_HAL_Driver/Src/stm32f1xx_hal_spi.c ****       {
 998              		.loc 1 871 10 view .LVU304
 999 00fe 12F0020F 		tst	r2, #2
 1000 0102 EDD0     		beq	.L69
 873:Drivers/STM32F1xx_HAL_Driver/Src/stm32f1xx_hal_spi.c ****         hspi->pTxBuffPtr += sizeof(uint16_t);
 1001              		.loc 1 873 9 is_stmt 1 view .LVU305
 873:Drivers/STM32F1xx_HAL_Driver/Src/stm32f1xx_hal_spi.c ****         hspi->pTxBuffPtr += sizeof(uint16_t);
 1002              		.loc 1 873 48 is_stmt 0 view .LVU306
 1003 0104 226B     		ldr	r2, [r4, #48]
 873:Drivers/STM32F1xx_HAL_Driver/Src/stm32f1xx_hal_spi.c ****         hspi->pTxBuffPtr += sizeof(uint16_t);
 1004              		.loc 1 873 30 view .LVU307
 1005 0106 1288     		ldrh	r2, [r2]
 873:Drivers/STM32F1xx_HAL_Driver/Src/stm32f1xx_hal_spi.c ****         hspi->pTxBuffPtr += sizeof(uint16_t);
 1006              		.loc 1 873 28 view .LVU308
 1007 0108 DA60     		str	r2, [r3, #12]
 874:Drivers/STM32F1xx_HAL_Driver/Src/stm32f1xx_hal_spi.c ****         hspi->TxXferCount--;
 1008              		.loc 1 874 9 is_stmt 1 view .LVU309
 874:Drivers/STM32F1xx_HAL_Driver/Src/stm32f1xx_hal_spi.c ****         hspi->TxXferCount--;
ARM GAS  C:\Users\zhmis\AppData\Local\Temp\ccgFfHBP.s 			page 93


 1009              		.loc 1 874 13 is_stmt 0 view .LVU310
 1010 010a 236B     		ldr	r3, [r4, #48]
 874:Drivers/STM32F1xx_HAL_Driver/Src/stm32f1xx_hal_spi.c ****         hspi->TxXferCount--;
 1011              		.loc 1 874 26 view .LVU311
 1012 010c 0233     		adds	r3, r3, #2
 1013 010e 2363     		str	r3, [r4, #48]
 875:Drivers/STM32F1xx_HAL_Driver/Src/stm32f1xx_hal_spi.c ****       }
 1014              		.loc 1 875 9 is_stmt 1 view .LVU312
 875:Drivers/STM32F1xx_HAL_Driver/Src/stm32f1xx_hal_spi.c ****       }
 1015              		.loc 1 875 13 is_stmt 0 view .LVU313
 1016 0110 E38E     		ldrh	r3, [r4, #54]
 1017 0112 9BB2     		uxth	r3, r3
 875:Drivers/STM32F1xx_HAL_Driver/Src/stm32f1xx_hal_spi.c ****       }
 1018              		.loc 1 875 26 view .LVU314
 1019 0114 013B     		subs	r3, r3, #1
 1020 0116 9BB2     		uxth	r3, r3
 1021 0118 E386     		strh	r3, [r4, #54]	@ movhi
 1022 011a EAE7     		b	.L68
 1023              	.L72:
 882:Drivers/STM32F1xx_HAL_Driver/Src/stm32f1xx_hal_spi.c ****           hspi->State = HAL_SPI_STATE_READY;
 1024              		.loc 1 882 11 is_stmt 1 view .LVU315
 1025              	.LVL46:
 883:Drivers/STM32F1xx_HAL_Driver/Src/stm32f1xx_hal_spi.c ****           goto error;
 1026              		.loc 1 883 11 view .LVU316
 883:Drivers/STM32F1xx_HAL_Driver/Src/stm32f1xx_hal_spi.c ****           goto error;
 1027              		.loc 1 883 23 is_stmt 0 view .LVU317
 1028 011c 0123     		movs	r3, #1
 1029 011e 84F85130 		strb	r3, [r4, #81]
 884:Drivers/STM32F1xx_HAL_Driver/Src/stm32f1xx_hal_spi.c ****         }
 1030              		.loc 1 884 11 is_stmt 1 view .LVU318
 882:Drivers/STM32F1xx_HAL_Driver/Src/stm32f1xx_hal_spi.c ****           hspi->State = HAL_SPI_STATE_READY;
 1031              		.loc 1 882 21 is_stmt 0 view .LVU319
 1032 0122 0326     		movs	r6, #3
 884:Drivers/STM32F1xx_HAL_Driver/Src/stm32f1xx_hal_spi.c ****         }
 1033              		.loc 1 884 11 view .LVU320
 1034 0124 3FE0     		b	.L62
 1035              	.LVL47:
 1036              	.L78:
 910:Drivers/STM32F1xx_HAL_Driver/Src/stm32f1xx_hal_spi.c ****         {
 1037              		.loc 1 910 9 is_stmt 1 view .LVU321
 910:Drivers/STM32F1xx_HAL_Driver/Src/stm32f1xx_hal_spi.c ****         {
 1038              		.loc 1 910 16 is_stmt 0 view .LVU322
 1039 0126 FFF7FEFF 		bl	HAL_GetTick
 1040              	.LVL48:
 910:Drivers/STM32F1xx_HAL_Driver/Src/stm32f1xx_hal_spi.c ****         {
 1041              		.loc 1 910 30 discriminator 1 view .LVU323
 1042 012a C01B     		subs	r0, r0, r7
 910:Drivers/STM32F1xx_HAL_Driver/Src/stm32f1xx_hal_spi.c ****         {
 1043              		.loc 1 910 12 discriminator 1 view .LVU324
 1044 012c A842     		cmp	r0, r5
 1045 012e 02D3     		bcc	.L80
 910:Drivers/STM32F1xx_HAL_Driver/Src/stm32f1xx_hal_spi.c ****         {
 1046              		.loc 1 910 56 discriminator 1 view .LVU325
 1047 0130 B5F1FF3F 		cmp	r5, #-1
 1048 0134 19D1     		bne	.L81
 1049              	.L80:
 910:Drivers/STM32F1xx_HAL_Driver/Src/stm32f1xx_hal_spi.c ****         {
ARM GAS  C:\Users\zhmis\AppData\Local\Temp\ccgFfHBP.s 			page 94


 1050              		.loc 1 910 87 discriminator 3 view .LVU326
 1051 0136 C5B1     		cbz	r5, .L81
 1052              	.L77:
 898:Drivers/STM32F1xx_HAL_Driver/Src/stm32f1xx_hal_spi.c ****     {
 1053              		.loc 1 898 30 is_stmt 1 view .LVU327
 898:Drivers/STM32F1xx_HAL_Driver/Src/stm32f1xx_hal_spi.c ****     {
 1054              		.loc 1 898 16 is_stmt 0 view .LVU328
 1055 0138 E38E     		ldrh	r3, [r4, #54]
 1056 013a 9BB2     		uxth	r3, r3
 898:Drivers/STM32F1xx_HAL_Driver/Src/stm32f1xx_hal_spi.c ****     {
 1057              		.loc 1 898 30 view .LVU329
 1058 013c D3B1     		cbz	r3, .L74
 901:Drivers/STM32F1xx_HAL_Driver/Src/stm32f1xx_hal_spi.c ****       {
 1059              		.loc 1 901 7 is_stmt 1 view .LVU330
 901:Drivers/STM32F1xx_HAL_Driver/Src/stm32f1xx_hal_spi.c ****       {
 1060              		.loc 1 901 11 is_stmt 0 view .LVU331
 1061 013e 2368     		ldr	r3, [r4]
 1062 0140 9A68     		ldr	r2, [r3, #8]
 901:Drivers/STM32F1xx_HAL_Driver/Src/stm32f1xx_hal_spi.c ****       {
 1063              		.loc 1 901 10 view .LVU332
 1064 0142 12F0020F 		tst	r2, #2
 1065 0146 EED0     		beq	.L78
 903:Drivers/STM32F1xx_HAL_Driver/Src/stm32f1xx_hal_spi.c ****         hspi->pTxBuffPtr += sizeof(uint8_t);
 1066              		.loc 1 903 9 is_stmt 1 view .LVU333
 903:Drivers/STM32F1xx_HAL_Driver/Src/stm32f1xx_hal_spi.c ****         hspi->pTxBuffPtr += sizeof(uint8_t);
 1067              		.loc 1 903 56 is_stmt 0 view .LVU334
 1068 0148 226B     		ldr	r2, [r4, #48]
 903:Drivers/STM32F1xx_HAL_Driver/Src/stm32f1xx_hal_spi.c ****         hspi->pTxBuffPtr += sizeof(uint8_t);
 1069              		.loc 1 903 51 view .LVU335
 1070 014a 1278     		ldrb	r2, [r2]	@ zero_extendqisi2
 903:Drivers/STM32F1xx_HAL_Driver/Src/stm32f1xx_hal_spi.c ****         hspi->pTxBuffPtr += sizeof(uint8_t);
 1071              		.loc 1 903 48 view .LVU336
 1072 014c 1A73     		strb	r2, [r3, #12]
 904:Drivers/STM32F1xx_HAL_Driver/Src/stm32f1xx_hal_spi.c ****         hspi->TxXferCount--;
 1073              		.loc 1 904 9 is_stmt 1 view .LVU337
 904:Drivers/STM32F1xx_HAL_Driver/Src/stm32f1xx_hal_spi.c ****         hspi->TxXferCount--;
 1074              		.loc 1 904 13 is_stmt 0 view .LVU338
 1075 014e 236B     		ldr	r3, [r4, #48]
 904:Drivers/STM32F1xx_HAL_Driver/Src/stm32f1xx_hal_spi.c ****         hspi->TxXferCount--;
 1076              		.loc 1 904 26 view .LVU339
 1077 0150 0133     		adds	r3, r3, #1
 1078 0152 2363     		str	r3, [r4, #48]
 905:Drivers/STM32F1xx_HAL_Driver/Src/stm32f1xx_hal_spi.c ****       }
 1079              		.loc 1 905 9 is_stmt 1 view .LVU340
 905:Drivers/STM32F1xx_HAL_Driver/Src/stm32f1xx_hal_spi.c ****       }
 1080              		.loc 1 905 13 is_stmt 0 view .LVU341
 1081 0154 B4F836C0 		ldrh	ip, [r4, #54]
 1082 0158 1FFA8CFC 		uxth	ip, ip
 905:Drivers/STM32F1xx_HAL_Driver/Src/stm32f1xx_hal_spi.c ****       }
 1083              		.loc 1 905 26 view .LVU342
 1084 015c 0CF1FF3C 		add	ip, ip, #-1
 1085 0160 1FFA8CFC 		uxth	ip, ip
 1086 0164 A4F836C0 		strh	ip, [r4, #54]	@ movhi
 1087 0168 E6E7     		b	.L77
 1088              	.L81:
 912:Drivers/STM32F1xx_HAL_Driver/Src/stm32f1xx_hal_spi.c ****           hspi->State = HAL_SPI_STATE_READY;
 1089              		.loc 1 912 11 is_stmt 1 view .LVU343
ARM GAS  C:\Users\zhmis\AppData\Local\Temp\ccgFfHBP.s 			page 95


 1090              	.LVL49:
 913:Drivers/STM32F1xx_HAL_Driver/Src/stm32f1xx_hal_spi.c ****           goto error;
 1091              		.loc 1 913 11 view .LVU344
 913:Drivers/STM32F1xx_HAL_Driver/Src/stm32f1xx_hal_spi.c ****           goto error;
 1092              		.loc 1 913 23 is_stmt 0 view .LVU345
 1093 016a 0123     		movs	r3, #1
 1094 016c 84F85130 		strb	r3, [r4, #81]
 914:Drivers/STM32F1xx_HAL_Driver/Src/stm32f1xx_hal_spi.c ****         }
 1095              		.loc 1 914 11 is_stmt 1 view .LVU346
 912:Drivers/STM32F1xx_HAL_Driver/Src/stm32f1xx_hal_spi.c ****           hspi->State = HAL_SPI_STATE_READY;
 1096              		.loc 1 912 21 is_stmt 0 view .LVU347
 1097 0170 0326     		movs	r6, #3
 914:Drivers/STM32F1xx_HAL_Driver/Src/stm32f1xx_hal_spi.c ****         }
 1098              		.loc 1 914 11 view .LVU348
 1099 0172 18E0     		b	.L62
 1100              	.LVL50:
 1101              	.L74:
 928:Drivers/STM32F1xx_HAL_Driver/Src/stm32f1xx_hal_spi.c ****   {
 1102              		.loc 1 928 3 is_stmt 1 view .LVU349
 928:Drivers/STM32F1xx_HAL_Driver/Src/stm32f1xx_hal_spi.c ****   {
 1103              		.loc 1 928 7 is_stmt 0 view .LVU350
 1104 0174 3A46     		mov	r2, r7
 1105 0176 2946     		mov	r1, r5
 1106 0178 2046     		mov	r0, r4
 1107 017a FFF7FEFF 		bl	SPI_EndRxTxTransaction
 1108              	.LVL51:
 928:Drivers/STM32F1xx_HAL_Driver/Src/stm32f1xx_hal_spi.c ****   {
 1109              		.loc 1 928 6 discriminator 1 view .LVU351
 1110 017e 08B1     		cbz	r0, .L83
 930:Drivers/STM32F1xx_HAL_Driver/Src/stm32f1xx_hal_spi.c ****   }
 1111              		.loc 1 930 5 is_stmt 1 view .LVU352
 930:Drivers/STM32F1xx_HAL_Driver/Src/stm32f1xx_hal_spi.c ****   }
 1112              		.loc 1 930 21 is_stmt 0 view .LVU353
 1113 0180 2023     		movs	r3, #32
 1114 0182 6365     		str	r3, [r4, #84]
 1115              	.L83:
 934:Drivers/STM32F1xx_HAL_Driver/Src/stm32f1xx_hal_spi.c ****   {
 1116              		.loc 1 934 3 is_stmt 1 view .LVU354
 934:Drivers/STM32F1xx_HAL_Driver/Src/stm32f1xx_hal_spi.c ****   {
 1117              		.loc 1 934 17 is_stmt 0 view .LVU355
 1118 0184 A368     		ldr	r3, [r4, #8]
 934:Drivers/STM32F1xx_HAL_Driver/Src/stm32f1xx_hal_spi.c ****   {
 1119              		.loc 1 934 6 view .LVU356
 1120 0186 33B9     		cbnz	r3, .L84
 936:Drivers/STM32F1xx_HAL_Driver/Src/stm32f1xx_hal_spi.c ****   }
 1121              		.loc 1 936 5 is_stmt 1 view .LVU357
 1122              	.LBB2:
 936:Drivers/STM32F1xx_HAL_Driver/Src/stm32f1xx_hal_spi.c ****   }
 1123              		.loc 1 936 5 view .LVU358
 1124 0188 0193     		str	r3, [sp, #4]
 936:Drivers/STM32F1xx_HAL_Driver/Src/stm32f1xx_hal_spi.c ****   }
 1125              		.loc 1 936 5 view .LVU359
 1126 018a 2368     		ldr	r3, [r4]
 1127 018c DA68     		ldr	r2, [r3, #12]
 1128 018e 0192     		str	r2, [sp, #4]
 936:Drivers/STM32F1xx_HAL_Driver/Src/stm32f1xx_hal_spi.c ****   }
 1129              		.loc 1 936 5 view .LVU360
ARM GAS  C:\Users\zhmis\AppData\Local\Temp\ccgFfHBP.s 			page 96


 1130 0190 9B68     		ldr	r3, [r3, #8]
 1131 0192 0193     		str	r3, [sp, #4]
 936:Drivers/STM32F1xx_HAL_Driver/Src/stm32f1xx_hal_spi.c ****   }
 1132              		.loc 1 936 5 view .LVU361
 1133 0194 019B     		ldr	r3, [sp, #4]
 1134              	.L84:
 1135              	.LBE2:
 936:Drivers/STM32F1xx_HAL_Driver/Src/stm32f1xx_hal_spi.c ****   }
 1136              		.loc 1 936 5 discriminator 1 view .LVU362
 939:Drivers/STM32F1xx_HAL_Driver/Src/stm32f1xx_hal_spi.c ****   {
 1137              		.loc 1 939 3 view .LVU363
 939:Drivers/STM32F1xx_HAL_Driver/Src/stm32f1xx_hal_spi.c ****   {
 1138              		.loc 1 939 11 is_stmt 0 view .LVU364
 1139 0196 636D     		ldr	r3, [r4, #84]
 939:Drivers/STM32F1xx_HAL_Driver/Src/stm32f1xx_hal_spi.c ****   {
 1140              		.loc 1 939 6 view .LVU365
 1141 0198 2BB9     		cbnz	r3, .L62
 945:Drivers/STM32F1xx_HAL_Driver/Src/stm32f1xx_hal_spi.c ****   }
 1142              		.loc 1 945 5 is_stmt 1 view .LVU366
 945:Drivers/STM32F1xx_HAL_Driver/Src/stm32f1xx_hal_spi.c ****   }
 1143              		.loc 1 945 17 is_stmt 0 view .LVU367
 1144 019a 0123     		movs	r3, #1
 1145 019c 84F85130 		strb	r3, [r4, #81]
 796:Drivers/STM32F1xx_HAL_Driver/Src/stm32f1xx_hal_spi.c ****   uint16_t initial_TxXferCount;
 1146              		.loc 1 796 21 view .LVU368
 1147 01a0 0026     		movs	r6, #0
 1148 01a2 00E0     		b	.L62
 1149              	.LVL52:
 1150              	.L86:
 811:Drivers/STM32F1xx_HAL_Driver/Src/stm32f1xx_hal_spi.c ****     goto error;
 1151              		.loc 1 811 15 view .LVU369
 1152 01a4 0226     		movs	r6, #2
 1153              	.LVL53:
 1154              	.L62:
 950:Drivers/STM32F1xx_HAL_Driver/Src/stm32f1xx_hal_spi.c ****   return errorcode;
 1155              		.loc 1 950 3 is_stmt 1 view .LVU370
 950:Drivers/STM32F1xx_HAL_Driver/Src/stm32f1xx_hal_spi.c ****   return errorcode;
 1156              		.loc 1 950 3 view .LVU371
 1157 01a6 0023     		movs	r3, #0
 1158 01a8 84F85030 		strb	r3, [r4, #80]
 950:Drivers/STM32F1xx_HAL_Driver/Src/stm32f1xx_hal_spi.c ****   return errorcode;
 1159              		.loc 1 950 3 view .LVU372
 951:Drivers/STM32F1xx_HAL_Driver/Src/stm32f1xx_hal_spi.c **** }
 1160              		.loc 1 951 3 view .LVU373
 1161              	.LVL54:
 1162              	.L61:
 952:Drivers/STM32F1xx_HAL_Driver/Src/stm32f1xx_hal_spi.c **** 
 1163              		.loc 1 952 1 is_stmt 0 view .LVU374
 1164 01ac 3046     		mov	r0, r6
 1165 01ae 03B0     		add	sp, sp, #12
 1166              		.cfi_remember_state
 1167              		.cfi_def_cfa_offset 28
 1168              		@ sp needed
 1169 01b0 BDE8F083 		pop	{r4, r5, r6, r7, r8, r9, pc}
 1170              	.LVL55:
 1171              	.L85:
 1172              		.cfi_restore_state
ARM GAS  C:\Users\zhmis\AppData\Local\Temp\ccgFfHBP.s 			page 97


 803:Drivers/STM32F1xx_HAL_Driver/Src/stm32f1xx_hal_spi.c **** 
 1173              		.loc 1 803 3 discriminator 1 view .LVU375
 1174 01b4 0226     		movs	r6, #2
 1175 01b6 F9E7     		b	.L61
 1176              		.cfi_endproc
 1177              	.LFE69:
 1179              		.section	.text.HAL_SPI_TransmitReceive,"ax",%progbits
 1180              		.align	1
 1181              		.global	HAL_SPI_TransmitReceive
 1182              		.syntax unified
 1183              		.thumb
 1184              		.thumb_func
 1186              	HAL_SPI_TransmitReceive:
 1187              	.LVL56:
 1188              	.LFB71:
1184:Drivers/STM32F1xx_HAL_Driver/Src/stm32f1xx_hal_spi.c ****   uint16_t             initial_TxXferCount;
 1189              		.loc 1 1184 1 is_stmt 1 view -0
 1190              		.cfi_startproc
 1191              		@ args = 4, pretend = 0, frame = 8
 1192              		@ frame_needed = 0, uses_anonymous_args = 0
1184:Drivers/STM32F1xx_HAL_Driver/Src/stm32f1xx_hal_spi.c ****   uint16_t             initial_TxXferCount;
 1193              		.loc 1 1184 1 is_stmt 0 view .LVU377
 1194 0000 2DE9F043 		push	{r4, r5, r6, r7, r8, r9, lr}
 1195              		.cfi_def_cfa_offset 28
 1196              		.cfi_offset 4, -28
 1197              		.cfi_offset 5, -24
 1198              		.cfi_offset 6, -20
 1199              		.cfi_offset 7, -16
 1200              		.cfi_offset 8, -12
 1201              		.cfi_offset 9, -8
 1202              		.cfi_offset 14, -4
 1203 0004 83B0     		sub	sp, sp, #12
 1204              		.cfi_def_cfa_offset 40
 1205 0006 1F46     		mov	r7, r3
 1206 0008 0A9D     		ldr	r5, [sp, #40]
1185:Drivers/STM32F1xx_HAL_Driver/Src/stm32f1xx_hal_spi.c ****   uint32_t             tmp_mode;
 1207              		.loc 1 1185 3 is_stmt 1 view .LVU378
1186:Drivers/STM32F1xx_HAL_Driver/Src/stm32f1xx_hal_spi.c ****   HAL_SPI_StateTypeDef tmp_state;
 1208              		.loc 1 1186 3 view .LVU379
1187:Drivers/STM32F1xx_HAL_Driver/Src/stm32f1xx_hal_spi.c ****   uint32_t             tickstart;
 1209              		.loc 1 1187 3 view .LVU380
1188:Drivers/STM32F1xx_HAL_Driver/Src/stm32f1xx_hal_spi.c **** #if (USE_SPI_CRC != 0U)
 1210              		.loc 1 1188 3 view .LVU381
1194:Drivers/STM32F1xx_HAL_Driver/Src/stm32f1xx_hal_spi.c ****   HAL_StatusTypeDef    errorcode = HAL_OK;
 1211              		.loc 1 1194 3 view .LVU382
 1212              	.LVL57:
1195:Drivers/STM32F1xx_HAL_Driver/Src/stm32f1xx_hal_spi.c **** 
 1213              		.loc 1 1195 3 view .LVU383
1198:Drivers/STM32F1xx_HAL_Driver/Src/stm32f1xx_hal_spi.c **** 
 1214              		.loc 1 1198 3 view .LVU384
1201:Drivers/STM32F1xx_HAL_Driver/Src/stm32f1xx_hal_spi.c **** 
 1215              		.loc 1 1201 3 view .LVU385
1201:Drivers/STM32F1xx_HAL_Driver/Src/stm32f1xx_hal_spi.c **** 
 1216              		.loc 1 1201 3 view .LVU386
 1217 000a 90F85030 		ldrb	r3, [r0, #80]	@ zero_extendqisi2
 1218              	.LVL58:
1201:Drivers/STM32F1xx_HAL_Driver/Src/stm32f1xx_hal_spi.c **** 
ARM GAS  C:\Users\zhmis\AppData\Local\Temp\ccgFfHBP.s 			page 98


 1219              		.loc 1 1201 3 is_stmt 0 view .LVU387
 1220 000e 012B     		cmp	r3, #1
 1221 0010 00F01681 		beq	.L114
 1222 0014 0446     		mov	r4, r0
 1223 0016 8846     		mov	r8, r1
 1224 0018 9146     		mov	r9, r2
1201:Drivers/STM32F1xx_HAL_Driver/Src/stm32f1xx_hal_spi.c **** 
 1225              		.loc 1 1201 3 is_stmt 1 discriminator 2 view .LVU388
 1226 001a 0123     		movs	r3, #1
 1227 001c 80F85030 		strb	r3, [r0, #80]
1201:Drivers/STM32F1xx_HAL_Driver/Src/stm32f1xx_hal_spi.c **** 
 1228              		.loc 1 1201 3 discriminator 2 view .LVU389
1204:Drivers/STM32F1xx_HAL_Driver/Src/stm32f1xx_hal_spi.c **** 
 1229              		.loc 1 1204 3 view .LVU390
1204:Drivers/STM32F1xx_HAL_Driver/Src/stm32f1xx_hal_spi.c **** 
 1230              		.loc 1 1204 15 is_stmt 0 view .LVU391
 1231 0020 FFF7FEFF 		bl	HAL_GetTick
 1232              	.LVL59:
1204:Drivers/STM32F1xx_HAL_Driver/Src/stm32f1xx_hal_spi.c **** 
 1233              		.loc 1 1204 15 view .LVU392
 1234 0024 0646     		mov	r6, r0
 1235              	.LVL60:
1207:Drivers/STM32F1xx_HAL_Driver/Src/stm32f1xx_hal_spi.c ****   tmp_mode            = hspi->Init.Mode;
 1236              		.loc 1 1207 3 is_stmt 1 view .LVU393
1207:Drivers/STM32F1xx_HAL_Driver/Src/stm32f1xx_hal_spi.c ****   tmp_mode            = hspi->Init.Mode;
 1237              		.loc 1 1207 23 is_stmt 0 view .LVU394
 1238 0026 94F85130 		ldrb	r3, [r4, #81]	@ zero_extendqisi2
 1239 002a DBB2     		uxtb	r3, r3
 1240              	.LVL61:
1208:Drivers/STM32F1xx_HAL_Driver/Src/stm32f1xx_hal_spi.c ****   initial_TxXferCount = Size;
 1241              		.loc 1 1208 3 is_stmt 1 view .LVU395
1208:Drivers/STM32F1xx_HAL_Driver/Src/stm32f1xx_hal_spi.c ****   initial_TxXferCount = Size;
 1242              		.loc 1 1208 23 is_stmt 0 view .LVU396
 1243 002c 6268     		ldr	r2, [r4, #4]
 1244              	.LVL62:
1209:Drivers/STM32F1xx_HAL_Driver/Src/stm32f1xx_hal_spi.c **** 
 1245              		.loc 1 1209 3 is_stmt 1 view .LVU397
1211:Drivers/STM32F1xx_HAL_Driver/Src/stm32f1xx_hal_spi.c ****         ((tmp_mode == SPI_MODE_MASTER) && (hspi->Init.Direction == SPI_DIRECTION_2LINES) && (tmp_st
 1246              		.loc 1 1211 3 view .LVU398
1211:Drivers/STM32F1xx_HAL_Driver/Src/stm32f1xx_hal_spi.c ****         ((tmp_mode == SPI_MODE_MASTER) && (hspi->Init.Direction == SPI_DIRECTION_2LINES) && (tmp_st
 1247              		.loc 1 1211 6 is_stmt 0 view .LVU399
 1248 002e 012B     		cmp	r3, #1
 1249 0030 0AD0     		beq	.L92
1211:Drivers/STM32F1xx_HAL_Driver/Src/stm32f1xx_hal_spi.c ****         ((tmp_mode == SPI_MODE_MASTER) && (hspi->Init.Direction == SPI_DIRECTION_2LINES) && (tmp_st
 1250              		.loc 1 1211 7 discriminator 1 view .LVU400
 1251 0032 B2F5827F 		cmp	r2, #260
 1252 0036 40F0F080 		bne	.L115
1212:Drivers/STM32F1xx_HAL_Driver/Src/stm32f1xx_hal_spi.c ****   {
 1253              		.loc 1 1212 54 view .LVU401
 1254 003a A268     		ldr	r2, [r4, #8]
 1255              	.LVL63:
1212:Drivers/STM32F1xx_HAL_Driver/Src/stm32f1xx_hal_spi.c ****   {
 1256              		.loc 1 1212 40 view .LVU402
 1257 003c 002A     		cmp	r2, #0
 1258 003e 40F0F380 		bne	.L116
1212:Drivers/STM32F1xx_HAL_Driver/Src/stm32f1xx_hal_spi.c ****   {
 1259              		.loc 1 1212 90 discriminator 1 view .LVU403
ARM GAS  C:\Users\zhmis\AppData\Local\Temp\ccgFfHBP.s 			page 99


 1260 0042 042B     		cmp	r3, #4
 1261 0044 40F0F280 		bne	.L117
 1262              	.L92:
1218:Drivers/STM32F1xx_HAL_Driver/Src/stm32f1xx_hal_spi.c ****   {
 1263              		.loc 1 1218 3 is_stmt 1 view .LVU404
1218:Drivers/STM32F1xx_HAL_Driver/Src/stm32f1xx_hal_spi.c ****   {
 1264              		.loc 1 1218 6 is_stmt 0 view .LVU405
 1265 0048 B8F1000F 		cmp	r8, #0
 1266 004c 00F0F080 		beq	.L118
1218:Drivers/STM32F1xx_HAL_Driver/Src/stm32f1xx_hal_spi.c ****   {
 1267              		.loc 1 1218 25 discriminator 1 view .LVU406
 1268 0050 B9F1000F 		cmp	r9, #0
 1269 0054 00F0EE80 		beq	.L119
1218:Drivers/STM32F1xx_HAL_Driver/Src/stm32f1xx_hal_spi.c ****   {
 1270              		.loc 1 1218 46 discriminator 2 view .LVU407
 1271 0058 002F     		cmp	r7, #0
 1272 005a 00F0ED80 		beq	.L120
1225:Drivers/STM32F1xx_HAL_Driver/Src/stm32f1xx_hal_spi.c ****   {
 1273              		.loc 1 1225 3 is_stmt 1 view .LVU408
1225:Drivers/STM32F1xx_HAL_Driver/Src/stm32f1xx_hal_spi.c ****   {
 1274              		.loc 1 1225 11 is_stmt 0 view .LVU409
 1275 005e 94F85130 		ldrb	r3, [r4, #81]	@ zero_extendqisi2
 1276              	.LVL64:
1225:Drivers/STM32F1xx_HAL_Driver/Src/stm32f1xx_hal_spi.c ****   {
 1277              		.loc 1 1225 11 view .LVU410
 1278 0062 DBB2     		uxtb	r3, r3
1225:Drivers/STM32F1xx_HAL_Driver/Src/stm32f1xx_hal_spi.c ****   {
 1279              		.loc 1 1225 6 view .LVU411
 1280 0064 042B     		cmp	r3, #4
 1281 0066 02D0     		beq	.L94
1227:Drivers/STM32F1xx_HAL_Driver/Src/stm32f1xx_hal_spi.c ****   }
 1282              		.loc 1 1227 5 is_stmt 1 view .LVU412
1227:Drivers/STM32F1xx_HAL_Driver/Src/stm32f1xx_hal_spi.c ****   }
 1283              		.loc 1 1227 17 is_stmt 0 view .LVU413
 1284 0068 0523     		movs	r3, #5
 1285 006a 84F85130 		strb	r3, [r4, #81]
 1286              	.L94:
1231:Drivers/STM32F1xx_HAL_Driver/Src/stm32f1xx_hal_spi.c ****   hspi->pRxBuffPtr  = (uint8_t *)pRxData;
 1287              		.loc 1 1231 3 is_stmt 1 view .LVU414
1231:Drivers/STM32F1xx_HAL_Driver/Src/stm32f1xx_hal_spi.c ****   hspi->pRxBuffPtr  = (uint8_t *)pRxData;
 1288              		.loc 1 1231 21 is_stmt 0 view .LVU415
 1289 006e 0023     		movs	r3, #0
 1290 0070 6365     		str	r3, [r4, #84]
1232:Drivers/STM32F1xx_HAL_Driver/Src/stm32f1xx_hal_spi.c ****   hspi->RxXferCount = Size;
 1291              		.loc 1 1232 3 is_stmt 1 view .LVU416
1232:Drivers/STM32F1xx_HAL_Driver/Src/stm32f1xx_hal_spi.c ****   hspi->RxXferCount = Size;
 1292              		.loc 1 1232 21 is_stmt 0 view .LVU417
 1293 0072 C4F83890 		str	r9, [r4, #56]
1233:Drivers/STM32F1xx_HAL_Driver/Src/stm32f1xx_hal_spi.c ****   hspi->RxXferSize  = Size;
 1294              		.loc 1 1233 3 is_stmt 1 view .LVU418
1233:Drivers/STM32F1xx_HAL_Driver/Src/stm32f1xx_hal_spi.c ****   hspi->RxXferSize  = Size;
 1295              		.loc 1 1233 21 is_stmt 0 view .LVU419
 1296 0076 E787     		strh	r7, [r4, #62]	@ movhi
1234:Drivers/STM32F1xx_HAL_Driver/Src/stm32f1xx_hal_spi.c ****   hspi->pTxBuffPtr  = (uint8_t *)pTxData;
 1297              		.loc 1 1234 3 is_stmt 1 view .LVU420
1234:Drivers/STM32F1xx_HAL_Driver/Src/stm32f1xx_hal_spi.c ****   hspi->pTxBuffPtr  = (uint8_t *)pTxData;
 1298              		.loc 1 1234 21 is_stmt 0 view .LVU421
ARM GAS  C:\Users\zhmis\AppData\Local\Temp\ccgFfHBP.s 			page 100


 1299 0078 A787     		strh	r7, [r4, #60]	@ movhi
1235:Drivers/STM32F1xx_HAL_Driver/Src/stm32f1xx_hal_spi.c ****   hspi->TxXferCount = Size;
 1300              		.loc 1 1235 3 is_stmt 1 view .LVU422
1235:Drivers/STM32F1xx_HAL_Driver/Src/stm32f1xx_hal_spi.c ****   hspi->TxXferCount = Size;
 1301              		.loc 1 1235 21 is_stmt 0 view .LVU423
 1302 007a C4F83080 		str	r8, [r4, #48]
1236:Drivers/STM32F1xx_HAL_Driver/Src/stm32f1xx_hal_spi.c ****   hspi->TxXferSize  = Size;
 1303              		.loc 1 1236 3 is_stmt 1 view .LVU424
1236:Drivers/STM32F1xx_HAL_Driver/Src/stm32f1xx_hal_spi.c ****   hspi->TxXferSize  = Size;
 1304              		.loc 1 1236 21 is_stmt 0 view .LVU425
 1305 007e E786     		strh	r7, [r4, #54]	@ movhi
1237:Drivers/STM32F1xx_HAL_Driver/Src/stm32f1xx_hal_spi.c **** 
 1306              		.loc 1 1237 3 is_stmt 1 view .LVU426
1237:Drivers/STM32F1xx_HAL_Driver/Src/stm32f1xx_hal_spi.c **** 
 1307              		.loc 1 1237 21 is_stmt 0 view .LVU427
 1308 0080 A786     		strh	r7, [r4, #52]	@ movhi
1240:Drivers/STM32F1xx_HAL_Driver/Src/stm32f1xx_hal_spi.c ****   hspi->TxISR       = NULL;
 1309              		.loc 1 1240 3 is_stmt 1 view .LVU428
1240:Drivers/STM32F1xx_HAL_Driver/Src/stm32f1xx_hal_spi.c ****   hspi->TxISR       = NULL;
 1310              		.loc 1 1240 21 is_stmt 0 view .LVU429
 1311 0082 2364     		str	r3, [r4, #64]
1241:Drivers/STM32F1xx_HAL_Driver/Src/stm32f1xx_hal_spi.c **** 
 1312              		.loc 1 1241 3 is_stmt 1 view .LVU430
1241:Drivers/STM32F1xx_HAL_Driver/Src/stm32f1xx_hal_spi.c **** 
 1313              		.loc 1 1241 21 is_stmt 0 view .LVU431
 1314 0084 6364     		str	r3, [r4, #68]
1252:Drivers/STM32F1xx_HAL_Driver/Src/stm32f1xx_hal_spi.c ****   {
 1315              		.loc 1 1252 3 is_stmt 1 view .LVU432
1252:Drivers/STM32F1xx_HAL_Driver/Src/stm32f1xx_hal_spi.c ****   {
 1316              		.loc 1 1252 12 is_stmt 0 view .LVU433
 1317 0086 2368     		ldr	r3, [r4]
1252:Drivers/STM32F1xx_HAL_Driver/Src/stm32f1xx_hal_spi.c ****   {
 1318              		.loc 1 1252 22 view .LVU434
 1319 0088 1A68     		ldr	r2, [r3]
1252:Drivers/STM32F1xx_HAL_Driver/Src/stm32f1xx_hal_spi.c ****   {
 1320              		.loc 1 1252 6 view .LVU435
 1321 008a 12F0400F 		tst	r2, #64
 1322 008e 03D1     		bne	.L95
1255:Drivers/STM32F1xx_HAL_Driver/Src/stm32f1xx_hal_spi.c ****   }
 1323              		.loc 1 1255 5 is_stmt 1 view .LVU436
 1324 0090 1A68     		ldr	r2, [r3]
 1325 0092 42F04002 		orr	r2, r2, #64
 1326 0096 1A60     		str	r2, [r3]
 1327              	.LVL65:
 1328              	.L95:
1259:Drivers/STM32F1xx_HAL_Driver/Src/stm32f1xx_hal_spi.c ****   {
 1329              		.loc 1 1259 3 view .LVU437
1259:Drivers/STM32F1xx_HAL_Driver/Src/stm32f1xx_hal_spi.c ****   {
 1330              		.loc 1 1259 17 is_stmt 0 view .LVU438
 1331 0098 E368     		ldr	r3, [r4, #12]
1259:Drivers/STM32F1xx_HAL_Driver/Src/stm32f1xx_hal_spi.c ****   {
 1332              		.loc 1 1259 6 view .LVU439
 1333 009a B3F5006F 		cmp	r3, #2048
 1334 009e 11D0     		beq	.L123
1307:Drivers/STM32F1xx_HAL_Driver/Src/stm32f1xx_hal_spi.c ****     {
 1335              		.loc 1 1307 5 is_stmt 1 view .LVU440
1307:Drivers/STM32F1xx_HAL_Driver/Src/stm32f1xx_hal_spi.c ****     {
ARM GAS  C:\Users\zhmis\AppData\Local\Temp\ccgFfHBP.s 			page 101


 1336              		.loc 1 1307 20 is_stmt 0 view .LVU441
 1337 00a0 6368     		ldr	r3, [r4, #4]
1307:Drivers/STM32F1xx_HAL_Driver/Src/stm32f1xx_hal_spi.c ****     {
 1338              		.loc 1 1307 8 view .LVU442
 1339 00a2 0BB1     		cbz	r3, .L104
1307:Drivers/STM32F1xx_HAL_Driver/Src/stm32f1xx_hal_spi.c ****     {
 1340              		.loc 1 1307 45 discriminator 1 view .LVU443
 1341 00a4 012F     		cmp	r7, #1
 1342 00a6 0BD1     		bne	.L105
 1343              	.L104:
1309:Drivers/STM32F1xx_HAL_Driver/Src/stm32f1xx_hal_spi.c ****       hspi->pTxBuffPtr += sizeof(uint8_t);
 1344              		.loc 1 1309 7 is_stmt 1 view .LVU444
1309:Drivers/STM32F1xx_HAL_Driver/Src/stm32f1xx_hal_spi.c ****       hspi->pTxBuffPtr += sizeof(uint8_t);
 1345              		.loc 1 1309 54 is_stmt 0 view .LVU445
 1346 00a8 226B     		ldr	r2, [r4, #48]
1309:Drivers/STM32F1xx_HAL_Driver/Src/stm32f1xx_hal_spi.c ****       hspi->pTxBuffPtr += sizeof(uint8_t);
 1347              		.loc 1 1309 30 view .LVU446
 1348 00aa 2368     		ldr	r3, [r4]
1309:Drivers/STM32F1xx_HAL_Driver/Src/stm32f1xx_hal_spi.c ****       hspi->pTxBuffPtr += sizeof(uint8_t);
 1349              		.loc 1 1309 49 view .LVU447
 1350 00ac 1278     		ldrb	r2, [r2]	@ zero_extendqisi2
1309:Drivers/STM32F1xx_HAL_Driver/Src/stm32f1xx_hal_spi.c ****       hspi->pTxBuffPtr += sizeof(uint8_t);
 1351              		.loc 1 1309 46 view .LVU448
 1352 00ae 1A73     		strb	r2, [r3, #12]
1310:Drivers/STM32F1xx_HAL_Driver/Src/stm32f1xx_hal_spi.c ****       hspi->TxXferCount--;
 1353              		.loc 1 1310 7 is_stmt 1 view .LVU449
1310:Drivers/STM32F1xx_HAL_Driver/Src/stm32f1xx_hal_spi.c ****       hspi->TxXferCount--;
 1354              		.loc 1 1310 11 is_stmt 0 view .LVU450
 1355 00b0 236B     		ldr	r3, [r4, #48]
1310:Drivers/STM32F1xx_HAL_Driver/Src/stm32f1xx_hal_spi.c ****       hspi->TxXferCount--;
 1356              		.loc 1 1310 24 view .LVU451
 1357 00b2 0133     		adds	r3, r3, #1
 1358 00b4 2363     		str	r3, [r4, #48]
1311:Drivers/STM32F1xx_HAL_Driver/Src/stm32f1xx_hal_spi.c ****     }
 1359              		.loc 1 1311 7 is_stmt 1 view .LVU452
1311:Drivers/STM32F1xx_HAL_Driver/Src/stm32f1xx_hal_spi.c ****     }
 1360              		.loc 1 1311 11 is_stmt 0 view .LVU453
 1361 00b6 E38E     		ldrh	r3, [r4, #54]
 1362 00b8 9BB2     		uxth	r3, r3
1311:Drivers/STM32F1xx_HAL_Driver/Src/stm32f1xx_hal_spi.c ****     }
 1363              		.loc 1 1311 24 view .LVU454
 1364 00ba 013B     		subs	r3, r3, #1
 1365 00bc 9BB2     		uxth	r3, r3
 1366 00be E386     		strh	r3, [r4, #54]	@ movhi
 1367              	.L105:
1340:Drivers/STM32F1xx_HAL_Driver/Src/stm32f1xx_hal_spi.c ****       }
 1368              		.loc 1 1340 19 view .LVU455
 1369 00c0 0127     		movs	r7, #1
 1370              	.LVL66:
1340:Drivers/STM32F1xx_HAL_Driver/Src/stm32f1xx_hal_spi.c ****       }
 1371              		.loc 1 1340 19 view .LVU456
 1372 00c2 6EE0     		b	.L110
 1373              	.LVL67:
 1374              	.L123:
1261:Drivers/STM32F1xx_HAL_Driver/Src/stm32f1xx_hal_spi.c ****     {
 1375              		.loc 1 1261 5 is_stmt 1 view .LVU457
1261:Drivers/STM32F1xx_HAL_Driver/Src/stm32f1xx_hal_spi.c ****     {
ARM GAS  C:\Users\zhmis\AppData\Local\Temp\ccgFfHBP.s 			page 102


 1376              		.loc 1 1261 20 is_stmt 0 view .LVU458
 1377 00c4 6368     		ldr	r3, [r4, #4]
1261:Drivers/STM32F1xx_HAL_Driver/Src/stm32f1xx_hal_spi.c ****     {
 1378              		.loc 1 1261 8 view .LVU459
 1379 00c6 0BB1     		cbz	r3, .L97
1261:Drivers/STM32F1xx_HAL_Driver/Src/stm32f1xx_hal_spi.c ****     {
 1380              		.loc 1 1261 45 discriminator 1 view .LVU460
 1381 00c8 012F     		cmp	r7, #1
 1382 00ca 0BD1     		bne	.L98
 1383              	.L97:
1263:Drivers/STM32F1xx_HAL_Driver/Src/stm32f1xx_hal_spi.c ****       hspi->pTxBuffPtr += sizeof(uint16_t);
 1384              		.loc 1 1263 7 is_stmt 1 view .LVU461
1263:Drivers/STM32F1xx_HAL_Driver/Src/stm32f1xx_hal_spi.c ****       hspi->pTxBuffPtr += sizeof(uint16_t);
 1385              		.loc 1 1263 46 is_stmt 0 view .LVU462
 1386 00cc 226B     		ldr	r2, [r4, #48]
1263:Drivers/STM32F1xx_HAL_Driver/Src/stm32f1xx_hal_spi.c ****       hspi->pTxBuffPtr += sizeof(uint16_t);
 1387              		.loc 1 1263 11 view .LVU463
 1388 00ce 2368     		ldr	r3, [r4]
1263:Drivers/STM32F1xx_HAL_Driver/Src/stm32f1xx_hal_spi.c ****       hspi->pTxBuffPtr += sizeof(uint16_t);
 1389              		.loc 1 1263 28 view .LVU464
 1390 00d0 1288     		ldrh	r2, [r2]
1263:Drivers/STM32F1xx_HAL_Driver/Src/stm32f1xx_hal_spi.c ****       hspi->pTxBuffPtr += sizeof(uint16_t);
 1391              		.loc 1 1263 26 view .LVU465
 1392 00d2 DA60     		str	r2, [r3, #12]
1264:Drivers/STM32F1xx_HAL_Driver/Src/stm32f1xx_hal_spi.c ****       hspi->TxXferCount--;
 1393              		.loc 1 1264 7 is_stmt 1 view .LVU466
1264:Drivers/STM32F1xx_HAL_Driver/Src/stm32f1xx_hal_spi.c ****       hspi->TxXferCount--;
 1394              		.loc 1 1264 11 is_stmt 0 view .LVU467
 1395 00d4 236B     		ldr	r3, [r4, #48]
1264:Drivers/STM32F1xx_HAL_Driver/Src/stm32f1xx_hal_spi.c ****       hspi->TxXferCount--;
 1396              		.loc 1 1264 24 view .LVU468
 1397 00d6 0233     		adds	r3, r3, #2
 1398 00d8 2363     		str	r3, [r4, #48]
1265:Drivers/STM32F1xx_HAL_Driver/Src/stm32f1xx_hal_spi.c ****     }
 1399              		.loc 1 1265 7 is_stmt 1 view .LVU469
1265:Drivers/STM32F1xx_HAL_Driver/Src/stm32f1xx_hal_spi.c ****     }
 1400              		.loc 1 1265 11 is_stmt 0 view .LVU470
 1401 00da E38E     		ldrh	r3, [r4, #54]
 1402 00dc 9BB2     		uxth	r3, r3
1265:Drivers/STM32F1xx_HAL_Driver/Src/stm32f1xx_hal_spi.c ****     }
 1403              		.loc 1 1265 24 view .LVU471
 1404 00de 013B     		subs	r3, r3, #1
 1405 00e0 9BB2     		uxth	r3, r3
 1406 00e2 E386     		strh	r3, [r4, #54]	@ movhi
 1407              	.L98:
1294:Drivers/STM32F1xx_HAL_Driver/Src/stm32f1xx_hal_spi.c ****       }
 1408              		.loc 1 1294 19 view .LVU472
 1409 00e4 0127     		movs	r7, #1
 1410              	.LVL68:
1294:Drivers/STM32F1xx_HAL_Driver/Src/stm32f1xx_hal_spi.c ****       }
 1411              		.loc 1 1294 19 view .LVU473
 1412 00e6 1BE0     		b	.L99
 1413              	.LVL69:
 1414              	.L100:
1288:Drivers/STM32F1xx_HAL_Driver/Src/stm32f1xx_hal_spi.c ****       {
 1415              		.loc 1 1288 7 is_stmt 1 view .LVU474
1288:Drivers/STM32F1xx_HAL_Driver/Src/stm32f1xx_hal_spi.c ****       {
ARM GAS  C:\Users\zhmis\AppData\Local\Temp\ccgFfHBP.s 			page 103


 1416              		.loc 1 1288 12 is_stmt 0 view .LVU475
 1417 00e8 2368     		ldr	r3, [r4]
 1418 00ea 9A68     		ldr	r2, [r3, #8]
1288:Drivers/STM32F1xx_HAL_Driver/Src/stm32f1xx_hal_spi.c ****       {
 1419              		.loc 1 1288 10 view .LVU476
 1420 00ec 12F0010F 		tst	r2, #1
 1421 00f0 0ED0     		beq	.L101
1288:Drivers/STM32F1xx_HAL_Driver/Src/stm32f1xx_hal_spi.c ****       {
 1422              		.loc 1 1288 61 discriminator 1 view .LVU477
 1423 00f2 E28F     		ldrh	r2, [r4, #62]
 1424 00f4 92B2     		uxth	r2, r2
1288:Drivers/STM32F1xx_HAL_Driver/Src/stm32f1xx_hal_spi.c ****       {
 1425              		.loc 1 1288 53 discriminator 1 view .LVU478
 1426 00f6 5AB1     		cbz	r2, .L101
1290:Drivers/STM32F1xx_HAL_Driver/Src/stm32f1xx_hal_spi.c ****         hspi->pRxBuffPtr += sizeof(uint16_t);
 1427              		.loc 1 1290 9 is_stmt 1 view .LVU479
1290:Drivers/STM32F1xx_HAL_Driver/Src/stm32f1xx_hal_spi.c ****         hspi->pRxBuffPtr += sizeof(uint16_t);
 1428              		.loc 1 1290 67 is_stmt 0 view .LVU480
 1429 00f8 DA68     		ldr	r2, [r3, #12]
1290:Drivers/STM32F1xx_HAL_Driver/Src/stm32f1xx_hal_spi.c ****         hspi->pRxBuffPtr += sizeof(uint16_t);
 1430              		.loc 1 1290 27 view .LVU481
 1431 00fa A36B     		ldr	r3, [r4, #56]
1290:Drivers/STM32F1xx_HAL_Driver/Src/stm32f1xx_hal_spi.c ****         hspi->pRxBuffPtr += sizeof(uint16_t);
 1432              		.loc 1 1290 41 view .LVU482
 1433 00fc 1A80     		strh	r2, [r3]	@ movhi
1291:Drivers/STM32F1xx_HAL_Driver/Src/stm32f1xx_hal_spi.c ****         hspi->RxXferCount--;
 1434              		.loc 1 1291 9 is_stmt 1 view .LVU483
1291:Drivers/STM32F1xx_HAL_Driver/Src/stm32f1xx_hal_spi.c ****         hspi->RxXferCount--;
 1435              		.loc 1 1291 13 is_stmt 0 view .LVU484
 1436 00fe A36B     		ldr	r3, [r4, #56]
1291:Drivers/STM32F1xx_HAL_Driver/Src/stm32f1xx_hal_spi.c ****         hspi->RxXferCount--;
 1437              		.loc 1 1291 26 view .LVU485
 1438 0100 0233     		adds	r3, r3, #2
 1439 0102 A363     		str	r3, [r4, #56]
1292:Drivers/STM32F1xx_HAL_Driver/Src/stm32f1xx_hal_spi.c ****         /* Next Data is a Transmission (Tx). Tx is allowed */
 1440              		.loc 1 1292 9 is_stmt 1 view .LVU486
1292:Drivers/STM32F1xx_HAL_Driver/Src/stm32f1xx_hal_spi.c ****         /* Next Data is a Transmission (Tx). Tx is allowed */
 1441              		.loc 1 1292 13 is_stmt 0 view .LVU487
 1442 0104 E38F     		ldrh	r3, [r4, #62]
 1443 0106 9BB2     		uxth	r3, r3
1292:Drivers/STM32F1xx_HAL_Driver/Src/stm32f1xx_hal_spi.c ****         /* Next Data is a Transmission (Tx). Tx is allowed */
 1444              		.loc 1 1292 26 view .LVU488
 1445 0108 013B     		subs	r3, r3, #1
 1446 010a 9BB2     		uxth	r3, r3
 1447 010c E387     		strh	r3, [r4, #62]	@ movhi
1294:Drivers/STM32F1xx_HAL_Driver/Src/stm32f1xx_hal_spi.c ****       }
 1448              		.loc 1 1294 9 is_stmt 1 view .LVU489
 1449              	.LVL70:
1294:Drivers/STM32F1xx_HAL_Driver/Src/stm32f1xx_hal_spi.c ****       }
 1450              		.loc 1 1294 19 is_stmt 0 view .LVU490
 1451 010e 0127     		movs	r7, #1
 1452              	.LVL71:
 1453              	.L101:
1296:Drivers/STM32F1xx_HAL_Driver/Src/stm32f1xx_hal_spi.c ****       {
 1454              		.loc 1 1296 7 is_stmt 1 view .LVU491
1296:Drivers/STM32F1xx_HAL_Driver/Src/stm32f1xx_hal_spi.c ****       {
 1455              		.loc 1 1296 13 is_stmt 0 view .LVU492
ARM GAS  C:\Users\zhmis\AppData\Local\Temp\ccgFfHBP.s 			page 104


 1456 0110 FFF7FEFF 		bl	HAL_GetTick
 1457              	.LVL72:
1296:Drivers/STM32F1xx_HAL_Driver/Src/stm32f1xx_hal_spi.c ****       {
 1458              		.loc 1 1296 27 discriminator 1 view .LVU493
 1459 0114 801B     		subs	r0, r0, r6
1296:Drivers/STM32F1xx_HAL_Driver/Src/stm32f1xx_hal_spi.c ****       {
 1460              		.loc 1 1296 10 discriminator 1 view .LVU494
 1461 0116 A842     		cmp	r0, r5
 1462 0118 02D3     		bcc	.L99
1296:Drivers/STM32F1xx_HAL_Driver/Src/stm32f1xx_hal_spi.c ****       {
 1463              		.loc 1 1296 53 discriminator 1 view .LVU495
 1464 011a B5F1FF3F 		cmp	r5, #-1
 1465 011e 1ED1     		bne	.L124
 1466              	.LVL73:
 1467              	.L99:
1267:Drivers/STM32F1xx_HAL_Driver/Src/stm32f1xx_hal_spi.c ****     {
 1468              		.loc 1 1267 37 is_stmt 1 view .LVU496
1267:Drivers/STM32F1xx_HAL_Driver/Src/stm32f1xx_hal_spi.c ****     {
 1469              		.loc 1 1267 17 is_stmt 0 view .LVU497
 1470 0120 E38E     		ldrh	r3, [r4, #54]
 1471 0122 9BB2     		uxth	r3, r3
1267:Drivers/STM32F1xx_HAL_Driver/Src/stm32f1xx_hal_spi.c ****     {
 1472              		.loc 1 1267 37 view .LVU498
 1473 0124 1BB9     		cbnz	r3, .L102
1267:Drivers/STM32F1xx_HAL_Driver/Src/stm32f1xx_hal_spi.c ****     {
 1474              		.loc 1 1267 45 discriminator 1 view .LVU499
 1475 0126 E38F     		ldrh	r3, [r4, #62]
 1476 0128 9BB2     		uxth	r3, r3
1267:Drivers/STM32F1xx_HAL_Driver/Src/stm32f1xx_hal_spi.c ****     {
 1477              		.loc 1 1267 37 discriminator 1 view .LVU500
 1478 012a 002B     		cmp	r3, #0
 1479 012c 5CD0     		beq	.L103
 1480              	.L102:
1270:Drivers/STM32F1xx_HAL_Driver/Src/stm32f1xx_hal_spi.c ****       {
 1481              		.loc 1 1270 7 is_stmt 1 view .LVU501
1270:Drivers/STM32F1xx_HAL_Driver/Src/stm32f1xx_hal_spi.c ****       {
 1482              		.loc 1 1270 12 is_stmt 0 view .LVU502
 1483 012e 2368     		ldr	r3, [r4]
 1484 0130 9A68     		ldr	r2, [r3, #8]
1270:Drivers/STM32F1xx_HAL_Driver/Src/stm32f1xx_hal_spi.c ****       {
 1485              		.loc 1 1270 10 view .LVU503
 1486 0132 12F0020F 		tst	r2, #2
 1487 0136 D7D0     		beq	.L100
1270:Drivers/STM32F1xx_HAL_Driver/Src/stm32f1xx_hal_spi.c ****       {
 1488              		.loc 1 1270 60 discriminator 1 view .LVU504
 1489 0138 E28E     		ldrh	r2, [r4, #54]
 1490 013a 92B2     		uxth	r2, r2
1270:Drivers/STM32F1xx_HAL_Driver/Src/stm32f1xx_hal_spi.c ****       {
 1491              		.loc 1 1270 52 discriminator 1 view .LVU505
 1492 013c 002A     		cmp	r2, #0
 1493 013e D3D0     		beq	.L100
1270:Drivers/STM32F1xx_HAL_Driver/Src/stm32f1xx_hal_spi.c ****       {
 1494              		.loc 1 1270 80 discriminator 2 view .LVU506
 1495 0140 002F     		cmp	r7, #0
 1496 0142 D1D0     		beq	.L100
1272:Drivers/STM32F1xx_HAL_Driver/Src/stm32f1xx_hal_spi.c ****         hspi->pTxBuffPtr += sizeof(uint16_t);
 1497              		.loc 1 1272 9 is_stmt 1 view .LVU507
ARM GAS  C:\Users\zhmis\AppData\Local\Temp\ccgFfHBP.s 			page 105


1272:Drivers/STM32F1xx_HAL_Driver/Src/stm32f1xx_hal_spi.c ****         hspi->pTxBuffPtr += sizeof(uint16_t);
 1498              		.loc 1 1272 48 is_stmt 0 view .LVU508
 1499 0144 226B     		ldr	r2, [r4, #48]
1272:Drivers/STM32F1xx_HAL_Driver/Src/stm32f1xx_hal_spi.c ****         hspi->pTxBuffPtr += sizeof(uint16_t);
 1500              		.loc 1 1272 30 view .LVU509
 1501 0146 1288     		ldrh	r2, [r2]
1272:Drivers/STM32F1xx_HAL_Driver/Src/stm32f1xx_hal_spi.c ****         hspi->pTxBuffPtr += sizeof(uint16_t);
 1502              		.loc 1 1272 28 view .LVU510
 1503 0148 DA60     		str	r2, [r3, #12]
1273:Drivers/STM32F1xx_HAL_Driver/Src/stm32f1xx_hal_spi.c ****         hspi->TxXferCount--;
 1504              		.loc 1 1273 9 is_stmt 1 view .LVU511
1273:Drivers/STM32F1xx_HAL_Driver/Src/stm32f1xx_hal_spi.c ****         hspi->TxXferCount--;
 1505              		.loc 1 1273 13 is_stmt 0 view .LVU512
 1506 014a 236B     		ldr	r3, [r4, #48]
1273:Drivers/STM32F1xx_HAL_Driver/Src/stm32f1xx_hal_spi.c ****         hspi->TxXferCount--;
 1507              		.loc 1 1273 26 view .LVU513
 1508 014c 0233     		adds	r3, r3, #2
 1509 014e 2363     		str	r3, [r4, #48]
1274:Drivers/STM32F1xx_HAL_Driver/Src/stm32f1xx_hal_spi.c ****         /* Next Data is a reception (Rx). Tx not allowed */
 1510              		.loc 1 1274 9 is_stmt 1 view .LVU514
1274:Drivers/STM32F1xx_HAL_Driver/Src/stm32f1xx_hal_spi.c ****         /* Next Data is a reception (Rx). Tx not allowed */
 1511              		.loc 1 1274 13 is_stmt 0 view .LVU515
 1512 0150 E38E     		ldrh	r3, [r4, #54]
 1513 0152 9BB2     		uxth	r3, r3
1274:Drivers/STM32F1xx_HAL_Driver/Src/stm32f1xx_hal_spi.c ****         /* Next Data is a reception (Rx). Tx not allowed */
 1514              		.loc 1 1274 26 view .LVU516
 1515 0154 013B     		subs	r3, r3, #1
 1516 0156 9BB2     		uxth	r3, r3
 1517 0158 E386     		strh	r3, [r4, #54]	@ movhi
1276:Drivers/STM32F1xx_HAL_Driver/Src/stm32f1xx_hal_spi.c **** 
 1518              		.loc 1 1276 9 is_stmt 1 view .LVU517
 1519              	.LVL74:
1276:Drivers/STM32F1xx_HAL_Driver/Src/stm32f1xx_hal_spi.c **** 
 1520              		.loc 1 1276 19 is_stmt 0 view .LVU518
 1521 015a 0027     		movs	r7, #0
 1522 015c C4E7     		b	.L100
 1523              	.LVL75:
 1524              	.L124:
1298:Drivers/STM32F1xx_HAL_Driver/Src/stm32f1xx_hal_spi.c ****         hspi->State = HAL_SPI_STATE_READY;
 1525              		.loc 1 1298 9 is_stmt 1 view .LVU519
1299:Drivers/STM32F1xx_HAL_Driver/Src/stm32f1xx_hal_spi.c ****         goto error;
 1526              		.loc 1 1299 9 view .LVU520
1299:Drivers/STM32F1xx_HAL_Driver/Src/stm32f1xx_hal_spi.c ****         goto error;
 1527              		.loc 1 1299 21 is_stmt 0 view .LVU521
 1528 015e 0123     		movs	r3, #1
 1529 0160 84F85130 		strb	r3, [r4, #81]
1300:Drivers/STM32F1xx_HAL_Driver/Src/stm32f1xx_hal_spi.c ****       }
 1530              		.loc 1 1300 9 is_stmt 1 view .LVU522
1298:Drivers/STM32F1xx_HAL_Driver/Src/stm32f1xx_hal_spi.c ****         hspi->State = HAL_SPI_STATE_READY;
 1531              		.loc 1 1298 19 is_stmt 0 view .LVU523
 1532 0164 0320     		movs	r0, #3
1300:Drivers/STM32F1xx_HAL_Driver/Src/stm32f1xx_hal_spi.c ****       }
 1533              		.loc 1 1300 9 view .LVU524
 1534 0166 59E0     		b	.L93
 1535              	.LVL76:
 1536              	.L106:
1334:Drivers/STM32F1xx_HAL_Driver/Src/stm32f1xx_hal_spi.c ****       {
ARM GAS  C:\Users\zhmis\AppData\Local\Temp\ccgFfHBP.s 			page 106


 1537              		.loc 1 1334 7 is_stmt 1 view .LVU525
1334:Drivers/STM32F1xx_HAL_Driver/Src/stm32f1xx_hal_spi.c ****       {
 1538              		.loc 1 1334 12 is_stmt 0 view .LVU526
 1539 0168 2368     		ldr	r3, [r4]
 1540 016a 9A68     		ldr	r2, [r3, #8]
1334:Drivers/STM32F1xx_HAL_Driver/Src/stm32f1xx_hal_spi.c ****       {
 1541              		.loc 1 1334 10 view .LVU527
 1542 016c 12F0010F 		tst	r2, #1
 1543 0170 0ED0     		beq	.L107
1334:Drivers/STM32F1xx_HAL_Driver/Src/stm32f1xx_hal_spi.c ****       {
 1544              		.loc 1 1334 61 discriminator 1 view .LVU528
 1545 0172 E28F     		ldrh	r2, [r4, #62]
 1546 0174 92B2     		uxth	r2, r2
1334:Drivers/STM32F1xx_HAL_Driver/Src/stm32f1xx_hal_spi.c ****       {
 1547              		.loc 1 1334 53 discriminator 1 view .LVU529
 1548 0176 5AB1     		cbz	r2, .L107
1336:Drivers/STM32F1xx_HAL_Driver/Src/stm32f1xx_hal_spi.c ****         hspi->pRxBuffPtr++;
 1549              		.loc 1 1336 9 is_stmt 1 view .LVU530
1336:Drivers/STM32F1xx_HAL_Driver/Src/stm32f1xx_hal_spi.c ****         hspi->pRxBuffPtr++;
 1550              		.loc 1 1336 56 is_stmt 0 view .LVU531
 1551 0178 DA68     		ldr	r2, [r3, #12]
1336:Drivers/STM32F1xx_HAL_Driver/Src/stm32f1xx_hal_spi.c ****         hspi->pRxBuffPtr++;
 1552              		.loc 1 1336 26 view .LVU532
 1553 017a A36B     		ldr	r3, [r4, #56]
1336:Drivers/STM32F1xx_HAL_Driver/Src/stm32f1xx_hal_spi.c ****         hspi->pRxBuffPtr++;
 1554              		.loc 1 1336 40 view .LVU533
 1555 017c 1A70     		strb	r2, [r3]
1337:Drivers/STM32F1xx_HAL_Driver/Src/stm32f1xx_hal_spi.c ****         hspi->RxXferCount--;
 1556              		.loc 1 1337 9 is_stmt 1 view .LVU534
1337:Drivers/STM32F1xx_HAL_Driver/Src/stm32f1xx_hal_spi.c ****         hspi->RxXferCount--;
 1557              		.loc 1 1337 13 is_stmt 0 view .LVU535
 1558 017e A36B     		ldr	r3, [r4, #56]
1337:Drivers/STM32F1xx_HAL_Driver/Src/stm32f1xx_hal_spi.c ****         hspi->RxXferCount--;
 1559              		.loc 1 1337 25 view .LVU536
 1560 0180 0133     		adds	r3, r3, #1
 1561 0182 A363     		str	r3, [r4, #56]
1338:Drivers/STM32F1xx_HAL_Driver/Src/stm32f1xx_hal_spi.c ****         /* Next Data is a Transmission (Tx). Tx is allowed */
 1562              		.loc 1 1338 9 is_stmt 1 view .LVU537
1338:Drivers/STM32F1xx_HAL_Driver/Src/stm32f1xx_hal_spi.c ****         /* Next Data is a Transmission (Tx). Tx is allowed */
 1563              		.loc 1 1338 13 is_stmt 0 view .LVU538
 1564 0184 E38F     		ldrh	r3, [r4, #62]
 1565 0186 9BB2     		uxth	r3, r3
1338:Drivers/STM32F1xx_HAL_Driver/Src/stm32f1xx_hal_spi.c ****         /* Next Data is a Transmission (Tx). Tx is allowed */
 1566              		.loc 1 1338 26 view .LVU539
 1567 0188 013B     		subs	r3, r3, #1
 1568 018a 9BB2     		uxth	r3, r3
 1569 018c E387     		strh	r3, [r4, #62]	@ movhi
1340:Drivers/STM32F1xx_HAL_Driver/Src/stm32f1xx_hal_spi.c ****       }
 1570              		.loc 1 1340 9 is_stmt 1 view .LVU540
 1571              	.LVL77:
1340:Drivers/STM32F1xx_HAL_Driver/Src/stm32f1xx_hal_spi.c ****       }
 1572              		.loc 1 1340 19 is_stmt 0 view .LVU541
 1573 018e 0127     		movs	r7, #1
 1574              	.LVL78:
 1575              	.L107:
1342:Drivers/STM32F1xx_HAL_Driver/Src/stm32f1xx_hal_spi.c ****       {
 1576              		.loc 1 1342 7 is_stmt 1 view .LVU542
ARM GAS  C:\Users\zhmis\AppData\Local\Temp\ccgFfHBP.s 			page 107


1342:Drivers/STM32F1xx_HAL_Driver/Src/stm32f1xx_hal_spi.c ****       {
 1577              		.loc 1 1342 14 is_stmt 0 view .LVU543
 1578 0190 FFF7FEFF 		bl	HAL_GetTick
 1579              	.LVL79:
1342:Drivers/STM32F1xx_HAL_Driver/Src/stm32f1xx_hal_spi.c ****       {
 1580              		.loc 1 1342 28 discriminator 1 view .LVU544
 1581 0194 831B     		subs	r3, r0, r6
1342:Drivers/STM32F1xx_HAL_Driver/Src/stm32f1xx_hal_spi.c ****       {
 1582              		.loc 1 1342 10 discriminator 1 view .LVU545
 1583 0196 AB42     		cmp	r3, r5
 1584 0198 02D3     		bcc	.L108
1342:Drivers/STM32F1xx_HAL_Driver/Src/stm32f1xx_hal_spi.c ****       {
 1585              		.loc 1 1342 54 discriminator 1 view .LVU546
 1586 019a B5F1FF3F 		cmp	r5, #-1
 1587 019e 1ED1     		bne	.L109
 1588              	.L108:
1342:Drivers/STM32F1xx_HAL_Driver/Src/stm32f1xx_hal_spi.c ****       {
 1589              		.loc 1 1342 87 discriminator 3 view .LVU547
 1590 01a0 EDB1     		cbz	r5, .L109
 1591              	.LVL80:
 1592              	.L110:
1313:Drivers/STM32F1xx_HAL_Driver/Src/stm32f1xx_hal_spi.c ****     {
 1593              		.loc 1 1313 37 is_stmt 1 view .LVU548
1313:Drivers/STM32F1xx_HAL_Driver/Src/stm32f1xx_hal_spi.c ****     {
 1594              		.loc 1 1313 17 is_stmt 0 view .LVU549
 1595 01a2 E38E     		ldrh	r3, [r4, #54]
 1596 01a4 9BB2     		uxth	r3, r3
1313:Drivers/STM32F1xx_HAL_Driver/Src/stm32f1xx_hal_spi.c ****     {
 1597              		.loc 1 1313 37 view .LVU550
 1598 01a6 13B9     		cbnz	r3, .L111
1313:Drivers/STM32F1xx_HAL_Driver/Src/stm32f1xx_hal_spi.c ****     {
 1599              		.loc 1 1313 45 discriminator 1 view .LVU551
 1600 01a8 E38F     		ldrh	r3, [r4, #62]
 1601 01aa 9BB2     		uxth	r3, r3
1313:Drivers/STM32F1xx_HAL_Driver/Src/stm32f1xx_hal_spi.c ****     {
 1602              		.loc 1 1313 37 discriminator 1 view .LVU552
 1603 01ac E3B1     		cbz	r3, .L103
 1604              	.L111:
1316:Drivers/STM32F1xx_HAL_Driver/Src/stm32f1xx_hal_spi.c ****       {
 1605              		.loc 1 1316 7 is_stmt 1 view .LVU553
1316:Drivers/STM32F1xx_HAL_Driver/Src/stm32f1xx_hal_spi.c ****       {
 1606              		.loc 1 1316 12 is_stmt 0 view .LVU554
 1607 01ae 2368     		ldr	r3, [r4]
 1608 01b0 9A68     		ldr	r2, [r3, #8]
1316:Drivers/STM32F1xx_HAL_Driver/Src/stm32f1xx_hal_spi.c ****       {
 1609              		.loc 1 1316 10 view .LVU555
 1610 01b2 12F0020F 		tst	r2, #2
 1611 01b6 D7D0     		beq	.L106
1316:Drivers/STM32F1xx_HAL_Driver/Src/stm32f1xx_hal_spi.c ****       {
 1612              		.loc 1 1316 60 discriminator 1 view .LVU556
 1613 01b8 E28E     		ldrh	r2, [r4, #54]
 1614 01ba 92B2     		uxth	r2, r2
1316:Drivers/STM32F1xx_HAL_Driver/Src/stm32f1xx_hal_spi.c ****       {
 1615              		.loc 1 1316 52 discriminator 1 view .LVU557
 1616 01bc 002A     		cmp	r2, #0
 1617 01be D3D0     		beq	.L106
1316:Drivers/STM32F1xx_HAL_Driver/Src/stm32f1xx_hal_spi.c ****       {
ARM GAS  C:\Users\zhmis\AppData\Local\Temp\ccgFfHBP.s 			page 108


 1618              		.loc 1 1316 80 discriminator 2 view .LVU558
 1619 01c0 002F     		cmp	r7, #0
 1620 01c2 D1D0     		beq	.L106
1318:Drivers/STM32F1xx_HAL_Driver/Src/stm32f1xx_hal_spi.c ****         hspi->pTxBuffPtr++;
 1621              		.loc 1 1318 9 is_stmt 1 view .LVU559
1318:Drivers/STM32F1xx_HAL_Driver/Src/stm32f1xx_hal_spi.c ****         hspi->pTxBuffPtr++;
 1622              		.loc 1 1318 54 is_stmt 0 view .LVU560
 1623 01c4 226B     		ldr	r2, [r4, #48]
1318:Drivers/STM32F1xx_HAL_Driver/Src/stm32f1xx_hal_spi.c ****         hspi->pTxBuffPtr++;
 1624              		.loc 1 1318 49 view .LVU561
 1625 01c6 1278     		ldrb	r2, [r2]	@ zero_extendqisi2
1318:Drivers/STM32F1xx_HAL_Driver/Src/stm32f1xx_hal_spi.c ****         hspi->pTxBuffPtr++;
 1626              		.loc 1 1318 46 view .LVU562
 1627 01c8 1A73     		strb	r2, [r3, #12]
1319:Drivers/STM32F1xx_HAL_Driver/Src/stm32f1xx_hal_spi.c ****         hspi->TxXferCount--;
 1628              		.loc 1 1319 9 is_stmt 1 view .LVU563
1319:Drivers/STM32F1xx_HAL_Driver/Src/stm32f1xx_hal_spi.c ****         hspi->TxXferCount--;
 1629              		.loc 1 1319 13 is_stmt 0 view .LVU564
 1630 01ca 236B     		ldr	r3, [r4, #48]
1319:Drivers/STM32F1xx_HAL_Driver/Src/stm32f1xx_hal_spi.c ****         hspi->TxXferCount--;
 1631              		.loc 1 1319 25 view .LVU565
 1632 01cc 0133     		adds	r3, r3, #1
 1633 01ce 2363     		str	r3, [r4, #48]
1320:Drivers/STM32F1xx_HAL_Driver/Src/stm32f1xx_hal_spi.c ****         /* Next Data is a reception (Rx). Tx not allowed */
 1634              		.loc 1 1320 9 is_stmt 1 view .LVU566
1320:Drivers/STM32F1xx_HAL_Driver/Src/stm32f1xx_hal_spi.c ****         /* Next Data is a reception (Rx). Tx not allowed */
 1635              		.loc 1 1320 13 is_stmt 0 view .LVU567
 1636 01d0 E38E     		ldrh	r3, [r4, #54]
 1637 01d2 9BB2     		uxth	r3, r3
1320:Drivers/STM32F1xx_HAL_Driver/Src/stm32f1xx_hal_spi.c ****         /* Next Data is a reception (Rx). Tx not allowed */
 1638              		.loc 1 1320 26 view .LVU568
 1639 01d4 013B     		subs	r3, r3, #1
 1640 01d6 9BB2     		uxth	r3, r3
 1641 01d8 E386     		strh	r3, [r4, #54]	@ movhi
1322:Drivers/STM32F1xx_HAL_Driver/Src/stm32f1xx_hal_spi.c **** 
 1642              		.loc 1 1322 9 is_stmt 1 view .LVU569
 1643              	.LVL81:
1322:Drivers/STM32F1xx_HAL_Driver/Src/stm32f1xx_hal_spi.c **** 
 1644              		.loc 1 1322 19 is_stmt 0 view .LVU570
 1645 01da 0027     		movs	r7, #0
 1646 01dc C4E7     		b	.L106
 1647              	.LVL82:
 1648              	.L109:
1344:Drivers/STM32F1xx_HAL_Driver/Src/stm32f1xx_hal_spi.c ****         hspi->State = HAL_SPI_STATE_READY;
 1649              		.loc 1 1344 9 is_stmt 1 view .LVU571
1345:Drivers/STM32F1xx_HAL_Driver/Src/stm32f1xx_hal_spi.c ****         goto error;
 1650              		.loc 1 1345 9 view .LVU572
1345:Drivers/STM32F1xx_HAL_Driver/Src/stm32f1xx_hal_spi.c ****         goto error;
 1651              		.loc 1 1345 21 is_stmt 0 view .LVU573
 1652 01de 0123     		movs	r3, #1
 1653 01e0 84F85130 		strb	r3, [r4, #81]
1346:Drivers/STM32F1xx_HAL_Driver/Src/stm32f1xx_hal_spi.c ****       }
 1654              		.loc 1 1346 9 is_stmt 1 view .LVU574
1344:Drivers/STM32F1xx_HAL_Driver/Src/stm32f1xx_hal_spi.c ****         hspi->State = HAL_SPI_STATE_READY;
 1655              		.loc 1 1344 19 is_stmt 0 view .LVU575
 1656 01e4 0320     		movs	r0, #3
1346:Drivers/STM32F1xx_HAL_Driver/Src/stm32f1xx_hal_spi.c ****       }
ARM GAS  C:\Users\zhmis\AppData\Local\Temp\ccgFfHBP.s 			page 109


 1657              		.loc 1 1346 9 view .LVU576
 1658 01e6 19E0     		b	.L93
 1659              	.LVL83:
 1660              	.L103:
1390:Drivers/STM32F1xx_HAL_Driver/Src/stm32f1xx_hal_spi.c ****   {
 1661              		.loc 1 1390 3 is_stmt 1 view .LVU577
1390:Drivers/STM32F1xx_HAL_Driver/Src/stm32f1xx_hal_spi.c ****   {
 1662              		.loc 1 1390 7 is_stmt 0 view .LVU578
 1663 01e8 3246     		mov	r2, r6
 1664 01ea 2946     		mov	r1, r5
 1665 01ec 2046     		mov	r0, r4
 1666 01ee FFF7FEFF 		bl	SPI_EndRxTxTransaction
 1667              	.LVL84:
1390:Drivers/STM32F1xx_HAL_Driver/Src/stm32f1xx_hal_spi.c ****   {
 1668              		.loc 1 1390 6 discriminator 1 view .LVU579
 1669 01f2 70B9     		cbnz	r0, .L125
1398:Drivers/STM32F1xx_HAL_Driver/Src/stm32f1xx_hal_spi.c ****   {
 1670              		.loc 1 1398 3 is_stmt 1 view .LVU580
1398:Drivers/STM32F1xx_HAL_Driver/Src/stm32f1xx_hal_spi.c ****   {
 1671              		.loc 1 1398 17 is_stmt 0 view .LVU581
 1672 01f4 A368     		ldr	r3, [r4, #8]
1398:Drivers/STM32F1xx_HAL_Driver/Src/stm32f1xx_hal_spi.c ****   {
 1673              		.loc 1 1398 6 view .LVU582
 1674 01f6 33B9     		cbnz	r3, .L113
1400:Drivers/STM32F1xx_HAL_Driver/Src/stm32f1xx_hal_spi.c ****   }
 1675              		.loc 1 1400 5 is_stmt 1 view .LVU583
 1676              	.LBB3:
1400:Drivers/STM32F1xx_HAL_Driver/Src/stm32f1xx_hal_spi.c ****   }
 1677              		.loc 1 1400 5 view .LVU584
 1678 01f8 0193     		str	r3, [sp, #4]
1400:Drivers/STM32F1xx_HAL_Driver/Src/stm32f1xx_hal_spi.c ****   }
 1679              		.loc 1 1400 5 view .LVU585
 1680 01fa 2368     		ldr	r3, [r4]
 1681 01fc DA68     		ldr	r2, [r3, #12]
 1682 01fe 0192     		str	r2, [sp, #4]
1400:Drivers/STM32F1xx_HAL_Driver/Src/stm32f1xx_hal_spi.c ****   }
 1683              		.loc 1 1400 5 view .LVU586
 1684 0200 9B68     		ldr	r3, [r3, #8]
 1685 0202 0193     		str	r3, [sp, #4]
1400:Drivers/STM32F1xx_HAL_Driver/Src/stm32f1xx_hal_spi.c ****   }
 1686              		.loc 1 1400 5 view .LVU587
 1687 0204 019B     		ldr	r3, [sp, #4]
 1688              	.L113:
 1689              	.LBE3:
1400:Drivers/STM32F1xx_HAL_Driver/Src/stm32f1xx_hal_spi.c ****   }
 1690              		.loc 1 1400 5 discriminator 1 view .LVU588
1403:Drivers/STM32F1xx_HAL_Driver/Src/stm32f1xx_hal_spi.c ****   {
 1691              		.loc 1 1403 3 view .LVU589
1403:Drivers/STM32F1xx_HAL_Driver/Src/stm32f1xx_hal_spi.c ****   {
 1692              		.loc 1 1403 11 is_stmt 0 view .LVU590
 1693 0206 636D     		ldr	r3, [r4, #84]
1403:Drivers/STM32F1xx_HAL_Driver/Src/stm32f1xx_hal_spi.c ****   {
 1694              		.loc 1 1403 6 view .LVU591
 1695 0208 C3B9     		cbnz	r3, .L121
1409:Drivers/STM32F1xx_HAL_Driver/Src/stm32f1xx_hal_spi.c ****   }
 1696              		.loc 1 1409 5 is_stmt 1 view .LVU592
1409:Drivers/STM32F1xx_HAL_Driver/Src/stm32f1xx_hal_spi.c ****   }
ARM GAS  C:\Users\zhmis\AppData\Local\Temp\ccgFfHBP.s 			page 110


 1697              		.loc 1 1409 17 is_stmt 0 view .LVU593
 1698 020a 0123     		movs	r3, #1
 1699 020c 84F85130 		strb	r3, [r4, #81]
 1700 0210 04E0     		b	.L93
 1701              	.L125:
1392:Drivers/STM32F1xx_HAL_Driver/Src/stm32f1xx_hal_spi.c ****     hspi->ErrorCode = HAL_SPI_ERROR_FLAG;
 1702              		.loc 1 1392 5 is_stmt 1 view .LVU594
 1703              	.LVL85:
1393:Drivers/STM32F1xx_HAL_Driver/Src/stm32f1xx_hal_spi.c ****     goto error;
 1704              		.loc 1 1393 5 view .LVU595
1393:Drivers/STM32F1xx_HAL_Driver/Src/stm32f1xx_hal_spi.c ****     goto error;
 1705              		.loc 1 1393 21 is_stmt 0 view .LVU596
 1706 0212 2023     		movs	r3, #32
 1707 0214 6365     		str	r3, [r4, #84]
1394:Drivers/STM32F1xx_HAL_Driver/Src/stm32f1xx_hal_spi.c ****   }
 1708              		.loc 1 1394 5 is_stmt 1 view .LVU597
1392:Drivers/STM32F1xx_HAL_Driver/Src/stm32f1xx_hal_spi.c ****     hspi->ErrorCode = HAL_SPI_ERROR_FLAG;
 1709              		.loc 1 1392 15 is_stmt 0 view .LVU598
 1710 0216 0120     		movs	r0, #1
1394:Drivers/STM32F1xx_HAL_Driver/Src/stm32f1xx_hal_spi.c ****   }
 1711              		.loc 1 1394 5 view .LVU599
 1712 0218 00E0     		b	.L93
 1713              	.LVL86:
 1714              	.L115:
1214:Drivers/STM32F1xx_HAL_Driver/Src/stm32f1xx_hal_spi.c ****     goto error;
 1715              		.loc 1 1214 15 view .LVU600
 1716 021a 0220     		movs	r0, #2
 1717              	.LVL87:
 1718              	.L93:
1413:Drivers/STM32F1xx_HAL_Driver/Src/stm32f1xx_hal_spi.c ****   return errorcode;
 1719              		.loc 1 1413 3 is_stmt 1 view .LVU601
1413:Drivers/STM32F1xx_HAL_Driver/Src/stm32f1xx_hal_spi.c ****   return errorcode;
 1720              		.loc 1 1413 3 view .LVU602
 1721 021c 0023     		movs	r3, #0
 1722 021e 84F85030 		strb	r3, [r4, #80]
1413:Drivers/STM32F1xx_HAL_Driver/Src/stm32f1xx_hal_spi.c ****   return errorcode;
 1723              		.loc 1 1413 3 view .LVU603
1414:Drivers/STM32F1xx_HAL_Driver/Src/stm32f1xx_hal_spi.c **** }
 1724              		.loc 1 1414 3 view .LVU604
 1725              	.LVL88:
 1726              	.L91:
1415:Drivers/STM32F1xx_HAL_Driver/Src/stm32f1xx_hal_spi.c **** 
 1727              		.loc 1 1415 1 is_stmt 0 view .LVU605
 1728 0222 03B0     		add	sp, sp, #12
 1729              		.cfi_remember_state
 1730              		.cfi_def_cfa_offset 28
 1731              		@ sp needed
 1732 0224 BDE8F083 		pop	{r4, r5, r6, r7, r8, r9, pc}
 1733              	.LVL89:
 1734              	.L116:
 1735              		.cfi_restore_state
1214:Drivers/STM32F1xx_HAL_Driver/Src/stm32f1xx_hal_spi.c ****     goto error;
 1736              		.loc 1 1214 15 view .LVU606
 1737 0228 0220     		movs	r0, #2
 1738              	.LVL90:
1214:Drivers/STM32F1xx_HAL_Driver/Src/stm32f1xx_hal_spi.c ****     goto error;
 1739              		.loc 1 1214 15 view .LVU607
ARM GAS  C:\Users\zhmis\AppData\Local\Temp\ccgFfHBP.s 			page 111


 1740 022a F7E7     		b	.L93
 1741              	.LVL91:
 1742              	.L117:
1214:Drivers/STM32F1xx_HAL_Driver/Src/stm32f1xx_hal_spi.c ****     goto error;
 1743              		.loc 1 1214 15 view .LVU608
 1744 022c 0220     		movs	r0, #2
 1745              	.LVL92:
1214:Drivers/STM32F1xx_HAL_Driver/Src/stm32f1xx_hal_spi.c ****     goto error;
 1746              		.loc 1 1214 15 view .LVU609
 1747 022e F5E7     		b	.L93
 1748              	.LVL93:
 1749              	.L118:
1220:Drivers/STM32F1xx_HAL_Driver/Src/stm32f1xx_hal_spi.c ****     goto error;
 1750              		.loc 1 1220 15 view .LVU610
 1751 0230 0120     		movs	r0, #1
 1752              	.LVL94:
1220:Drivers/STM32F1xx_HAL_Driver/Src/stm32f1xx_hal_spi.c ****     goto error;
 1753              		.loc 1 1220 15 view .LVU611
 1754 0232 F3E7     		b	.L93
 1755              	.LVL95:
 1756              	.L119:
1220:Drivers/STM32F1xx_HAL_Driver/Src/stm32f1xx_hal_spi.c ****     goto error;
 1757              		.loc 1 1220 15 view .LVU612
 1758 0234 0120     		movs	r0, #1
 1759              	.LVL96:
1220:Drivers/STM32F1xx_HAL_Driver/Src/stm32f1xx_hal_spi.c ****     goto error;
 1760              		.loc 1 1220 15 view .LVU613
 1761 0236 F1E7     		b	.L93
 1762              	.LVL97:
 1763              	.L120:
1220:Drivers/STM32F1xx_HAL_Driver/Src/stm32f1xx_hal_spi.c ****     goto error;
 1764              		.loc 1 1220 15 view .LVU614
 1765 0238 0120     		movs	r0, #1
 1766              	.LVL98:
1220:Drivers/STM32F1xx_HAL_Driver/Src/stm32f1xx_hal_spi.c ****     goto error;
 1767              		.loc 1 1220 15 view .LVU615
 1768 023a EFE7     		b	.L93
 1769              	.LVL99:
 1770              	.L121:
1405:Drivers/STM32F1xx_HAL_Driver/Src/stm32f1xx_hal_spi.c ****   }
 1771              		.loc 1 1405 15 view .LVU616
 1772 023c 0120     		movs	r0, #1
 1773 023e EDE7     		b	.L93
 1774              	.LVL100:
 1775              	.L114:
1201:Drivers/STM32F1xx_HAL_Driver/Src/stm32f1xx_hal_spi.c **** 
 1776              		.loc 1 1201 3 discriminator 1 view .LVU617
 1777 0240 0220     		movs	r0, #2
 1778              	.LVL101:
1201:Drivers/STM32F1xx_HAL_Driver/Src/stm32f1xx_hal_spi.c **** 
 1779              		.loc 1 1201 3 discriminator 1 view .LVU618
 1780 0242 EEE7     		b	.L91
 1781              		.cfi_endproc
 1782              	.LFE71:
 1784              		.section	.text.HAL_SPI_Receive,"ax",%progbits
 1785              		.align	1
 1786              		.global	HAL_SPI_Receive
ARM GAS  C:\Users\zhmis\AppData\Local\Temp\ccgFfHBP.s 			page 112


 1787              		.syntax unified
 1788              		.thumb
 1789              		.thumb_func
 1791              	HAL_SPI_Receive:
 1792              	.LVL102:
 1793              	.LFB70:
 964:Drivers/STM32F1xx_HAL_Driver/Src/stm32f1xx_hal_spi.c **** #if (USE_SPI_CRC != 0U)
 1794              		.loc 1 964 1 is_stmt 1 view -0
 1795              		.cfi_startproc
 1796              		@ args = 0, pretend = 0, frame = 0
 1797              		@ frame_needed = 0, uses_anonymous_args = 0
 964:Drivers/STM32F1xx_HAL_Driver/Src/stm32f1xx_hal_spi.c **** #if (USE_SPI_CRC != 0U)
 1798              		.loc 1 964 1 is_stmt 0 view .LVU620
 1799 0000 2DE9F043 		push	{r4, r5, r6, r7, r8, r9, lr}
 1800              		.cfi_def_cfa_offset 28
 1801              		.cfi_offset 4, -28
 1802              		.cfi_offset 5, -24
 1803              		.cfi_offset 6, -20
 1804              		.cfi_offset 7, -16
 1805              		.cfi_offset 8, -12
 1806              		.cfi_offset 9, -8
 1807              		.cfi_offset 14, -4
 1808 0004 83B0     		sub	sp, sp, #12
 1809              		.cfi_def_cfa_offset 40
 1810 0006 0446     		mov	r4, r0
 968:Drivers/STM32F1xx_HAL_Driver/Src/stm32f1xx_hal_spi.c ****   HAL_StatusTypeDef errorcode = HAL_OK;
 1811              		.loc 1 968 3 is_stmt 1 view .LVU621
 969:Drivers/STM32F1xx_HAL_Driver/Src/stm32f1xx_hal_spi.c **** 
 1812              		.loc 1 969 3 view .LVU622
 1813              	.LVL103:
 971:Drivers/STM32F1xx_HAL_Driver/Src/stm32f1xx_hal_spi.c ****   {
 1814              		.loc 1 971 3 view .LVU623
 971:Drivers/STM32F1xx_HAL_Driver/Src/stm32f1xx_hal_spi.c ****   {
 1815              		.loc 1 971 11 is_stmt 0 view .LVU624
 1816 0008 90F85160 		ldrb	r6, [r0, #81]	@ zero_extendqisi2
 1817 000c F6B2     		uxtb	r6, r6
 971:Drivers/STM32F1xx_HAL_Driver/Src/stm32f1xx_hal_spi.c ****   {
 1818              		.loc 1 971 6 view .LVU625
 1819 000e 012E     		cmp	r6, #1
 1820 0010 40F0AB80 		bne	.L146
 1821 0014 8846     		mov	r8, r1
 1822 0016 9146     		mov	r9, r2
 1823 0018 1D46     		mov	r5, r3
 977:Drivers/STM32F1xx_HAL_Driver/Src/stm32f1xx_hal_spi.c ****   {
 1824              		.loc 1 977 3 is_stmt 1 view .LVU626
 977:Drivers/STM32F1xx_HAL_Driver/Src/stm32f1xx_hal_spi.c ****   {
 1825              		.loc 1 977 18 is_stmt 0 view .LVU627
 1826 001a 4368     		ldr	r3, [r0, #4]
 1827              	.LVL104:
 977:Drivers/STM32F1xx_HAL_Driver/Src/stm32f1xx_hal_spi.c ****   {
 1828              		.loc 1 977 6 view .LVU628
 1829 001c B3F5827F 		cmp	r3, #260
 1830 0020 32D0     		beq	.L149
 1831              	.L128:
 985:Drivers/STM32F1xx_HAL_Driver/Src/stm32f1xx_hal_spi.c **** 
 1832              		.loc 1 985 3 is_stmt 1 view .LVU629
 985:Drivers/STM32F1xx_HAL_Driver/Src/stm32f1xx_hal_spi.c **** 
ARM GAS  C:\Users\zhmis\AppData\Local\Temp\ccgFfHBP.s 			page 113


 1833              		.loc 1 985 3 view .LVU630
 1834 0022 94F85030 		ldrb	r3, [r4, #80]	@ zero_extendqisi2
 1835 0026 012B     		cmp	r3, #1
 1836 0028 00F0A780 		beq	.L147
 985:Drivers/STM32F1xx_HAL_Driver/Src/stm32f1xx_hal_spi.c **** 
 1837              		.loc 1 985 3 discriminator 2 view .LVU631
 1838 002c 0123     		movs	r3, #1
 1839 002e 84F85030 		strb	r3, [r4, #80]
 985:Drivers/STM32F1xx_HAL_Driver/Src/stm32f1xx_hal_spi.c **** 
 1840              		.loc 1 985 3 discriminator 2 view .LVU632
 988:Drivers/STM32F1xx_HAL_Driver/Src/stm32f1xx_hal_spi.c **** 
 1841              		.loc 1 988 3 view .LVU633
 988:Drivers/STM32F1xx_HAL_Driver/Src/stm32f1xx_hal_spi.c **** 
 1842              		.loc 1 988 15 is_stmt 0 view .LVU634
 1843 0032 FFF7FEFF 		bl	HAL_GetTick
 1844              	.LVL105:
 988:Drivers/STM32F1xx_HAL_Driver/Src/stm32f1xx_hal_spi.c **** 
 1845              		.loc 1 988 15 view .LVU635
 1846 0036 0746     		mov	r7, r0
 1847              	.LVL106:
 990:Drivers/STM32F1xx_HAL_Driver/Src/stm32f1xx_hal_spi.c ****   {
 1848              		.loc 1 990 3 is_stmt 1 view .LVU636
 990:Drivers/STM32F1xx_HAL_Driver/Src/stm32f1xx_hal_spi.c ****   {
 1849              		.loc 1 990 6 is_stmt 0 view .LVU637
 1850 0038 B8F1000F 		cmp	r8, #0
 1851 003c 00F09680 		beq	.L127
 990:Drivers/STM32F1xx_HAL_Driver/Src/stm32f1xx_hal_spi.c ****   {
 1852              		.loc 1 990 23 discriminator 1 view .LVU638
 1853 0040 B9F1000F 		cmp	r9, #0
 1854 0044 00F09280 		beq	.L127
 997:Drivers/STM32F1xx_HAL_Driver/Src/stm32f1xx_hal_spi.c ****   hspi->ErrorCode   = HAL_SPI_ERROR_NONE;
 1855              		.loc 1 997 3 is_stmt 1 view .LVU639
 997:Drivers/STM32F1xx_HAL_Driver/Src/stm32f1xx_hal_spi.c ****   hspi->ErrorCode   = HAL_SPI_ERROR_NONE;
 1856              		.loc 1 997 21 is_stmt 0 view .LVU640
 1857 0048 0423     		movs	r3, #4
 1858 004a 84F85130 		strb	r3, [r4, #81]
 998:Drivers/STM32F1xx_HAL_Driver/Src/stm32f1xx_hal_spi.c ****   hspi->pRxBuffPtr  = (uint8_t *)pData;
 1859              		.loc 1 998 3 is_stmt 1 view .LVU641
 998:Drivers/STM32F1xx_HAL_Driver/Src/stm32f1xx_hal_spi.c ****   hspi->pRxBuffPtr  = (uint8_t *)pData;
 1860              		.loc 1 998 21 is_stmt 0 view .LVU642
 1861 004e 0023     		movs	r3, #0
 1862 0050 6365     		str	r3, [r4, #84]
 999:Drivers/STM32F1xx_HAL_Driver/Src/stm32f1xx_hal_spi.c ****   hspi->RxXferSize  = Size;
 1863              		.loc 1 999 3 is_stmt 1 view .LVU643
 999:Drivers/STM32F1xx_HAL_Driver/Src/stm32f1xx_hal_spi.c ****   hspi->RxXferSize  = Size;
 1864              		.loc 1 999 21 is_stmt 0 view .LVU644
 1865 0052 C4F83880 		str	r8, [r4, #56]
1000:Drivers/STM32F1xx_HAL_Driver/Src/stm32f1xx_hal_spi.c ****   hspi->RxXferCount = Size;
 1866              		.loc 1 1000 3 is_stmt 1 view .LVU645
1000:Drivers/STM32F1xx_HAL_Driver/Src/stm32f1xx_hal_spi.c ****   hspi->RxXferCount = Size;
 1867              		.loc 1 1000 21 is_stmt 0 view .LVU646
 1868 0056 A4F83C90 		strh	r9, [r4, #60]	@ movhi
1001:Drivers/STM32F1xx_HAL_Driver/Src/stm32f1xx_hal_spi.c **** 
 1869              		.loc 1 1001 3 is_stmt 1 view .LVU647
1001:Drivers/STM32F1xx_HAL_Driver/Src/stm32f1xx_hal_spi.c **** 
 1870              		.loc 1 1001 21 is_stmt 0 view .LVU648
 1871 005a A4F83E90 		strh	r9, [r4, #62]	@ movhi
ARM GAS  C:\Users\zhmis\AppData\Local\Temp\ccgFfHBP.s 			page 114


1004:Drivers/STM32F1xx_HAL_Driver/Src/stm32f1xx_hal_spi.c ****   hspi->TxXferSize  = 0U;
 1872              		.loc 1 1004 3 is_stmt 1 view .LVU649
1004:Drivers/STM32F1xx_HAL_Driver/Src/stm32f1xx_hal_spi.c ****   hspi->TxXferSize  = 0U;
 1873              		.loc 1 1004 21 is_stmt 0 view .LVU650
 1874 005e 2363     		str	r3, [r4, #48]
1005:Drivers/STM32F1xx_HAL_Driver/Src/stm32f1xx_hal_spi.c ****   hspi->TxXferCount = 0U;
 1875              		.loc 1 1005 3 is_stmt 1 view .LVU651
1005:Drivers/STM32F1xx_HAL_Driver/Src/stm32f1xx_hal_spi.c ****   hspi->TxXferCount = 0U;
 1876              		.loc 1 1005 21 is_stmt 0 view .LVU652
 1877 0060 A386     		strh	r3, [r4, #52]	@ movhi
1006:Drivers/STM32F1xx_HAL_Driver/Src/stm32f1xx_hal_spi.c ****   hspi->RxISR       = NULL;
 1878              		.loc 1 1006 3 is_stmt 1 view .LVU653
1006:Drivers/STM32F1xx_HAL_Driver/Src/stm32f1xx_hal_spi.c ****   hspi->RxISR       = NULL;
 1879              		.loc 1 1006 21 is_stmt 0 view .LVU654
 1880 0062 E386     		strh	r3, [r4, #54]	@ movhi
1007:Drivers/STM32F1xx_HAL_Driver/Src/stm32f1xx_hal_spi.c ****   hspi->TxISR       = NULL;
 1881              		.loc 1 1007 3 is_stmt 1 view .LVU655
1007:Drivers/STM32F1xx_HAL_Driver/Src/stm32f1xx_hal_spi.c ****   hspi->TxISR       = NULL;
 1882              		.loc 1 1007 21 is_stmt 0 view .LVU656
 1883 0064 2364     		str	r3, [r4, #64]
1008:Drivers/STM32F1xx_HAL_Driver/Src/stm32f1xx_hal_spi.c **** 
 1884              		.loc 1 1008 3 is_stmt 1 view .LVU657
1008:Drivers/STM32F1xx_HAL_Driver/Src/stm32f1xx_hal_spi.c **** 
 1885              		.loc 1 1008 21 is_stmt 0 view .LVU658
 1886 0066 6364     		str	r3, [r4, #68]
1021:Drivers/STM32F1xx_HAL_Driver/Src/stm32f1xx_hal_spi.c ****   {
 1887              		.loc 1 1021 3 is_stmt 1 view .LVU659
1021:Drivers/STM32F1xx_HAL_Driver/Src/stm32f1xx_hal_spi.c ****   {
 1888              		.loc 1 1021 17 is_stmt 0 view .LVU660
 1889 0068 A368     		ldr	r3, [r4, #8]
1021:Drivers/STM32F1xx_HAL_Driver/Src/stm32f1xx_hal_spi.c ****   {
 1890              		.loc 1 1021 6 view .LVU661
 1891 006a B3F5004F 		cmp	r3, #32768
 1892 006e 18D0     		beq	.L150
 1893              	.L130:
1029:Drivers/STM32F1xx_HAL_Driver/Src/stm32f1xx_hal_spi.c ****   {
 1894              		.loc 1 1029 3 is_stmt 1 view .LVU662
1029:Drivers/STM32F1xx_HAL_Driver/Src/stm32f1xx_hal_spi.c ****   {
 1895              		.loc 1 1029 12 is_stmt 0 view .LVU663
 1896 0070 2368     		ldr	r3, [r4]
1029:Drivers/STM32F1xx_HAL_Driver/Src/stm32f1xx_hal_spi.c ****   {
 1897              		.loc 1 1029 22 view .LVU664
 1898 0072 1A68     		ldr	r2, [r3]
1029:Drivers/STM32F1xx_HAL_Driver/Src/stm32f1xx_hal_spi.c ****   {
 1899              		.loc 1 1029 6 view .LVU665
 1900 0074 12F0400F 		tst	r2, #64
 1901 0078 03D1     		bne	.L131
1032:Drivers/STM32F1xx_HAL_Driver/Src/stm32f1xx_hal_spi.c ****   }
 1902              		.loc 1 1032 5 is_stmt 1 view .LVU666
 1903 007a 1A68     		ldr	r2, [r3]
 1904 007c 42F04002 		orr	r2, r2, #64
 1905 0080 1A60     		str	r2, [r3]
 1906              	.L131:
1036:Drivers/STM32F1xx_HAL_Driver/Src/stm32f1xx_hal_spi.c ****   {
 1907              		.loc 1 1036 3 view .LVU667
1036:Drivers/STM32F1xx_HAL_Driver/Src/stm32f1xx_hal_spi.c ****   {
 1908              		.loc 1 1036 17 is_stmt 0 view .LVU668
ARM GAS  C:\Users\zhmis\AppData\Local\Temp\ccgFfHBP.s 			page 115


 1909 0082 E368     		ldr	r3, [r4, #12]
1036:Drivers/STM32F1xx_HAL_Driver/Src/stm32f1xx_hal_spi.c ****   {
 1910              		.loc 1 1036 6 view .LVU669
 1911 0084 0BB3     		cbz	r3, .L132
 1912 0086 43E0     		b	.L133
 1913              	.LVL107:
 1914              	.L149:
 977:Drivers/STM32F1xx_HAL_Driver/Src/stm32f1xx_hal_spi.c ****   {
 1915              		.loc 1 977 58 discriminator 1 view .LVU670
 1916 0088 8368     		ldr	r3, [r0, #8]
 977:Drivers/STM32F1xx_HAL_Driver/Src/stm32f1xx_hal_spi.c ****   {
 1917              		.loc 1 977 44 discriminator 1 view .LVU671
 1918 008a 002B     		cmp	r3, #0
 1919 008c C9D1     		bne	.L128
 979:Drivers/STM32F1xx_HAL_Driver/Src/stm32f1xx_hal_spi.c ****     /* Call transmit-receive function to send Dummy data on Tx line and generate clock on CLK line 
 1920              		.loc 1 979 5 is_stmt 1 view .LVU672
 979:Drivers/STM32F1xx_HAL_Driver/Src/stm32f1xx_hal_spi.c ****     /* Call transmit-receive function to send Dummy data on Tx line and generate clock on CLK line 
 1921              		.loc 1 979 17 is_stmt 0 view .LVU673
 1922 008e 0423     		movs	r3, #4
 1923 0090 80F85130 		strb	r3, [r0, #81]
 981:Drivers/STM32F1xx_HAL_Driver/Src/stm32f1xx_hal_spi.c ****   }
 1924              		.loc 1 981 5 is_stmt 1 view .LVU674
 981:Drivers/STM32F1xx_HAL_Driver/Src/stm32f1xx_hal_spi.c ****   }
 1925              		.loc 1 981 12 is_stmt 0 view .LVU675
 1926 0094 0095     		str	r5, [sp]
 1927 0096 1346     		mov	r3, r2
 1928 0098 0A46     		mov	r2, r1
 1929              	.LVL108:
 981:Drivers/STM32F1xx_HAL_Driver/Src/stm32f1xx_hal_spi.c ****   }
 1930              		.loc 1 981 12 view .LVU676
 1931 009a FFF7FEFF 		bl	HAL_SPI_TransmitReceive
 1932              	.LVL109:
 981:Drivers/STM32F1xx_HAL_Driver/Src/stm32f1xx_hal_spi.c ****   }
 1933              		.loc 1 981 12 view .LVU677
 1934 009e 0646     		mov	r6, r0
 1935 00a0 67E0     		b	.L129
 1936              	.LVL110:
 1937              	.L150:
1024:Drivers/STM32F1xx_HAL_Driver/Src/stm32f1xx_hal_spi.c ****     SPI_1LINE_RX(hspi);
 1938              		.loc 1 1024 5 is_stmt 1 view .LVU678
 1939 00a2 2268     		ldr	r2, [r4]
 1940 00a4 1368     		ldr	r3, [r2]
 1941 00a6 23F04003 		bic	r3, r3, #64
 1942 00aa 1360     		str	r3, [r2]
1025:Drivers/STM32F1xx_HAL_Driver/Src/stm32f1xx_hal_spi.c ****   }
 1943              		.loc 1 1025 5 view .LVU679
 1944 00ac 2268     		ldr	r2, [r4]
 1945 00ae 1368     		ldr	r3, [r2]
 1946 00b0 23F48043 		bic	r3, r3, #16384
 1947 00b4 1360     		str	r3, [r2]
 1948 00b6 DBE7     		b	.L130
 1949              	.LVL111:
 1950              	.L134:
1052:Drivers/STM32F1xx_HAL_Driver/Src/stm32f1xx_hal_spi.c ****         {
 1951              		.loc 1 1052 9 view .LVU680
1052:Drivers/STM32F1xx_HAL_Driver/Src/stm32f1xx_hal_spi.c ****         {
 1952              		.loc 1 1052 16 is_stmt 0 view .LVU681
ARM GAS  C:\Users\zhmis\AppData\Local\Temp\ccgFfHBP.s 			page 116


 1953 00b8 FFF7FEFF 		bl	HAL_GetTick
 1954              	.LVL112:
1052:Drivers/STM32F1xx_HAL_Driver/Src/stm32f1xx_hal_spi.c ****         {
 1955              		.loc 1 1052 30 discriminator 1 view .LVU682
 1956 00bc C01B     		subs	r0, r0, r7
1052:Drivers/STM32F1xx_HAL_Driver/Src/stm32f1xx_hal_spi.c ****         {
 1957              		.loc 1 1052 12 discriminator 1 view .LVU683
 1958 00be A842     		cmp	r0, r5
 1959 00c0 02D3     		bcc	.L136
1052:Drivers/STM32F1xx_HAL_Driver/Src/stm32f1xx_hal_spi.c ****         {
 1960              		.loc 1 1052 56 discriminator 1 view .LVU684
 1961 00c2 B5F1FF3F 		cmp	r5, #-1
 1962 00c6 15D1     		bne	.L137
 1963              	.L136:
1052:Drivers/STM32F1xx_HAL_Driver/Src/stm32f1xx_hal_spi.c ****         {
 1964              		.loc 1 1052 87 discriminator 3 view .LVU685
 1965 00c8 A5B1     		cbz	r5, .L137
 1966              	.L132:
1039:Drivers/STM32F1xx_HAL_Driver/Src/stm32f1xx_hal_spi.c ****     {
 1967              		.loc 1 1039 30 is_stmt 1 view .LVU686
1039:Drivers/STM32F1xx_HAL_Driver/Src/stm32f1xx_hal_spi.c ****     {
 1968              		.loc 1 1039 16 is_stmt 0 view .LVU687
 1969 00ca E38F     		ldrh	r3, [r4, #62]
 1970 00cc 9BB2     		uxth	r3, r3
1039:Drivers/STM32F1xx_HAL_Driver/Src/stm32f1xx_hal_spi.c ****     {
 1971              		.loc 1 1039 30 view .LVU688
 1972 00ce 002B     		cmp	r3, #0
 1973 00d0 3CD0     		beq	.L139
1042:Drivers/STM32F1xx_HAL_Driver/Src/stm32f1xx_hal_spi.c ****       {
 1974              		.loc 1 1042 7 is_stmt 1 view .LVU689
1042:Drivers/STM32F1xx_HAL_Driver/Src/stm32f1xx_hal_spi.c ****       {
 1975              		.loc 1 1042 11 is_stmt 0 view .LVU690
 1976 00d2 2368     		ldr	r3, [r4]
 1977 00d4 9A68     		ldr	r2, [r3, #8]
1042:Drivers/STM32F1xx_HAL_Driver/Src/stm32f1xx_hal_spi.c ****       {
 1978              		.loc 1 1042 10 view .LVU691
 1979 00d6 12F0010F 		tst	r2, #1
 1980 00da EDD0     		beq	.L134
1045:Drivers/STM32F1xx_HAL_Driver/Src/stm32f1xx_hal_spi.c ****         hspi->pRxBuffPtr += sizeof(uint8_t);
 1981              		.loc 1 1045 9 is_stmt 1 view .LVU692
1045:Drivers/STM32F1xx_HAL_Driver/Src/stm32f1xx_hal_spi.c ****         hspi->pRxBuffPtr += sizeof(uint8_t);
 1982              		.loc 1 1045 27 is_stmt 0 view .LVU693
 1983 00dc A26B     		ldr	r2, [r4, #56]
1045:Drivers/STM32F1xx_HAL_Driver/Src/stm32f1xx_hal_spi.c ****         hspi->pRxBuffPtr += sizeof(uint8_t);
 1984              		.loc 1 1045 43 view .LVU694
 1985 00de 1B7B     		ldrb	r3, [r3, #12]	@ zero_extendqisi2
1045:Drivers/STM32F1xx_HAL_Driver/Src/stm32f1xx_hal_spi.c ****         hspi->pRxBuffPtr += sizeof(uint8_t);
 1986              		.loc 1 1045 41 view .LVU695
 1987 00e0 1370     		strb	r3, [r2]
1046:Drivers/STM32F1xx_HAL_Driver/Src/stm32f1xx_hal_spi.c ****         hspi->RxXferCount--;
 1988              		.loc 1 1046 9 is_stmt 1 view .LVU696
1046:Drivers/STM32F1xx_HAL_Driver/Src/stm32f1xx_hal_spi.c ****         hspi->RxXferCount--;
 1989              		.loc 1 1046 13 is_stmt 0 view .LVU697
 1990 00e2 A36B     		ldr	r3, [r4, #56]
1046:Drivers/STM32F1xx_HAL_Driver/Src/stm32f1xx_hal_spi.c ****         hspi->RxXferCount--;
 1991              		.loc 1 1046 26 view .LVU698
 1992 00e4 0133     		adds	r3, r3, #1
ARM GAS  C:\Users\zhmis\AppData\Local\Temp\ccgFfHBP.s 			page 117


 1993 00e6 A363     		str	r3, [r4, #56]
1047:Drivers/STM32F1xx_HAL_Driver/Src/stm32f1xx_hal_spi.c ****       }
 1994              		.loc 1 1047 9 is_stmt 1 view .LVU699
1047:Drivers/STM32F1xx_HAL_Driver/Src/stm32f1xx_hal_spi.c ****       }
 1995              		.loc 1 1047 13 is_stmt 0 view .LVU700
 1996 00e8 E38F     		ldrh	r3, [r4, #62]
 1997 00ea 9BB2     		uxth	r3, r3
1047:Drivers/STM32F1xx_HAL_Driver/Src/stm32f1xx_hal_spi.c ****       }
 1998              		.loc 1 1047 26 view .LVU701
 1999 00ec 013B     		subs	r3, r3, #1
 2000 00ee 9BB2     		uxth	r3, r3
 2001 00f0 E387     		strh	r3, [r4, #62]	@ movhi
 2002 00f2 EAE7     		b	.L132
 2003              	.L137:
1054:Drivers/STM32F1xx_HAL_Driver/Src/stm32f1xx_hal_spi.c ****           hspi->State = HAL_SPI_STATE_READY;
 2004              		.loc 1 1054 11 is_stmt 1 view .LVU702
 2005              	.LVL113:
1055:Drivers/STM32F1xx_HAL_Driver/Src/stm32f1xx_hal_spi.c ****           goto error;
 2006              		.loc 1 1055 11 view .LVU703
1055:Drivers/STM32F1xx_HAL_Driver/Src/stm32f1xx_hal_spi.c ****           goto error;
 2007              		.loc 1 1055 23 is_stmt 0 view .LVU704
 2008 00f4 0123     		movs	r3, #1
 2009 00f6 84F85130 		strb	r3, [r4, #81]
1056:Drivers/STM32F1xx_HAL_Driver/Src/stm32f1xx_hal_spi.c ****         }
 2010              		.loc 1 1056 11 is_stmt 1 view .LVU705
1054:Drivers/STM32F1xx_HAL_Driver/Src/stm32f1xx_hal_spi.c ****           hspi->State = HAL_SPI_STATE_READY;
 2011              		.loc 1 1054 21 is_stmt 0 view .LVU706
 2012 00fa 0326     		movs	r6, #3
1056:Drivers/STM32F1xx_HAL_Driver/Src/stm32f1xx_hal_spi.c ****         }
 2013              		.loc 1 1056 11 view .LVU707
 2014 00fc 36E0     		b	.L127
 2015              	.LVL114:
 2016              	.L140:
1076:Drivers/STM32F1xx_HAL_Driver/Src/stm32f1xx_hal_spi.c ****         {
 2017              		.loc 1 1076 9 is_stmt 1 view .LVU708
1076:Drivers/STM32F1xx_HAL_Driver/Src/stm32f1xx_hal_spi.c ****         {
 2018              		.loc 1 1076 16 is_stmt 0 view .LVU709
 2019 00fe FFF7FEFF 		bl	HAL_GetTick
 2020              	.LVL115:
1076:Drivers/STM32F1xx_HAL_Driver/Src/stm32f1xx_hal_spi.c ****         {
 2021              		.loc 1 1076 30 discriminator 1 view .LVU710
 2022 0102 C01B     		subs	r0, r0, r7
1076:Drivers/STM32F1xx_HAL_Driver/Src/stm32f1xx_hal_spi.c ****         {
 2023              		.loc 1 1076 12 discriminator 1 view .LVU711
 2024 0104 A842     		cmp	r0, r5
 2025 0106 02D3     		bcc	.L142
1076:Drivers/STM32F1xx_HAL_Driver/Src/stm32f1xx_hal_spi.c ****         {
 2026              		.loc 1 1076 56 discriminator 1 view .LVU712
 2027 0108 B5F1FF3F 		cmp	r5, #-1
 2028 010c 19D1     		bne	.L143
 2029              	.L142:
1076:Drivers/STM32F1xx_HAL_Driver/Src/stm32f1xx_hal_spi.c ****         {
 2030              		.loc 1 1076 87 discriminator 3 view .LVU713
 2031 010e C5B1     		cbz	r5, .L143
 2032              	.L133:
1064:Drivers/STM32F1xx_HAL_Driver/Src/stm32f1xx_hal_spi.c ****     {
 2033              		.loc 1 1064 30 is_stmt 1 view .LVU714
ARM GAS  C:\Users\zhmis\AppData\Local\Temp\ccgFfHBP.s 			page 118


1064:Drivers/STM32F1xx_HAL_Driver/Src/stm32f1xx_hal_spi.c ****     {
 2034              		.loc 1 1064 16 is_stmt 0 view .LVU715
 2035 0110 E38F     		ldrh	r3, [r4, #62]
 2036 0112 9BB2     		uxth	r3, r3
1064:Drivers/STM32F1xx_HAL_Driver/Src/stm32f1xx_hal_spi.c ****     {
 2037              		.loc 1 1064 30 view .LVU716
 2038 0114 D3B1     		cbz	r3, .L139
1067:Drivers/STM32F1xx_HAL_Driver/Src/stm32f1xx_hal_spi.c ****       {
 2039              		.loc 1 1067 7 is_stmt 1 view .LVU717
1067:Drivers/STM32F1xx_HAL_Driver/Src/stm32f1xx_hal_spi.c ****       {
 2040              		.loc 1 1067 11 is_stmt 0 view .LVU718
 2041 0116 2368     		ldr	r3, [r4]
 2042 0118 9A68     		ldr	r2, [r3, #8]
1067:Drivers/STM32F1xx_HAL_Driver/Src/stm32f1xx_hal_spi.c ****       {
 2043              		.loc 1 1067 10 view .LVU719
 2044 011a 12F0010F 		tst	r2, #1
 2045 011e EED0     		beq	.L140
1069:Drivers/STM32F1xx_HAL_Driver/Src/stm32f1xx_hal_spi.c ****         hspi->pRxBuffPtr += sizeof(uint16_t);
 2046              		.loc 1 1069 9 is_stmt 1 view .LVU720
1069:Drivers/STM32F1xx_HAL_Driver/Src/stm32f1xx_hal_spi.c ****         hspi->pRxBuffPtr += sizeof(uint16_t);
 2047              		.loc 1 1069 67 is_stmt 0 view .LVU721
 2048 0120 DA68     		ldr	r2, [r3, #12]
1069:Drivers/STM32F1xx_HAL_Driver/Src/stm32f1xx_hal_spi.c ****         hspi->pRxBuffPtr += sizeof(uint16_t);
 2049              		.loc 1 1069 27 view .LVU722
 2050 0122 A36B     		ldr	r3, [r4, #56]
1069:Drivers/STM32F1xx_HAL_Driver/Src/stm32f1xx_hal_spi.c ****         hspi->pRxBuffPtr += sizeof(uint16_t);
 2051              		.loc 1 1069 41 view .LVU723
 2052 0124 1A80     		strh	r2, [r3]	@ movhi
1070:Drivers/STM32F1xx_HAL_Driver/Src/stm32f1xx_hal_spi.c ****         hspi->RxXferCount--;
 2053              		.loc 1 1070 9 is_stmt 1 view .LVU724
1070:Drivers/STM32F1xx_HAL_Driver/Src/stm32f1xx_hal_spi.c ****         hspi->RxXferCount--;
 2054              		.loc 1 1070 13 is_stmt 0 view .LVU725
 2055 0126 A36B     		ldr	r3, [r4, #56]
1070:Drivers/STM32F1xx_HAL_Driver/Src/stm32f1xx_hal_spi.c ****         hspi->RxXferCount--;
 2056              		.loc 1 1070 26 view .LVU726
 2057 0128 0233     		adds	r3, r3, #2
 2058 012a A363     		str	r3, [r4, #56]
1071:Drivers/STM32F1xx_HAL_Driver/Src/stm32f1xx_hal_spi.c ****       }
 2059              		.loc 1 1071 9 is_stmt 1 view .LVU727
1071:Drivers/STM32F1xx_HAL_Driver/Src/stm32f1xx_hal_spi.c ****       }
 2060              		.loc 1 1071 13 is_stmt 0 view .LVU728
 2061 012c B4F83EC0 		ldrh	ip, [r4, #62]
 2062 0130 1FFA8CFC 		uxth	ip, ip
1071:Drivers/STM32F1xx_HAL_Driver/Src/stm32f1xx_hal_spi.c ****       }
 2063              		.loc 1 1071 26 view .LVU729
 2064 0134 0CF1FF3C 		add	ip, ip, #-1
 2065 0138 1FFA8CFC 		uxth	ip, ip
 2066 013c A4F83EC0 		strh	ip, [r4, #62]	@ movhi
 2067 0140 E6E7     		b	.L133
 2068              	.L143:
1078:Drivers/STM32F1xx_HAL_Driver/Src/stm32f1xx_hal_spi.c ****           hspi->State = HAL_SPI_STATE_READY;
 2069              		.loc 1 1078 11 is_stmt 1 view .LVU730
 2070              	.LVL116:
1079:Drivers/STM32F1xx_HAL_Driver/Src/stm32f1xx_hal_spi.c ****           goto error;
 2071              		.loc 1 1079 11 view .LVU731
1079:Drivers/STM32F1xx_HAL_Driver/Src/stm32f1xx_hal_spi.c ****           goto error;
 2072              		.loc 1 1079 23 is_stmt 0 view .LVU732
ARM GAS  C:\Users\zhmis\AppData\Local\Temp\ccgFfHBP.s 			page 119


 2073 0142 0123     		movs	r3, #1
 2074 0144 84F85130 		strb	r3, [r4, #81]
1080:Drivers/STM32F1xx_HAL_Driver/Src/stm32f1xx_hal_spi.c ****         }
 2075              		.loc 1 1080 11 is_stmt 1 view .LVU733
1078:Drivers/STM32F1xx_HAL_Driver/Src/stm32f1xx_hal_spi.c ****           hspi->State = HAL_SPI_STATE_READY;
 2076              		.loc 1 1078 21 is_stmt 0 view .LVU734
 2077 0148 0326     		movs	r6, #3
1080:Drivers/STM32F1xx_HAL_Driver/Src/stm32f1xx_hal_spi.c ****         }
 2078              		.loc 1 1080 11 view .LVU735
 2079 014a 0FE0     		b	.L127
 2080              	.LVL117:
 2081              	.L139:
1134:Drivers/STM32F1xx_HAL_Driver/Src/stm32f1xx_hal_spi.c ****   {
 2082              		.loc 1 1134 3 is_stmt 1 view .LVU736
1134:Drivers/STM32F1xx_HAL_Driver/Src/stm32f1xx_hal_spi.c ****   {
 2083              		.loc 1 1134 7 is_stmt 0 view .LVU737
 2084 014c 3A46     		mov	r2, r7
 2085 014e 2946     		mov	r1, r5
 2086 0150 2046     		mov	r0, r4
 2087 0152 FFF7FEFF 		bl	SPI_EndRxTransaction
 2088              	.LVL118:
1134:Drivers/STM32F1xx_HAL_Driver/Src/stm32f1xx_hal_spi.c ****   {
 2089              		.loc 1 1134 6 discriminator 1 view .LVU738
 2090 0156 08B1     		cbz	r0, .L145
1136:Drivers/STM32F1xx_HAL_Driver/Src/stm32f1xx_hal_spi.c ****   }
 2091              		.loc 1 1136 5 is_stmt 1 view .LVU739
1136:Drivers/STM32F1xx_HAL_Driver/Src/stm32f1xx_hal_spi.c ****   }
 2092              		.loc 1 1136 21 is_stmt 0 view .LVU740
 2093 0158 2023     		movs	r3, #32
 2094 015a 6365     		str	r3, [r4, #84]
 2095              	.L145:
1158:Drivers/STM32F1xx_HAL_Driver/Src/stm32f1xx_hal_spi.c ****   {
 2096              		.loc 1 1158 3 is_stmt 1 view .LVU741
1158:Drivers/STM32F1xx_HAL_Driver/Src/stm32f1xx_hal_spi.c ****   {
 2097              		.loc 1 1158 11 is_stmt 0 view .LVU742
 2098 015c 636D     		ldr	r3, [r4, #84]
1158:Drivers/STM32F1xx_HAL_Driver/Src/stm32f1xx_hal_spi.c ****   {
 2099              		.loc 1 1158 6 view .LVU743
 2100 015e 2BB9     		cbnz	r3, .L127
1164:Drivers/STM32F1xx_HAL_Driver/Src/stm32f1xx_hal_spi.c ****   }
 2101              		.loc 1 1164 5 is_stmt 1 view .LVU744
1164:Drivers/STM32F1xx_HAL_Driver/Src/stm32f1xx_hal_spi.c ****   }
 2102              		.loc 1 1164 17 is_stmt 0 view .LVU745
 2103 0160 0123     		movs	r3, #1
 2104 0162 84F85130 		strb	r3, [r4, #81]
 969:Drivers/STM32F1xx_HAL_Driver/Src/stm32f1xx_hal_spi.c **** 
 2105              		.loc 1 969 21 view .LVU746
 2106 0166 0026     		movs	r6, #0
 2107 0168 00E0     		b	.L127
 2108              	.LVL119:
 2109              	.L146:
 973:Drivers/STM32F1xx_HAL_Driver/Src/stm32f1xx_hal_spi.c ****     goto error;
 2110              		.loc 1 973 15 view .LVU747
 2111 016a 0226     		movs	r6, #2
 2112              	.LVL120:
 2113              	.L127:
1168:Drivers/STM32F1xx_HAL_Driver/Src/stm32f1xx_hal_spi.c ****   return errorcode;
ARM GAS  C:\Users\zhmis\AppData\Local\Temp\ccgFfHBP.s 			page 120


 2114              		.loc 1 1168 3 is_stmt 1 view .LVU748
1168:Drivers/STM32F1xx_HAL_Driver/Src/stm32f1xx_hal_spi.c ****   return errorcode;
 2115              		.loc 1 1168 3 view .LVU749
 2116 016c 0023     		movs	r3, #0
 2117 016e 84F85030 		strb	r3, [r4, #80]
1168:Drivers/STM32F1xx_HAL_Driver/Src/stm32f1xx_hal_spi.c ****   return errorcode;
 2118              		.loc 1 1168 3 view .LVU750
1169:Drivers/STM32F1xx_HAL_Driver/Src/stm32f1xx_hal_spi.c **** }
 2119              		.loc 1 1169 3 view .LVU751
 2120              	.LVL121:
 2121              	.L129:
1170:Drivers/STM32F1xx_HAL_Driver/Src/stm32f1xx_hal_spi.c **** 
 2122              		.loc 1 1170 1 is_stmt 0 view .LVU752
 2123 0172 3046     		mov	r0, r6
 2124 0174 03B0     		add	sp, sp, #12
 2125              		.cfi_remember_state
 2126              		.cfi_def_cfa_offset 28
 2127              		@ sp needed
 2128 0176 BDE8F083 		pop	{r4, r5, r6, r7, r8, r9, pc}
 2129              	.LVL122:
 2130              	.L147:
 2131              		.cfi_restore_state
 985:Drivers/STM32F1xx_HAL_Driver/Src/stm32f1xx_hal_spi.c **** 
 2132              		.loc 1 985 3 discriminator 1 view .LVU753
 2133 017a 0226     		movs	r6, #2
 2134 017c F9E7     		b	.L129
 2135              		.cfi_endproc
 2136              	.LFE70:
 2138              		.section	.text.HAL_SPI_Transmit_IT,"ax",%progbits
 2139              		.align	1
 2140              		.global	HAL_SPI_Transmit_IT
 2141              		.syntax unified
 2142              		.thumb
 2143              		.thumb_func
 2145              	HAL_SPI_Transmit_IT:
 2146              	.LVL123:
 2147              	.LFB72:
1426:Drivers/STM32F1xx_HAL_Driver/Src/stm32f1xx_hal_spi.c ****   HAL_StatusTypeDef errorcode = HAL_OK;
 2148              		.loc 1 1426 1 is_stmt 1 view -0
 2149              		.cfi_startproc
 2150              		@ args = 0, pretend = 0, frame = 0
 2151              		@ frame_needed = 0, uses_anonymous_args = 0
 2152              		@ link register save eliminated.
1426:Drivers/STM32F1xx_HAL_Driver/Src/stm32f1xx_hal_spi.c ****   HAL_StatusTypeDef errorcode = HAL_OK;
 2153              		.loc 1 1426 1 is_stmt 0 view .LVU755
 2154 0000 0346     		mov	r3, r0
1427:Drivers/STM32F1xx_HAL_Driver/Src/stm32f1xx_hal_spi.c **** 
 2155              		.loc 1 1427 3 is_stmt 1 view .LVU756
 2156              	.LVL124:
1430:Drivers/STM32F1xx_HAL_Driver/Src/stm32f1xx_hal_spi.c **** 
 2157              		.loc 1 1430 3 view .LVU757
1433:Drivers/STM32F1xx_HAL_Driver/Src/stm32f1xx_hal_spi.c **** 
 2158              		.loc 1 1433 3 view .LVU758
1433:Drivers/STM32F1xx_HAL_Driver/Src/stm32f1xx_hal_spi.c **** 
 2159              		.loc 1 1433 3 view .LVU759
 2160 0002 90F85000 		ldrb	r0, [r0, #80]	@ zero_extendqisi2
 2161              	.LVL125:
ARM GAS  C:\Users\zhmis\AppData\Local\Temp\ccgFfHBP.s 			page 121


1433:Drivers/STM32F1xx_HAL_Driver/Src/stm32f1xx_hal_spi.c **** 
 2162              		.loc 1 1433 3 is_stmt 0 view .LVU760
 2163 0006 0128     		cmp	r0, #1
 2164 0008 48D0     		beq	.L157
1433:Drivers/STM32F1xx_HAL_Driver/Src/stm32f1xx_hal_spi.c **** 
 2165              		.loc 1 1433 3 is_stmt 1 discriminator 2 view .LVU761
 2166 000a 0120     		movs	r0, #1
 2167 000c 83F85000 		strb	r0, [r3, #80]
1433:Drivers/STM32F1xx_HAL_Driver/Src/stm32f1xx_hal_spi.c **** 
 2168              		.loc 1 1433 3 discriminator 2 view .LVU762
1435:Drivers/STM32F1xx_HAL_Driver/Src/stm32f1xx_hal_spi.c ****   {
 2169              		.loc 1 1435 3 view .LVU763
1435:Drivers/STM32F1xx_HAL_Driver/Src/stm32f1xx_hal_spi.c ****   {
 2170              		.loc 1 1435 6 is_stmt 0 view .LVU764
 2171 0010 0029     		cmp	r1, #0
 2172 0012 38D0     		beq	.L158
1435:Drivers/STM32F1xx_HAL_Driver/Src/stm32f1xx_hal_spi.c ****   {
 2173              		.loc 1 1435 23 discriminator 1 view .LVU765
 2174 0014 002A     		cmp	r2, #0
 2175 0016 38D0     		beq	.L159
1441:Drivers/STM32F1xx_HAL_Driver/Src/stm32f1xx_hal_spi.c ****   {
 2176              		.loc 1 1441 3 is_stmt 1 view .LVU766
1441:Drivers/STM32F1xx_HAL_Driver/Src/stm32f1xx_hal_spi.c ****   {
 2177              		.loc 1 1441 11 is_stmt 0 view .LVU767
 2178 0018 93F85100 		ldrb	r0, [r3, #81]	@ zero_extendqisi2
 2179 001c C0B2     		uxtb	r0, r0
1441:Drivers/STM32F1xx_HAL_Driver/Src/stm32f1xx_hal_spi.c ****   {
 2180              		.loc 1 1441 6 view .LVU768
 2181 001e 0128     		cmp	r0, #1
 2182 0020 38D1     		bne	.L160
1448:Drivers/STM32F1xx_HAL_Driver/Src/stm32f1xx_hal_spi.c ****   hspi->ErrorCode   = HAL_SPI_ERROR_NONE;
 2183              		.loc 1 1448 3 is_stmt 1 view .LVU769
1448:Drivers/STM32F1xx_HAL_Driver/Src/stm32f1xx_hal_spi.c ****   hspi->ErrorCode   = HAL_SPI_ERROR_NONE;
 2184              		.loc 1 1448 21 is_stmt 0 view .LVU770
 2185 0022 0320     		movs	r0, #3
 2186 0024 83F85100 		strb	r0, [r3, #81]
1449:Drivers/STM32F1xx_HAL_Driver/Src/stm32f1xx_hal_spi.c ****   hspi->pTxBuffPtr  = (uint8_t *)pData;
 2187              		.loc 1 1449 3 is_stmt 1 view .LVU771
1449:Drivers/STM32F1xx_HAL_Driver/Src/stm32f1xx_hal_spi.c ****   hspi->pTxBuffPtr  = (uint8_t *)pData;
 2188              		.loc 1 1449 21 is_stmt 0 view .LVU772
 2189 0028 0020     		movs	r0, #0
 2190 002a 5865     		str	r0, [r3, #84]
1450:Drivers/STM32F1xx_HAL_Driver/Src/stm32f1xx_hal_spi.c ****   hspi->TxXferSize  = Size;
 2191              		.loc 1 1450 3 is_stmt 1 view .LVU773
1450:Drivers/STM32F1xx_HAL_Driver/Src/stm32f1xx_hal_spi.c ****   hspi->TxXferSize  = Size;
 2192              		.loc 1 1450 21 is_stmt 0 view .LVU774
 2193 002c 1963     		str	r1, [r3, #48]
1451:Drivers/STM32F1xx_HAL_Driver/Src/stm32f1xx_hal_spi.c ****   hspi->TxXferCount = Size;
 2194              		.loc 1 1451 3 is_stmt 1 view .LVU775
1451:Drivers/STM32F1xx_HAL_Driver/Src/stm32f1xx_hal_spi.c ****   hspi->TxXferCount = Size;
 2195              		.loc 1 1451 21 is_stmt 0 view .LVU776
 2196 002e 9A86     		strh	r2, [r3, #52]	@ movhi
1452:Drivers/STM32F1xx_HAL_Driver/Src/stm32f1xx_hal_spi.c **** 
 2197              		.loc 1 1452 3 is_stmt 1 view .LVU777
1452:Drivers/STM32F1xx_HAL_Driver/Src/stm32f1xx_hal_spi.c **** 
 2198              		.loc 1 1452 21 is_stmt 0 view .LVU778
 2199 0030 DA86     		strh	r2, [r3, #54]	@ movhi
ARM GAS  C:\Users\zhmis\AppData\Local\Temp\ccgFfHBP.s 			page 122


1455:Drivers/STM32F1xx_HAL_Driver/Src/stm32f1xx_hal_spi.c ****   hspi->RxXferSize  = 0U;
 2200              		.loc 1 1455 3 is_stmt 1 view .LVU779
1455:Drivers/STM32F1xx_HAL_Driver/Src/stm32f1xx_hal_spi.c ****   hspi->RxXferSize  = 0U;
 2201              		.loc 1 1455 21 is_stmt 0 view .LVU780
 2202 0032 9863     		str	r0, [r3, #56]
1456:Drivers/STM32F1xx_HAL_Driver/Src/stm32f1xx_hal_spi.c ****   hspi->RxXferCount = 0U;
 2203              		.loc 1 1456 3 is_stmt 1 view .LVU781
1456:Drivers/STM32F1xx_HAL_Driver/Src/stm32f1xx_hal_spi.c ****   hspi->RxXferCount = 0U;
 2204              		.loc 1 1456 21 is_stmt 0 view .LVU782
 2205 0034 9887     		strh	r0, [r3, #60]	@ movhi
1457:Drivers/STM32F1xx_HAL_Driver/Src/stm32f1xx_hal_spi.c ****   hspi->RxISR       = NULL;
 2206              		.loc 1 1457 3 is_stmt 1 view .LVU783
1457:Drivers/STM32F1xx_HAL_Driver/Src/stm32f1xx_hal_spi.c ****   hspi->RxISR       = NULL;
 2207              		.loc 1 1457 21 is_stmt 0 view .LVU784
 2208 0036 D887     		strh	r0, [r3, #62]	@ movhi
1458:Drivers/STM32F1xx_HAL_Driver/Src/stm32f1xx_hal_spi.c **** 
 2209              		.loc 1 1458 3 is_stmt 1 view .LVU785
1458:Drivers/STM32F1xx_HAL_Driver/Src/stm32f1xx_hal_spi.c **** 
 2210              		.loc 1 1458 21 is_stmt 0 view .LVU786
 2211 0038 1864     		str	r0, [r3, #64]
1461:Drivers/STM32F1xx_HAL_Driver/Src/stm32f1xx_hal_spi.c ****   {
 2212              		.loc 1 1461 3 is_stmt 1 view .LVU787
1461:Drivers/STM32F1xx_HAL_Driver/Src/stm32f1xx_hal_spi.c ****   {
 2213              		.loc 1 1461 17 is_stmt 0 view .LVU788
 2214 003a DA68     		ldr	r2, [r3, #12]
 2215              	.LVL126:
1461:Drivers/STM32F1xx_HAL_Driver/Src/stm32f1xx_hal_spi.c ****   {
 2216              		.loc 1 1461 6 view .LVU789
 2217 003c AAB1     		cbz	r2, .L154
1463:Drivers/STM32F1xx_HAL_Driver/Src/stm32f1xx_hal_spi.c ****   }
 2218              		.loc 1 1463 5 is_stmt 1 view .LVU790
1463:Drivers/STM32F1xx_HAL_Driver/Src/stm32f1xx_hal_spi.c ****   }
 2219              		.loc 1 1463 17 is_stmt 0 view .LVU791
 2220 003e 184A     		ldr	r2, .L163
 2221 0040 5A64     		str	r2, [r3, #68]
 2222              	.L155:
1471:Drivers/STM32F1xx_HAL_Driver/Src/stm32f1xx_hal_spi.c ****   {
 2223              		.loc 1 1471 3 is_stmt 1 view .LVU792
1471:Drivers/STM32F1xx_HAL_Driver/Src/stm32f1xx_hal_spi.c ****   {
 2224              		.loc 1 1471 17 is_stmt 0 view .LVU793
 2225 0042 9A68     		ldr	r2, [r3, #8]
1471:Drivers/STM32F1xx_HAL_Driver/Src/stm32f1xx_hal_spi.c ****   {
 2226              		.loc 1 1471 6 view .LVU794
 2227 0044 B2F5004F 		cmp	r2, #32768
 2228 0048 12D0     		beq	.L162
 2229              	.LVL127:
 2230              	.L156:
1487:Drivers/STM32F1xx_HAL_Driver/Src/stm32f1xx_hal_spi.c **** 
 2231              		.loc 1 1487 3 is_stmt 1 view .LVU795
 2232 004a 1968     		ldr	r1, [r3]
 2233 004c 4A68     		ldr	r2, [r1, #4]
 2234 004e 42F0A002 		orr	r2, r2, #160
 2235 0052 4A60     		str	r2, [r1, #4]
1491:Drivers/STM32F1xx_HAL_Driver/Src/stm32f1xx_hal_spi.c ****   {
 2236              		.loc 1 1491 3 view .LVU796
1491:Drivers/STM32F1xx_HAL_Driver/Src/stm32f1xx_hal_spi.c ****   {
 2237              		.loc 1 1491 12 is_stmt 0 view .LVU797
ARM GAS  C:\Users\zhmis\AppData\Local\Temp\ccgFfHBP.s 			page 123


 2238 0054 1A68     		ldr	r2, [r3]
1491:Drivers/STM32F1xx_HAL_Driver/Src/stm32f1xx_hal_spi.c ****   {
 2239              		.loc 1 1491 22 view .LVU798
 2240 0056 1168     		ldr	r1, [r2]
1491:Drivers/STM32F1xx_HAL_Driver/Src/stm32f1xx_hal_spi.c ****   {
 2241              		.loc 1 1491 6 view .LVU799
 2242 0058 11F0400F 		tst	r1, #64
 2243 005c 1CD1     		bne	.L161
1494:Drivers/STM32F1xx_HAL_Driver/Src/stm32f1xx_hal_spi.c ****   }
 2244              		.loc 1 1494 5 is_stmt 1 view .LVU800
 2245 005e 1168     		ldr	r1, [r2]
 2246 0060 41F04001 		orr	r1, r1, #64
 2247 0064 1160     		str	r1, [r2]
1427:Drivers/STM32F1xx_HAL_Driver/Src/stm32f1xx_hal_spi.c **** 
 2248              		.loc 1 1427 21 is_stmt 0 view .LVU801
 2249 0066 0020     		movs	r0, #0
 2250 0068 10E0     		b	.L153
 2251              	.LVL128:
 2252              	.L154:
1467:Drivers/STM32F1xx_HAL_Driver/Src/stm32f1xx_hal_spi.c ****   }
 2253              		.loc 1 1467 5 is_stmt 1 view .LVU802
1467:Drivers/STM32F1xx_HAL_Driver/Src/stm32f1xx_hal_spi.c ****   }
 2254              		.loc 1 1467 17 is_stmt 0 view .LVU803
 2255 006a 0E4A     		ldr	r2, .L163+4
 2256 006c 5A64     		str	r2, [r3, #68]
 2257 006e E8E7     		b	.L155
 2258              	.L162:
1474:Drivers/STM32F1xx_HAL_Driver/Src/stm32f1xx_hal_spi.c ****     SPI_1LINE_TX(hspi);
 2259              		.loc 1 1474 5 is_stmt 1 view .LVU804
 2260 0070 1968     		ldr	r1, [r3]
 2261              	.LVL129:
1474:Drivers/STM32F1xx_HAL_Driver/Src/stm32f1xx_hal_spi.c ****     SPI_1LINE_TX(hspi);
 2262              		.loc 1 1474 5 is_stmt 0 view .LVU805
 2263 0072 0A68     		ldr	r2, [r1]
 2264 0074 22F04002 		bic	r2, r2, #64
 2265 0078 0A60     		str	r2, [r1]
 2266              	.LVL130:
1475:Drivers/STM32F1xx_HAL_Driver/Src/stm32f1xx_hal_spi.c ****   }
 2267              		.loc 1 1475 5 is_stmt 1 view .LVU806
 2268 007a 1968     		ldr	r1, [r3]
 2269 007c 0A68     		ldr	r2, [r1]
 2270 007e 42F48042 		orr	r2, r2, #16384
 2271 0082 0A60     		str	r2, [r1]
 2272 0084 E1E7     		b	.L156
 2273              	.LVL131:
 2274              	.L158:
1437:Drivers/STM32F1xx_HAL_Driver/Src/stm32f1xx_hal_spi.c ****     goto error;
 2275              		.loc 1 1437 15 is_stmt 0 view .LVU807
 2276 0086 0120     		movs	r0, #1
 2277 0088 00E0     		b	.L153
 2278              	.L159:
 2279 008a 0120     		movs	r0, #1
 2280              	.LVL132:
 2281              	.L153:
1498:Drivers/STM32F1xx_HAL_Driver/Src/stm32f1xx_hal_spi.c ****   return errorcode;
 2282              		.loc 1 1498 3 is_stmt 1 view .LVU808
1498:Drivers/STM32F1xx_HAL_Driver/Src/stm32f1xx_hal_spi.c ****   return errorcode;
ARM GAS  C:\Users\zhmis\AppData\Local\Temp\ccgFfHBP.s 			page 124


 2283              		.loc 1 1498 3 view .LVU809
 2284 008c 0022     		movs	r2, #0
 2285 008e 83F85020 		strb	r2, [r3, #80]
1498:Drivers/STM32F1xx_HAL_Driver/Src/stm32f1xx_hal_spi.c ****   return errorcode;
 2286              		.loc 1 1498 3 view .LVU810
1499:Drivers/STM32F1xx_HAL_Driver/Src/stm32f1xx_hal_spi.c **** }
 2287              		.loc 1 1499 3 view .LVU811
1499:Drivers/STM32F1xx_HAL_Driver/Src/stm32f1xx_hal_spi.c **** }
 2288              		.loc 1 1499 10 is_stmt 0 view .LVU812
 2289 0092 7047     		bx	lr
 2290              	.LVL133:
 2291              	.L160:
1443:Drivers/STM32F1xx_HAL_Driver/Src/stm32f1xx_hal_spi.c ****     goto error;
 2292              		.loc 1 1443 15 view .LVU813
 2293 0094 0220     		movs	r0, #2
 2294 0096 F9E7     		b	.L153
 2295              	.LVL134:
 2296              	.L161:
1427:Drivers/STM32F1xx_HAL_Driver/Src/stm32f1xx_hal_spi.c **** 
 2297              		.loc 1 1427 21 view .LVU814
 2298 0098 0020     		movs	r0, #0
 2299 009a F7E7     		b	.L153
 2300              	.LVL135:
 2301              	.L157:
1433:Drivers/STM32F1xx_HAL_Driver/Src/stm32f1xx_hal_spi.c **** 
 2302              		.loc 1 1433 3 discriminator 1 view .LVU815
 2303 009c 0220     		movs	r0, #2
1500:Drivers/STM32F1xx_HAL_Driver/Src/stm32f1xx_hal_spi.c **** 
 2304              		.loc 1 1500 1 view .LVU816
 2305 009e 7047     		bx	lr
 2306              	.L164:
 2307              		.align	2
 2308              	.L163:
 2309 00a0 00000000 		.word	SPI_TxISR_16BIT
 2310 00a4 00000000 		.word	SPI_TxISR_8BIT
 2311              		.cfi_endproc
 2312              	.LFE72:
 2314              		.section	.text.HAL_SPI_TransmitReceive_IT,"ax",%progbits
 2315              		.align	1
 2316              		.global	HAL_SPI_TransmitReceive_IT
 2317              		.syntax unified
 2318              		.thumb
 2319              		.thumb_func
 2321              	HAL_SPI_TransmitReceive_IT:
 2322              	.LVL136:
 2323              	.LFB74:
1606:Drivers/STM32F1xx_HAL_Driver/Src/stm32f1xx_hal_spi.c ****   uint32_t             tmp_mode;
 2324              		.loc 1 1606 1 is_stmt 1 view -0
 2325              		.cfi_startproc
 2326              		@ args = 0, pretend = 0, frame = 0
 2327              		@ frame_needed = 0, uses_anonymous_args = 0
 2328              		@ link register save eliminated.
1606:Drivers/STM32F1xx_HAL_Driver/Src/stm32f1xx_hal_spi.c ****   uint32_t             tmp_mode;
 2329              		.loc 1 1606 1 is_stmt 0 view .LVU818
 2330 0000 8446     		mov	ip, r0
1607:Drivers/STM32F1xx_HAL_Driver/Src/stm32f1xx_hal_spi.c ****   HAL_SPI_StateTypeDef tmp_state;
 2331              		.loc 1 1607 3 is_stmt 1 view .LVU819
ARM GAS  C:\Users\zhmis\AppData\Local\Temp\ccgFfHBP.s 			page 125


1608:Drivers/STM32F1xx_HAL_Driver/Src/stm32f1xx_hal_spi.c ****   HAL_StatusTypeDef    errorcode = HAL_OK;
 2332              		.loc 1 1608 3 view .LVU820
1609:Drivers/STM32F1xx_HAL_Driver/Src/stm32f1xx_hal_spi.c **** 
 2333              		.loc 1 1609 3 view .LVU821
 2334              	.LVL137:
1612:Drivers/STM32F1xx_HAL_Driver/Src/stm32f1xx_hal_spi.c **** 
 2335              		.loc 1 1612 3 view .LVU822
1615:Drivers/STM32F1xx_HAL_Driver/Src/stm32f1xx_hal_spi.c **** 
 2336              		.loc 1 1615 3 view .LVU823
1615:Drivers/STM32F1xx_HAL_Driver/Src/stm32f1xx_hal_spi.c **** 
 2337              		.loc 1 1615 3 view .LVU824
 2338 0002 90F85000 		ldrb	r0, [r0, #80]	@ zero_extendqisi2
 2339              	.LVL138:
1615:Drivers/STM32F1xx_HAL_Driver/Src/stm32f1xx_hal_spi.c **** 
 2340              		.loc 1 1615 3 is_stmt 0 view .LVU825
 2341 0006 0128     		cmp	r0, #1
 2342 0008 64D0     		beq	.L172
1606:Drivers/STM32F1xx_HAL_Driver/Src/stm32f1xx_hal_spi.c ****   uint32_t             tmp_mode;
 2343              		.loc 1 1606 1 view .LVU826
 2344 000a 10B4     		push	{r4}
 2345              		.cfi_def_cfa_offset 4
 2346              		.cfi_offset 4, -4
1615:Drivers/STM32F1xx_HAL_Driver/Src/stm32f1xx_hal_spi.c **** 
 2347              		.loc 1 1615 3 is_stmt 1 discriminator 2 view .LVU827
 2348 000c 0120     		movs	r0, #1
 2349 000e 8CF85000 		strb	r0, [ip, #80]
1615:Drivers/STM32F1xx_HAL_Driver/Src/stm32f1xx_hal_spi.c **** 
 2350              		.loc 1 1615 3 discriminator 2 view .LVU828
1618:Drivers/STM32F1xx_HAL_Driver/Src/stm32f1xx_hal_spi.c ****   tmp_mode            = hspi->Init.Mode;
 2351              		.loc 1 1618 3 view .LVU829
1618:Drivers/STM32F1xx_HAL_Driver/Src/stm32f1xx_hal_spi.c ****   tmp_mode            = hspi->Init.Mode;
 2352              		.loc 1 1618 23 is_stmt 0 view .LVU830
 2353 0012 9CF85100 		ldrb	r0, [ip, #81]	@ zero_extendqisi2
 2354 0016 C0B2     		uxtb	r0, r0
 2355              	.LVL139:
1619:Drivers/STM32F1xx_HAL_Driver/Src/stm32f1xx_hal_spi.c **** 
 2356              		.loc 1 1619 3 is_stmt 1 view .LVU831
1619:Drivers/STM32F1xx_HAL_Driver/Src/stm32f1xx_hal_spi.c **** 
 2357              		.loc 1 1619 23 is_stmt 0 view .LVU832
 2358 0018 DCF80440 		ldr	r4, [ip, #4]
 2359              	.LVL140:
1621:Drivers/STM32F1xx_HAL_Driver/Src/stm32f1xx_hal_spi.c ****         ((tmp_mode == SPI_MODE_MASTER) && (hspi->Init.Direction == SPI_DIRECTION_2LINES) && (tmp_st
 2360              		.loc 1 1621 3 is_stmt 1 view .LVU833
1621:Drivers/STM32F1xx_HAL_Driver/Src/stm32f1xx_hal_spi.c ****         ((tmp_mode == SPI_MODE_MASTER) && (hspi->Init.Direction == SPI_DIRECTION_2LINES) && (tmp_st
 2361              		.loc 1 1621 6 is_stmt 0 view .LVU834
 2362 001c 0128     		cmp	r0, #1
 2363 001e 08D0     		beq	.L167
1621:Drivers/STM32F1xx_HAL_Driver/Src/stm32f1xx_hal_spi.c ****         ((tmp_mode == SPI_MODE_MASTER) && (hspi->Init.Direction == SPI_DIRECTION_2LINES) && (tmp_st
 2364              		.loc 1 1621 7 discriminator 1 view .LVU835
 2365 0020 B4F5827F 		cmp	r4, #260
 2366 0024 44D1     		bne	.L173
1622:Drivers/STM32F1xx_HAL_Driver/Src/stm32f1xx_hal_spi.c ****   {
 2367              		.loc 1 1622 54 view .LVU836
 2368 0026 DCF80840 		ldr	r4, [ip, #8]
 2369              	.LVL141:
1622:Drivers/STM32F1xx_HAL_Driver/Src/stm32f1xx_hal_spi.c ****   {
 2370              		.loc 1 1622 40 view .LVU837
ARM GAS  C:\Users\zhmis\AppData\Local\Temp\ccgFfHBP.s 			page 126


 2371 002a 002C     		cmp	r4, #0
 2372 002c 46D1     		bne	.L174
1622:Drivers/STM32F1xx_HAL_Driver/Src/stm32f1xx_hal_spi.c ****   {
 2373              		.loc 1 1622 90 discriminator 1 view .LVU838
 2374 002e 0428     		cmp	r0, #4
 2375 0030 46D1     		bne	.L175
 2376              	.L167:
1628:Drivers/STM32F1xx_HAL_Driver/Src/stm32f1xx_hal_spi.c ****   {
 2377              		.loc 1 1628 3 is_stmt 1 view .LVU839
1628:Drivers/STM32F1xx_HAL_Driver/Src/stm32f1xx_hal_spi.c ****   {
 2378              		.loc 1 1628 6 is_stmt 0 view .LVU840
 2379 0032 0029     		cmp	r1, #0
 2380 0034 46D0     		beq	.L176
1628:Drivers/STM32F1xx_HAL_Driver/Src/stm32f1xx_hal_spi.c ****   {
 2381              		.loc 1 1628 25 discriminator 1 view .LVU841
 2382 0036 002A     		cmp	r2, #0
 2383 0038 46D0     		beq	.L177
1628:Drivers/STM32F1xx_HAL_Driver/Src/stm32f1xx_hal_spi.c ****   {
 2384              		.loc 1 1628 46 discriminator 2 view .LVU842
 2385 003a 002B     		cmp	r3, #0
 2386 003c 46D0     		beq	.L178
1635:Drivers/STM32F1xx_HAL_Driver/Src/stm32f1xx_hal_spi.c ****   {
 2387              		.loc 1 1635 3 is_stmt 1 view .LVU843
1635:Drivers/STM32F1xx_HAL_Driver/Src/stm32f1xx_hal_spi.c ****   {
 2388              		.loc 1 1635 11 is_stmt 0 view .LVU844
 2389 003e 9CF85100 		ldrb	r0, [ip, #81]	@ zero_extendqisi2
 2390              	.LVL142:
1635:Drivers/STM32F1xx_HAL_Driver/Src/stm32f1xx_hal_spi.c ****   {
 2391              		.loc 1 1635 11 view .LVU845
 2392 0042 C0B2     		uxtb	r0, r0
1635:Drivers/STM32F1xx_HAL_Driver/Src/stm32f1xx_hal_spi.c ****   {
 2393              		.loc 1 1635 6 view .LVU846
 2394 0044 0428     		cmp	r0, #4
 2395 0046 02D0     		beq	.L169
1637:Drivers/STM32F1xx_HAL_Driver/Src/stm32f1xx_hal_spi.c ****   }
 2396              		.loc 1 1637 5 is_stmt 1 view .LVU847
1637:Drivers/STM32F1xx_HAL_Driver/Src/stm32f1xx_hal_spi.c ****   }
 2397              		.loc 1 1637 17 is_stmt 0 view .LVU848
 2398 0048 0520     		movs	r0, #5
 2399 004a 8CF85100 		strb	r0, [ip, #81]
 2400              	.L169:
1641:Drivers/STM32F1xx_HAL_Driver/Src/stm32f1xx_hal_spi.c ****   hspi->pTxBuffPtr  = (uint8_t *)pTxData;
 2401              		.loc 1 1641 3 is_stmt 1 view .LVU849
1641:Drivers/STM32F1xx_HAL_Driver/Src/stm32f1xx_hal_spi.c ****   hspi->pTxBuffPtr  = (uint8_t *)pTxData;
 2402              		.loc 1 1641 21 is_stmt 0 view .LVU850
 2403 004e 0020     		movs	r0, #0
 2404 0050 CCF85400 		str	r0, [ip, #84]
1642:Drivers/STM32F1xx_HAL_Driver/Src/stm32f1xx_hal_spi.c ****   hspi->TxXferSize  = Size;
 2405              		.loc 1 1642 3 is_stmt 1 view .LVU851
1642:Drivers/STM32F1xx_HAL_Driver/Src/stm32f1xx_hal_spi.c ****   hspi->TxXferSize  = Size;
 2406              		.loc 1 1642 21 is_stmt 0 view .LVU852
 2407 0054 CCF83010 		str	r1, [ip, #48]
1643:Drivers/STM32F1xx_HAL_Driver/Src/stm32f1xx_hal_spi.c ****   hspi->TxXferCount = Size;
 2408              		.loc 1 1643 3 is_stmt 1 view .LVU853
1643:Drivers/STM32F1xx_HAL_Driver/Src/stm32f1xx_hal_spi.c ****   hspi->TxXferCount = Size;
 2409              		.loc 1 1643 21 is_stmt 0 view .LVU854
 2410 0058 ACF83430 		strh	r3, [ip, #52]	@ movhi
ARM GAS  C:\Users\zhmis\AppData\Local\Temp\ccgFfHBP.s 			page 127


1644:Drivers/STM32F1xx_HAL_Driver/Src/stm32f1xx_hal_spi.c ****   hspi->pRxBuffPtr  = (uint8_t *)pRxData;
 2411              		.loc 1 1644 3 is_stmt 1 view .LVU855
1644:Drivers/STM32F1xx_HAL_Driver/Src/stm32f1xx_hal_spi.c ****   hspi->pRxBuffPtr  = (uint8_t *)pRxData;
 2412              		.loc 1 1644 21 is_stmt 0 view .LVU856
 2413 005c ACF83630 		strh	r3, [ip, #54]	@ movhi
1645:Drivers/STM32F1xx_HAL_Driver/Src/stm32f1xx_hal_spi.c ****   hspi->RxXferSize  = Size;
 2414              		.loc 1 1645 3 is_stmt 1 view .LVU857
1645:Drivers/STM32F1xx_HAL_Driver/Src/stm32f1xx_hal_spi.c ****   hspi->RxXferSize  = Size;
 2415              		.loc 1 1645 21 is_stmt 0 view .LVU858
 2416 0060 CCF83820 		str	r2, [ip, #56]
1646:Drivers/STM32F1xx_HAL_Driver/Src/stm32f1xx_hal_spi.c ****   hspi->RxXferCount = Size;
 2417              		.loc 1 1646 3 is_stmt 1 view .LVU859
1646:Drivers/STM32F1xx_HAL_Driver/Src/stm32f1xx_hal_spi.c ****   hspi->RxXferCount = Size;
 2418              		.loc 1 1646 21 is_stmt 0 view .LVU860
 2419 0064 ACF83C30 		strh	r3, [ip, #60]	@ movhi
1647:Drivers/STM32F1xx_HAL_Driver/Src/stm32f1xx_hal_spi.c **** 
 2420              		.loc 1 1647 3 is_stmt 1 view .LVU861
1647:Drivers/STM32F1xx_HAL_Driver/Src/stm32f1xx_hal_spi.c **** 
 2421              		.loc 1 1647 21 is_stmt 0 view .LVU862
 2422 0068 ACF83E30 		strh	r3, [ip, #62]	@ movhi
1650:Drivers/STM32F1xx_HAL_Driver/Src/stm32f1xx_hal_spi.c ****   {
 2423              		.loc 1 1650 3 is_stmt 1 view .LVU863
1650:Drivers/STM32F1xx_HAL_Driver/Src/stm32f1xx_hal_spi.c ****   {
 2424              		.loc 1 1650 17 is_stmt 0 view .LVU864
 2425 006c DCF80C30 		ldr	r3, [ip, #12]
 2426              	.LVL143:
1650:Drivers/STM32F1xx_HAL_Driver/Src/stm32f1xx_hal_spi.c ****   {
 2427              		.loc 1 1650 6 view .LVU865
 2428 0070 BBB1     		cbz	r3, .L170
1652:Drivers/STM32F1xx_HAL_Driver/Src/stm32f1xx_hal_spi.c ****     hspi->TxISR     = SPI_2linesTxISR_16BIT;
 2429              		.loc 1 1652 5 is_stmt 1 view .LVU866
1652:Drivers/STM32F1xx_HAL_Driver/Src/stm32f1xx_hal_spi.c ****     hspi->TxISR     = SPI_2linesTxISR_16BIT;
 2430              		.loc 1 1652 21 is_stmt 0 view .LVU867
 2431 0072 194B     		ldr	r3, .L184
 2432 0074 CCF84030 		str	r3, [ip, #64]
1653:Drivers/STM32F1xx_HAL_Driver/Src/stm32f1xx_hal_spi.c ****   }
 2433              		.loc 1 1653 5 is_stmt 1 view .LVU868
1653:Drivers/STM32F1xx_HAL_Driver/Src/stm32f1xx_hal_spi.c ****   }
 2434              		.loc 1 1653 21 is_stmt 0 view .LVU869
 2435 0078 184B     		ldr	r3, .L184+4
 2436 007a CCF84430 		str	r3, [ip, #68]
 2437              	.L171:
1670:Drivers/STM32F1xx_HAL_Driver/Src/stm32f1xx_hal_spi.c **** 
 2438              		.loc 1 1670 3 is_stmt 1 view .LVU870
 2439 007e DCF80020 		ldr	r2, [ip]
 2440              	.LVL144:
1670:Drivers/STM32F1xx_HAL_Driver/Src/stm32f1xx_hal_spi.c **** 
 2441              		.loc 1 1670 3 is_stmt 0 view .LVU871
 2442 0082 5368     		ldr	r3, [r2, #4]
 2443 0084 43F0E003 		orr	r3, r3, #224
 2444 0088 5360     		str	r3, [r2, #4]
 2445              	.LVL145:
1673:Drivers/STM32F1xx_HAL_Driver/Src/stm32f1xx_hal_spi.c ****   {
 2446              		.loc 1 1673 3 is_stmt 1 view .LVU872
1673:Drivers/STM32F1xx_HAL_Driver/Src/stm32f1xx_hal_spi.c ****   {
 2447              		.loc 1 1673 12 is_stmt 0 view .LVU873
 2448 008a DCF80030 		ldr	r3, [ip]
ARM GAS  C:\Users\zhmis\AppData\Local\Temp\ccgFfHBP.s 			page 128


1673:Drivers/STM32F1xx_HAL_Driver/Src/stm32f1xx_hal_spi.c ****   {
 2449              		.loc 1 1673 22 view .LVU874
 2450 008e 1A68     		ldr	r2, [r3]
1673:Drivers/STM32F1xx_HAL_Driver/Src/stm32f1xx_hal_spi.c ****   {
 2451              		.loc 1 1673 6 view .LVU875
 2452 0090 12F0400F 		tst	r2, #64
 2453 0094 1CD1     		bne	.L179
1676:Drivers/STM32F1xx_HAL_Driver/Src/stm32f1xx_hal_spi.c ****   }
 2454              		.loc 1 1676 5 is_stmt 1 view .LVU876
 2455 0096 1A68     		ldr	r2, [r3]
 2456 0098 42F04002 		orr	r2, r2, #64
 2457 009c 1A60     		str	r2, [r3]
1609:Drivers/STM32F1xx_HAL_Driver/Src/stm32f1xx_hal_spi.c **** 
 2458              		.loc 1 1609 24 is_stmt 0 view .LVU877
 2459 009e 0020     		movs	r0, #0
 2460 00a0 07E0     		b	.L168
 2461              	.LVL146:
 2462              	.L170:
1657:Drivers/STM32F1xx_HAL_Driver/Src/stm32f1xx_hal_spi.c ****     hspi->TxISR     = SPI_2linesTxISR_8BIT;
 2463              		.loc 1 1657 5 is_stmt 1 view .LVU878
1657:Drivers/STM32F1xx_HAL_Driver/Src/stm32f1xx_hal_spi.c ****     hspi->TxISR     = SPI_2linesTxISR_8BIT;
 2464              		.loc 1 1657 21 is_stmt 0 view .LVU879
 2465 00a2 0F4B     		ldr	r3, .L184+8
 2466 00a4 CCF84030 		str	r3, [ip, #64]
1658:Drivers/STM32F1xx_HAL_Driver/Src/stm32f1xx_hal_spi.c ****   }
 2467              		.loc 1 1658 5 is_stmt 1 view .LVU880
1658:Drivers/STM32F1xx_HAL_Driver/Src/stm32f1xx_hal_spi.c ****   }
 2468              		.loc 1 1658 21 is_stmt 0 view .LVU881
 2469 00a8 0E4B     		ldr	r3, .L184+12
 2470 00aa CCF84430 		str	r3, [ip, #68]
 2471 00ae E6E7     		b	.L171
 2472              	.LVL147:
 2473              	.L173:
1624:Drivers/STM32F1xx_HAL_Driver/Src/stm32f1xx_hal_spi.c ****     goto error;
 2474              		.loc 1 1624 15 view .LVU882
 2475 00b0 0220     		movs	r0, #2
 2476              	.LVL148:
 2477              	.L168:
1681:Drivers/STM32F1xx_HAL_Driver/Src/stm32f1xx_hal_spi.c ****   return errorcode;
 2478              		.loc 1 1681 3 is_stmt 1 view .LVU883
1681:Drivers/STM32F1xx_HAL_Driver/Src/stm32f1xx_hal_spi.c ****   return errorcode;
 2479              		.loc 1 1681 3 view .LVU884
 2480 00b2 0023     		movs	r3, #0
 2481 00b4 8CF85030 		strb	r3, [ip, #80]
1681:Drivers/STM32F1xx_HAL_Driver/Src/stm32f1xx_hal_spi.c ****   return errorcode;
 2482              		.loc 1 1681 3 view .LVU885
1682:Drivers/STM32F1xx_HAL_Driver/Src/stm32f1xx_hal_spi.c **** }
 2483              		.loc 1 1682 3 view .LVU886
1683:Drivers/STM32F1xx_HAL_Driver/Src/stm32f1xx_hal_spi.c **** 
 2484              		.loc 1 1683 1 is_stmt 0 view .LVU887
 2485 00b8 10BC     		pop	{r4}
 2486              		.cfi_remember_state
 2487              		.cfi_restore 4
 2488              		.cfi_def_cfa_offset 0
 2489 00ba 7047     		bx	lr
 2490              	.LVL149:
 2491              	.L174:
ARM GAS  C:\Users\zhmis\AppData\Local\Temp\ccgFfHBP.s 			page 129


 2492              		.cfi_restore_state
1624:Drivers/STM32F1xx_HAL_Driver/Src/stm32f1xx_hal_spi.c ****     goto error;
 2493              		.loc 1 1624 15 view .LVU888
 2494 00bc 0220     		movs	r0, #2
 2495              	.LVL150:
1624:Drivers/STM32F1xx_HAL_Driver/Src/stm32f1xx_hal_spi.c ****     goto error;
 2496              		.loc 1 1624 15 view .LVU889
 2497 00be F8E7     		b	.L168
 2498              	.LVL151:
 2499              	.L175:
1624:Drivers/STM32F1xx_HAL_Driver/Src/stm32f1xx_hal_spi.c ****     goto error;
 2500              		.loc 1 1624 15 view .LVU890
 2501 00c0 0220     		movs	r0, #2
 2502              	.LVL152:
1624:Drivers/STM32F1xx_HAL_Driver/Src/stm32f1xx_hal_spi.c ****     goto error;
 2503              		.loc 1 1624 15 view .LVU891
 2504 00c2 F6E7     		b	.L168
 2505              	.LVL153:
 2506              	.L176:
1630:Drivers/STM32F1xx_HAL_Driver/Src/stm32f1xx_hal_spi.c ****     goto error;
 2507              		.loc 1 1630 15 view .LVU892
 2508 00c4 0120     		movs	r0, #1
 2509              	.LVL154:
1630:Drivers/STM32F1xx_HAL_Driver/Src/stm32f1xx_hal_spi.c ****     goto error;
 2510              		.loc 1 1630 15 view .LVU893
 2511 00c6 F4E7     		b	.L168
 2512              	.LVL155:
 2513              	.L177:
1630:Drivers/STM32F1xx_HAL_Driver/Src/stm32f1xx_hal_spi.c ****     goto error;
 2514              		.loc 1 1630 15 view .LVU894
 2515 00c8 0120     		movs	r0, #1
 2516              	.LVL156:
1630:Drivers/STM32F1xx_HAL_Driver/Src/stm32f1xx_hal_spi.c ****     goto error;
 2517              		.loc 1 1630 15 view .LVU895
 2518 00ca F2E7     		b	.L168
 2519              	.LVL157:
 2520              	.L178:
1630:Drivers/STM32F1xx_HAL_Driver/Src/stm32f1xx_hal_spi.c ****     goto error;
 2521              		.loc 1 1630 15 view .LVU896
 2522 00cc 0120     		movs	r0, #1
 2523              	.LVL158:
1630:Drivers/STM32F1xx_HAL_Driver/Src/stm32f1xx_hal_spi.c ****     goto error;
 2524              		.loc 1 1630 15 view .LVU897
 2525 00ce F0E7     		b	.L168
 2526              	.LVL159:
 2527              	.L179:
1609:Drivers/STM32F1xx_HAL_Driver/Src/stm32f1xx_hal_spi.c **** 
 2528              		.loc 1 1609 24 view .LVU898
 2529 00d0 0020     		movs	r0, #0
 2530 00d2 EEE7     		b	.L168
 2531              	.LVL160:
 2532              	.L172:
 2533              		.cfi_def_cfa_offset 0
 2534              		.cfi_restore 4
1615:Drivers/STM32F1xx_HAL_Driver/Src/stm32f1xx_hal_spi.c **** 
 2535              		.loc 1 1615 3 discriminator 1 view .LVU899
 2536 00d4 0220     		movs	r0, #2
ARM GAS  C:\Users\zhmis\AppData\Local\Temp\ccgFfHBP.s 			page 130


1683:Drivers/STM32F1xx_HAL_Driver/Src/stm32f1xx_hal_spi.c **** 
 2537              		.loc 1 1683 1 view .LVU900
 2538 00d6 7047     		bx	lr
 2539              	.L185:
 2540              		.align	2
 2541              	.L184:
 2542 00d8 00000000 		.word	SPI_2linesRxISR_16BIT
 2543 00dc 00000000 		.word	SPI_2linesTxISR_16BIT
 2544 00e0 00000000 		.word	SPI_2linesRxISR_8BIT
 2545 00e4 00000000 		.word	SPI_2linesTxISR_8BIT
 2546              		.cfi_endproc
 2547              	.LFE74:
 2549              		.section	.text.HAL_SPI_Receive_IT,"ax",%progbits
 2550              		.align	1
 2551              		.global	HAL_SPI_Receive_IT
 2552              		.syntax unified
 2553              		.thumb
 2554              		.thumb_func
 2556              	HAL_SPI_Receive_IT:
 2557              	.LVL161:
 2558              	.LFB73:
1511:Drivers/STM32F1xx_HAL_Driver/Src/stm32f1xx_hal_spi.c ****   HAL_StatusTypeDef errorcode = HAL_OK;
 2559              		.loc 1 1511 1 is_stmt 1 view -0
 2560              		.cfi_startproc
 2561              		@ args = 0, pretend = 0, frame = 0
 2562              		@ frame_needed = 0, uses_anonymous_args = 0
1511:Drivers/STM32F1xx_HAL_Driver/Src/stm32f1xx_hal_spi.c ****   HAL_StatusTypeDef errorcode = HAL_OK;
 2563              		.loc 1 1511 1 is_stmt 0 view .LVU902
 2564 0000 8446     		mov	ip, r0
1512:Drivers/STM32F1xx_HAL_Driver/Src/stm32f1xx_hal_spi.c **** 
 2565              		.loc 1 1512 3 is_stmt 1 view .LVU903
 2566              	.LVL162:
1515:Drivers/STM32F1xx_HAL_Driver/Src/stm32f1xx_hal_spi.c ****   {
 2567              		.loc 1 1515 3 view .LVU904
1515:Drivers/STM32F1xx_HAL_Driver/Src/stm32f1xx_hal_spi.c ****   {
 2568              		.loc 1 1515 11 is_stmt 0 view .LVU905
 2569 0002 90F85100 		ldrb	r0, [r0, #81]	@ zero_extendqisi2
 2570              	.LVL163:
1515:Drivers/STM32F1xx_HAL_Driver/Src/stm32f1xx_hal_spi.c ****   {
 2571              		.loc 1 1515 11 view .LVU906
 2572 0006 C0B2     		uxtb	r0, r0
1515:Drivers/STM32F1xx_HAL_Driver/Src/stm32f1xx_hal_spi.c ****   {
 2573              		.loc 1 1515 6 view .LVU907
 2574 0008 0128     		cmp	r0, #1
 2575 000a 61D1     		bne	.L193
1511:Drivers/STM32F1xx_HAL_Driver/Src/stm32f1xx_hal_spi.c ****   HAL_StatusTypeDef errorcode = HAL_OK;
 2576              		.loc 1 1511 1 view .LVU908
 2577 000c 10B5     		push	{r4, lr}
 2578              		.cfi_def_cfa_offset 8
 2579              		.cfi_offset 4, -8
 2580              		.cfi_offset 14, -4
1521:Drivers/STM32F1xx_HAL_Driver/Src/stm32f1xx_hal_spi.c ****   {
 2581              		.loc 1 1521 3 is_stmt 1 view .LVU909
1521:Drivers/STM32F1xx_HAL_Driver/Src/stm32f1xx_hal_spi.c ****   {
 2582              		.loc 1 1521 18 is_stmt 0 view .LVU910
 2583 000e DCF80840 		ldr	r4, [ip, #8]
1521:Drivers/STM32F1xx_HAL_Driver/Src/stm32f1xx_hal_spi.c ****   {
ARM GAS  C:\Users\zhmis\AppData\Local\Temp\ccgFfHBP.s 			page 131


 2584              		.loc 1 1521 6 view .LVU911
 2585 0012 24B9     		cbnz	r4, .L188
1521:Drivers/STM32F1xx_HAL_Driver/Src/stm32f1xx_hal_spi.c ****   {
 2586              		.loc 1 1521 68 discriminator 1 view .LVU912
 2587 0014 DCF80430 		ldr	r3, [ip, #4]
1521:Drivers/STM32F1xx_HAL_Driver/Src/stm32f1xx_hal_spi.c ****   {
 2588              		.loc 1 1521 54 discriminator 1 view .LVU913
 2589 0018 B3F5827F 		cmp	r3, #260
 2590 001c 3AD0     		beq	.L200
 2591              	.L188:
1529:Drivers/STM32F1xx_HAL_Driver/Src/stm32f1xx_hal_spi.c **** 
 2592              		.loc 1 1529 3 is_stmt 1 view .LVU914
1529:Drivers/STM32F1xx_HAL_Driver/Src/stm32f1xx_hal_spi.c **** 
 2593              		.loc 1 1529 3 view .LVU915
 2594 001e 9CF85030 		ldrb	r3, [ip, #80]	@ zero_extendqisi2
 2595 0022 012B     		cmp	r3, #1
 2596 0024 52D0     		beq	.L194
1529:Drivers/STM32F1xx_HAL_Driver/Src/stm32f1xx_hal_spi.c **** 
 2597              		.loc 1 1529 3 discriminator 2 view .LVU916
 2598 0026 0123     		movs	r3, #1
 2599 0028 8CF85030 		strb	r3, [ip, #80]
1529:Drivers/STM32F1xx_HAL_Driver/Src/stm32f1xx_hal_spi.c **** 
 2600              		.loc 1 1529 3 discriminator 2 view .LVU917
1531:Drivers/STM32F1xx_HAL_Driver/Src/stm32f1xx_hal_spi.c ****   {
 2601              		.loc 1 1531 3 view .LVU918
1531:Drivers/STM32F1xx_HAL_Driver/Src/stm32f1xx_hal_spi.c ****   {
 2602              		.loc 1 1531 6 is_stmt 0 view .LVU919
 2603 002c 71B3     		cbz	r1, .L187
1531:Drivers/STM32F1xx_HAL_Driver/Src/stm32f1xx_hal_spi.c ****   {
 2604              		.loc 1 1531 23 discriminator 1 view .LVU920
 2605 002e 6AB3     		cbz	r2, .L187
1538:Drivers/STM32F1xx_HAL_Driver/Src/stm32f1xx_hal_spi.c ****   hspi->ErrorCode   = HAL_SPI_ERROR_NONE;
 2606              		.loc 1 1538 3 is_stmt 1 view .LVU921
1538:Drivers/STM32F1xx_HAL_Driver/Src/stm32f1xx_hal_spi.c ****   hspi->ErrorCode   = HAL_SPI_ERROR_NONE;
 2607              		.loc 1 1538 21 is_stmt 0 view .LVU922
 2608 0030 0423     		movs	r3, #4
 2609 0032 8CF85130 		strb	r3, [ip, #81]
1539:Drivers/STM32F1xx_HAL_Driver/Src/stm32f1xx_hal_spi.c ****   hspi->pRxBuffPtr  = (uint8_t *)pData;
 2610              		.loc 1 1539 3 is_stmt 1 view .LVU923
1539:Drivers/STM32F1xx_HAL_Driver/Src/stm32f1xx_hal_spi.c ****   hspi->pRxBuffPtr  = (uint8_t *)pData;
 2611              		.loc 1 1539 21 is_stmt 0 view .LVU924
 2612 0036 0023     		movs	r3, #0
 2613 0038 CCF85430 		str	r3, [ip, #84]
1540:Drivers/STM32F1xx_HAL_Driver/Src/stm32f1xx_hal_spi.c ****   hspi->RxXferSize  = Size;
 2614              		.loc 1 1540 3 is_stmt 1 view .LVU925
1540:Drivers/STM32F1xx_HAL_Driver/Src/stm32f1xx_hal_spi.c ****   hspi->RxXferSize  = Size;
 2615              		.loc 1 1540 21 is_stmt 0 view .LVU926
 2616 003c CCF83810 		str	r1, [ip, #56]
1541:Drivers/STM32F1xx_HAL_Driver/Src/stm32f1xx_hal_spi.c ****   hspi->RxXferCount = Size;
 2617              		.loc 1 1541 3 is_stmt 1 view .LVU927
1541:Drivers/STM32F1xx_HAL_Driver/Src/stm32f1xx_hal_spi.c ****   hspi->RxXferCount = Size;
 2618              		.loc 1 1541 21 is_stmt 0 view .LVU928
 2619 0040 ACF83C20 		strh	r2, [ip, #60]	@ movhi
1542:Drivers/STM32F1xx_HAL_Driver/Src/stm32f1xx_hal_spi.c **** 
 2620              		.loc 1 1542 3 is_stmt 1 view .LVU929
1542:Drivers/STM32F1xx_HAL_Driver/Src/stm32f1xx_hal_spi.c **** 
 2621              		.loc 1 1542 21 is_stmt 0 view .LVU930
ARM GAS  C:\Users\zhmis\AppData\Local\Temp\ccgFfHBP.s 			page 132


 2622 0044 ACF83E20 		strh	r2, [ip, #62]	@ movhi
1545:Drivers/STM32F1xx_HAL_Driver/Src/stm32f1xx_hal_spi.c ****   hspi->TxXferSize  = 0U;
 2623              		.loc 1 1545 3 is_stmt 1 view .LVU931
1545:Drivers/STM32F1xx_HAL_Driver/Src/stm32f1xx_hal_spi.c ****   hspi->TxXferSize  = 0U;
 2624              		.loc 1 1545 21 is_stmt 0 view .LVU932
 2625 0048 CCF83030 		str	r3, [ip, #48]
1546:Drivers/STM32F1xx_HAL_Driver/Src/stm32f1xx_hal_spi.c ****   hspi->TxXferCount = 0U;
 2626              		.loc 1 1546 3 is_stmt 1 view .LVU933
1546:Drivers/STM32F1xx_HAL_Driver/Src/stm32f1xx_hal_spi.c ****   hspi->TxXferCount = 0U;
 2627              		.loc 1 1546 21 is_stmt 0 view .LVU934
 2628 004c ACF83430 		strh	r3, [ip, #52]	@ movhi
1547:Drivers/STM32F1xx_HAL_Driver/Src/stm32f1xx_hal_spi.c ****   hspi->TxISR       = NULL;
 2629              		.loc 1 1547 3 is_stmt 1 view .LVU935
1547:Drivers/STM32F1xx_HAL_Driver/Src/stm32f1xx_hal_spi.c ****   hspi->TxISR       = NULL;
 2630              		.loc 1 1547 21 is_stmt 0 view .LVU936
 2631 0050 ACF83630 		strh	r3, [ip, #54]	@ movhi
1548:Drivers/STM32F1xx_HAL_Driver/Src/stm32f1xx_hal_spi.c **** 
 2632              		.loc 1 1548 3 is_stmt 1 view .LVU937
1548:Drivers/STM32F1xx_HAL_Driver/Src/stm32f1xx_hal_spi.c **** 
 2633              		.loc 1 1548 21 is_stmt 0 view .LVU938
 2634 0054 CCF84430 		str	r3, [ip, #68]
1551:Drivers/STM32F1xx_HAL_Driver/Src/stm32f1xx_hal_spi.c ****   {
 2635              		.loc 1 1551 3 is_stmt 1 view .LVU939
1551:Drivers/STM32F1xx_HAL_Driver/Src/stm32f1xx_hal_spi.c ****   {
 2636              		.loc 1 1551 17 is_stmt 0 view .LVU940
 2637 0058 DCF80C30 		ldr	r3, [ip, #12]
1551:Drivers/STM32F1xx_HAL_Driver/Src/stm32f1xx_hal_spi.c ****   {
 2638              		.loc 1 1551 6 view .LVU941
 2639 005c 1BB3     		cbz	r3, .L190
1553:Drivers/STM32F1xx_HAL_Driver/Src/stm32f1xx_hal_spi.c ****   }
 2640              		.loc 1 1553 5 is_stmt 1 view .LVU942
1553:Drivers/STM32F1xx_HAL_Driver/Src/stm32f1xx_hal_spi.c ****   }
 2641              		.loc 1 1553 17 is_stmt 0 view .LVU943
 2642 005e 1F4B     		ldr	r3, .L202
 2643 0060 CCF84030 		str	r3, [ip, #64]
 2644              	.L191:
1561:Drivers/STM32F1xx_HAL_Driver/Src/stm32f1xx_hal_spi.c ****   {
 2645              		.loc 1 1561 3 is_stmt 1 view .LVU944
1561:Drivers/STM32F1xx_HAL_Driver/Src/stm32f1xx_hal_spi.c ****   {
 2646              		.loc 1 1561 6 is_stmt 0 view .LVU945
 2647 0064 B4F5004F 		cmp	r4, #32768
 2648 0068 21D0     		beq	.L201
 2649              	.LVL164:
 2650              	.L192:
1577:Drivers/STM32F1xx_HAL_Driver/Src/stm32f1xx_hal_spi.c **** 
 2651              		.loc 1 1577 3 is_stmt 1 view .LVU946
 2652 006a DCF80020 		ldr	r2, [ip]
 2653 006e 5368     		ldr	r3, [r2, #4]
 2654 0070 43F06003 		orr	r3, r3, #96
 2655 0074 5360     		str	r3, [r2, #4]
1584:Drivers/STM32F1xx_HAL_Driver/Src/stm32f1xx_hal_spi.c ****   {
 2656              		.loc 1 1584 3 view .LVU947
1584:Drivers/STM32F1xx_HAL_Driver/Src/stm32f1xx_hal_spi.c ****   {
 2657              		.loc 1 1584 12 is_stmt 0 view .LVU948
 2658 0076 DCF80030 		ldr	r3, [ip]
1584:Drivers/STM32F1xx_HAL_Driver/Src/stm32f1xx_hal_spi.c ****   {
 2659              		.loc 1 1584 22 view .LVU949
ARM GAS  C:\Users\zhmis\AppData\Local\Temp\ccgFfHBP.s 			page 133


 2660 007a 1A68     		ldr	r2, [r3]
1584:Drivers/STM32F1xx_HAL_Driver/Src/stm32f1xx_hal_spi.c ****   {
 2661              		.loc 1 1584 6 view .LVU950
 2662 007c 12F0400F 		tst	r2, #64
 2663 0080 22D1     		bne	.L195
1587:Drivers/STM32F1xx_HAL_Driver/Src/stm32f1xx_hal_spi.c ****   }
 2664              		.loc 1 1587 5 is_stmt 1 view .LVU951
 2665 0082 1A68     		ldr	r2, [r3]
 2666 0084 42F04002 		orr	r2, r2, #64
 2667 0088 1A60     		str	r2, [r3]
1512:Drivers/STM32F1xx_HAL_Driver/Src/stm32f1xx_hal_spi.c **** 
 2668              		.loc 1 1512 21 is_stmt 0 view .LVU952
 2669 008a 0020     		movs	r0, #0
 2670              	.L187:
 2671              	.LVL165:
1592:Drivers/STM32F1xx_HAL_Driver/Src/stm32f1xx_hal_spi.c ****   return errorcode;
 2672              		.loc 1 1592 3 is_stmt 1 view .LVU953
1592:Drivers/STM32F1xx_HAL_Driver/Src/stm32f1xx_hal_spi.c ****   return errorcode;
 2673              		.loc 1 1592 3 view .LVU954
 2674 008c 0023     		movs	r3, #0
 2675 008e 8CF85030 		strb	r3, [ip, #80]
1592:Drivers/STM32F1xx_HAL_Driver/Src/stm32f1xx_hal_spi.c ****   return errorcode;
 2676              		.loc 1 1592 3 view .LVU955
1593:Drivers/STM32F1xx_HAL_Driver/Src/stm32f1xx_hal_spi.c **** }
 2677              		.loc 1 1593 3 view .LVU956
 2678              	.LVL166:
 2679              	.L189:
1594:Drivers/STM32F1xx_HAL_Driver/Src/stm32f1xx_hal_spi.c **** 
 2680              		.loc 1 1594 1 is_stmt 0 view .LVU957
 2681 0092 10BD     		pop	{r4, pc}
 2682              	.LVL167:
 2683              	.L200:
1523:Drivers/STM32F1xx_HAL_Driver/Src/stm32f1xx_hal_spi.c ****     /* Call transmit-receive function to send Dummy data on Tx line and generate clock on CLK line 
 2684              		.loc 1 1523 5 is_stmt 1 view .LVU958
1523:Drivers/STM32F1xx_HAL_Driver/Src/stm32f1xx_hal_spi.c ****     /* Call transmit-receive function to send Dummy data on Tx line and generate clock on CLK line 
 2685              		.loc 1 1523 17 is_stmt 0 view .LVU959
 2686 0094 0423     		movs	r3, #4
 2687 0096 8CF85130 		strb	r3, [ip, #81]
1525:Drivers/STM32F1xx_HAL_Driver/Src/stm32f1xx_hal_spi.c ****   }
 2688              		.loc 1 1525 5 is_stmt 1 view .LVU960
1525:Drivers/STM32F1xx_HAL_Driver/Src/stm32f1xx_hal_spi.c ****   }
 2689              		.loc 1 1525 12 is_stmt 0 view .LVU961
 2690 009a 1346     		mov	r3, r2
 2691 009c 0A46     		mov	r2, r1
 2692              	.LVL168:
1525:Drivers/STM32F1xx_HAL_Driver/Src/stm32f1xx_hal_spi.c ****   }
 2693              		.loc 1 1525 12 view .LVU962
 2694 009e 6046     		mov	r0, ip
 2695 00a0 FFF7FEFF 		bl	HAL_SPI_TransmitReceive_IT
 2696              	.LVL169:
1525:Drivers/STM32F1xx_HAL_Driver/Src/stm32f1xx_hal_spi.c ****   }
 2697              		.loc 1 1525 12 view .LVU963
 2698 00a4 F5E7     		b	.L189
 2699              	.LVL170:
 2700              	.L190:
1557:Drivers/STM32F1xx_HAL_Driver/Src/stm32f1xx_hal_spi.c ****   }
 2701              		.loc 1 1557 5 is_stmt 1 view .LVU964
ARM GAS  C:\Users\zhmis\AppData\Local\Temp\ccgFfHBP.s 			page 134


1557:Drivers/STM32F1xx_HAL_Driver/Src/stm32f1xx_hal_spi.c ****   }
 2702              		.loc 1 1557 17 is_stmt 0 view .LVU965
 2703 00a6 0E4B     		ldr	r3, .L202+4
 2704 00a8 CCF84030 		str	r3, [ip, #64]
 2705 00ac DAE7     		b	.L191
 2706              	.L201:
1564:Drivers/STM32F1xx_HAL_Driver/Src/stm32f1xx_hal_spi.c ****     SPI_1LINE_RX(hspi);
 2707              		.loc 1 1564 5 is_stmt 1 view .LVU966
 2708 00ae DCF80020 		ldr	r2, [ip]
 2709              	.LVL171:
1564:Drivers/STM32F1xx_HAL_Driver/Src/stm32f1xx_hal_spi.c ****     SPI_1LINE_RX(hspi);
 2710              		.loc 1 1564 5 is_stmt 0 view .LVU967
 2711 00b2 1368     		ldr	r3, [r2]
 2712 00b4 23F04003 		bic	r3, r3, #64
 2713 00b8 1360     		str	r3, [r2]
 2714              	.LVL172:
1565:Drivers/STM32F1xx_HAL_Driver/Src/stm32f1xx_hal_spi.c ****   }
 2715              		.loc 1 1565 5 is_stmt 1 view .LVU968
 2716 00ba DCF80020 		ldr	r2, [ip]
 2717 00be 1368     		ldr	r3, [r2]
 2718 00c0 23F48043 		bic	r3, r3, #16384
 2719 00c4 1360     		str	r3, [r2]
 2720 00c6 D0E7     		b	.L192
 2721              	.L195:
1512:Drivers/STM32F1xx_HAL_Driver/Src/stm32f1xx_hal_spi.c **** 
 2722              		.loc 1 1512 21 is_stmt 0 view .LVU969
 2723 00c8 0020     		movs	r0, #0
 2724 00ca DFE7     		b	.L187
 2725              	.LVL173:
 2726              	.L194:
1529:Drivers/STM32F1xx_HAL_Driver/Src/stm32f1xx_hal_spi.c **** 
 2727              		.loc 1 1529 3 discriminator 1 view .LVU970
 2728 00cc 0220     		movs	r0, #2
 2729 00ce E0E7     		b	.L189
 2730              	.L193:
 2731              		.cfi_def_cfa_offset 0
 2732              		.cfi_restore 4
 2733              		.cfi_restore 14
1517:Drivers/STM32F1xx_HAL_Driver/Src/stm32f1xx_hal_spi.c ****     goto error;
 2734              		.loc 1 1517 15 view .LVU971
 2735 00d0 0220     		movs	r0, #2
 2736              	.LVL174:
1592:Drivers/STM32F1xx_HAL_Driver/Src/stm32f1xx_hal_spi.c ****   return errorcode;
 2737              		.loc 1 1592 3 is_stmt 1 view .LVU972
1592:Drivers/STM32F1xx_HAL_Driver/Src/stm32f1xx_hal_spi.c ****   return errorcode;
 2738              		.loc 1 1592 3 view .LVU973
 2739 00d2 0023     		movs	r3, #0
 2740 00d4 8CF85030 		strb	r3, [ip, #80]
1592:Drivers/STM32F1xx_HAL_Driver/Src/stm32f1xx_hal_spi.c ****   return errorcode;
 2741              		.loc 1 1592 3 view .LVU974
1593:Drivers/STM32F1xx_HAL_Driver/Src/stm32f1xx_hal_spi.c **** }
 2742              		.loc 1 1593 3 view .LVU975
1594:Drivers/STM32F1xx_HAL_Driver/Src/stm32f1xx_hal_spi.c **** 
 2743              		.loc 1 1594 1 is_stmt 0 view .LVU976
 2744 00d8 7047     		bx	lr
 2745              	.L203:
 2746 00da 00BF     		.align	2
ARM GAS  C:\Users\zhmis\AppData\Local\Temp\ccgFfHBP.s 			page 135


 2747              	.L202:
 2748 00dc 00000000 		.word	SPI_RxISR_16BIT
 2749 00e0 00000000 		.word	SPI_RxISR_8BIT
 2750              		.cfi_endproc
 2751              	.LFE73:
 2753              		.section	.text.HAL_SPI_Transmit_DMA,"ax",%progbits
 2754              		.align	1
 2755              		.global	HAL_SPI_Transmit_DMA
 2756              		.syntax unified
 2757              		.thumb
 2758              		.thumb_func
 2760              	HAL_SPI_Transmit_DMA:
 2761              	.LVL175:
 2762              	.LFB75:
1694:Drivers/STM32F1xx_HAL_Driver/Src/stm32f1xx_hal_spi.c ****   HAL_StatusTypeDef errorcode = HAL_OK;
 2763              		.loc 1 1694 1 is_stmt 1 view -0
 2764              		.cfi_startproc
 2765              		@ args = 0, pretend = 0, frame = 0
 2766              		@ frame_needed = 0, uses_anonymous_args = 0
1694:Drivers/STM32F1xx_HAL_Driver/Src/stm32f1xx_hal_spi.c ****   HAL_StatusTypeDef errorcode = HAL_OK;
 2767              		.loc 1 1694 1 is_stmt 0 view .LVU978
 2768 0000 38B5     		push	{r3, r4, r5, lr}
 2769              		.cfi_def_cfa_offset 16
 2770              		.cfi_offset 3, -16
 2771              		.cfi_offset 4, -12
 2772              		.cfi_offset 5, -8
 2773              		.cfi_offset 14, -4
1695:Drivers/STM32F1xx_HAL_Driver/Src/stm32f1xx_hal_spi.c **** 
 2774              		.loc 1 1695 3 is_stmt 1 view .LVU979
 2775              	.LVL176:
1698:Drivers/STM32F1xx_HAL_Driver/Src/stm32f1xx_hal_spi.c **** 
 2776              		.loc 1 1698 3 view .LVU980
1701:Drivers/STM32F1xx_HAL_Driver/Src/stm32f1xx_hal_spi.c **** 
 2777              		.loc 1 1701 3 view .LVU981
1704:Drivers/STM32F1xx_HAL_Driver/Src/stm32f1xx_hal_spi.c **** 
 2778              		.loc 1 1704 3 view .LVU982
1704:Drivers/STM32F1xx_HAL_Driver/Src/stm32f1xx_hal_spi.c **** 
 2779              		.loc 1 1704 3 view .LVU983
 2780 0002 90F85030 		ldrb	r3, [r0, #80]	@ zero_extendqisi2
 2781 0006 012B     		cmp	r3, #1
 2782 0008 5ED0     		beq	.L210
 2783 000a 0446     		mov	r4, r0
1704:Drivers/STM32F1xx_HAL_Driver/Src/stm32f1xx_hal_spi.c **** 
 2784              		.loc 1 1704 3 discriminator 2 view .LVU984
 2785 000c 0123     		movs	r3, #1
 2786 000e 80F85030 		strb	r3, [r0, #80]
1704:Drivers/STM32F1xx_HAL_Driver/Src/stm32f1xx_hal_spi.c **** 
 2787              		.loc 1 1704 3 discriminator 2 view .LVU985
1706:Drivers/STM32F1xx_HAL_Driver/Src/stm32f1xx_hal_spi.c ****   {
 2788              		.loc 1 1706 3 view .LVU986
1706:Drivers/STM32F1xx_HAL_Driver/Src/stm32f1xx_hal_spi.c ****   {
 2789              		.loc 1 1706 11 is_stmt 0 view .LVU987
 2790 0012 90F85150 		ldrb	r5, [r0, #81]	@ zero_extendqisi2
 2791 0016 EDB2     		uxtb	r5, r5
1706:Drivers/STM32F1xx_HAL_Driver/Src/stm32f1xx_hal_spi.c ****   {
 2792              		.loc 1 1706 6 view .LVU988
 2793 0018 9D42     		cmp	r5, r3
ARM GAS  C:\Users\zhmis\AppData\Local\Temp\ccgFfHBP.s 			page 136


 2794 001a 4FD1     		bne	.L211
1712:Drivers/STM32F1xx_HAL_Driver/Src/stm32f1xx_hal_spi.c ****   {
 2795              		.loc 1 1712 3 is_stmt 1 view .LVU989
1712:Drivers/STM32F1xx_HAL_Driver/Src/stm32f1xx_hal_spi.c ****   {
 2796              		.loc 1 1712 6 is_stmt 0 view .LVU990
 2797 001c 0029     		cmp	r1, #0
 2798 001e 4ED0     		beq	.L206
1712:Drivers/STM32F1xx_HAL_Driver/Src/stm32f1xx_hal_spi.c ****   {
 2799              		.loc 1 1712 23 discriminator 1 view .LVU991
 2800 0020 002A     		cmp	r2, #0
 2801 0022 4CD0     		beq	.L206
1719:Drivers/STM32F1xx_HAL_Driver/Src/stm32f1xx_hal_spi.c ****   hspi->ErrorCode   = HAL_SPI_ERROR_NONE;
 2802              		.loc 1 1719 3 is_stmt 1 view .LVU992
1719:Drivers/STM32F1xx_HAL_Driver/Src/stm32f1xx_hal_spi.c ****   hspi->ErrorCode   = HAL_SPI_ERROR_NONE;
 2803              		.loc 1 1719 21 is_stmt 0 view .LVU993
 2804 0024 0323     		movs	r3, #3
 2805 0026 80F85130 		strb	r3, [r0, #81]
1720:Drivers/STM32F1xx_HAL_Driver/Src/stm32f1xx_hal_spi.c ****   hspi->pTxBuffPtr  = (uint8_t *)pData;
 2806              		.loc 1 1720 3 is_stmt 1 view .LVU994
1720:Drivers/STM32F1xx_HAL_Driver/Src/stm32f1xx_hal_spi.c ****   hspi->pTxBuffPtr  = (uint8_t *)pData;
 2807              		.loc 1 1720 21 is_stmt 0 view .LVU995
 2808 002a 0023     		movs	r3, #0
 2809 002c 4365     		str	r3, [r0, #84]
1721:Drivers/STM32F1xx_HAL_Driver/Src/stm32f1xx_hal_spi.c ****   hspi->TxXferSize  = Size;
 2810              		.loc 1 1721 3 is_stmt 1 view .LVU996
1721:Drivers/STM32F1xx_HAL_Driver/Src/stm32f1xx_hal_spi.c ****   hspi->TxXferSize  = Size;
 2811              		.loc 1 1721 21 is_stmt 0 view .LVU997
 2812 002e 0163     		str	r1, [r0, #48]
1722:Drivers/STM32F1xx_HAL_Driver/Src/stm32f1xx_hal_spi.c ****   hspi->TxXferCount = Size;
 2813              		.loc 1 1722 3 is_stmt 1 view .LVU998
1722:Drivers/STM32F1xx_HAL_Driver/Src/stm32f1xx_hal_spi.c ****   hspi->TxXferCount = Size;
 2814              		.loc 1 1722 21 is_stmt 0 view .LVU999
 2815 0030 8286     		strh	r2, [r0, #52]	@ movhi
1723:Drivers/STM32F1xx_HAL_Driver/Src/stm32f1xx_hal_spi.c **** 
 2816              		.loc 1 1723 3 is_stmt 1 view .LVU1000
1723:Drivers/STM32F1xx_HAL_Driver/Src/stm32f1xx_hal_spi.c **** 
 2817              		.loc 1 1723 21 is_stmt 0 view .LVU1001
 2818 0032 C286     		strh	r2, [r0, #54]	@ movhi
1726:Drivers/STM32F1xx_HAL_Driver/Src/stm32f1xx_hal_spi.c ****   hspi->TxISR       = NULL;
 2819              		.loc 1 1726 3 is_stmt 1 view .LVU1002
1726:Drivers/STM32F1xx_HAL_Driver/Src/stm32f1xx_hal_spi.c ****   hspi->TxISR       = NULL;
 2820              		.loc 1 1726 21 is_stmt 0 view .LVU1003
 2821 0034 8363     		str	r3, [r0, #56]
1727:Drivers/STM32F1xx_HAL_Driver/Src/stm32f1xx_hal_spi.c ****   hspi->RxISR       = NULL;
 2822              		.loc 1 1727 3 is_stmt 1 view .LVU1004
1727:Drivers/STM32F1xx_HAL_Driver/Src/stm32f1xx_hal_spi.c ****   hspi->RxISR       = NULL;
 2823              		.loc 1 1727 21 is_stmt 0 view .LVU1005
 2824 0036 4364     		str	r3, [r0, #68]
1728:Drivers/STM32F1xx_HAL_Driver/Src/stm32f1xx_hal_spi.c ****   hspi->RxXferSize  = 0U;
 2825              		.loc 1 1728 3 is_stmt 1 view .LVU1006
1728:Drivers/STM32F1xx_HAL_Driver/Src/stm32f1xx_hal_spi.c ****   hspi->RxXferSize  = 0U;
 2826              		.loc 1 1728 21 is_stmt 0 view .LVU1007
 2827 0038 0364     		str	r3, [r0, #64]
1729:Drivers/STM32F1xx_HAL_Driver/Src/stm32f1xx_hal_spi.c ****   hspi->RxXferCount = 0U;
 2828              		.loc 1 1729 3 is_stmt 1 view .LVU1008
1729:Drivers/STM32F1xx_HAL_Driver/Src/stm32f1xx_hal_spi.c ****   hspi->RxXferCount = 0U;
 2829              		.loc 1 1729 21 is_stmt 0 view .LVU1009
ARM GAS  C:\Users\zhmis\AppData\Local\Temp\ccgFfHBP.s 			page 137


 2830 003a 8387     		strh	r3, [r0, #60]	@ movhi
1730:Drivers/STM32F1xx_HAL_Driver/Src/stm32f1xx_hal_spi.c **** 
 2831              		.loc 1 1730 3 is_stmt 1 view .LVU1010
1730:Drivers/STM32F1xx_HAL_Driver/Src/stm32f1xx_hal_spi.c **** 
 2832              		.loc 1 1730 21 is_stmt 0 view .LVU1011
 2833 003c C387     		strh	r3, [r0, #62]	@ movhi
1733:Drivers/STM32F1xx_HAL_Driver/Src/stm32f1xx_hal_spi.c ****   {
 2834              		.loc 1 1733 3 is_stmt 1 view .LVU1012
1733:Drivers/STM32F1xx_HAL_Driver/Src/stm32f1xx_hal_spi.c ****   {
 2835              		.loc 1 1733 17 is_stmt 0 view .LVU1013
 2836 003e 8368     		ldr	r3, [r0, #8]
1733:Drivers/STM32F1xx_HAL_Driver/Src/stm32f1xx_hal_spi.c ****   {
 2837              		.loc 1 1733 6 view .LVU1014
 2838 0040 B3F5004F 		cmp	r3, #32768
 2839 0044 2AD0     		beq	.L213
 2840              	.LVL177:
 2841              	.L207:
1749:Drivers/STM32F1xx_HAL_Driver/Src/stm32f1xx_hal_spi.c **** 
 2842              		.loc 1 1749 3 is_stmt 1 view .LVU1015
1749:Drivers/STM32F1xx_HAL_Driver/Src/stm32f1xx_hal_spi.c **** 
 2843              		.loc 1 1749 7 is_stmt 0 view .LVU1016
 2844 0046 A36C     		ldr	r3, [r4, #72]
1749:Drivers/STM32F1xx_HAL_Driver/Src/stm32f1xx_hal_spi.c **** 
 2845              		.loc 1 1749 38 view .LVU1017
 2846 0048 204A     		ldr	r2, .L215
 2847 004a DA62     		str	r2, [r3, #44]
1752:Drivers/STM32F1xx_HAL_Driver/Src/stm32f1xx_hal_spi.c **** 
 2848              		.loc 1 1752 3 is_stmt 1 view .LVU1018
1752:Drivers/STM32F1xx_HAL_Driver/Src/stm32f1xx_hal_spi.c **** 
 2849              		.loc 1 1752 7 is_stmt 0 view .LVU1019
 2850 004c A36C     		ldr	r3, [r4, #72]
1752:Drivers/STM32F1xx_HAL_Driver/Src/stm32f1xx_hal_spi.c **** 
 2851              		.loc 1 1752 34 view .LVU1020
 2852 004e 204A     		ldr	r2, .L215+4
 2853 0050 9A62     		str	r2, [r3, #40]
1755:Drivers/STM32F1xx_HAL_Driver/Src/stm32f1xx_hal_spi.c **** 
 2854              		.loc 1 1755 3 is_stmt 1 view .LVU1021
1755:Drivers/STM32F1xx_HAL_Driver/Src/stm32f1xx_hal_spi.c **** 
 2855              		.loc 1 1755 7 is_stmt 0 view .LVU1022
 2856 0052 A36C     		ldr	r3, [r4, #72]
1755:Drivers/STM32F1xx_HAL_Driver/Src/stm32f1xx_hal_spi.c **** 
 2857              		.loc 1 1755 35 view .LVU1023
 2858 0054 1F4A     		ldr	r2, .L215+8
 2859 0056 1A63     		str	r2, [r3, #48]
1758:Drivers/STM32F1xx_HAL_Driver/Src/stm32f1xx_hal_spi.c **** 
 2860              		.loc 1 1758 3 is_stmt 1 view .LVU1024
1758:Drivers/STM32F1xx_HAL_Driver/Src/stm32f1xx_hal_spi.c **** 
 2861              		.loc 1 1758 7 is_stmt 0 view .LVU1025
 2862 0058 A36C     		ldr	r3, [r4, #72]
1758:Drivers/STM32F1xx_HAL_Driver/Src/stm32f1xx_hal_spi.c **** 
 2863              		.loc 1 1758 35 view .LVU1026
 2864 005a 0022     		movs	r2, #0
 2865 005c 5A63     		str	r2, [r3, #52]
1761:Drivers/STM32F1xx_HAL_Driver/Src/stm32f1xx_hal_spi.c ****                                  hspi->TxXferCount))
 2866              		.loc 1 1761 3 is_stmt 1 view .LVU1027
1761:Drivers/STM32F1xx_HAL_Driver/Src/stm32f1xx_hal_spi.c ****                                  hspi->TxXferCount))
 2867              		.loc 1 1761 91 is_stmt 0 view .LVU1028
ARM GAS  C:\Users\zhmis\AppData\Local\Temp\ccgFfHBP.s 			page 138


 2868 005e 2268     		ldr	r2, [r4]
1762:Drivers/STM32F1xx_HAL_Driver/Src/stm32f1xx_hal_spi.c ****   {
 2869              		.loc 1 1762 38 view .LVU1029
 2870 0060 E38E     		ldrh	r3, [r4, #54]
1761:Drivers/STM32F1xx_HAL_Driver/Src/stm32f1xx_hal_spi.c ****                                  hspi->TxXferCount))
 2871              		.loc 1 1761 17 view .LVU1030
 2872 0062 9BB2     		uxth	r3, r3
 2873 0064 0C32     		adds	r2, r2, #12
 2874 0066 216B     		ldr	r1, [r4, #48]
 2875              	.LVL178:
1761:Drivers/STM32F1xx_HAL_Driver/Src/stm32f1xx_hal_spi.c ****                                  hspi->TxXferCount))
 2876              		.loc 1 1761 17 view .LVU1031
 2877 0068 A06C     		ldr	r0, [r4, #72]
 2878              	.LVL179:
1761:Drivers/STM32F1xx_HAL_Driver/Src/stm32f1xx_hal_spi.c ****                                  hspi->TxXferCount))
 2879              		.loc 1 1761 17 view .LVU1032
 2880 006a FFF7FEFF 		bl	HAL_DMA_Start_IT
 2881              	.LVL180:
1761:Drivers/STM32F1xx_HAL_Driver/Src/stm32f1xx_hal_spi.c ****                                  hspi->TxXferCount))
 2882              		.loc 1 1761 6 discriminator 1 view .LVU1033
 2883 006e 0146     		mov	r1, r0
 2884 0070 F8B9     		cbnz	r0, .L214
1772:Drivers/STM32F1xx_HAL_Driver/Src/stm32f1xx_hal_spi.c ****   {
 2885              		.loc 1 1772 3 is_stmt 1 view .LVU1034
1772:Drivers/STM32F1xx_HAL_Driver/Src/stm32f1xx_hal_spi.c ****   {
 2886              		.loc 1 1772 12 is_stmt 0 view .LVU1035
 2887 0072 2368     		ldr	r3, [r4]
1772:Drivers/STM32F1xx_HAL_Driver/Src/stm32f1xx_hal_spi.c ****   {
 2888              		.loc 1 1772 22 view .LVU1036
 2889 0074 1A68     		ldr	r2, [r3]
1772:Drivers/STM32F1xx_HAL_Driver/Src/stm32f1xx_hal_spi.c ****   {
 2890              		.loc 1 1772 6 view .LVU1037
 2891 0076 12F0400F 		tst	r2, #64
 2892 007a 03D1     		bne	.L209
1775:Drivers/STM32F1xx_HAL_Driver/Src/stm32f1xx_hal_spi.c ****   }
 2893              		.loc 1 1775 5 is_stmt 1 view .LVU1038
 2894 007c 1A68     		ldr	r2, [r3]
 2895 007e 42F04002 		orr	r2, r2, #64
 2896 0082 1A60     		str	r2, [r3]
 2897              	.L209:
1779:Drivers/STM32F1xx_HAL_Driver/Src/stm32f1xx_hal_spi.c **** 
 2898              		.loc 1 1779 3 view .LVU1039
 2899 0084 2268     		ldr	r2, [r4]
 2900 0086 5368     		ldr	r3, [r2, #4]
 2901 0088 43F02003 		orr	r3, r3, #32
 2902 008c 5360     		str	r3, [r2, #4]
1782:Drivers/STM32F1xx_HAL_Driver/Src/stm32f1xx_hal_spi.c **** 
 2903              		.loc 1 1782 3 view .LVU1040
 2904 008e 2268     		ldr	r2, [r4]
 2905 0090 5368     		ldr	r3, [r2, #4]
 2906 0092 43F00203 		orr	r3, r3, #2
 2907 0096 5360     		str	r3, [r2, #4]
1695:Drivers/STM32F1xx_HAL_Driver/Src/stm32f1xx_hal_spi.c **** 
 2908              		.loc 1 1695 21 is_stmt 0 view .LVU1041
 2909 0098 0D46     		mov	r5, r1
 2910 009a 10E0     		b	.L206
 2911              	.LVL181:
ARM GAS  C:\Users\zhmis\AppData\Local\Temp\ccgFfHBP.s 			page 139


 2912              	.L213:
1736:Drivers/STM32F1xx_HAL_Driver/Src/stm32f1xx_hal_spi.c ****     SPI_1LINE_TX(hspi);
 2913              		.loc 1 1736 5 is_stmt 1 view .LVU1042
 2914 009c 0268     		ldr	r2, [r0]
 2915              	.LVL182:
1736:Drivers/STM32F1xx_HAL_Driver/Src/stm32f1xx_hal_spi.c ****     SPI_1LINE_TX(hspi);
 2916              		.loc 1 1736 5 is_stmt 0 view .LVU1043
 2917 009e 1368     		ldr	r3, [r2]
 2918 00a0 23F04003 		bic	r3, r3, #64
 2919 00a4 1360     		str	r3, [r2]
 2920              	.LVL183:
1737:Drivers/STM32F1xx_HAL_Driver/Src/stm32f1xx_hal_spi.c ****   }
 2921              		.loc 1 1737 5 is_stmt 1 view .LVU1044
 2922 00a6 0268     		ldr	r2, [r0]
 2923 00a8 1368     		ldr	r3, [r2]
 2924 00aa 43F48043 		orr	r3, r3, #16384
 2925 00ae 1360     		str	r3, [r2]
 2926 00b0 C9E7     		b	.L207
 2927              	.LVL184:
 2928              	.L214:
1765:Drivers/STM32F1xx_HAL_Driver/Src/stm32f1xx_hal_spi.c ****     errorcode = HAL_ERROR;
 2929              		.loc 1 1765 5 view .LVU1045
 2930 00b2 636D     		ldr	r3, [r4, #84]
 2931 00b4 43F01003 		orr	r3, r3, #16
 2932 00b8 6365     		str	r3, [r4, #84]
1766:Drivers/STM32F1xx_HAL_Driver/Src/stm32f1xx_hal_spi.c **** 
 2933              		.loc 1 1766 5 view .LVU1046
 2934              	.LVL185:
1768:Drivers/STM32F1xx_HAL_Driver/Src/stm32f1xx_hal_spi.c ****   }
 2935              		.loc 1 1768 5 view .LVU1047
 2936 00ba 00E0     		b	.L206
 2937              	.LVL186:
 2938              	.L211:
1708:Drivers/STM32F1xx_HAL_Driver/Src/stm32f1xx_hal_spi.c ****     goto error;
 2939              		.loc 1 1708 15 is_stmt 0 view .LVU1048
 2940 00bc 0225     		movs	r5, #2
 2941              	.LVL187:
 2942              	.L206:
1786:Drivers/STM32F1xx_HAL_Driver/Src/stm32f1xx_hal_spi.c ****   return errorcode;
 2943              		.loc 1 1786 3 is_stmt 1 view .LVU1049
1786:Drivers/STM32F1xx_HAL_Driver/Src/stm32f1xx_hal_spi.c ****   return errorcode;
 2944              		.loc 1 1786 3 view .LVU1050
 2945 00be 0023     		movs	r3, #0
 2946 00c0 84F85030 		strb	r3, [r4, #80]
1786:Drivers/STM32F1xx_HAL_Driver/Src/stm32f1xx_hal_spi.c ****   return errorcode;
 2947              		.loc 1 1786 3 view .LVU1051
1787:Drivers/STM32F1xx_HAL_Driver/Src/stm32f1xx_hal_spi.c **** }
 2948              		.loc 1 1787 3 view .LVU1052
 2949              	.LVL188:
 2950              	.L205:
1788:Drivers/STM32F1xx_HAL_Driver/Src/stm32f1xx_hal_spi.c **** 
 2951              		.loc 1 1788 1 is_stmt 0 view .LVU1053
 2952 00c4 2846     		mov	r0, r5
 2953 00c6 38BD     		pop	{r3, r4, r5, pc}
 2954              	.LVL189:
 2955              	.L210:
1704:Drivers/STM32F1xx_HAL_Driver/Src/stm32f1xx_hal_spi.c **** 
ARM GAS  C:\Users\zhmis\AppData\Local\Temp\ccgFfHBP.s 			page 140


 2956              		.loc 1 1704 3 discriminator 1 view .LVU1054
 2957 00c8 0225     		movs	r5, #2
 2958 00ca FBE7     		b	.L205
 2959              	.L216:
 2960              		.align	2
 2961              	.L215:
 2962 00cc 00000000 		.word	SPI_DMAHalfTransmitCplt
 2963 00d0 00000000 		.word	SPI_DMATransmitCplt
 2964 00d4 00000000 		.word	SPI_DMAError
 2965              		.cfi_endproc
 2966              	.LFE75:
 2968              		.section	.text.HAL_SPI_TransmitReceive_DMA,"ax",%progbits
 2969              		.align	1
 2970              		.global	HAL_SPI_TransmitReceive_DMA
 2971              		.syntax unified
 2972              		.thumb
 2973              		.thumb_func
 2975              	HAL_SPI_TransmitReceive_DMA:
 2976              	.LVL190:
 2977              	.LFB77:
1916:Drivers/STM32F1xx_HAL_Driver/Src/stm32f1xx_hal_spi.c ****   uint32_t             tmp_mode;
 2978              		.loc 1 1916 1 is_stmt 1 view -0
 2979              		.cfi_startproc
 2980              		@ args = 0, pretend = 0, frame = 0
 2981              		@ frame_needed = 0, uses_anonymous_args = 0
1916:Drivers/STM32F1xx_HAL_Driver/Src/stm32f1xx_hal_spi.c ****   uint32_t             tmp_mode;
 2982              		.loc 1 1916 1 is_stmt 0 view .LVU1056
 2983 0000 38B5     		push	{r3, r4, r5, lr}
 2984              		.cfi_def_cfa_offset 16
 2985              		.cfi_offset 3, -16
 2986              		.cfi_offset 4, -12
 2987              		.cfi_offset 5, -8
 2988              		.cfi_offset 14, -4
 2989 0002 0446     		mov	r4, r0
1917:Drivers/STM32F1xx_HAL_Driver/Src/stm32f1xx_hal_spi.c ****   HAL_SPI_StateTypeDef tmp_state;
 2990              		.loc 1 1917 3 is_stmt 1 view .LVU1057
1918:Drivers/STM32F1xx_HAL_Driver/Src/stm32f1xx_hal_spi.c ****   HAL_StatusTypeDef errorcode = HAL_OK;
 2991              		.loc 1 1918 3 view .LVU1058
1919:Drivers/STM32F1xx_HAL_Driver/Src/stm32f1xx_hal_spi.c **** 
 2992              		.loc 1 1919 3 view .LVU1059
 2993              	.LVL191:
1922:Drivers/STM32F1xx_HAL_Driver/Src/stm32f1xx_hal_spi.c ****   assert_param(IS_SPI_DMA_HANDLE(hspi->hdmatx));
 2994              		.loc 1 1922 3 view .LVU1060
1923:Drivers/STM32F1xx_HAL_Driver/Src/stm32f1xx_hal_spi.c **** 
 2995              		.loc 1 1923 3 view .LVU1061
1926:Drivers/STM32F1xx_HAL_Driver/Src/stm32f1xx_hal_spi.c **** 
 2996              		.loc 1 1926 3 view .LVU1062
1929:Drivers/STM32F1xx_HAL_Driver/Src/stm32f1xx_hal_spi.c **** 
 2997              		.loc 1 1929 3 view .LVU1063
1929:Drivers/STM32F1xx_HAL_Driver/Src/stm32f1xx_hal_spi.c **** 
 2998              		.loc 1 1929 3 view .LVU1064
 2999 0004 90F85000 		ldrb	r0, [r0, #80]	@ zero_extendqisi2
 3000              	.LVL192:
1929:Drivers/STM32F1xx_HAL_Driver/Src/stm32f1xx_hal_spi.c **** 
 3001              		.loc 1 1929 3 is_stmt 0 view .LVU1065
 3002 0008 0128     		cmp	r0, #1
 3003 000a 00F09080 		beq	.L227
ARM GAS  C:\Users\zhmis\AppData\Local\Temp\ccgFfHBP.s 			page 141


1929:Drivers/STM32F1xx_HAL_Driver/Src/stm32f1xx_hal_spi.c **** 
 3004              		.loc 1 1929 3 is_stmt 1 discriminator 2 view .LVU1066
 3005 000e 0120     		movs	r0, #1
 3006 0010 84F85000 		strb	r0, [r4, #80]
1929:Drivers/STM32F1xx_HAL_Driver/Src/stm32f1xx_hal_spi.c **** 
 3007              		.loc 1 1929 3 discriminator 2 view .LVU1067
1932:Drivers/STM32F1xx_HAL_Driver/Src/stm32f1xx_hal_spi.c ****   tmp_mode            = hspi->Init.Mode;
 3008              		.loc 1 1932 3 view .LVU1068
1932:Drivers/STM32F1xx_HAL_Driver/Src/stm32f1xx_hal_spi.c ****   tmp_mode            = hspi->Init.Mode;
 3009              		.loc 1 1932 23 is_stmt 0 view .LVU1069
 3010 0014 94F85100 		ldrb	r0, [r4, #81]	@ zero_extendqisi2
 3011 0018 C0B2     		uxtb	r0, r0
 3012              	.LVL193:
1933:Drivers/STM32F1xx_HAL_Driver/Src/stm32f1xx_hal_spi.c **** 
 3013              		.loc 1 1933 3 is_stmt 1 view .LVU1070
1933:Drivers/STM32F1xx_HAL_Driver/Src/stm32f1xx_hal_spi.c **** 
 3014              		.loc 1 1933 23 is_stmt 0 view .LVU1071
 3015 001a 6568     		ldr	r5, [r4, #4]
 3016              	.LVL194:
1935:Drivers/STM32F1xx_HAL_Driver/Src/stm32f1xx_hal_spi.c ****         ((tmp_mode == SPI_MODE_MASTER) && (hspi->Init.Direction == SPI_DIRECTION_2LINES) && (tmp_st
 3017              		.loc 1 1935 3 is_stmt 1 view .LVU1072
1935:Drivers/STM32F1xx_HAL_Driver/Src/stm32f1xx_hal_spi.c ****         ((tmp_mode == SPI_MODE_MASTER) && (hspi->Init.Direction == SPI_DIRECTION_2LINES) && (tmp_st
 3018              		.loc 1 1935 6 is_stmt 0 view .LVU1073
 3019 001c 0128     		cmp	r0, #1
 3020 001e 07D0     		beq	.L219
1935:Drivers/STM32F1xx_HAL_Driver/Src/stm32f1xx_hal_spi.c ****         ((tmp_mode == SPI_MODE_MASTER) && (hspi->Init.Direction == SPI_DIRECTION_2LINES) && (tmp_st
 3021              		.loc 1 1935 7 discriminator 1 view .LVU1074
 3022 0020 B5F5827F 		cmp	r5, #260
 3023 0024 74D1     		bne	.L228
1936:Drivers/STM32F1xx_HAL_Driver/Src/stm32f1xx_hal_spi.c ****   {
 3024              		.loc 1 1936 54 view .LVU1075
 3025 0026 A568     		ldr	r5, [r4, #8]
 3026              	.LVL195:
1936:Drivers/STM32F1xx_HAL_Driver/Src/stm32f1xx_hal_spi.c ****   {
 3027              		.loc 1 1936 40 view .LVU1076
 3028 0028 002D     		cmp	r5, #0
 3029 002a 76D1     		bne	.L229
1936:Drivers/STM32F1xx_HAL_Driver/Src/stm32f1xx_hal_spi.c ****   {
 3030              		.loc 1 1936 90 discriminator 1 view .LVU1077
 3031 002c 0428     		cmp	r0, #4
 3032 002e 76D1     		bne	.L230
 3033              	.L219:
1942:Drivers/STM32F1xx_HAL_Driver/Src/stm32f1xx_hal_spi.c ****   {
 3034              		.loc 1 1942 3 is_stmt 1 view .LVU1078
1942:Drivers/STM32F1xx_HAL_Driver/Src/stm32f1xx_hal_spi.c ****   {
 3035              		.loc 1 1942 6 is_stmt 0 view .LVU1079
 3036 0030 0029     		cmp	r1, #0
 3037 0032 76D0     		beq	.L231
1942:Drivers/STM32F1xx_HAL_Driver/Src/stm32f1xx_hal_spi.c ****   {
 3038              		.loc 1 1942 25 discriminator 1 view .LVU1080
 3039 0034 002A     		cmp	r2, #0
 3040 0036 76D0     		beq	.L232
1942:Drivers/STM32F1xx_HAL_Driver/Src/stm32f1xx_hal_spi.c ****   {
 3041              		.loc 1 1942 46 discriminator 2 view .LVU1081
 3042 0038 002B     		cmp	r3, #0
 3043 003a 76D0     		beq	.L233
1949:Drivers/STM32F1xx_HAL_Driver/Src/stm32f1xx_hal_spi.c ****   {
ARM GAS  C:\Users\zhmis\AppData\Local\Temp\ccgFfHBP.s 			page 142


 3044              		.loc 1 1949 3 is_stmt 1 view .LVU1082
1949:Drivers/STM32F1xx_HAL_Driver/Src/stm32f1xx_hal_spi.c ****   {
 3045              		.loc 1 1949 11 is_stmt 0 view .LVU1083
 3046 003c 94F85100 		ldrb	r0, [r4, #81]	@ zero_extendqisi2
 3047              	.LVL196:
1949:Drivers/STM32F1xx_HAL_Driver/Src/stm32f1xx_hal_spi.c ****   {
 3048              		.loc 1 1949 11 view .LVU1084
 3049 0040 C0B2     		uxtb	r0, r0
1949:Drivers/STM32F1xx_HAL_Driver/Src/stm32f1xx_hal_spi.c ****   {
 3050              		.loc 1 1949 6 view .LVU1085
 3051 0042 0428     		cmp	r0, #4
 3052 0044 02D0     		beq	.L221
1951:Drivers/STM32F1xx_HAL_Driver/Src/stm32f1xx_hal_spi.c ****   }
 3053              		.loc 1 1951 5 is_stmt 1 view .LVU1086
1951:Drivers/STM32F1xx_HAL_Driver/Src/stm32f1xx_hal_spi.c ****   }
 3054              		.loc 1 1951 17 is_stmt 0 view .LVU1087
 3055 0046 0520     		movs	r0, #5
 3056 0048 84F85100 		strb	r0, [r4, #81]
 3057              	.L221:
1955:Drivers/STM32F1xx_HAL_Driver/Src/stm32f1xx_hal_spi.c ****   hspi->pTxBuffPtr  = (uint8_t *)pTxData;
 3058              		.loc 1 1955 3 is_stmt 1 view .LVU1088
1955:Drivers/STM32F1xx_HAL_Driver/Src/stm32f1xx_hal_spi.c ****   hspi->pTxBuffPtr  = (uint8_t *)pTxData;
 3059              		.loc 1 1955 21 is_stmt 0 view .LVU1089
 3060 004c 0020     		movs	r0, #0
 3061 004e 6065     		str	r0, [r4, #84]
1956:Drivers/STM32F1xx_HAL_Driver/Src/stm32f1xx_hal_spi.c ****   hspi->TxXferSize  = Size;
 3062              		.loc 1 1956 3 is_stmt 1 view .LVU1090
1956:Drivers/STM32F1xx_HAL_Driver/Src/stm32f1xx_hal_spi.c ****   hspi->TxXferSize  = Size;
 3063              		.loc 1 1956 21 is_stmt 0 view .LVU1091
 3064 0050 2163     		str	r1, [r4, #48]
1957:Drivers/STM32F1xx_HAL_Driver/Src/stm32f1xx_hal_spi.c ****   hspi->TxXferCount = Size;
 3065              		.loc 1 1957 3 is_stmt 1 view .LVU1092
1957:Drivers/STM32F1xx_HAL_Driver/Src/stm32f1xx_hal_spi.c ****   hspi->TxXferCount = Size;
 3066              		.loc 1 1957 21 is_stmt 0 view .LVU1093
 3067 0052 A386     		strh	r3, [r4, #52]	@ movhi
1958:Drivers/STM32F1xx_HAL_Driver/Src/stm32f1xx_hal_spi.c ****   hspi->pRxBuffPtr  = (uint8_t *)pRxData;
 3068              		.loc 1 1958 3 is_stmt 1 view .LVU1094
1958:Drivers/STM32F1xx_HAL_Driver/Src/stm32f1xx_hal_spi.c ****   hspi->pRxBuffPtr  = (uint8_t *)pRxData;
 3069              		.loc 1 1958 21 is_stmt 0 view .LVU1095
 3070 0054 E386     		strh	r3, [r4, #54]	@ movhi
1959:Drivers/STM32F1xx_HAL_Driver/Src/stm32f1xx_hal_spi.c ****   hspi->RxXferSize  = Size;
 3071              		.loc 1 1959 3 is_stmt 1 view .LVU1096
1959:Drivers/STM32F1xx_HAL_Driver/Src/stm32f1xx_hal_spi.c ****   hspi->RxXferSize  = Size;
 3072              		.loc 1 1959 21 is_stmt 0 view .LVU1097
 3073 0056 A263     		str	r2, [r4, #56]
1960:Drivers/STM32F1xx_HAL_Driver/Src/stm32f1xx_hal_spi.c ****   hspi->RxXferCount = Size;
 3074              		.loc 1 1960 3 is_stmt 1 view .LVU1098
1960:Drivers/STM32F1xx_HAL_Driver/Src/stm32f1xx_hal_spi.c ****   hspi->RxXferCount = Size;
 3075              		.loc 1 1960 21 is_stmt 0 view .LVU1099
 3076 0058 A387     		strh	r3, [r4, #60]	@ movhi
1961:Drivers/STM32F1xx_HAL_Driver/Src/stm32f1xx_hal_spi.c **** 
 3077              		.loc 1 1961 3 is_stmt 1 view .LVU1100
1961:Drivers/STM32F1xx_HAL_Driver/Src/stm32f1xx_hal_spi.c **** 
 3078              		.loc 1 1961 21 is_stmt 0 view .LVU1101
 3079 005a E387     		strh	r3, [r4, #62]	@ movhi
1964:Drivers/STM32F1xx_HAL_Driver/Src/stm32f1xx_hal_spi.c ****   hspi->TxISR       = NULL;
 3080              		.loc 1 1964 3 is_stmt 1 view .LVU1102
ARM GAS  C:\Users\zhmis\AppData\Local\Temp\ccgFfHBP.s 			page 143


1964:Drivers/STM32F1xx_HAL_Driver/Src/stm32f1xx_hal_spi.c ****   hspi->TxISR       = NULL;
 3081              		.loc 1 1964 21 is_stmt 0 view .LVU1103
 3082 005c 2064     		str	r0, [r4, #64]
1965:Drivers/STM32F1xx_HAL_Driver/Src/stm32f1xx_hal_spi.c **** 
 3083              		.loc 1 1965 3 is_stmt 1 view .LVU1104
1965:Drivers/STM32F1xx_HAL_Driver/Src/stm32f1xx_hal_spi.c **** 
 3084              		.loc 1 1965 21 is_stmt 0 view .LVU1105
 3085 005e 6064     		str	r0, [r4, #68]
1976:Drivers/STM32F1xx_HAL_Driver/Src/stm32f1xx_hal_spi.c ****   {
 3086              		.loc 1 1976 3 is_stmt 1 view .LVU1106
1976:Drivers/STM32F1xx_HAL_Driver/Src/stm32f1xx_hal_spi.c ****   {
 3087              		.loc 1 1976 11 is_stmt 0 view .LVU1107
 3088 0060 94F85130 		ldrb	r3, [r4, #81]	@ zero_extendqisi2
 3089              	.LVL197:
1976:Drivers/STM32F1xx_HAL_Driver/Src/stm32f1xx_hal_spi.c ****   {
 3090              		.loc 1 1976 11 view .LVU1108
 3091 0064 DBB2     		uxtb	r3, r3
1976:Drivers/STM32F1xx_HAL_Driver/Src/stm32f1xx_hal_spi.c ****   {
 3092              		.loc 1 1976 6 view .LVU1109
 3093 0066 042B     		cmp	r3, #4
 3094 0068 1AD0     		beq	.L235
1985:Drivers/STM32F1xx_HAL_Driver/Src/stm32f1xx_hal_spi.c ****     hspi->hdmarx->XferCpltCallback     = SPI_DMATransmitReceiveCplt;
 3095              		.loc 1 1985 5 is_stmt 1 view .LVU1110
1985:Drivers/STM32F1xx_HAL_Driver/Src/stm32f1xx_hal_spi.c ****     hspi->hdmarx->XferCpltCallback     = SPI_DMATransmitReceiveCplt;
 3096              		.loc 1 1985 9 is_stmt 0 view .LVU1111
 3097 006a E36C     		ldr	r3, [r4, #76]
1985:Drivers/STM32F1xx_HAL_Driver/Src/stm32f1xx_hal_spi.c ****     hspi->hdmarx->XferCpltCallback     = SPI_DMATransmitReceiveCplt;
 3098              		.loc 1 1985 40 view .LVU1112
 3099 006c 314A     		ldr	r2, .L237
 3100              	.LVL198:
1985:Drivers/STM32F1xx_HAL_Driver/Src/stm32f1xx_hal_spi.c ****     hspi->hdmarx->XferCpltCallback     = SPI_DMATransmitReceiveCplt;
 3101              		.loc 1 1985 40 view .LVU1113
 3102 006e DA62     		str	r2, [r3, #44]
 3103              	.LVL199:
1986:Drivers/STM32F1xx_HAL_Driver/Src/stm32f1xx_hal_spi.c ****   }
 3104              		.loc 1 1986 5 is_stmt 1 view .LVU1114
1986:Drivers/STM32F1xx_HAL_Driver/Src/stm32f1xx_hal_spi.c ****   }
 3105              		.loc 1 1986 9 is_stmt 0 view .LVU1115
 3106 0070 E36C     		ldr	r3, [r4, #76]
1986:Drivers/STM32F1xx_HAL_Driver/Src/stm32f1xx_hal_spi.c ****   }
 3107              		.loc 1 1986 40 view .LVU1116
 3108 0072 314A     		ldr	r2, .L237+4
 3109 0074 9A62     		str	r2, [r3, #40]
 3110              	.L223:
1990:Drivers/STM32F1xx_HAL_Driver/Src/stm32f1xx_hal_spi.c **** 
 3111              		.loc 1 1990 3 is_stmt 1 view .LVU1117
1990:Drivers/STM32F1xx_HAL_Driver/Src/stm32f1xx_hal_spi.c **** 
 3112              		.loc 1 1990 7 is_stmt 0 view .LVU1118
 3113 0076 E36C     		ldr	r3, [r4, #76]
1990:Drivers/STM32F1xx_HAL_Driver/Src/stm32f1xx_hal_spi.c **** 
 3114              		.loc 1 1990 35 view .LVU1119
 3115 0078 304A     		ldr	r2, .L237+8
 3116 007a 1A63     		str	r2, [r3, #48]
1993:Drivers/STM32F1xx_HAL_Driver/Src/stm32f1xx_hal_spi.c **** 
 3117              		.loc 1 1993 3 is_stmt 1 view .LVU1120
1993:Drivers/STM32F1xx_HAL_Driver/Src/stm32f1xx_hal_spi.c **** 
 3118              		.loc 1 1993 7 is_stmt 0 view .LVU1121
ARM GAS  C:\Users\zhmis\AppData\Local\Temp\ccgFfHBP.s 			page 144


 3119 007c E36C     		ldr	r3, [r4, #76]
1993:Drivers/STM32F1xx_HAL_Driver/Src/stm32f1xx_hal_spi.c **** 
 3120              		.loc 1 1993 35 view .LVU1122
 3121 007e 0022     		movs	r2, #0
 3122 0080 5A63     		str	r2, [r3, #52]
1996:Drivers/STM32F1xx_HAL_Driver/Src/stm32f1xx_hal_spi.c ****                                  hspi->RxXferCount))
 3123              		.loc 1 1996 3 is_stmt 1 view .LVU1123
1996:Drivers/STM32F1xx_HAL_Driver/Src/stm32f1xx_hal_spi.c ****                                  hspi->RxXferCount))
 3124              		.loc 1 1996 63 is_stmt 0 view .LVU1124
 3125 0082 2168     		ldr	r1, [r4]
 3126              	.LVL200:
1997:Drivers/STM32F1xx_HAL_Driver/Src/stm32f1xx_hal_spi.c ****   {
 3127              		.loc 1 1997 38 view .LVU1125
 3128 0084 E38F     		ldrh	r3, [r4, #62]
1996:Drivers/STM32F1xx_HAL_Driver/Src/stm32f1xx_hal_spi.c ****                                  hspi->RxXferCount))
 3129              		.loc 1 1996 17 view .LVU1126
 3130 0086 9BB2     		uxth	r3, r3
 3131 0088 A26B     		ldr	r2, [r4, #56]
 3132 008a 0C31     		adds	r1, r1, #12
 3133 008c E06C     		ldr	r0, [r4, #76]
 3134 008e FFF7FEFF 		bl	HAL_DMA_Start_IT
 3135              	.LVL201:
1996:Drivers/STM32F1xx_HAL_Driver/Src/stm32f1xx_hal_spi.c ****                                  hspi->RxXferCount))
 3136              		.loc 1 1996 6 discriminator 1 view .LVU1127
 3137 0092 60B1     		cbz	r0, .L224
2000:Drivers/STM32F1xx_HAL_Driver/Src/stm32f1xx_hal_spi.c ****     errorcode = HAL_ERROR;
 3138              		.loc 1 2000 5 is_stmt 1 view .LVU1128
 3139 0094 636D     		ldr	r3, [r4, #84]
 3140 0096 43F01003 		orr	r3, r3, #16
 3141 009a 6365     		str	r3, [r4, #84]
2001:Drivers/STM32F1xx_HAL_Driver/Src/stm32f1xx_hal_spi.c **** 
 3142              		.loc 1 2001 5 view .LVU1129
 3143              	.LVL202:
2003:Drivers/STM32F1xx_HAL_Driver/Src/stm32f1xx_hal_spi.c ****   }
 3144              		.loc 1 2003 5 view .LVU1130
2001:Drivers/STM32F1xx_HAL_Driver/Src/stm32f1xx_hal_spi.c **** 
 3145              		.loc 1 2001 15 is_stmt 0 view .LVU1131
 3146 009c 0120     		movs	r0, #1
2003:Drivers/STM32F1xx_HAL_Driver/Src/stm32f1xx_hal_spi.c ****   }
 3147              		.loc 1 2003 5 view .LVU1132
 3148 009e 38E0     		b	.L220
 3149              	.LVL203:
 3150              	.L235:
1979:Drivers/STM32F1xx_HAL_Driver/Src/stm32f1xx_hal_spi.c ****     hspi->hdmarx->XferCpltCallback     = SPI_DMAReceiveCplt;
 3151              		.loc 1 1979 5 is_stmt 1 view .LVU1133
1979:Drivers/STM32F1xx_HAL_Driver/Src/stm32f1xx_hal_spi.c ****     hspi->hdmarx->XferCpltCallback     = SPI_DMAReceiveCplt;
 3152              		.loc 1 1979 9 is_stmt 0 view .LVU1134
 3153 00a0 E36C     		ldr	r3, [r4, #76]
1979:Drivers/STM32F1xx_HAL_Driver/Src/stm32f1xx_hal_spi.c ****     hspi->hdmarx->XferCpltCallback     = SPI_DMAReceiveCplt;
 3154              		.loc 1 1979 40 view .LVU1135
 3155 00a2 274A     		ldr	r2, .L237+12
 3156              	.LVL204:
1979:Drivers/STM32F1xx_HAL_Driver/Src/stm32f1xx_hal_spi.c ****     hspi->hdmarx->XferCpltCallback     = SPI_DMAReceiveCplt;
 3157              		.loc 1 1979 40 view .LVU1136
 3158 00a4 DA62     		str	r2, [r3, #44]
 3159              	.LVL205:
1980:Drivers/STM32F1xx_HAL_Driver/Src/stm32f1xx_hal_spi.c ****   }
ARM GAS  C:\Users\zhmis\AppData\Local\Temp\ccgFfHBP.s 			page 145


 3160              		.loc 1 1980 5 is_stmt 1 view .LVU1137
1980:Drivers/STM32F1xx_HAL_Driver/Src/stm32f1xx_hal_spi.c ****   }
 3161              		.loc 1 1980 9 is_stmt 0 view .LVU1138
 3162 00a6 E36C     		ldr	r3, [r4, #76]
1980:Drivers/STM32F1xx_HAL_Driver/Src/stm32f1xx_hal_spi.c ****   }
 3163              		.loc 1 1980 40 view .LVU1139
 3164 00a8 264A     		ldr	r2, .L237+16
 3165 00aa 9A62     		str	r2, [r3, #40]
 3166 00ac E3E7     		b	.L223
 3167              	.LVL206:
 3168              	.L224:
2007:Drivers/STM32F1xx_HAL_Driver/Src/stm32f1xx_hal_spi.c **** 
 3169              		.loc 1 2007 3 is_stmt 1 view .LVU1140
 3170 00ae 2268     		ldr	r2, [r4]
 3171 00b0 5368     		ldr	r3, [r2, #4]
 3172 00b2 43F00103 		orr	r3, r3, #1
 3173 00b6 5360     		str	r3, [r2, #4]
2011:Drivers/STM32F1xx_HAL_Driver/Src/stm32f1xx_hal_spi.c ****   hspi->hdmatx->XferCpltCallback     = NULL;
 3174              		.loc 1 2011 3 view .LVU1141
2011:Drivers/STM32F1xx_HAL_Driver/Src/stm32f1xx_hal_spi.c ****   hspi->hdmatx->XferCpltCallback     = NULL;
 3175              		.loc 1 2011 7 is_stmt 0 view .LVU1142
 3176 00b8 A26C     		ldr	r2, [r4, #72]
2011:Drivers/STM32F1xx_HAL_Driver/Src/stm32f1xx_hal_spi.c ****   hspi->hdmatx->XferCpltCallback     = NULL;
 3177              		.loc 1 2011 38 view .LVU1143
 3178 00ba 0023     		movs	r3, #0
 3179 00bc D362     		str	r3, [r2, #44]
2012:Drivers/STM32F1xx_HAL_Driver/Src/stm32f1xx_hal_spi.c ****   hspi->hdmatx->XferErrorCallback    = NULL;
 3180              		.loc 1 2012 3 is_stmt 1 view .LVU1144
2012:Drivers/STM32F1xx_HAL_Driver/Src/stm32f1xx_hal_spi.c ****   hspi->hdmatx->XferErrorCallback    = NULL;
 3181              		.loc 1 2012 7 is_stmt 0 view .LVU1145
 3182 00be A26C     		ldr	r2, [r4, #72]
2012:Drivers/STM32F1xx_HAL_Driver/Src/stm32f1xx_hal_spi.c ****   hspi->hdmatx->XferErrorCallback    = NULL;
 3183              		.loc 1 2012 38 view .LVU1146
 3184 00c0 9362     		str	r3, [r2, #40]
2013:Drivers/STM32F1xx_HAL_Driver/Src/stm32f1xx_hal_spi.c ****   hspi->hdmatx->XferAbortCallback    = NULL;
 3185              		.loc 1 2013 3 is_stmt 1 view .LVU1147
2013:Drivers/STM32F1xx_HAL_Driver/Src/stm32f1xx_hal_spi.c ****   hspi->hdmatx->XferAbortCallback    = NULL;
 3186              		.loc 1 2013 7 is_stmt 0 view .LVU1148
 3187 00c2 A26C     		ldr	r2, [r4, #72]
2013:Drivers/STM32F1xx_HAL_Driver/Src/stm32f1xx_hal_spi.c ****   hspi->hdmatx->XferAbortCallback    = NULL;
 3188              		.loc 1 2013 38 view .LVU1149
 3189 00c4 1363     		str	r3, [r2, #48]
2014:Drivers/STM32F1xx_HAL_Driver/Src/stm32f1xx_hal_spi.c **** 
 3190              		.loc 1 2014 3 is_stmt 1 view .LVU1150
2014:Drivers/STM32F1xx_HAL_Driver/Src/stm32f1xx_hal_spi.c **** 
 3191              		.loc 1 2014 7 is_stmt 0 view .LVU1151
 3192 00c6 A26C     		ldr	r2, [r4, #72]
2014:Drivers/STM32F1xx_HAL_Driver/Src/stm32f1xx_hal_spi.c **** 
 3193              		.loc 1 2014 38 view .LVU1152
 3194 00c8 5363     		str	r3, [r2, #52]
2017:Drivers/STM32F1xx_HAL_Driver/Src/stm32f1xx_hal_spi.c ****                                  hspi->TxXferCount))
 3195              		.loc 1 2017 3 is_stmt 1 view .LVU1153
2017:Drivers/STM32F1xx_HAL_Driver/Src/stm32f1xx_hal_spi.c ****                                  hspi->TxXferCount))
 3196              		.loc 1 2017 91 is_stmt 0 view .LVU1154
 3197 00ca 2268     		ldr	r2, [r4]
2018:Drivers/STM32F1xx_HAL_Driver/Src/stm32f1xx_hal_spi.c ****   {
 3198              		.loc 1 2018 38 view .LVU1155
ARM GAS  C:\Users\zhmis\AppData\Local\Temp\ccgFfHBP.s 			page 146


 3199 00cc E38E     		ldrh	r3, [r4, #54]
2017:Drivers/STM32F1xx_HAL_Driver/Src/stm32f1xx_hal_spi.c ****                                  hspi->TxXferCount))
 3200              		.loc 1 2017 17 view .LVU1156
 3201 00ce 9BB2     		uxth	r3, r3
 3202 00d0 0C32     		adds	r2, r2, #12
 3203 00d2 216B     		ldr	r1, [r4, #48]
 3204 00d4 A06C     		ldr	r0, [r4, #72]
 3205 00d6 FFF7FEFF 		bl	HAL_DMA_Start_IT
 3206              	.LVL207:
2017:Drivers/STM32F1xx_HAL_Driver/Src/stm32f1xx_hal_spi.c ****                                  hspi->TxXferCount))
 3207              		.loc 1 2017 6 discriminator 1 view .LVU1157
 3208 00da 98B9     		cbnz	r0, .L236
2028:Drivers/STM32F1xx_HAL_Driver/Src/stm32f1xx_hal_spi.c ****   {
 3209              		.loc 1 2028 3 is_stmt 1 view .LVU1158
2028:Drivers/STM32F1xx_HAL_Driver/Src/stm32f1xx_hal_spi.c ****   {
 3210              		.loc 1 2028 12 is_stmt 0 view .LVU1159
 3211 00dc 2368     		ldr	r3, [r4]
2028:Drivers/STM32F1xx_HAL_Driver/Src/stm32f1xx_hal_spi.c ****   {
 3212              		.loc 1 2028 22 view .LVU1160
 3213 00de 1A68     		ldr	r2, [r3]
2028:Drivers/STM32F1xx_HAL_Driver/Src/stm32f1xx_hal_spi.c ****   {
 3214              		.loc 1 2028 6 view .LVU1161
 3215 00e0 12F0400F 		tst	r2, #64
 3216 00e4 03D1     		bne	.L226
2031:Drivers/STM32F1xx_HAL_Driver/Src/stm32f1xx_hal_spi.c ****   }
 3217              		.loc 1 2031 5 is_stmt 1 view .LVU1162
 3218 00e6 1A68     		ldr	r2, [r3]
 3219 00e8 42F04002 		orr	r2, r2, #64
 3220 00ec 1A60     		str	r2, [r3]
 3221              	.L226:
2034:Drivers/STM32F1xx_HAL_Driver/Src/stm32f1xx_hal_spi.c **** 
 3222              		.loc 1 2034 3 view .LVU1163
 3223 00ee 2268     		ldr	r2, [r4]
 3224 00f0 5368     		ldr	r3, [r2, #4]
 3225 00f2 43F02003 		orr	r3, r3, #32
 3226 00f6 5360     		str	r3, [r2, #4]
2037:Drivers/STM32F1xx_HAL_Driver/Src/stm32f1xx_hal_spi.c **** 
 3227              		.loc 1 2037 3 view .LVU1164
 3228 00f8 2268     		ldr	r2, [r4]
 3229 00fa 5368     		ldr	r3, [r2, #4]
 3230 00fc 43F00203 		orr	r3, r3, #2
 3231 0100 5360     		str	r3, [r2, #4]
 3232 0102 06E0     		b	.L220
 3233              	.L236:
2021:Drivers/STM32F1xx_HAL_Driver/Src/stm32f1xx_hal_spi.c ****     errorcode = HAL_ERROR;
 3234              		.loc 1 2021 5 view .LVU1165
 3235 0104 636D     		ldr	r3, [r4, #84]
 3236 0106 43F01003 		orr	r3, r3, #16
 3237 010a 6365     		str	r3, [r4, #84]
2022:Drivers/STM32F1xx_HAL_Driver/Src/stm32f1xx_hal_spi.c **** 
 3238              		.loc 1 2022 5 view .LVU1166
 3239              	.LVL208:
2024:Drivers/STM32F1xx_HAL_Driver/Src/stm32f1xx_hal_spi.c ****   }
 3240              		.loc 1 2024 5 view .LVU1167
2022:Drivers/STM32F1xx_HAL_Driver/Src/stm32f1xx_hal_spi.c **** 
 3241              		.loc 1 2022 15 is_stmt 0 view .LVU1168
 3242 010c 0120     		movs	r0, #1
ARM GAS  C:\Users\zhmis\AppData\Local\Temp\ccgFfHBP.s 			page 147


2024:Drivers/STM32F1xx_HAL_Driver/Src/stm32f1xx_hal_spi.c ****   }
 3243              		.loc 1 2024 5 view .LVU1169
 3244 010e 00E0     		b	.L220
 3245              	.LVL209:
 3246              	.L228:
1938:Drivers/STM32F1xx_HAL_Driver/Src/stm32f1xx_hal_spi.c ****     goto error;
 3247              		.loc 1 1938 15 view .LVU1170
 3248 0110 0220     		movs	r0, #2
 3249              	.LVL210:
 3250              	.L220:
2041:Drivers/STM32F1xx_HAL_Driver/Src/stm32f1xx_hal_spi.c ****   return errorcode;
 3251              		.loc 1 2041 3 is_stmt 1 view .LVU1171
2041:Drivers/STM32F1xx_HAL_Driver/Src/stm32f1xx_hal_spi.c ****   return errorcode;
 3252              		.loc 1 2041 3 view .LVU1172
 3253 0112 0023     		movs	r3, #0
 3254 0114 84F85030 		strb	r3, [r4, #80]
2041:Drivers/STM32F1xx_HAL_Driver/Src/stm32f1xx_hal_spi.c ****   return errorcode;
 3255              		.loc 1 2041 3 view .LVU1173
2042:Drivers/STM32F1xx_HAL_Driver/Src/stm32f1xx_hal_spi.c **** }
 3256              		.loc 1 2042 3 view .LVU1174
 3257              	.LVL211:
 3258              	.L218:
2043:Drivers/STM32F1xx_HAL_Driver/Src/stm32f1xx_hal_spi.c **** 
 3259              		.loc 1 2043 1 is_stmt 0 view .LVU1175
 3260 0118 38BD     		pop	{r3, r4, r5, pc}
 3261              	.LVL212:
 3262              	.L229:
1938:Drivers/STM32F1xx_HAL_Driver/Src/stm32f1xx_hal_spi.c ****     goto error;
 3263              		.loc 1 1938 15 view .LVU1176
 3264 011a 0220     		movs	r0, #2
 3265              	.LVL213:
1938:Drivers/STM32F1xx_HAL_Driver/Src/stm32f1xx_hal_spi.c ****     goto error;
 3266              		.loc 1 1938 15 view .LVU1177
 3267 011c F9E7     		b	.L220
 3268              	.LVL214:
 3269              	.L230:
1938:Drivers/STM32F1xx_HAL_Driver/Src/stm32f1xx_hal_spi.c ****     goto error;
 3270              		.loc 1 1938 15 view .LVU1178
 3271 011e 0220     		movs	r0, #2
 3272              	.LVL215:
1938:Drivers/STM32F1xx_HAL_Driver/Src/stm32f1xx_hal_spi.c ****     goto error;
 3273              		.loc 1 1938 15 view .LVU1179
 3274 0120 F7E7     		b	.L220
 3275              	.LVL216:
 3276              	.L231:
1944:Drivers/STM32F1xx_HAL_Driver/Src/stm32f1xx_hal_spi.c ****     goto error;
 3277              		.loc 1 1944 15 view .LVU1180
 3278 0122 0120     		movs	r0, #1
 3279              	.LVL217:
1944:Drivers/STM32F1xx_HAL_Driver/Src/stm32f1xx_hal_spi.c ****     goto error;
 3280              		.loc 1 1944 15 view .LVU1181
 3281 0124 F5E7     		b	.L220
 3282              	.LVL218:
 3283              	.L232:
1944:Drivers/STM32F1xx_HAL_Driver/Src/stm32f1xx_hal_spi.c ****     goto error;
 3284              		.loc 1 1944 15 view .LVU1182
 3285 0126 0120     		movs	r0, #1
ARM GAS  C:\Users\zhmis\AppData\Local\Temp\ccgFfHBP.s 			page 148


 3286              	.LVL219:
1944:Drivers/STM32F1xx_HAL_Driver/Src/stm32f1xx_hal_spi.c ****     goto error;
 3287              		.loc 1 1944 15 view .LVU1183
 3288 0128 F3E7     		b	.L220
 3289              	.LVL220:
 3290              	.L233:
1944:Drivers/STM32F1xx_HAL_Driver/Src/stm32f1xx_hal_spi.c ****     goto error;
 3291              		.loc 1 1944 15 view .LVU1184
 3292 012a 0120     		movs	r0, #1
 3293              	.LVL221:
1944:Drivers/STM32F1xx_HAL_Driver/Src/stm32f1xx_hal_spi.c ****     goto error;
 3294              		.loc 1 1944 15 view .LVU1185
 3295 012c F1E7     		b	.L220
 3296              	.LVL222:
 3297              	.L227:
1929:Drivers/STM32F1xx_HAL_Driver/Src/stm32f1xx_hal_spi.c **** 
 3298              		.loc 1 1929 3 discriminator 1 view .LVU1186
 3299 012e 0220     		movs	r0, #2
 3300 0130 F2E7     		b	.L218
 3301              	.L238:
 3302 0132 00BF     		.align	2
 3303              	.L237:
 3304 0134 00000000 		.word	SPI_DMAHalfTransmitReceiveCplt
 3305 0138 00000000 		.word	SPI_DMATransmitReceiveCplt
 3306 013c 00000000 		.word	SPI_DMAError
 3307 0140 00000000 		.word	SPI_DMAHalfReceiveCplt
 3308 0144 00000000 		.word	SPI_DMAReceiveCplt
 3309              		.cfi_endproc
 3310              	.LFE77:
 3312              		.section	.text.HAL_SPI_Receive_DMA,"ax",%progbits
 3313              		.align	1
 3314              		.global	HAL_SPI_Receive_DMA
 3315              		.syntax unified
 3316              		.thumb
 3317              		.thumb_func
 3319              	HAL_SPI_Receive_DMA:
 3320              	.LVL223:
 3321              	.LFB76:
1801:Drivers/STM32F1xx_HAL_Driver/Src/stm32f1xx_hal_spi.c ****   HAL_StatusTypeDef errorcode = HAL_OK;
 3322              		.loc 1 1801 1 is_stmt 1 view -0
 3323              		.cfi_startproc
 3324              		@ args = 0, pretend = 0, frame = 0
 3325              		@ frame_needed = 0, uses_anonymous_args = 0
1801:Drivers/STM32F1xx_HAL_Driver/Src/stm32f1xx_hal_spi.c ****   HAL_StatusTypeDef errorcode = HAL_OK;
 3326              		.loc 1 1801 1 is_stmt 0 view .LVU1188
 3327 0000 38B5     		push	{r3, r4, r5, lr}
 3328              		.cfi_def_cfa_offset 16
 3329              		.cfi_offset 3, -16
 3330              		.cfi_offset 4, -12
 3331              		.cfi_offset 5, -8
 3332              		.cfi_offset 14, -4
 3333 0002 0446     		mov	r4, r0
1802:Drivers/STM32F1xx_HAL_Driver/Src/stm32f1xx_hal_spi.c **** 
 3334              		.loc 1 1802 3 is_stmt 1 view .LVU1189
 3335              	.LVL224:
1805:Drivers/STM32F1xx_HAL_Driver/Src/stm32f1xx_hal_spi.c ****   
 3336              		.loc 1 1805 3 view .LVU1190
ARM GAS  C:\Users\zhmis\AppData\Local\Temp\ccgFfHBP.s 			page 149


1807:Drivers/STM32F1xx_HAL_Driver/Src/stm32f1xx_hal_spi.c ****   {
 3337              		.loc 1 1807 3 view .LVU1191
1807:Drivers/STM32F1xx_HAL_Driver/Src/stm32f1xx_hal_spi.c ****   {
 3338              		.loc 1 1807 11 is_stmt 0 view .LVU1192
 3339 0004 90F85150 		ldrb	r5, [r0, #81]	@ zero_extendqisi2
 3340 0008 EDB2     		uxtb	r5, r5
1807:Drivers/STM32F1xx_HAL_Driver/Src/stm32f1xx_hal_spi.c ****   {
 3341              		.loc 1 1807 6 view .LVU1193
 3342 000a 012D     		cmp	r5, #1
 3343 000c 64D1     		bne	.L246
1813:Drivers/STM32F1xx_HAL_Driver/Src/stm32f1xx_hal_spi.c ****   {
 3344              		.loc 1 1813 3 is_stmt 1 view .LVU1194
1813:Drivers/STM32F1xx_HAL_Driver/Src/stm32f1xx_hal_spi.c ****   {
 3345              		.loc 1 1813 18 is_stmt 0 view .LVU1195
 3346 000e 8068     		ldr	r0, [r0, #8]
 3347              	.LVL225:
1813:Drivers/STM32F1xx_HAL_Driver/Src/stm32f1xx_hal_spi.c ****   {
 3348              		.loc 1 1813 6 view .LVU1196
 3349 0010 18B9     		cbnz	r0, .L241
1813:Drivers/STM32F1xx_HAL_Driver/Src/stm32f1xx_hal_spi.c ****   {
 3350              		.loc 1 1813 68 discriminator 1 view .LVU1197
 3351 0012 6368     		ldr	r3, [r4, #4]
1813:Drivers/STM32F1xx_HAL_Driver/Src/stm32f1xx_hal_spi.c ****   {
 3352              		.loc 1 1813 54 discriminator 1 view .LVU1198
 3353 0014 B3F5827F 		cmp	r3, #260
 3354 0018 44D0     		beq	.L249
 3355              	.L241:
1825:Drivers/STM32F1xx_HAL_Driver/Src/stm32f1xx_hal_spi.c **** 
 3356              		.loc 1 1825 3 is_stmt 1 view .LVU1199
1825:Drivers/STM32F1xx_HAL_Driver/Src/stm32f1xx_hal_spi.c **** 
 3357              		.loc 1 1825 3 view .LVU1200
 3358 001a 94F85030 		ldrb	r3, [r4, #80]	@ zero_extendqisi2
 3359 001e 012B     		cmp	r3, #1
 3360 0020 60D0     		beq	.L247
1825:Drivers/STM32F1xx_HAL_Driver/Src/stm32f1xx_hal_spi.c **** 
 3361              		.loc 1 1825 3 discriminator 2 view .LVU1201
 3362 0022 0123     		movs	r3, #1
 3363 0024 84F85030 		strb	r3, [r4, #80]
1825:Drivers/STM32F1xx_HAL_Driver/Src/stm32f1xx_hal_spi.c **** 
 3364              		.loc 1 1825 3 discriminator 2 view .LVU1202
1827:Drivers/STM32F1xx_HAL_Driver/Src/stm32f1xx_hal_spi.c ****   {
 3365              		.loc 1 1827 3 view .LVU1203
1827:Drivers/STM32F1xx_HAL_Driver/Src/stm32f1xx_hal_spi.c ****   {
 3366              		.loc 1 1827 6 is_stmt 0 view .LVU1204
 3367 0028 0029     		cmp	r1, #0
 3368 002a 56D0     		beq	.L240
1827:Drivers/STM32F1xx_HAL_Driver/Src/stm32f1xx_hal_spi.c ****   {
 3369              		.loc 1 1827 23 discriminator 1 view .LVU1205
 3370 002c 002A     		cmp	r2, #0
 3371 002e 54D0     		beq	.L240
1834:Drivers/STM32F1xx_HAL_Driver/Src/stm32f1xx_hal_spi.c ****   hspi->ErrorCode   = HAL_SPI_ERROR_NONE;
 3372              		.loc 1 1834 3 is_stmt 1 view .LVU1206
1834:Drivers/STM32F1xx_HAL_Driver/Src/stm32f1xx_hal_spi.c ****   hspi->ErrorCode   = HAL_SPI_ERROR_NONE;
 3373              		.loc 1 1834 21 is_stmt 0 view .LVU1207
 3374 0030 0423     		movs	r3, #4
 3375 0032 84F85130 		strb	r3, [r4, #81]
1835:Drivers/STM32F1xx_HAL_Driver/Src/stm32f1xx_hal_spi.c ****   hspi->pRxBuffPtr  = (uint8_t *)pData;
ARM GAS  C:\Users\zhmis\AppData\Local\Temp\ccgFfHBP.s 			page 150


 3376              		.loc 1 1835 3 is_stmt 1 view .LVU1208
1835:Drivers/STM32F1xx_HAL_Driver/Src/stm32f1xx_hal_spi.c ****   hspi->pRxBuffPtr  = (uint8_t *)pData;
 3377              		.loc 1 1835 21 is_stmt 0 view .LVU1209
 3378 0036 0023     		movs	r3, #0
 3379 0038 6365     		str	r3, [r4, #84]
1836:Drivers/STM32F1xx_HAL_Driver/Src/stm32f1xx_hal_spi.c ****   hspi->RxXferSize  = Size;
 3380              		.loc 1 1836 3 is_stmt 1 view .LVU1210
1836:Drivers/STM32F1xx_HAL_Driver/Src/stm32f1xx_hal_spi.c ****   hspi->RxXferSize  = Size;
 3381              		.loc 1 1836 21 is_stmt 0 view .LVU1211
 3382 003a A163     		str	r1, [r4, #56]
1837:Drivers/STM32F1xx_HAL_Driver/Src/stm32f1xx_hal_spi.c ****   hspi->RxXferCount = Size;
 3383              		.loc 1 1837 3 is_stmt 1 view .LVU1212
1837:Drivers/STM32F1xx_HAL_Driver/Src/stm32f1xx_hal_spi.c ****   hspi->RxXferCount = Size;
 3384              		.loc 1 1837 21 is_stmt 0 view .LVU1213
 3385 003c A287     		strh	r2, [r4, #60]	@ movhi
1838:Drivers/STM32F1xx_HAL_Driver/Src/stm32f1xx_hal_spi.c **** 
 3386              		.loc 1 1838 3 is_stmt 1 view .LVU1214
1838:Drivers/STM32F1xx_HAL_Driver/Src/stm32f1xx_hal_spi.c **** 
 3387              		.loc 1 1838 21 is_stmt 0 view .LVU1215
 3388 003e E287     		strh	r2, [r4, #62]	@ movhi
1841:Drivers/STM32F1xx_HAL_Driver/Src/stm32f1xx_hal_spi.c ****   hspi->TxISR       = NULL;
 3389              		.loc 1 1841 3 is_stmt 1 view .LVU1216
1841:Drivers/STM32F1xx_HAL_Driver/Src/stm32f1xx_hal_spi.c ****   hspi->TxISR       = NULL;
 3390              		.loc 1 1841 21 is_stmt 0 view .LVU1217
 3391 0040 2364     		str	r3, [r4, #64]
1842:Drivers/STM32F1xx_HAL_Driver/Src/stm32f1xx_hal_spi.c ****   hspi->TxXferSize  = 0U;
 3392              		.loc 1 1842 3 is_stmt 1 view .LVU1218
1842:Drivers/STM32F1xx_HAL_Driver/Src/stm32f1xx_hal_spi.c ****   hspi->TxXferSize  = 0U;
 3393              		.loc 1 1842 21 is_stmt 0 view .LVU1219
 3394 0042 6364     		str	r3, [r4, #68]
1843:Drivers/STM32F1xx_HAL_Driver/Src/stm32f1xx_hal_spi.c ****   hspi->TxXferCount = 0U;
 3395              		.loc 1 1843 3 is_stmt 1 view .LVU1220
1843:Drivers/STM32F1xx_HAL_Driver/Src/stm32f1xx_hal_spi.c ****   hspi->TxXferCount = 0U;
 3396              		.loc 1 1843 21 is_stmt 0 view .LVU1221
 3397 0044 A386     		strh	r3, [r4, #52]	@ movhi
1844:Drivers/STM32F1xx_HAL_Driver/Src/stm32f1xx_hal_spi.c **** 
 3398              		.loc 1 1844 3 is_stmt 1 view .LVU1222
1844:Drivers/STM32F1xx_HAL_Driver/Src/stm32f1xx_hal_spi.c **** 
 3399              		.loc 1 1844 21 is_stmt 0 view .LVU1223
 3400 0046 E386     		strh	r3, [r4, #54]	@ movhi
1847:Drivers/STM32F1xx_HAL_Driver/Src/stm32f1xx_hal_spi.c ****   {
 3401              		.loc 1 1847 3 is_stmt 1 view .LVU1224
1847:Drivers/STM32F1xx_HAL_Driver/Src/stm32f1xx_hal_spi.c ****   {
 3402              		.loc 1 1847 6 is_stmt 0 view .LVU1225
 3403 0048 B0F5004F 		cmp	r0, #32768
 3404 004c 34D0     		beq	.L250
 3405              	.LVL226:
 3406              	.L243:
1863:Drivers/STM32F1xx_HAL_Driver/Src/stm32f1xx_hal_spi.c **** 
 3407              		.loc 1 1863 3 is_stmt 1 view .LVU1226
1863:Drivers/STM32F1xx_HAL_Driver/Src/stm32f1xx_hal_spi.c **** 
 3408              		.loc 1 1863 7 is_stmt 0 view .LVU1227
 3409 004e E36C     		ldr	r3, [r4, #76]
1863:Drivers/STM32F1xx_HAL_Driver/Src/stm32f1xx_hal_spi.c **** 
 3410              		.loc 1 1863 38 view .LVU1228
 3411 0050 254A     		ldr	r2, .L252
 3412 0052 DA62     		str	r2, [r3, #44]
ARM GAS  C:\Users\zhmis\AppData\Local\Temp\ccgFfHBP.s 			page 151


1866:Drivers/STM32F1xx_HAL_Driver/Src/stm32f1xx_hal_spi.c **** 
 3413              		.loc 1 1866 3 is_stmt 1 view .LVU1229
1866:Drivers/STM32F1xx_HAL_Driver/Src/stm32f1xx_hal_spi.c **** 
 3414              		.loc 1 1866 7 is_stmt 0 view .LVU1230
 3415 0054 E36C     		ldr	r3, [r4, #76]
1866:Drivers/STM32F1xx_HAL_Driver/Src/stm32f1xx_hal_spi.c **** 
 3416              		.loc 1 1866 34 view .LVU1231
 3417 0056 254A     		ldr	r2, .L252+4
 3418 0058 9A62     		str	r2, [r3, #40]
1869:Drivers/STM32F1xx_HAL_Driver/Src/stm32f1xx_hal_spi.c **** 
 3419              		.loc 1 1869 3 is_stmt 1 view .LVU1232
1869:Drivers/STM32F1xx_HAL_Driver/Src/stm32f1xx_hal_spi.c **** 
 3420              		.loc 1 1869 7 is_stmt 0 view .LVU1233
 3421 005a E36C     		ldr	r3, [r4, #76]
1869:Drivers/STM32F1xx_HAL_Driver/Src/stm32f1xx_hal_spi.c **** 
 3422              		.loc 1 1869 35 view .LVU1234
 3423 005c 244A     		ldr	r2, .L252+8
 3424 005e 1A63     		str	r2, [r3, #48]
1872:Drivers/STM32F1xx_HAL_Driver/Src/stm32f1xx_hal_spi.c **** 
 3425              		.loc 1 1872 3 is_stmt 1 view .LVU1235
1872:Drivers/STM32F1xx_HAL_Driver/Src/stm32f1xx_hal_spi.c **** 
 3426              		.loc 1 1872 7 is_stmt 0 view .LVU1236
 3427 0060 E36C     		ldr	r3, [r4, #76]
1872:Drivers/STM32F1xx_HAL_Driver/Src/stm32f1xx_hal_spi.c **** 
 3428              		.loc 1 1872 35 view .LVU1237
 3429 0062 0022     		movs	r2, #0
 3430 0064 5A63     		str	r2, [r3, #52]
1875:Drivers/STM32F1xx_HAL_Driver/Src/stm32f1xx_hal_spi.c ****                                  hspi->RxXferCount))
 3431              		.loc 1 1875 3 is_stmt 1 view .LVU1238
1875:Drivers/STM32F1xx_HAL_Driver/Src/stm32f1xx_hal_spi.c ****                                  hspi->RxXferCount))
 3432              		.loc 1 1875 63 is_stmt 0 view .LVU1239
 3433 0066 2168     		ldr	r1, [r4]
 3434              	.LVL227:
1876:Drivers/STM32F1xx_HAL_Driver/Src/stm32f1xx_hal_spi.c ****   {
 3435              		.loc 1 1876 38 view .LVU1240
 3436 0068 E38F     		ldrh	r3, [r4, #62]
1875:Drivers/STM32F1xx_HAL_Driver/Src/stm32f1xx_hal_spi.c ****                                  hspi->RxXferCount))
 3437              		.loc 1 1875 17 view .LVU1241
 3438 006a 9BB2     		uxth	r3, r3
 3439 006c A26B     		ldr	r2, [r4, #56]
 3440 006e 0C31     		adds	r1, r1, #12
 3441 0070 E06C     		ldr	r0, [r4, #76]
 3442 0072 FFF7FEFF 		bl	HAL_DMA_Start_IT
 3443              	.LVL228:
1875:Drivers/STM32F1xx_HAL_Driver/Src/stm32f1xx_hal_spi.c ****                                  hspi->RxXferCount))
 3444              		.loc 1 1875 6 discriminator 1 view .LVU1242
 3445 0076 0146     		mov	r1, r0
 3446 0078 48BB     		cbnz	r0, .L251
1886:Drivers/STM32F1xx_HAL_Driver/Src/stm32f1xx_hal_spi.c ****   {
 3447              		.loc 1 1886 3 is_stmt 1 view .LVU1243
1886:Drivers/STM32F1xx_HAL_Driver/Src/stm32f1xx_hal_spi.c ****   {
 3448              		.loc 1 1886 12 is_stmt 0 view .LVU1244
 3449 007a 2368     		ldr	r3, [r4]
1886:Drivers/STM32F1xx_HAL_Driver/Src/stm32f1xx_hal_spi.c ****   {
 3450              		.loc 1 1886 22 view .LVU1245
 3451 007c 1A68     		ldr	r2, [r3]
1886:Drivers/STM32F1xx_HAL_Driver/Src/stm32f1xx_hal_spi.c ****   {
ARM GAS  C:\Users\zhmis\AppData\Local\Temp\ccgFfHBP.s 			page 152


 3452              		.loc 1 1886 6 view .LVU1246
 3453 007e 12F0400F 		tst	r2, #64
 3454 0082 03D1     		bne	.L245
1889:Drivers/STM32F1xx_HAL_Driver/Src/stm32f1xx_hal_spi.c ****   }
 3455              		.loc 1 1889 5 is_stmt 1 view .LVU1247
 3456 0084 1A68     		ldr	r2, [r3]
 3457 0086 42F04002 		orr	r2, r2, #64
 3458 008a 1A60     		str	r2, [r3]
 3459              	.L245:
1893:Drivers/STM32F1xx_HAL_Driver/Src/stm32f1xx_hal_spi.c **** 
 3460              		.loc 1 1893 3 view .LVU1248
 3461 008c 2268     		ldr	r2, [r4]
 3462 008e 5368     		ldr	r3, [r2, #4]
 3463 0090 43F02003 		orr	r3, r3, #32
 3464 0094 5360     		str	r3, [r2, #4]
1896:Drivers/STM32F1xx_HAL_Driver/Src/stm32f1xx_hal_spi.c **** 
 3465              		.loc 1 1896 3 view .LVU1249
 3466 0096 2268     		ldr	r2, [r4]
 3467 0098 5368     		ldr	r3, [r2, #4]
 3468 009a 43F00103 		orr	r3, r3, #1
 3469 009e 5360     		str	r3, [r2, #4]
1802:Drivers/STM32F1xx_HAL_Driver/Src/stm32f1xx_hal_spi.c **** 
 3470              		.loc 1 1802 21 is_stmt 0 view .LVU1250
 3471 00a0 0D46     		mov	r5, r1
 3472 00a2 1AE0     		b	.L240
 3473              	.LVL229:
 3474              	.L249:
1815:Drivers/STM32F1xx_HAL_Driver/Src/stm32f1xx_hal_spi.c **** 
 3475              		.loc 1 1815 5 is_stmt 1 view .LVU1251
1815:Drivers/STM32F1xx_HAL_Driver/Src/stm32f1xx_hal_spi.c **** 
 3476              		.loc 1 1815 17 is_stmt 0 view .LVU1252
 3477 00a4 0423     		movs	r3, #4
 3478 00a6 84F85130 		strb	r3, [r4, #81]
1818:Drivers/STM32F1xx_HAL_Driver/Src/stm32f1xx_hal_spi.c **** 
 3479              		.loc 1 1818 5 is_stmt 1 view .LVU1253
1821:Drivers/STM32F1xx_HAL_Driver/Src/stm32f1xx_hal_spi.c ****   }
 3480              		.loc 1 1821 5 view .LVU1254
1821:Drivers/STM32F1xx_HAL_Driver/Src/stm32f1xx_hal_spi.c ****   }
 3481              		.loc 1 1821 12 is_stmt 0 view .LVU1255
 3482 00aa 1346     		mov	r3, r2
 3483 00ac 0A46     		mov	r2, r1
 3484              	.LVL230:
1821:Drivers/STM32F1xx_HAL_Driver/Src/stm32f1xx_hal_spi.c ****   }
 3485              		.loc 1 1821 12 view .LVU1256
 3486 00ae 2046     		mov	r0, r4
 3487 00b0 FFF7FEFF 		bl	HAL_SPI_TransmitReceive_DMA
 3488              	.LVL231:
1821:Drivers/STM32F1xx_HAL_Driver/Src/stm32f1xx_hal_spi.c ****   }
 3489              		.loc 1 1821 12 view .LVU1257
 3490 00b4 0546     		mov	r5, r0
 3491 00b6 13E0     		b	.L242
 3492              	.LVL232:
 3493              	.L250:
1850:Drivers/STM32F1xx_HAL_Driver/Src/stm32f1xx_hal_spi.c ****     SPI_1LINE_RX(hspi);
 3494              		.loc 1 1850 5 is_stmt 1 view .LVU1258
 3495 00b8 2268     		ldr	r2, [r4]
 3496              	.LVL233:
ARM GAS  C:\Users\zhmis\AppData\Local\Temp\ccgFfHBP.s 			page 153


1850:Drivers/STM32F1xx_HAL_Driver/Src/stm32f1xx_hal_spi.c ****     SPI_1LINE_RX(hspi);
 3497              		.loc 1 1850 5 is_stmt 0 view .LVU1259
 3498 00ba 1368     		ldr	r3, [r2]
 3499 00bc 23F04003 		bic	r3, r3, #64
 3500 00c0 1360     		str	r3, [r2]
 3501              	.LVL234:
1851:Drivers/STM32F1xx_HAL_Driver/Src/stm32f1xx_hal_spi.c ****   }
 3502              		.loc 1 1851 5 is_stmt 1 view .LVU1260
 3503 00c2 2268     		ldr	r2, [r4]
 3504 00c4 1368     		ldr	r3, [r2]
 3505 00c6 23F48043 		bic	r3, r3, #16384
 3506 00ca 1360     		str	r3, [r2]
 3507 00cc BFE7     		b	.L243
 3508              	.LVL235:
 3509              	.L251:
1879:Drivers/STM32F1xx_HAL_Driver/Src/stm32f1xx_hal_spi.c ****     errorcode = HAL_ERROR;
 3510              		.loc 1 1879 5 view .LVU1261
 3511 00ce 636D     		ldr	r3, [r4, #84]
 3512 00d0 43F01003 		orr	r3, r3, #16
 3513 00d4 6365     		str	r3, [r4, #84]
1880:Drivers/STM32F1xx_HAL_Driver/Src/stm32f1xx_hal_spi.c **** 
 3514              		.loc 1 1880 5 view .LVU1262
 3515              	.LVL236:
1882:Drivers/STM32F1xx_HAL_Driver/Src/stm32f1xx_hal_spi.c ****   }
 3516              		.loc 1 1882 5 view .LVU1263
 3517 00d6 00E0     		b	.L240
 3518              	.LVL237:
 3519              	.L246:
1809:Drivers/STM32F1xx_HAL_Driver/Src/stm32f1xx_hal_spi.c ****     goto error;
 3520              		.loc 1 1809 15 is_stmt 0 view .LVU1264
 3521 00d8 0225     		movs	r5, #2
 3522              	.LVL238:
 3523              	.L240:
1900:Drivers/STM32F1xx_HAL_Driver/Src/stm32f1xx_hal_spi.c ****   return errorcode;
 3524              		.loc 1 1900 3 is_stmt 1 view .LVU1265
1900:Drivers/STM32F1xx_HAL_Driver/Src/stm32f1xx_hal_spi.c ****   return errorcode;
 3525              		.loc 1 1900 3 view .LVU1266
 3526 00da 0023     		movs	r3, #0
 3527 00dc 84F85030 		strb	r3, [r4, #80]
1900:Drivers/STM32F1xx_HAL_Driver/Src/stm32f1xx_hal_spi.c ****   return errorcode;
 3528              		.loc 1 1900 3 view .LVU1267
1901:Drivers/STM32F1xx_HAL_Driver/Src/stm32f1xx_hal_spi.c **** }
 3529              		.loc 1 1901 3 view .LVU1268
 3530              	.LVL239:
 3531              	.L242:
1902:Drivers/STM32F1xx_HAL_Driver/Src/stm32f1xx_hal_spi.c **** 
 3532              		.loc 1 1902 1 is_stmt 0 view .LVU1269
 3533 00e0 2846     		mov	r0, r5
 3534 00e2 38BD     		pop	{r3, r4, r5, pc}
 3535              	.LVL240:
 3536              	.L247:
1825:Drivers/STM32F1xx_HAL_Driver/Src/stm32f1xx_hal_spi.c **** 
 3537              		.loc 1 1825 3 discriminator 1 view .LVU1270
 3538 00e4 0225     		movs	r5, #2
 3539 00e6 FBE7     		b	.L242
 3540              	.L253:
 3541              		.align	2
ARM GAS  C:\Users\zhmis\AppData\Local\Temp\ccgFfHBP.s 			page 154


 3542              	.L252:
 3543 00e8 00000000 		.word	SPI_DMAHalfReceiveCplt
 3544 00ec 00000000 		.word	SPI_DMAReceiveCplt
 3545 00f0 00000000 		.word	SPI_DMAError
 3546              		.cfi_endproc
 3547              	.LFE76:
 3549              		.section	.text.HAL_SPI_Abort,"ax",%progbits
 3550              		.align	1
 3551              		.global	HAL_SPI_Abort
 3552              		.syntax unified
 3553              		.thumb
 3554              		.thumb_func
 3556              	HAL_SPI_Abort:
 3557              	.LVL241:
 3558              	.LFB78:
2059:Drivers/STM32F1xx_HAL_Driver/Src/stm32f1xx_hal_spi.c ****   HAL_StatusTypeDef errorcode;
 3559              		.loc 1 2059 1 is_stmt 1 view -0
 3560              		.cfi_startproc
 3561              		@ args = 0, pretend = 0, frame = 16
 3562              		@ frame_needed = 0, uses_anonymous_args = 0
2059:Drivers/STM32F1xx_HAL_Driver/Src/stm32f1xx_hal_spi.c ****   HAL_StatusTypeDef errorcode;
 3563              		.loc 1 2059 1 is_stmt 0 view .LVU1272
 3564 0000 10B5     		push	{r4, lr}
 3565              		.cfi_def_cfa_offset 8
 3566              		.cfi_offset 4, -8
 3567              		.cfi_offset 14, -4
 3568 0002 84B0     		sub	sp, sp, #16
 3569              		.cfi_def_cfa_offset 24
 3570 0004 0446     		mov	r4, r0
2060:Drivers/STM32F1xx_HAL_Driver/Src/stm32f1xx_hal_spi.c ****   __IO uint32_t count;
 3571              		.loc 1 2060 3 is_stmt 1 view .LVU1273
2061:Drivers/STM32F1xx_HAL_Driver/Src/stm32f1xx_hal_spi.c ****   __IO uint32_t resetcount;
 3572              		.loc 1 2061 3 view .LVU1274
2062:Drivers/STM32F1xx_HAL_Driver/Src/stm32f1xx_hal_spi.c **** 
 3573              		.loc 1 2062 3 view .LVU1275
2065:Drivers/STM32F1xx_HAL_Driver/Src/stm32f1xx_hal_spi.c ****   resetcount = SPI_DEFAULT_TIMEOUT * (SystemCoreClock / 24U / 1000U);
 3574              		.loc 1 2065 3 view .LVU1276
 3575              	.LVL242:
2066:Drivers/STM32F1xx_HAL_Driver/Src/stm32f1xx_hal_spi.c ****   count = resetcount;
 3576              		.loc 1 2066 3 view .LVU1277
2066:Drivers/STM32F1xx_HAL_Driver/Src/stm32f1xx_hal_spi.c ****   count = resetcount;
 3577              		.loc 1 2066 61 is_stmt 0 view .LVU1278
 3578 0006 494B     		ldr	r3, .L275
 3579 0008 1B68     		ldr	r3, [r3]
 3580 000a 494A     		ldr	r2, .L275+4
 3581 000c A2FB0323 		umull	r2, r3, r2, r3
 3582 0010 5B0A     		lsrs	r3, r3, #9
2066:Drivers/STM32F1xx_HAL_Driver/Src/stm32f1xx_hal_spi.c ****   count = resetcount;
 3583              		.loc 1 2066 36 view .LVU1279
 3584 0012 6422     		movs	r2, #100
 3585 0014 02FB03F3 		mul	r3, r2, r3
2066:Drivers/STM32F1xx_HAL_Driver/Src/stm32f1xx_hal_spi.c ****   count = resetcount;
 3586              		.loc 1 2066 14 view .LVU1280
 3587 0018 0293     		str	r3, [sp, #8]
2067:Drivers/STM32F1xx_HAL_Driver/Src/stm32f1xx_hal_spi.c **** 
 3588              		.loc 1 2067 3 is_stmt 1 view .LVU1281
2067:Drivers/STM32F1xx_HAL_Driver/Src/stm32f1xx_hal_spi.c **** 
ARM GAS  C:\Users\zhmis\AppData\Local\Temp\ccgFfHBP.s 			page 155


 3589              		.loc 1 2067 9 is_stmt 0 view .LVU1282
 3590 001a 029B     		ldr	r3, [sp, #8]
 3591 001c 0393     		str	r3, [sp, #12]
2070:Drivers/STM32F1xx_HAL_Driver/Src/stm32f1xx_hal_spi.c **** 
 3592              		.loc 1 2070 3 is_stmt 1 view .LVU1283
 3593 001e 0268     		ldr	r2, [r0]
 3594 0020 5368     		ldr	r3, [r2, #4]
 3595 0022 23F02003 		bic	r3, r3, #32
 3596 0026 5360     		str	r3, [r2, #4]
2073:Drivers/STM32F1xx_HAL_Driver/Src/stm32f1xx_hal_spi.c ****   {
 3597              		.loc 1 2073 3 view .LVU1284
2073:Drivers/STM32F1xx_HAL_Driver/Src/stm32f1xx_hal_spi.c ****   {
 3598              		.loc 1 2073 7 is_stmt 0 view .LVU1285
 3599 0028 0268     		ldr	r2, [r0]
 3600 002a 5368     		ldr	r3, [r2, #4]
2073:Drivers/STM32F1xx_HAL_Driver/Src/stm32f1xx_hal_spi.c ****   {
 3601              		.loc 1 2073 6 view .LVU1286
 3602 002c 13F0800F 		tst	r3, #128
 3603 0030 12D0     		beq	.L255
2075:Drivers/STM32F1xx_HAL_Driver/Src/stm32f1xx_hal_spi.c ****     /* Wait HAL_SPI_STATE_ABORT state */
 3604              		.loc 1 2075 5 is_stmt 1 view .LVU1287
2075:Drivers/STM32F1xx_HAL_Driver/Src/stm32f1xx_hal_spi.c ****     /* Wait HAL_SPI_STATE_ABORT state */
 3605              		.loc 1 2075 17 is_stmt 0 view .LVU1288
 3606 0032 404B     		ldr	r3, .L275+8
 3607 0034 4364     		str	r3, [r0, #68]
 3608              	.L258:
2077:Drivers/STM32F1xx_HAL_Driver/Src/stm32f1xx_hal_spi.c ****     {
 3609              		.loc 1 2077 5 is_stmt 1 view .LVU1289
2079:Drivers/STM32F1xx_HAL_Driver/Src/stm32f1xx_hal_spi.c ****       {
 3610              		.loc 1 2079 7 view .LVU1290
2079:Drivers/STM32F1xx_HAL_Driver/Src/stm32f1xx_hal_spi.c ****       {
 3611              		.loc 1 2079 17 is_stmt 0 view .LVU1291
 3612 0036 039B     		ldr	r3, [sp, #12]
2079:Drivers/STM32F1xx_HAL_Driver/Src/stm32f1xx_hal_spi.c ****       {
 3613              		.loc 1 2079 10 view .LVU1292
 3614 0038 43B1     		cbz	r3, .L272
2084:Drivers/STM32F1xx_HAL_Driver/Src/stm32f1xx_hal_spi.c ****     } while (hspi->State != HAL_SPI_STATE_ABORT);
 3615              		.loc 1 2084 7 is_stmt 1 view .LVU1293
2084:Drivers/STM32F1xx_HAL_Driver/Src/stm32f1xx_hal_spi.c ****     } while (hspi->State != HAL_SPI_STATE_ABORT);
 3616              		.loc 1 2084 12 is_stmt 0 view .LVU1294
 3617 003a 039B     		ldr	r3, [sp, #12]
 3618 003c 013B     		subs	r3, r3, #1
 3619 003e 0393     		str	r3, [sp, #12]
2085:Drivers/STM32F1xx_HAL_Driver/Src/stm32f1xx_hal_spi.c ****     /* Reset Timeout Counter */
 3620              		.loc 1 2085 26 is_stmt 1 view .LVU1295
2085:Drivers/STM32F1xx_HAL_Driver/Src/stm32f1xx_hal_spi.c ****     /* Reset Timeout Counter */
 3621              		.loc 1 2085 18 is_stmt 0 view .LVU1296
 3622 0040 94F85130 		ldrb	r3, [r4, #81]	@ zero_extendqisi2
 3623 0044 DBB2     		uxtb	r3, r3
2085:Drivers/STM32F1xx_HAL_Driver/Src/stm32f1xx_hal_spi.c ****     /* Reset Timeout Counter */
 3624              		.loc 1 2085 26 view .LVU1297
 3625 0046 072B     		cmp	r3, #7
 3626 0048 F5D1     		bne	.L258
 3627 004a 03E0     		b	.L257
 3628              	.L272:
2081:Drivers/STM32F1xx_HAL_Driver/Src/stm32f1xx_hal_spi.c ****         break;
 3629              		.loc 1 2081 9 is_stmt 1 view .LVU1298
ARM GAS  C:\Users\zhmis\AppData\Local\Temp\ccgFfHBP.s 			page 156


 3630 004c 636D     		ldr	r3, [r4, #84]
 3631 004e 43F04003 		orr	r3, r3, #64
 3632 0052 6365     		str	r3, [r4, #84]
2082:Drivers/STM32F1xx_HAL_Driver/Src/stm32f1xx_hal_spi.c ****       }
 3633              		.loc 1 2082 9 view .LVU1299
 3634              	.L257:
2087:Drivers/STM32F1xx_HAL_Driver/Src/stm32f1xx_hal_spi.c ****   }
 3635              		.loc 1 2087 5 view .LVU1300
2087:Drivers/STM32F1xx_HAL_Driver/Src/stm32f1xx_hal_spi.c ****   }
 3636              		.loc 1 2087 11 is_stmt 0 view .LVU1301
 3637 0054 029B     		ldr	r3, [sp, #8]
 3638 0056 0393     		str	r3, [sp, #12]
 3639              	.L255:
2090:Drivers/STM32F1xx_HAL_Driver/Src/stm32f1xx_hal_spi.c ****   {
 3640              		.loc 1 2090 3 is_stmt 1 view .LVU1302
2090:Drivers/STM32F1xx_HAL_Driver/Src/stm32f1xx_hal_spi.c ****   {
 3641              		.loc 1 2090 7 is_stmt 0 view .LVU1303
 3642 0058 5368     		ldr	r3, [r2, #4]
2090:Drivers/STM32F1xx_HAL_Driver/Src/stm32f1xx_hal_spi.c ****   {
 3643              		.loc 1 2090 6 view .LVU1304
 3644 005a 13F0400F 		tst	r3, #64
 3645 005e 12D0     		beq	.L259
2092:Drivers/STM32F1xx_HAL_Driver/Src/stm32f1xx_hal_spi.c ****     /* Wait HAL_SPI_STATE_ABORT state */
 3646              		.loc 1 2092 5 is_stmt 1 view .LVU1305
2092:Drivers/STM32F1xx_HAL_Driver/Src/stm32f1xx_hal_spi.c ****     /* Wait HAL_SPI_STATE_ABORT state */
 3647              		.loc 1 2092 17 is_stmt 0 view .LVU1306
 3648 0060 354B     		ldr	r3, .L275+12
 3649 0062 2364     		str	r3, [r4, #64]
 3650              	.L262:
2094:Drivers/STM32F1xx_HAL_Driver/Src/stm32f1xx_hal_spi.c ****     {
 3651              		.loc 1 2094 5 is_stmt 1 view .LVU1307
2096:Drivers/STM32F1xx_HAL_Driver/Src/stm32f1xx_hal_spi.c ****       {
 3652              		.loc 1 2096 7 view .LVU1308
2096:Drivers/STM32F1xx_HAL_Driver/Src/stm32f1xx_hal_spi.c ****       {
 3653              		.loc 1 2096 17 is_stmt 0 view .LVU1309
 3654 0064 039B     		ldr	r3, [sp, #12]
2096:Drivers/STM32F1xx_HAL_Driver/Src/stm32f1xx_hal_spi.c ****       {
 3655              		.loc 1 2096 10 view .LVU1310
 3656 0066 43B1     		cbz	r3, .L273
2101:Drivers/STM32F1xx_HAL_Driver/Src/stm32f1xx_hal_spi.c ****     } while (hspi->State != HAL_SPI_STATE_ABORT);
 3657              		.loc 1 2101 7 is_stmt 1 view .LVU1311
2101:Drivers/STM32F1xx_HAL_Driver/Src/stm32f1xx_hal_spi.c ****     } while (hspi->State != HAL_SPI_STATE_ABORT);
 3658              		.loc 1 2101 12 is_stmt 0 view .LVU1312
 3659 0068 039B     		ldr	r3, [sp, #12]
 3660 006a 013B     		subs	r3, r3, #1
 3661 006c 0393     		str	r3, [sp, #12]
2102:Drivers/STM32F1xx_HAL_Driver/Src/stm32f1xx_hal_spi.c ****     /* Reset Timeout Counter */
 3662              		.loc 1 2102 26 is_stmt 1 view .LVU1313
2102:Drivers/STM32F1xx_HAL_Driver/Src/stm32f1xx_hal_spi.c ****     /* Reset Timeout Counter */
 3663              		.loc 1 2102 18 is_stmt 0 view .LVU1314
 3664 006e 94F85130 		ldrb	r3, [r4, #81]	@ zero_extendqisi2
 3665 0072 DBB2     		uxtb	r3, r3
2102:Drivers/STM32F1xx_HAL_Driver/Src/stm32f1xx_hal_spi.c ****     /* Reset Timeout Counter */
 3666              		.loc 1 2102 26 view .LVU1315
 3667 0074 072B     		cmp	r3, #7
 3668 0076 F5D1     		bne	.L262
 3669 0078 03E0     		b	.L261
ARM GAS  C:\Users\zhmis\AppData\Local\Temp\ccgFfHBP.s 			page 157


 3670              	.L273:
2098:Drivers/STM32F1xx_HAL_Driver/Src/stm32f1xx_hal_spi.c ****         break;
 3671              		.loc 1 2098 9 is_stmt 1 view .LVU1316
 3672 007a 636D     		ldr	r3, [r4, #84]
 3673 007c 43F04003 		orr	r3, r3, #64
 3674 0080 6365     		str	r3, [r4, #84]
2099:Drivers/STM32F1xx_HAL_Driver/Src/stm32f1xx_hal_spi.c ****       }
 3675              		.loc 1 2099 9 view .LVU1317
 3676              	.L261:
2104:Drivers/STM32F1xx_HAL_Driver/Src/stm32f1xx_hal_spi.c ****   }
 3677              		.loc 1 2104 5 view .LVU1318
2104:Drivers/STM32F1xx_HAL_Driver/Src/stm32f1xx_hal_spi.c ****   }
 3678              		.loc 1 2104 11 is_stmt 0 view .LVU1319
 3679 0082 029B     		ldr	r3, [sp, #8]
 3680 0084 0393     		str	r3, [sp, #12]
 3681              	.L259:
2108:Drivers/STM32F1xx_HAL_Driver/Src/stm32f1xx_hal_spi.c ****   {
 3682              		.loc 1 2108 3 is_stmt 1 view .LVU1320
2108:Drivers/STM32F1xx_HAL_Driver/Src/stm32f1xx_hal_spi.c ****   {
 3683              		.loc 1 2108 7 is_stmt 0 view .LVU1321
 3684 0086 5368     		ldr	r3, [r2, #4]
2108:Drivers/STM32F1xx_HAL_Driver/Src/stm32f1xx_hal_spi.c ****   {
 3685              		.loc 1 2108 6 view .LVU1322
 3686 0088 13F0020F 		tst	r3, #2
 3687 008c 1DD0     		beq	.L263
2111:Drivers/STM32F1xx_HAL_Driver/Src/stm32f1xx_hal_spi.c ****     {
 3688              		.loc 1 2111 5 is_stmt 1 view .LVU1323
2111:Drivers/STM32F1xx_HAL_Driver/Src/stm32f1xx_hal_spi.c ****     {
 3689              		.loc 1 2111 13 is_stmt 0 view .LVU1324
 3690 008e A36C     		ldr	r3, [r4, #72]
2111:Drivers/STM32F1xx_HAL_Driver/Src/stm32f1xx_hal_spi.c ****     {
 3691              		.loc 1 2111 8 view .LVU1325
 3692 0090 DBB1     		cbz	r3, .L263
2115:Drivers/STM32F1xx_HAL_Driver/Src/stm32f1xx_hal_spi.c **** 
 3693              		.loc 1 2115 7 is_stmt 1 view .LVU1326
2115:Drivers/STM32F1xx_HAL_Driver/Src/stm32f1xx_hal_spi.c **** 
 3694              		.loc 1 2115 39 is_stmt 0 view .LVU1327
 3695 0092 0022     		movs	r2, #0
 3696 0094 5A63     		str	r2, [r3, #52]
2118:Drivers/STM32F1xx_HAL_Driver/Src/stm32f1xx_hal_spi.c ****       {
 3697              		.loc 1 2118 7 is_stmt 1 view .LVU1328
2118:Drivers/STM32F1xx_HAL_Driver/Src/stm32f1xx_hal_spi.c ****       {
 3698              		.loc 1 2118 11 is_stmt 0 view .LVU1329
 3699 0096 A06C     		ldr	r0, [r4, #72]
 3700              	.LVL243:
2118:Drivers/STM32F1xx_HAL_Driver/Src/stm32f1xx_hal_spi.c ****       {
 3701              		.loc 1 2118 11 view .LVU1330
 3702 0098 FFF7FEFF 		bl	HAL_DMA_Abort
 3703              	.LVL244:
2118:Drivers/STM32F1xx_HAL_Driver/Src/stm32f1xx_hal_spi.c ****       {
 3704              		.loc 1 2118 10 discriminator 1 view .LVU1331
 3705 009c 08B1     		cbz	r0, .L264
2120:Drivers/STM32F1xx_HAL_Driver/Src/stm32f1xx_hal_spi.c ****       }
 3706              		.loc 1 2120 9 is_stmt 1 view .LVU1332
2120:Drivers/STM32F1xx_HAL_Driver/Src/stm32f1xx_hal_spi.c ****       }
 3707              		.loc 1 2120 25 is_stmt 0 view .LVU1333
 3708 009e 4023     		movs	r3, #64
ARM GAS  C:\Users\zhmis\AppData\Local\Temp\ccgFfHBP.s 			page 158


 3709 00a0 6365     		str	r3, [r4, #84]
 3710              	.L264:
2124:Drivers/STM32F1xx_HAL_Driver/Src/stm32f1xx_hal_spi.c **** 
 3711              		.loc 1 2124 7 is_stmt 1 view .LVU1334
 3712 00a2 2268     		ldr	r2, [r4]
 3713 00a4 5368     		ldr	r3, [r2, #4]
 3714 00a6 23F00203 		bic	r3, r3, #2
 3715 00aa 5360     		str	r3, [r2, #4]
 3716              	.L266:
2127:Drivers/STM32F1xx_HAL_Driver/Src/stm32f1xx_hal_spi.c ****       {
 3717              		.loc 1 2127 7 view .LVU1335
2129:Drivers/STM32F1xx_HAL_Driver/Src/stm32f1xx_hal_spi.c ****         {
 3718              		.loc 1 2129 9 view .LVU1336
2129:Drivers/STM32F1xx_HAL_Driver/Src/stm32f1xx_hal_spi.c ****         {
 3719              		.loc 1 2129 19 is_stmt 0 view .LVU1337
 3720 00ac 039B     		ldr	r3, [sp, #12]
2129:Drivers/STM32F1xx_HAL_Driver/Src/stm32f1xx_hal_spi.c ****         {
 3721              		.loc 1 2129 12 view .LVU1338
 3722 00ae 43B1     		cbz	r3, .L274
2134:Drivers/STM32F1xx_HAL_Driver/Src/stm32f1xx_hal_spi.c ****       } while ((hspi->Instance->SR & SPI_FLAG_TXE) == RESET);
 3723              		.loc 1 2134 9 is_stmt 1 view .LVU1339
2134:Drivers/STM32F1xx_HAL_Driver/Src/stm32f1xx_hal_spi.c ****       } while ((hspi->Instance->SR & SPI_FLAG_TXE) == RESET);
 3724              		.loc 1 2134 14 is_stmt 0 view .LVU1340
 3725 00b0 039B     		ldr	r3, [sp, #12]
 3726 00b2 013B     		subs	r3, r3, #1
 3727 00b4 0393     		str	r3, [sp, #12]
2135:Drivers/STM32F1xx_HAL_Driver/Src/stm32f1xx_hal_spi.c ****     }
 3728              		.loc 1 2135 52 is_stmt 1 view .LVU1341
2135:Drivers/STM32F1xx_HAL_Driver/Src/stm32f1xx_hal_spi.c ****     }
 3729              		.loc 1 2135 21 is_stmt 0 view .LVU1342
 3730 00b6 2368     		ldr	r3, [r4]
2135:Drivers/STM32F1xx_HAL_Driver/Src/stm32f1xx_hal_spi.c ****     }
 3731              		.loc 1 2135 31 view .LVU1343
 3732 00b8 9B68     		ldr	r3, [r3, #8]
2135:Drivers/STM32F1xx_HAL_Driver/Src/stm32f1xx_hal_spi.c ****     }
 3733              		.loc 1 2135 52 view .LVU1344
 3734 00ba 13F0020F 		tst	r3, #2
 3735 00be F5D0     		beq	.L266
 3736 00c0 03E0     		b	.L263
 3737              	.L274:
2131:Drivers/STM32F1xx_HAL_Driver/Src/stm32f1xx_hal_spi.c ****           break;
 3738              		.loc 1 2131 11 is_stmt 1 view .LVU1345
 3739 00c2 636D     		ldr	r3, [r4, #84]
 3740 00c4 43F04003 		orr	r3, r3, #64
 3741 00c8 6365     		str	r3, [r4, #84]
2132:Drivers/STM32F1xx_HAL_Driver/Src/stm32f1xx_hal_spi.c ****         }
 3742              		.loc 1 2132 11 view .LVU1346
 3743              	.L263:
2140:Drivers/STM32F1xx_HAL_Driver/Src/stm32f1xx_hal_spi.c ****   {
 3744              		.loc 1 2140 3 view .LVU1347
2140:Drivers/STM32F1xx_HAL_Driver/Src/stm32f1xx_hal_spi.c ****   {
 3745              		.loc 1 2140 7 is_stmt 0 view .LVU1348
 3746 00ca 2368     		ldr	r3, [r4]
 3747 00cc 5B68     		ldr	r3, [r3, #4]
2140:Drivers/STM32F1xx_HAL_Driver/Src/stm32f1xx_hal_spi.c ****   {
 3748              		.loc 1 2140 6 view .LVU1349
 3749 00ce 13F0010F 		tst	r3, #1
ARM GAS  C:\Users\zhmis\AppData\Local\Temp\ccgFfHBP.s 			page 159


 3750 00d2 13D0     		beq	.L267
2143:Drivers/STM32F1xx_HAL_Driver/Src/stm32f1xx_hal_spi.c ****     {
 3751              		.loc 1 2143 5 is_stmt 1 view .LVU1350
2143:Drivers/STM32F1xx_HAL_Driver/Src/stm32f1xx_hal_spi.c ****     {
 3752              		.loc 1 2143 13 is_stmt 0 view .LVU1351
 3753 00d4 E36C     		ldr	r3, [r4, #76]
2143:Drivers/STM32F1xx_HAL_Driver/Src/stm32f1xx_hal_spi.c ****     {
 3754              		.loc 1 2143 8 view .LVU1352
 3755 00d6 8BB1     		cbz	r3, .L267
2147:Drivers/STM32F1xx_HAL_Driver/Src/stm32f1xx_hal_spi.c **** 
 3756              		.loc 1 2147 7 is_stmt 1 view .LVU1353
2147:Drivers/STM32F1xx_HAL_Driver/Src/stm32f1xx_hal_spi.c **** 
 3757              		.loc 1 2147 39 is_stmt 0 view .LVU1354
 3758 00d8 0022     		movs	r2, #0
 3759 00da 5A63     		str	r2, [r3, #52]
2150:Drivers/STM32F1xx_HAL_Driver/Src/stm32f1xx_hal_spi.c ****       {
 3760              		.loc 1 2150 7 is_stmt 1 view .LVU1355
2150:Drivers/STM32F1xx_HAL_Driver/Src/stm32f1xx_hal_spi.c ****       {
 3761              		.loc 1 2150 11 is_stmt 0 view .LVU1356
 3762 00dc E06C     		ldr	r0, [r4, #76]
 3763 00de FFF7FEFF 		bl	HAL_DMA_Abort
 3764              	.LVL245:
2150:Drivers/STM32F1xx_HAL_Driver/Src/stm32f1xx_hal_spi.c ****       {
 3765              		.loc 1 2150 10 discriminator 1 view .LVU1357
 3766 00e2 08B1     		cbz	r0, .L268
2152:Drivers/STM32F1xx_HAL_Driver/Src/stm32f1xx_hal_spi.c ****       }
 3767              		.loc 1 2152 9 is_stmt 1 view .LVU1358
2152:Drivers/STM32F1xx_HAL_Driver/Src/stm32f1xx_hal_spi.c ****       }
 3768              		.loc 1 2152 25 is_stmt 0 view .LVU1359
 3769 00e4 4023     		movs	r3, #64
 3770 00e6 6365     		str	r3, [r4, #84]
 3771              	.L268:
2156:Drivers/STM32F1xx_HAL_Driver/Src/stm32f1xx_hal_spi.c **** 
 3772              		.loc 1 2156 7 is_stmt 1 view .LVU1360
 3773 00e8 2268     		ldr	r2, [r4]
 3774 00ea 1368     		ldr	r3, [r2]
 3775 00ec 23F04003 		bic	r3, r3, #64
 3776 00f0 1360     		str	r3, [r2]
2159:Drivers/STM32F1xx_HAL_Driver/Src/stm32f1xx_hal_spi.c ****     }
 3777              		.loc 1 2159 7 view .LVU1361
 3778 00f2 2268     		ldr	r2, [r4]
 3779 00f4 5368     		ldr	r3, [r2, #4]
 3780 00f6 23F00103 		bic	r3, r3, #1
 3781 00fa 5360     		str	r3, [r2, #4]
 3782              	.L267:
2163:Drivers/STM32F1xx_HAL_Driver/Src/stm32f1xx_hal_spi.c ****   hspi->TxXferCount = 0U;
 3783              		.loc 1 2163 3 view .LVU1362
2163:Drivers/STM32F1xx_HAL_Driver/Src/stm32f1xx_hal_spi.c ****   hspi->TxXferCount = 0U;
 3784              		.loc 1 2163 21 is_stmt 0 view .LVU1363
 3785 00fc 0023     		movs	r3, #0
 3786 00fe E387     		strh	r3, [r4, #62]	@ movhi
2164:Drivers/STM32F1xx_HAL_Driver/Src/stm32f1xx_hal_spi.c **** 
 3787              		.loc 1 2164 3 is_stmt 1 view .LVU1364
2164:Drivers/STM32F1xx_HAL_Driver/Src/stm32f1xx_hal_spi.c **** 
 3788              		.loc 1 2164 21 is_stmt 0 view .LVU1365
 3789 0100 E386     		strh	r3, [r4, #54]	@ movhi
2167:Drivers/STM32F1xx_HAL_Driver/Src/stm32f1xx_hal_spi.c ****   {
ARM GAS  C:\Users\zhmis\AppData\Local\Temp\ccgFfHBP.s 			page 160


 3790              		.loc 1 2167 3 is_stmt 1 view .LVU1366
2167:Drivers/STM32F1xx_HAL_Driver/Src/stm32f1xx_hal_spi.c ****   {
 3791              		.loc 1 2167 11 is_stmt 0 view .LVU1367
 3792 0102 636D     		ldr	r3, [r4, #84]
2167:Drivers/STM32F1xx_HAL_Driver/Src/stm32f1xx_hal_spi.c ****   {
 3793              		.loc 1 2167 6 view .LVU1368
 3794 0104 402B     		cmp	r3, #64
 3795 0106 0ED0     		beq	.L270
2175:Drivers/STM32F1xx_HAL_Driver/Src/stm32f1xx_hal_spi.c ****   }
 3796              		.loc 1 2175 5 is_stmt 1 view .LVU1369
2175:Drivers/STM32F1xx_HAL_Driver/Src/stm32f1xx_hal_spi.c ****   }
 3797              		.loc 1 2175 21 is_stmt 0 view .LVU1370
 3798 0108 0020     		movs	r0, #0
 3799 010a 6065     		str	r0, [r4, #84]
 3800              	.L269:
 3801              	.LVL246:
2179:Drivers/STM32F1xx_HAL_Driver/Src/stm32f1xx_hal_spi.c **** 
 3802              		.loc 1 2179 3 is_stmt 1 view .LVU1371
 3803              	.LBB4:
2179:Drivers/STM32F1xx_HAL_Driver/Src/stm32f1xx_hal_spi.c **** 
 3804              		.loc 1 2179 3 view .LVU1372
 3805 010c 0023     		movs	r3, #0
 3806 010e 0193     		str	r3, [sp, #4]
2179:Drivers/STM32F1xx_HAL_Driver/Src/stm32f1xx_hal_spi.c **** 
 3807              		.loc 1 2179 3 view .LVU1373
 3808 0110 2368     		ldr	r3, [r4]
 3809 0112 DA68     		ldr	r2, [r3, #12]
 3810 0114 0192     		str	r2, [sp, #4]
2179:Drivers/STM32F1xx_HAL_Driver/Src/stm32f1xx_hal_spi.c **** 
 3811              		.loc 1 2179 3 view .LVU1374
 3812 0116 9B68     		ldr	r3, [r3, #8]
 3813 0118 0193     		str	r3, [sp, #4]
2179:Drivers/STM32F1xx_HAL_Driver/Src/stm32f1xx_hal_spi.c **** 
 3814              		.loc 1 2179 3 view .LVU1375
 3815 011a 019B     		ldr	r3, [sp, #4]
 3816              	.LBE4:
2179:Drivers/STM32F1xx_HAL_Driver/Src/stm32f1xx_hal_spi.c **** 
 3817              		.loc 1 2179 3 view .LVU1376
2182:Drivers/STM32F1xx_HAL_Driver/Src/stm32f1xx_hal_spi.c **** 
 3818              		.loc 1 2182 3 view .LVU1377
2182:Drivers/STM32F1xx_HAL_Driver/Src/stm32f1xx_hal_spi.c **** 
 3819              		.loc 1 2182 15 is_stmt 0 view .LVU1378
 3820 011c 0123     		movs	r3, #1
 3821 011e 84F85130 		strb	r3, [r4, #81]
2184:Drivers/STM32F1xx_HAL_Driver/Src/stm32f1xx_hal_spi.c **** }
 3822              		.loc 1 2184 3 is_stmt 1 view .LVU1379
2185:Drivers/STM32F1xx_HAL_Driver/Src/stm32f1xx_hal_spi.c **** 
 3823              		.loc 1 2185 1 is_stmt 0 view .LVU1380
 3824 0122 04B0     		add	sp, sp, #16
 3825              		.cfi_remember_state
 3826              		.cfi_def_cfa_offset 8
 3827              		@ sp needed
 3828 0124 10BD     		pop	{r4, pc}
 3829              	.LVL247:
 3830              	.L270:
 3831              		.cfi_restore_state
2170:Drivers/STM32F1xx_HAL_Driver/Src/stm32f1xx_hal_spi.c ****   }
ARM GAS  C:\Users\zhmis\AppData\Local\Temp\ccgFfHBP.s 			page 161


 3832              		.loc 1 2170 15 view .LVU1381
 3833 0126 0120     		movs	r0, #1
 3834 0128 F0E7     		b	.L269
 3835              	.L276:
 3836 012a 00BF     		.align	2
 3837              	.L275:
 3838 012c 00000000 		.word	SystemCoreClock
 3839 0130 F1197605 		.word	91625969
 3840 0134 00000000 		.word	SPI_AbortTx_ISR
 3841 0138 00000000 		.word	SPI_AbortRx_ISR
 3842              		.cfi_endproc
 3843              	.LFE78:
 3845              		.section	.text.HAL_SPI_DMAPause,"ax",%progbits
 3846              		.align	1
 3847              		.global	HAL_SPI_DMAPause
 3848              		.syntax unified
 3849              		.thumb
 3850              		.thumb_func
 3852              	HAL_SPI_DMAPause:
 3853              	.LVL248:
 3854              	.LFB80:
2363:Drivers/STM32F1xx_HAL_Driver/Src/stm32f1xx_hal_spi.c ****   /* Process Locked */
 3855              		.loc 1 2363 1 is_stmt 1 view -0
 3856              		.cfi_startproc
 3857              		@ args = 0, pretend = 0, frame = 0
 3858              		@ frame_needed = 0, uses_anonymous_args = 0
 3859              		@ link register save eliminated.
2365:Drivers/STM32F1xx_HAL_Driver/Src/stm32f1xx_hal_spi.c **** 
 3860              		.loc 1 2365 3 view .LVU1383
2365:Drivers/STM32F1xx_HAL_Driver/Src/stm32f1xx_hal_spi.c **** 
 3861              		.loc 1 2365 3 view .LVU1384
 3862 0000 90F85030 		ldrb	r3, [r0, #80]	@ zero_extendqisi2
 3863 0004 012B     		cmp	r3, #1
 3864 0006 0CD0     		beq	.L279
2365:Drivers/STM32F1xx_HAL_Driver/Src/stm32f1xx_hal_spi.c **** 
 3865              		.loc 1 2365 3 discriminator 2 view .LVU1385
 3866 0008 0123     		movs	r3, #1
 3867 000a 80F85030 		strb	r3, [r0, #80]
2365:Drivers/STM32F1xx_HAL_Driver/Src/stm32f1xx_hal_spi.c **** 
 3868              		.loc 1 2365 3 discriminator 2 view .LVU1386
2368:Drivers/STM32F1xx_HAL_Driver/Src/stm32f1xx_hal_spi.c **** 
 3869              		.loc 1 2368 3 view .LVU1387
 3870 000e 0268     		ldr	r2, [r0]
 3871 0010 5368     		ldr	r3, [r2, #4]
 3872 0012 23F00303 		bic	r3, r3, #3
 3873 0016 5360     		str	r3, [r2, #4]
2371:Drivers/STM32F1xx_HAL_Driver/Src/stm32f1xx_hal_spi.c **** 
 3874              		.loc 1 2371 3 view .LVU1388
2371:Drivers/STM32F1xx_HAL_Driver/Src/stm32f1xx_hal_spi.c **** 
 3875              		.loc 1 2371 3 view .LVU1389
 3876 0018 0023     		movs	r3, #0
 3877 001a 80F85030 		strb	r3, [r0, #80]
2371:Drivers/STM32F1xx_HAL_Driver/Src/stm32f1xx_hal_spi.c **** 
 3878              		.loc 1 2371 3 view .LVU1390
2373:Drivers/STM32F1xx_HAL_Driver/Src/stm32f1xx_hal_spi.c **** }
 3879              		.loc 1 2373 3 view .LVU1391
2373:Drivers/STM32F1xx_HAL_Driver/Src/stm32f1xx_hal_spi.c **** }
ARM GAS  C:\Users\zhmis\AppData\Local\Temp\ccgFfHBP.s 			page 162


 3880              		.loc 1 2373 10 is_stmt 0 view .LVU1392
 3881 001e 1846     		mov	r0, r3
 3882              	.LVL249:
2373:Drivers/STM32F1xx_HAL_Driver/Src/stm32f1xx_hal_spi.c **** }
 3883              		.loc 1 2373 10 view .LVU1393
 3884 0020 7047     		bx	lr
 3885              	.LVL250:
 3886              	.L279:
2365:Drivers/STM32F1xx_HAL_Driver/Src/stm32f1xx_hal_spi.c **** 
 3887              		.loc 1 2365 3 discriminator 1 view .LVU1394
 3888 0022 0220     		movs	r0, #2
 3889              	.LVL251:
2374:Drivers/STM32F1xx_HAL_Driver/Src/stm32f1xx_hal_spi.c **** 
 3890              		.loc 1 2374 1 view .LVU1395
 3891 0024 7047     		bx	lr
 3892              		.cfi_endproc
 3893              	.LFE80:
 3895              		.section	.text.HAL_SPI_DMAResume,"ax",%progbits
 3896              		.align	1
 3897              		.global	HAL_SPI_DMAResume
 3898              		.syntax unified
 3899              		.thumb
 3900              		.thumb_func
 3902              	HAL_SPI_DMAResume:
 3903              	.LVL252:
 3904              	.LFB81:
2383:Drivers/STM32F1xx_HAL_Driver/Src/stm32f1xx_hal_spi.c ****   /* Process Locked */
 3905              		.loc 1 2383 1 is_stmt 1 view -0
 3906              		.cfi_startproc
 3907              		@ args = 0, pretend = 0, frame = 0
 3908              		@ frame_needed = 0, uses_anonymous_args = 0
 3909              		@ link register save eliminated.
2385:Drivers/STM32F1xx_HAL_Driver/Src/stm32f1xx_hal_spi.c **** 
 3910              		.loc 1 2385 3 view .LVU1397
2385:Drivers/STM32F1xx_HAL_Driver/Src/stm32f1xx_hal_spi.c **** 
 3911              		.loc 1 2385 3 view .LVU1398
 3912 0000 90F85030 		ldrb	r3, [r0, #80]	@ zero_extendqisi2
 3913 0004 012B     		cmp	r3, #1
 3914 0006 0CD0     		beq	.L282
2385:Drivers/STM32F1xx_HAL_Driver/Src/stm32f1xx_hal_spi.c **** 
 3915              		.loc 1 2385 3 discriminator 2 view .LVU1399
 3916 0008 0123     		movs	r3, #1
 3917 000a 80F85030 		strb	r3, [r0, #80]
2385:Drivers/STM32F1xx_HAL_Driver/Src/stm32f1xx_hal_spi.c **** 
 3918              		.loc 1 2385 3 discriminator 2 view .LVU1400
2388:Drivers/STM32F1xx_HAL_Driver/Src/stm32f1xx_hal_spi.c **** 
 3919              		.loc 1 2388 3 view .LVU1401
 3920 000e 0268     		ldr	r2, [r0]
 3921 0010 5368     		ldr	r3, [r2, #4]
 3922 0012 43F00303 		orr	r3, r3, #3
 3923 0016 5360     		str	r3, [r2, #4]
2391:Drivers/STM32F1xx_HAL_Driver/Src/stm32f1xx_hal_spi.c **** 
 3924              		.loc 1 2391 3 view .LVU1402
2391:Drivers/STM32F1xx_HAL_Driver/Src/stm32f1xx_hal_spi.c **** 
 3925              		.loc 1 2391 3 view .LVU1403
 3926 0018 0023     		movs	r3, #0
 3927 001a 80F85030 		strb	r3, [r0, #80]
ARM GAS  C:\Users\zhmis\AppData\Local\Temp\ccgFfHBP.s 			page 163


2391:Drivers/STM32F1xx_HAL_Driver/Src/stm32f1xx_hal_spi.c **** 
 3928              		.loc 1 2391 3 view .LVU1404
2393:Drivers/STM32F1xx_HAL_Driver/Src/stm32f1xx_hal_spi.c **** }
 3929              		.loc 1 2393 3 view .LVU1405
2393:Drivers/STM32F1xx_HAL_Driver/Src/stm32f1xx_hal_spi.c **** }
 3930              		.loc 1 2393 10 is_stmt 0 view .LVU1406
 3931 001e 1846     		mov	r0, r3
 3932              	.LVL253:
2393:Drivers/STM32F1xx_HAL_Driver/Src/stm32f1xx_hal_spi.c **** }
 3933              		.loc 1 2393 10 view .LVU1407
 3934 0020 7047     		bx	lr
 3935              	.LVL254:
 3936              	.L282:
2385:Drivers/STM32F1xx_HAL_Driver/Src/stm32f1xx_hal_spi.c **** 
 3937              		.loc 1 2385 3 discriminator 1 view .LVU1408
 3938 0022 0220     		movs	r0, #2
 3939              	.LVL255:
2394:Drivers/STM32F1xx_HAL_Driver/Src/stm32f1xx_hal_spi.c **** 
 3940              		.loc 1 2394 1 view .LVU1409
 3941 0024 7047     		bx	lr
 3942              		.cfi_endproc
 3943              	.LFE81:
 3945              		.section	.text.HAL_SPI_DMAStop,"ax",%progbits
 3946              		.align	1
 3947              		.global	HAL_SPI_DMAStop
 3948              		.syntax unified
 3949              		.thumb
 3950              		.thumb_func
 3952              	HAL_SPI_DMAStop:
 3953              	.LVL256:
 3954              	.LFB82:
2403:Drivers/STM32F1xx_HAL_Driver/Src/stm32f1xx_hal_spi.c ****   HAL_StatusTypeDef errorcode = HAL_OK;
 3955              		.loc 1 2403 1 is_stmt 1 view -0
 3956              		.cfi_startproc
 3957              		@ args = 0, pretend = 0, frame = 0
 3958              		@ frame_needed = 0, uses_anonymous_args = 0
2403:Drivers/STM32F1xx_HAL_Driver/Src/stm32f1xx_hal_spi.c ****   HAL_StatusTypeDef errorcode = HAL_OK;
 3959              		.loc 1 2403 1 is_stmt 0 view .LVU1411
 3960 0000 38B5     		push	{r3, r4, r5, lr}
 3961              		.cfi_def_cfa_offset 16
 3962              		.cfi_offset 3, -16
 3963              		.cfi_offset 4, -12
 3964              		.cfi_offset 5, -8
 3965              		.cfi_offset 14, -4
 3966 0002 0446     		mov	r4, r0
2404:Drivers/STM32F1xx_HAL_Driver/Src/stm32f1xx_hal_spi.c ****   /* The Lock is not implemented on this API to allow the user application
 3967              		.loc 1 2404 3 is_stmt 1 view .LVU1412
 3968              	.LVL257:
2412:Drivers/STM32F1xx_HAL_Driver/Src/stm32f1xx_hal_spi.c ****   {
 3969              		.loc 1 2412 3 view .LVU1413
2412:Drivers/STM32F1xx_HAL_Driver/Src/stm32f1xx_hal_spi.c ****   {
 3970              		.loc 1 2412 11 is_stmt 0 view .LVU1414
 3971 0004 806C     		ldr	r0, [r0, #72]
 3972              	.LVL258:
2412:Drivers/STM32F1xx_HAL_Driver/Src/stm32f1xx_hal_spi.c ****   {
 3973              		.loc 1 2412 6 view .LVU1415
 3974 0006 48B1     		cbz	r0, .L286
ARM GAS  C:\Users\zhmis\AppData\Local\Temp\ccgFfHBP.s 			page 164


2414:Drivers/STM32F1xx_HAL_Driver/Src/stm32f1xx_hal_spi.c ****     {
 3975              		.loc 1 2414 5 is_stmt 1 view .LVU1416
2414:Drivers/STM32F1xx_HAL_Driver/Src/stm32f1xx_hal_spi.c ****     {
 3976              		.loc 1 2414 19 is_stmt 0 view .LVU1417
 3977 0008 FFF7FEFF 		bl	HAL_DMA_Abort
 3978              	.LVL259:
2414:Drivers/STM32F1xx_HAL_Driver/Src/stm32f1xx_hal_spi.c ****     {
 3979              		.loc 1 2414 8 discriminator 1 view .LVU1418
 3980 000c 0546     		mov	r5, r0
 3981 000e 30B1     		cbz	r0, .L284
2416:Drivers/STM32F1xx_HAL_Driver/Src/stm32f1xx_hal_spi.c ****       errorcode = HAL_ERROR;
 3982              		.loc 1 2416 7 is_stmt 1 view .LVU1419
 3983 0010 636D     		ldr	r3, [r4, #84]
 3984 0012 43F01003 		orr	r3, r3, #16
 3985 0016 6365     		str	r3, [r4, #84]
2417:Drivers/STM32F1xx_HAL_Driver/Src/stm32f1xx_hal_spi.c ****     }
 3986              		.loc 1 2417 7 view .LVU1420
 3987              	.LVL260:
2417:Drivers/STM32F1xx_HAL_Driver/Src/stm32f1xx_hal_spi.c ****     }
 3988              		.loc 1 2417 17 is_stmt 0 view .LVU1421
 3989 0018 0125     		movs	r5, #1
 3990 001a 00E0     		b	.L284
 3991              	.LVL261:
 3992              	.L286:
2404:Drivers/STM32F1xx_HAL_Driver/Src/stm32f1xx_hal_spi.c ****   /* The Lock is not implemented on this API to allow the user application
 3993              		.loc 1 2404 21 view .LVU1422
 3994 001c 0025     		movs	r5, #0
 3995              	.LVL262:
 3996              	.L284:
2421:Drivers/STM32F1xx_HAL_Driver/Src/stm32f1xx_hal_spi.c ****   {
 3997              		.loc 1 2421 3 is_stmt 1 view .LVU1423
2421:Drivers/STM32F1xx_HAL_Driver/Src/stm32f1xx_hal_spi.c ****   {
 3998              		.loc 1 2421 11 is_stmt 0 view .LVU1424
 3999 001e E06C     		ldr	r0, [r4, #76]
2421:Drivers/STM32F1xx_HAL_Driver/Src/stm32f1xx_hal_spi.c ****   {
 4000              		.loc 1 2421 6 view .LVU1425
 4001 0020 38B1     		cbz	r0, .L285
2423:Drivers/STM32F1xx_HAL_Driver/Src/stm32f1xx_hal_spi.c ****     {
 4002              		.loc 1 2423 5 is_stmt 1 view .LVU1426
2423:Drivers/STM32F1xx_HAL_Driver/Src/stm32f1xx_hal_spi.c ****     {
 4003              		.loc 1 2423 19 is_stmt 0 view .LVU1427
 4004 0022 FFF7FEFF 		bl	HAL_DMA_Abort
 4005              	.LVL263:
2423:Drivers/STM32F1xx_HAL_Driver/Src/stm32f1xx_hal_spi.c ****     {
 4006              		.loc 1 2423 8 discriminator 1 view .LVU1428
 4007 0026 20B1     		cbz	r0, .L285
2425:Drivers/STM32F1xx_HAL_Driver/Src/stm32f1xx_hal_spi.c ****       errorcode = HAL_ERROR;
 4008              		.loc 1 2425 7 is_stmt 1 view .LVU1429
 4009 0028 636D     		ldr	r3, [r4, #84]
 4010 002a 43F01003 		orr	r3, r3, #16
 4011 002e 6365     		str	r3, [r4, #84]
2426:Drivers/STM32F1xx_HAL_Driver/Src/stm32f1xx_hal_spi.c ****     }
 4012              		.loc 1 2426 7 view .LVU1430
 4013              	.LVL264:
2426:Drivers/STM32F1xx_HAL_Driver/Src/stm32f1xx_hal_spi.c ****     }
 4014              		.loc 1 2426 17 is_stmt 0 view .LVU1431
 4015 0030 0125     		movs	r5, #1
ARM GAS  C:\Users\zhmis\AppData\Local\Temp\ccgFfHBP.s 			page 165


 4016              	.LVL265:
 4017              	.L285:
2431:Drivers/STM32F1xx_HAL_Driver/Src/stm32f1xx_hal_spi.c ****   hspi->State = HAL_SPI_STATE_READY;
 4018              		.loc 1 2431 3 is_stmt 1 view .LVU1432
 4019 0032 2268     		ldr	r2, [r4]
 4020 0034 5368     		ldr	r3, [r2, #4]
 4021 0036 23F00303 		bic	r3, r3, #3
 4022 003a 5360     		str	r3, [r2, #4]
2432:Drivers/STM32F1xx_HAL_Driver/Src/stm32f1xx_hal_spi.c ****   return errorcode;
 4023              		.loc 1 2432 3 view .LVU1433
2432:Drivers/STM32F1xx_HAL_Driver/Src/stm32f1xx_hal_spi.c ****   return errorcode;
 4024              		.loc 1 2432 15 is_stmt 0 view .LVU1434
 4025 003c 0123     		movs	r3, #1
 4026 003e 84F85130 		strb	r3, [r4, #81]
2433:Drivers/STM32F1xx_HAL_Driver/Src/stm32f1xx_hal_spi.c **** }
 4027              		.loc 1 2433 3 is_stmt 1 view .LVU1435
2434:Drivers/STM32F1xx_HAL_Driver/Src/stm32f1xx_hal_spi.c **** 
 4028              		.loc 1 2434 1 is_stmt 0 view .LVU1436
 4029 0042 2846     		mov	r0, r5
 4030 0044 38BD     		pop	{r3, r4, r5, pc}
2434:Drivers/STM32F1xx_HAL_Driver/Src/stm32f1xx_hal_spi.c **** 
 4031              		.loc 1 2434 1 view .LVU1437
 4032              		.cfi_endproc
 4033              	.LFE82:
 4035              		.section	.text.HAL_SPI_TxCpltCallback,"ax",%progbits
 4036              		.align	1
 4037              		.weak	HAL_SPI_TxCpltCallback
 4038              		.syntax unified
 4039              		.thumb
 4040              		.thumb_func
 4042              	HAL_SPI_TxCpltCallback:
 4043              	.LVL266:
 4044              	.LFB84:
2545:Drivers/STM32F1xx_HAL_Driver/Src/stm32f1xx_hal_spi.c ****   /* Prevent unused argument(s) compilation warning */
 4045              		.loc 1 2545 1 is_stmt 1 view -0
 4046              		.cfi_startproc
 4047              		@ args = 0, pretend = 0, frame = 0
 4048              		@ frame_needed = 0, uses_anonymous_args = 0
 4049              		@ link register save eliminated.
2547:Drivers/STM32F1xx_HAL_Driver/Src/stm32f1xx_hal_spi.c **** 
 4050              		.loc 1 2547 3 view .LVU1439
2552:Drivers/STM32F1xx_HAL_Driver/Src/stm32f1xx_hal_spi.c **** 
 4051              		.loc 1 2552 1 is_stmt 0 view .LVU1440
 4052 0000 7047     		bx	lr
 4053              		.cfi_endproc
 4054              	.LFE84:
 4056              		.section	.text.HAL_SPI_RxCpltCallback,"ax",%progbits
 4057              		.align	1
 4058              		.weak	HAL_SPI_RxCpltCallback
 4059              		.syntax unified
 4060              		.thumb
 4061              		.thumb_func
 4063              	HAL_SPI_RxCpltCallback:
 4064              	.LVL267:
 4065              	.LFB85:
2561:Drivers/STM32F1xx_HAL_Driver/Src/stm32f1xx_hal_spi.c ****   /* Prevent unused argument(s) compilation warning */
 4066              		.loc 1 2561 1 is_stmt 1 view -0
ARM GAS  C:\Users\zhmis\AppData\Local\Temp\ccgFfHBP.s 			page 166


 4067              		.cfi_startproc
 4068              		@ args = 0, pretend = 0, frame = 0
 4069              		@ frame_needed = 0, uses_anonymous_args = 0
 4070              		@ link register save eliminated.
2563:Drivers/STM32F1xx_HAL_Driver/Src/stm32f1xx_hal_spi.c **** 
 4071              		.loc 1 2563 3 view .LVU1442
2568:Drivers/STM32F1xx_HAL_Driver/Src/stm32f1xx_hal_spi.c **** 
 4072              		.loc 1 2568 1 is_stmt 0 view .LVU1443
 4073 0000 7047     		bx	lr
 4074              		.cfi_endproc
 4075              	.LFE85:
 4077              		.section	.text.HAL_SPI_TxRxCpltCallback,"ax",%progbits
 4078              		.align	1
 4079              		.weak	HAL_SPI_TxRxCpltCallback
 4080              		.syntax unified
 4081              		.thumb
 4082              		.thumb_func
 4084              	HAL_SPI_TxRxCpltCallback:
 4085              	.LVL268:
 4086              	.LFB86:
2577:Drivers/STM32F1xx_HAL_Driver/Src/stm32f1xx_hal_spi.c ****   /* Prevent unused argument(s) compilation warning */
 4087              		.loc 1 2577 1 is_stmt 1 view -0
 4088              		.cfi_startproc
 4089              		@ args = 0, pretend = 0, frame = 0
 4090              		@ frame_needed = 0, uses_anonymous_args = 0
 4091              		@ link register save eliminated.
2579:Drivers/STM32F1xx_HAL_Driver/Src/stm32f1xx_hal_spi.c **** 
 4092              		.loc 1 2579 3 view .LVU1445
2584:Drivers/STM32F1xx_HAL_Driver/Src/stm32f1xx_hal_spi.c **** 
 4093              		.loc 1 2584 1 is_stmt 0 view .LVU1446
 4094 0000 7047     		bx	lr
 4095              		.cfi_endproc
 4096              	.LFE86:
 4098              		.section	.text.HAL_SPI_TxHalfCpltCallback,"ax",%progbits
 4099              		.align	1
 4100              		.weak	HAL_SPI_TxHalfCpltCallback
 4101              		.syntax unified
 4102              		.thumb
 4103              		.thumb_func
 4105              	HAL_SPI_TxHalfCpltCallback:
 4106              	.LVL269:
 4107              	.LFB87:
2593:Drivers/STM32F1xx_HAL_Driver/Src/stm32f1xx_hal_spi.c ****   /* Prevent unused argument(s) compilation warning */
 4108              		.loc 1 2593 1 is_stmt 1 view -0
 4109              		.cfi_startproc
 4110              		@ args = 0, pretend = 0, frame = 0
 4111              		@ frame_needed = 0, uses_anonymous_args = 0
 4112              		@ link register save eliminated.
2595:Drivers/STM32F1xx_HAL_Driver/Src/stm32f1xx_hal_spi.c **** 
 4113              		.loc 1 2595 3 view .LVU1448
2600:Drivers/STM32F1xx_HAL_Driver/Src/stm32f1xx_hal_spi.c **** 
 4114              		.loc 1 2600 1 is_stmt 0 view .LVU1449
 4115 0000 7047     		bx	lr
 4116              		.cfi_endproc
 4117              	.LFE87:
 4119              		.section	.text.SPI_DMAHalfTransmitCplt,"ax",%progbits
 4120              		.align	1
ARM GAS  C:\Users\zhmis\AppData\Local\Temp\ccgFfHBP.s 			page 167


 4121              		.syntax unified
 4122              		.thumb
 4123              		.thumb_func
 4125              	SPI_DMAHalfTransmitCplt:
 4126              	.LVL270:
 4127              	.LFB97:
2977:Drivers/STM32F1xx_HAL_Driver/Src/stm32f1xx_hal_spi.c ****   SPI_HandleTypeDef *hspi = (SPI_HandleTypeDef *)(((DMA_HandleTypeDef *)hdma)->Parent); /* Derogati
 4128              		.loc 1 2977 1 is_stmt 1 view -0
 4129              		.cfi_startproc
 4130              		@ args = 0, pretend = 0, frame = 0
 4131              		@ frame_needed = 0, uses_anonymous_args = 0
2977:Drivers/STM32F1xx_HAL_Driver/Src/stm32f1xx_hal_spi.c ****   SPI_HandleTypeDef *hspi = (SPI_HandleTypeDef *)(((DMA_HandleTypeDef *)hdma)->Parent); /* Derogati
 4132              		.loc 1 2977 1 is_stmt 0 view .LVU1451
 4133 0000 08B5     		push	{r3, lr}
 4134              		.cfi_def_cfa_offset 8
 4135              		.cfi_offset 3, -8
 4136              		.cfi_offset 14, -4
2978:Drivers/STM32F1xx_HAL_Driver/Src/stm32f1xx_hal_spi.c **** 
 4137              		.loc 1 2978 3 is_stmt 1 view .LVU1452
 4138              	.LVL271:
2984:Drivers/STM32F1xx_HAL_Driver/Src/stm32f1xx_hal_spi.c **** #endif /* USE_HAL_SPI_REGISTER_CALLBACKS */
 4139              		.loc 1 2984 3 view .LVU1453
 4140 0002 406A     		ldr	r0, [r0, #36]
 4141              	.LVL272:
2984:Drivers/STM32F1xx_HAL_Driver/Src/stm32f1xx_hal_spi.c **** #endif /* USE_HAL_SPI_REGISTER_CALLBACKS */
 4142              		.loc 1 2984 3 is_stmt 0 view .LVU1454
 4143 0004 FFF7FEFF 		bl	HAL_SPI_TxHalfCpltCallback
 4144              	.LVL273:
2986:Drivers/STM32F1xx_HAL_Driver/Src/stm32f1xx_hal_spi.c **** 
 4145              		.loc 1 2986 1 view .LVU1455
 4146 0008 08BD     		pop	{r3, pc}
 4147              		.cfi_endproc
 4148              	.LFE97:
 4150              		.section	.text.HAL_SPI_RxHalfCpltCallback,"ax",%progbits
 4151              		.align	1
 4152              		.weak	HAL_SPI_RxHalfCpltCallback
 4153              		.syntax unified
 4154              		.thumb
 4155              		.thumb_func
 4157              	HAL_SPI_RxHalfCpltCallback:
 4158              	.LVL274:
 4159              	.LFB88:
2609:Drivers/STM32F1xx_HAL_Driver/Src/stm32f1xx_hal_spi.c ****   /* Prevent unused argument(s) compilation warning */
 4160              		.loc 1 2609 1 is_stmt 1 view -0
 4161              		.cfi_startproc
 4162              		@ args = 0, pretend = 0, frame = 0
 4163              		@ frame_needed = 0, uses_anonymous_args = 0
 4164              		@ link register save eliminated.
2611:Drivers/STM32F1xx_HAL_Driver/Src/stm32f1xx_hal_spi.c **** 
 4165              		.loc 1 2611 3 view .LVU1457
2616:Drivers/STM32F1xx_HAL_Driver/Src/stm32f1xx_hal_spi.c **** 
 4166              		.loc 1 2616 1 is_stmt 0 view .LVU1458
 4167 0000 7047     		bx	lr
 4168              		.cfi_endproc
 4169              	.LFE88:
 4171              		.section	.text.SPI_DMAHalfReceiveCplt,"ax",%progbits
 4172              		.align	1
ARM GAS  C:\Users\zhmis\AppData\Local\Temp\ccgFfHBP.s 			page 168


 4173              		.syntax unified
 4174              		.thumb
 4175              		.thumb_func
 4177              	SPI_DMAHalfReceiveCplt:
 4178              	.LVL275:
 4179              	.LFB98:
2995:Drivers/STM32F1xx_HAL_Driver/Src/stm32f1xx_hal_spi.c ****   SPI_HandleTypeDef *hspi = (SPI_HandleTypeDef *)(((DMA_HandleTypeDef *)hdma)->Parent); /* Derogati
 4180              		.loc 1 2995 1 is_stmt 1 view -0
 4181              		.cfi_startproc
 4182              		@ args = 0, pretend = 0, frame = 0
 4183              		@ frame_needed = 0, uses_anonymous_args = 0
2995:Drivers/STM32F1xx_HAL_Driver/Src/stm32f1xx_hal_spi.c ****   SPI_HandleTypeDef *hspi = (SPI_HandleTypeDef *)(((DMA_HandleTypeDef *)hdma)->Parent); /* Derogati
 4184              		.loc 1 2995 1 is_stmt 0 view .LVU1460
 4185 0000 08B5     		push	{r3, lr}
 4186              		.cfi_def_cfa_offset 8
 4187              		.cfi_offset 3, -8
 4188              		.cfi_offset 14, -4
2996:Drivers/STM32F1xx_HAL_Driver/Src/stm32f1xx_hal_spi.c **** 
 4189              		.loc 1 2996 3 is_stmt 1 view .LVU1461
 4190              	.LVL276:
3002:Drivers/STM32F1xx_HAL_Driver/Src/stm32f1xx_hal_spi.c **** #endif /* USE_HAL_SPI_REGISTER_CALLBACKS */
 4191              		.loc 1 3002 3 view .LVU1462
 4192 0002 406A     		ldr	r0, [r0, #36]
 4193              	.LVL277:
3002:Drivers/STM32F1xx_HAL_Driver/Src/stm32f1xx_hal_spi.c **** #endif /* USE_HAL_SPI_REGISTER_CALLBACKS */
 4194              		.loc 1 3002 3 is_stmt 0 view .LVU1463
 4195 0004 FFF7FEFF 		bl	HAL_SPI_RxHalfCpltCallback
 4196              	.LVL278:
3004:Drivers/STM32F1xx_HAL_Driver/Src/stm32f1xx_hal_spi.c **** 
 4197              		.loc 1 3004 1 view .LVU1464
 4198 0008 08BD     		pop	{r3, pc}
 4199              		.cfi_endproc
 4200              	.LFE98:
 4202              		.section	.text.HAL_SPI_TxRxHalfCpltCallback,"ax",%progbits
 4203              		.align	1
 4204              		.weak	HAL_SPI_TxRxHalfCpltCallback
 4205              		.syntax unified
 4206              		.thumb
 4207              		.thumb_func
 4209              	HAL_SPI_TxRxHalfCpltCallback:
 4210              	.LVL279:
 4211              	.LFB89:
2625:Drivers/STM32F1xx_HAL_Driver/Src/stm32f1xx_hal_spi.c ****   /* Prevent unused argument(s) compilation warning */
 4212              		.loc 1 2625 1 is_stmt 1 view -0
 4213              		.cfi_startproc
 4214              		@ args = 0, pretend = 0, frame = 0
 4215              		@ frame_needed = 0, uses_anonymous_args = 0
 4216              		@ link register save eliminated.
2627:Drivers/STM32F1xx_HAL_Driver/Src/stm32f1xx_hal_spi.c **** 
 4217              		.loc 1 2627 3 view .LVU1466
2632:Drivers/STM32F1xx_HAL_Driver/Src/stm32f1xx_hal_spi.c **** 
 4218              		.loc 1 2632 1 is_stmt 0 view .LVU1467
 4219 0000 7047     		bx	lr
 4220              		.cfi_endproc
 4221              	.LFE89:
 4223              		.section	.text.SPI_DMAHalfTransmitReceiveCplt,"ax",%progbits
 4224              		.align	1
ARM GAS  C:\Users\zhmis\AppData\Local\Temp\ccgFfHBP.s 			page 169


 4225              		.syntax unified
 4226              		.thumb
 4227              		.thumb_func
 4229              	SPI_DMAHalfTransmitReceiveCplt:
 4230              	.LVL280:
 4231              	.LFB99:
3013:Drivers/STM32F1xx_HAL_Driver/Src/stm32f1xx_hal_spi.c ****   SPI_HandleTypeDef *hspi = (SPI_HandleTypeDef *)(((DMA_HandleTypeDef *)hdma)->Parent); /* Derogati
 4232              		.loc 1 3013 1 is_stmt 1 view -0
 4233              		.cfi_startproc
 4234              		@ args = 0, pretend = 0, frame = 0
 4235              		@ frame_needed = 0, uses_anonymous_args = 0
3013:Drivers/STM32F1xx_HAL_Driver/Src/stm32f1xx_hal_spi.c ****   SPI_HandleTypeDef *hspi = (SPI_HandleTypeDef *)(((DMA_HandleTypeDef *)hdma)->Parent); /* Derogati
 4236              		.loc 1 3013 1 is_stmt 0 view .LVU1469
 4237 0000 08B5     		push	{r3, lr}
 4238              		.cfi_def_cfa_offset 8
 4239              		.cfi_offset 3, -8
 4240              		.cfi_offset 14, -4
3014:Drivers/STM32F1xx_HAL_Driver/Src/stm32f1xx_hal_spi.c **** 
 4241              		.loc 1 3014 3 is_stmt 1 view .LVU1470
 4242              	.LVL281:
3020:Drivers/STM32F1xx_HAL_Driver/Src/stm32f1xx_hal_spi.c **** #endif /* USE_HAL_SPI_REGISTER_CALLBACKS */
 4243              		.loc 1 3020 3 view .LVU1471
 4244 0002 406A     		ldr	r0, [r0, #36]
 4245              	.LVL282:
3020:Drivers/STM32F1xx_HAL_Driver/Src/stm32f1xx_hal_spi.c **** #endif /* USE_HAL_SPI_REGISTER_CALLBACKS */
 4246              		.loc 1 3020 3 is_stmt 0 view .LVU1472
 4247 0004 FFF7FEFF 		bl	HAL_SPI_TxRxHalfCpltCallback
 4248              	.LVL283:
3022:Drivers/STM32F1xx_HAL_Driver/Src/stm32f1xx_hal_spi.c **** 
 4249              		.loc 1 3022 1 view .LVU1473
 4250 0008 08BD     		pop	{r3, pc}
 4251              		.cfi_endproc
 4252              	.LFE99:
 4254              		.section	.text.HAL_SPI_ErrorCallback,"ax",%progbits
 4255              		.align	1
 4256              		.weak	HAL_SPI_ErrorCallback
 4257              		.syntax unified
 4258              		.thumb
 4259              		.thumb_func
 4261              	HAL_SPI_ErrorCallback:
 4262              	.LVL284:
 4263              	.LFB90:
2641:Drivers/STM32F1xx_HAL_Driver/Src/stm32f1xx_hal_spi.c ****   /* Prevent unused argument(s) compilation warning */
 4264              		.loc 1 2641 1 is_stmt 1 view -0
 4265              		.cfi_startproc
 4266              		@ args = 0, pretend = 0, frame = 0
 4267              		@ frame_needed = 0, uses_anonymous_args = 0
 4268              		@ link register save eliminated.
2643:Drivers/STM32F1xx_HAL_Driver/Src/stm32f1xx_hal_spi.c **** 
 4269              		.loc 1 2643 3 view .LVU1475
2651:Drivers/STM32F1xx_HAL_Driver/Src/stm32f1xx_hal_spi.c **** 
 4270              		.loc 1 2651 1 is_stmt 0 view .LVU1476
 4271 0000 7047     		bx	lr
 4272              		.cfi_endproc
 4273              	.LFE90:
 4275              		.section	.text.SPI_CloseTx_ISR,"ax",%progbits
 4276              		.align	1
ARM GAS  C:\Users\zhmis\AppData\Local\Temp\ccgFfHBP.s 			page 170


 4277              		.syntax unified
 4278              		.thumb
 4279              		.thumb_func
 4281              	SPI_CloseTx_ISR:
 4282              	.LVL285:
 4283              	.LFB117:
3872:Drivers/STM32F1xx_HAL_Driver/Src/stm32f1xx_hal_spi.c ****   uint32_t tickstart;
 4284              		.loc 1 3872 1 is_stmt 1 view -0
 4285              		.cfi_startproc
 4286              		@ args = 0, pretend = 0, frame = 8
 4287              		@ frame_needed = 0, uses_anonymous_args = 0
3872:Drivers/STM32F1xx_HAL_Driver/Src/stm32f1xx_hal_spi.c ****   uint32_t tickstart;
 4288              		.loc 1 3872 1 is_stmt 0 view .LVU1478
 4289 0000 10B5     		push	{r4, lr}
 4290              		.cfi_def_cfa_offset 8
 4291              		.cfi_offset 4, -8
 4292              		.cfi_offset 14, -4
 4293 0002 82B0     		sub	sp, sp, #8
 4294              		.cfi_def_cfa_offset 16
 4295 0004 0446     		mov	r4, r0
3873:Drivers/STM32F1xx_HAL_Driver/Src/stm32f1xx_hal_spi.c ****   __IO uint32_t count = SPI_DEFAULT_TIMEOUT * (SystemCoreClock / 24U / 1000U);
 4296              		.loc 1 3873 3 is_stmt 1 view .LVU1479
3874:Drivers/STM32F1xx_HAL_Driver/Src/stm32f1xx_hal_spi.c **** 
 4297              		.loc 1 3874 3 view .LVU1480
3874:Drivers/STM32F1xx_HAL_Driver/Src/stm32f1xx_hal_spi.c **** 
 4298              		.loc 1 3874 70 is_stmt 0 view .LVU1481
 4299 0006 204B     		ldr	r3, .L311
 4300 0008 1B68     		ldr	r3, [r3]
 4301 000a 204A     		ldr	r2, .L311+4
 4302 000c A2FB0323 		umull	r2, r3, r2, r3
 4303 0010 5B0A     		lsrs	r3, r3, #9
3874:Drivers/STM32F1xx_HAL_Driver/Src/stm32f1xx_hal_spi.c **** 
 4304              		.loc 1 3874 45 view .LVU1482
 4305 0012 6422     		movs	r2, #100
 4306 0014 02FB03F3 		mul	r3, r2, r3
3874:Drivers/STM32F1xx_HAL_Driver/Src/stm32f1xx_hal_spi.c **** 
 4307              		.loc 1 3874 17 view .LVU1483
 4308 0018 0193     		str	r3, [sp, #4]
3877:Drivers/STM32F1xx_HAL_Driver/Src/stm32f1xx_hal_spi.c **** 
 4309              		.loc 1 3877 3 is_stmt 1 view .LVU1484
3877:Drivers/STM32F1xx_HAL_Driver/Src/stm32f1xx_hal_spi.c **** 
 4310              		.loc 1 3877 15 is_stmt 0 view .LVU1485
 4311 001a FFF7FEFF 		bl	HAL_GetTick
 4312              	.LVL286:
3877:Drivers/STM32F1xx_HAL_Driver/Src/stm32f1xx_hal_spi.c **** 
 4313              		.loc 1 3877 15 view .LVU1486
 4314 001e 0246     		mov	r2, r0
 4315              	.LVL287:
 4316              	.L304:
3880:Drivers/STM32F1xx_HAL_Driver/Src/stm32f1xx_hal_spi.c ****   {
 4317              		.loc 1 3880 3 is_stmt 1 view .LVU1487
3882:Drivers/STM32F1xx_HAL_Driver/Src/stm32f1xx_hal_spi.c ****     {
 4318              		.loc 1 3882 5 view .LVU1488
3882:Drivers/STM32F1xx_HAL_Driver/Src/stm32f1xx_hal_spi.c ****     {
 4319              		.loc 1 3882 15 is_stmt 0 view .LVU1489
 4320 0020 019B     		ldr	r3, [sp, #4]
3882:Drivers/STM32F1xx_HAL_Driver/Src/stm32f1xx_hal_spi.c ****     {
ARM GAS  C:\Users\zhmis\AppData\Local\Temp\ccgFfHBP.s 			page 171


 4321              		.loc 1 3882 8 view .LVU1490
 4322 0022 43B1     		cbz	r3, .L310
3887:Drivers/STM32F1xx_HAL_Driver/Src/stm32f1xx_hal_spi.c ****   } while ((hspi->Instance->SR & SPI_FLAG_TXE) == RESET);
 4323              		.loc 1 3887 5 is_stmt 1 view .LVU1491
3887:Drivers/STM32F1xx_HAL_Driver/Src/stm32f1xx_hal_spi.c ****   } while ((hspi->Instance->SR & SPI_FLAG_TXE) == RESET);
 4324              		.loc 1 3887 10 is_stmt 0 view .LVU1492
 4325 0024 019B     		ldr	r3, [sp, #4]
 4326 0026 013B     		subs	r3, r3, #1
 4327 0028 0193     		str	r3, [sp, #4]
3888:Drivers/STM32F1xx_HAL_Driver/Src/stm32f1xx_hal_spi.c **** 
 4328              		.loc 1 3888 48 is_stmt 1 view .LVU1493
3888:Drivers/STM32F1xx_HAL_Driver/Src/stm32f1xx_hal_spi.c **** 
 4329              		.loc 1 3888 17 is_stmt 0 view .LVU1494
 4330 002a 2368     		ldr	r3, [r4]
3888:Drivers/STM32F1xx_HAL_Driver/Src/stm32f1xx_hal_spi.c **** 
 4331              		.loc 1 3888 27 view .LVU1495
 4332 002c 9B68     		ldr	r3, [r3, #8]
3888:Drivers/STM32F1xx_HAL_Driver/Src/stm32f1xx_hal_spi.c **** 
 4333              		.loc 1 3888 48 view .LVU1496
 4334 002e 13F0020F 		tst	r3, #2
 4335 0032 F5D0     		beq	.L304
 4336 0034 03E0     		b	.L303
 4337              	.L310:
3884:Drivers/STM32F1xx_HAL_Driver/Src/stm32f1xx_hal_spi.c ****       break;
 4338              		.loc 1 3884 7 is_stmt 1 view .LVU1497
 4339 0036 636D     		ldr	r3, [r4, #84]
 4340 0038 43F02003 		orr	r3, r3, #32
 4341 003c 6365     		str	r3, [r4, #84]
3885:Drivers/STM32F1xx_HAL_Driver/Src/stm32f1xx_hal_spi.c ****     }
 4342              		.loc 1 3885 7 view .LVU1498
 4343              	.L303:
3891:Drivers/STM32F1xx_HAL_Driver/Src/stm32f1xx_hal_spi.c **** 
 4344              		.loc 1 3891 3 view .LVU1499
 4345 003e 2168     		ldr	r1, [r4]
 4346 0040 4B68     		ldr	r3, [r1, #4]
 4347 0042 23F0A003 		bic	r3, r3, #160
 4348 0046 4B60     		str	r3, [r1, #4]
3894:Drivers/STM32F1xx_HAL_Driver/Src/stm32f1xx_hal_spi.c ****   {
 4349              		.loc 1 3894 3 view .LVU1500
3894:Drivers/STM32F1xx_HAL_Driver/Src/stm32f1xx_hal_spi.c ****   {
 4350              		.loc 1 3894 7 is_stmt 0 view .LVU1501
 4351 0048 6421     		movs	r1, #100
 4352 004a 2046     		mov	r0, r4
 4353              	.LVL288:
3894:Drivers/STM32F1xx_HAL_Driver/Src/stm32f1xx_hal_spi.c ****   {
 4354              		.loc 1 3894 7 view .LVU1502
 4355 004c FFF7FEFF 		bl	SPI_EndRxTxTransaction
 4356              	.LVL289:
3894:Drivers/STM32F1xx_HAL_Driver/Src/stm32f1xx_hal_spi.c ****   {
 4357              		.loc 1 3894 6 discriminator 1 view .LVU1503
 4358 0050 18B1     		cbz	r0, .L305
3896:Drivers/STM32F1xx_HAL_Driver/Src/stm32f1xx_hal_spi.c ****   }
 4359              		.loc 1 3896 5 is_stmt 1 view .LVU1504
 4360 0052 636D     		ldr	r3, [r4, #84]
 4361 0054 43F02003 		orr	r3, r3, #32
 4362 0058 6365     		str	r3, [r4, #84]
 4363              	.L305:
ARM GAS  C:\Users\zhmis\AppData\Local\Temp\ccgFfHBP.s 			page 172


3900:Drivers/STM32F1xx_HAL_Driver/Src/stm32f1xx_hal_spi.c ****   {
 4364              		.loc 1 3900 3 view .LVU1505
3900:Drivers/STM32F1xx_HAL_Driver/Src/stm32f1xx_hal_spi.c ****   {
 4365              		.loc 1 3900 17 is_stmt 0 view .LVU1506
 4366 005a A368     		ldr	r3, [r4, #8]
3900:Drivers/STM32F1xx_HAL_Driver/Src/stm32f1xx_hal_spi.c ****   {
 4367              		.loc 1 3900 6 view .LVU1507
 4368 005c 33B9     		cbnz	r3, .L306
3902:Drivers/STM32F1xx_HAL_Driver/Src/stm32f1xx_hal_spi.c ****   }
 4369              		.loc 1 3902 5 is_stmt 1 view .LVU1508
 4370              	.LBB5:
3902:Drivers/STM32F1xx_HAL_Driver/Src/stm32f1xx_hal_spi.c ****   }
 4371              		.loc 1 3902 5 view .LVU1509
 4372 005e 0093     		str	r3, [sp]
3902:Drivers/STM32F1xx_HAL_Driver/Src/stm32f1xx_hal_spi.c ****   }
 4373              		.loc 1 3902 5 view .LVU1510
 4374 0060 2368     		ldr	r3, [r4]
 4375 0062 DA68     		ldr	r2, [r3, #12]
 4376 0064 0092     		str	r2, [sp]
3902:Drivers/STM32F1xx_HAL_Driver/Src/stm32f1xx_hal_spi.c ****   }
 4377              		.loc 1 3902 5 view .LVU1511
 4378 0066 9B68     		ldr	r3, [r3, #8]
 4379 0068 0093     		str	r3, [sp]
3902:Drivers/STM32F1xx_HAL_Driver/Src/stm32f1xx_hal_spi.c ****   }
 4380              		.loc 1 3902 5 view .LVU1512
 4381 006a 009B     		ldr	r3, [sp]
 4382              	.L306:
 4383              	.LBE5:
3902:Drivers/STM32F1xx_HAL_Driver/Src/stm32f1xx_hal_spi.c ****   }
 4384              		.loc 1 3902 5 discriminator 1 view .LVU1513
3905:Drivers/STM32F1xx_HAL_Driver/Src/stm32f1xx_hal_spi.c ****   if (hspi->ErrorCode != HAL_SPI_ERROR_NONE)
 4385              		.loc 1 3905 3 view .LVU1514
3905:Drivers/STM32F1xx_HAL_Driver/Src/stm32f1xx_hal_spi.c ****   if (hspi->ErrorCode != HAL_SPI_ERROR_NONE)
 4386              		.loc 1 3905 15 is_stmt 0 view .LVU1515
 4387 006c 0123     		movs	r3, #1
 4388 006e 84F85130 		strb	r3, [r4, #81]
3906:Drivers/STM32F1xx_HAL_Driver/Src/stm32f1xx_hal_spi.c ****   {
 4389              		.loc 1 3906 3 is_stmt 1 view .LVU1516
3906:Drivers/STM32F1xx_HAL_Driver/Src/stm32f1xx_hal_spi.c ****   {
 4390              		.loc 1 3906 11 is_stmt 0 view .LVU1517
 4391 0072 636D     		ldr	r3, [r4, #84]
3906:Drivers/STM32F1xx_HAL_Driver/Src/stm32f1xx_hal_spi.c ****   {
 4392              		.loc 1 3906 6 view .LVU1518
 4393 0074 23B1     		cbz	r3, .L307
3912:Drivers/STM32F1xx_HAL_Driver/Src/stm32f1xx_hal_spi.c **** #endif /* USE_HAL_SPI_REGISTER_CALLBACKS */
 4394              		.loc 1 3912 5 is_stmt 1 view .LVU1519
 4395 0076 2046     		mov	r0, r4
 4396 0078 FFF7FEFF 		bl	HAL_SPI_ErrorCallback
 4397              	.LVL290:
 4398              	.L301:
3924:Drivers/STM32F1xx_HAL_Driver/Src/stm32f1xx_hal_spi.c **** 
 4399              		.loc 1 3924 1 is_stmt 0 view .LVU1520
 4400 007c 02B0     		add	sp, sp, #8
 4401              		.cfi_remember_state
 4402              		.cfi_def_cfa_offset 8
 4403              		@ sp needed
 4404 007e 10BD     		pop	{r4, pc}
ARM GAS  C:\Users\zhmis\AppData\Local\Temp\ccgFfHBP.s 			page 173


 4405              	.LVL291:
 4406              	.L307:
 4407              		.cfi_restore_state
3921:Drivers/STM32F1xx_HAL_Driver/Src/stm32f1xx_hal_spi.c **** #endif /* USE_HAL_SPI_REGISTER_CALLBACKS */
 4408              		.loc 1 3921 5 is_stmt 1 view .LVU1521
 4409 0080 2046     		mov	r0, r4
 4410 0082 FFF7FEFF 		bl	HAL_SPI_TxCpltCallback
 4411              	.LVL292:
3924:Drivers/STM32F1xx_HAL_Driver/Src/stm32f1xx_hal_spi.c **** 
 4412              		.loc 1 3924 1 is_stmt 0 view .LVU1522
 4413 0086 F9E7     		b	.L301
 4414              	.L312:
 4415              		.align	2
 4416              	.L311:
 4417 0088 00000000 		.word	SystemCoreClock
 4418 008c F1197605 		.word	91625969
 4419              		.cfi_endproc
 4420              	.LFE117:
 4422              		.section	.text.SPI_TxISR_8BIT,"ax",%progbits
 4423              		.align	1
 4424              		.syntax unified
 4425              		.thumb
 4426              		.thumb_func
 4428              	SPI_TxISR_8BIT:
 4429              	.LVL293:
 4430              	.LFB110:
3516:Drivers/STM32F1xx_HAL_Driver/Src/stm32f1xx_hal_spi.c ****   *(__IO uint8_t *)&hspi->Instance->DR = (*hspi->pTxBuffPtr);
 4431              		.loc 1 3516 1 is_stmt 1 view -0
 4432              		.cfi_startproc
 4433              		@ args = 0, pretend = 0, frame = 0
 4434              		@ frame_needed = 0, uses_anonymous_args = 0
3516:Drivers/STM32F1xx_HAL_Driver/Src/stm32f1xx_hal_spi.c ****   *(__IO uint8_t *)&hspi->Instance->DR = (*hspi->pTxBuffPtr);
 4435              		.loc 1 3516 1 is_stmt 0 view .LVU1524
 4436 0000 08B5     		push	{r3, lr}
 4437              		.cfi_def_cfa_offset 8
 4438              		.cfi_offset 3, -8
 4439              		.cfi_offset 14, -4
3517:Drivers/STM32F1xx_HAL_Driver/Src/stm32f1xx_hal_spi.c ****   hspi->pTxBuffPtr++;
 4440              		.loc 1 3517 3 is_stmt 1 view .LVU1525
3517:Drivers/STM32F1xx_HAL_Driver/Src/stm32f1xx_hal_spi.c ****   hspi->pTxBuffPtr++;
 4441              		.loc 1 3517 48 is_stmt 0 view .LVU1526
 4442 0002 026B     		ldr	r2, [r0, #48]
3517:Drivers/STM32F1xx_HAL_Driver/Src/stm32f1xx_hal_spi.c ****   hspi->pTxBuffPtr++;
 4443              		.loc 1 3517 25 view .LVU1527
 4444 0004 0368     		ldr	r3, [r0]
3517:Drivers/STM32F1xx_HAL_Driver/Src/stm32f1xx_hal_spi.c ****   hspi->pTxBuffPtr++;
 4445              		.loc 1 3517 43 view .LVU1528
 4446 0006 1278     		ldrb	r2, [r2]	@ zero_extendqisi2
3517:Drivers/STM32F1xx_HAL_Driver/Src/stm32f1xx_hal_spi.c ****   hspi->pTxBuffPtr++;
 4447              		.loc 1 3517 40 view .LVU1529
 4448 0008 1A73     		strb	r2, [r3, #12]
3518:Drivers/STM32F1xx_HAL_Driver/Src/stm32f1xx_hal_spi.c ****   hspi->TxXferCount--;
 4449              		.loc 1 3518 3 is_stmt 1 view .LVU1530
3518:Drivers/STM32F1xx_HAL_Driver/Src/stm32f1xx_hal_spi.c ****   hspi->TxXferCount--;
 4450              		.loc 1 3518 7 is_stmt 0 view .LVU1531
 4451 000a 036B     		ldr	r3, [r0, #48]
3518:Drivers/STM32F1xx_HAL_Driver/Src/stm32f1xx_hal_spi.c ****   hspi->TxXferCount--;
ARM GAS  C:\Users\zhmis\AppData\Local\Temp\ccgFfHBP.s 			page 174


 4452              		.loc 1 3518 19 view .LVU1532
 4453 000c 0133     		adds	r3, r3, #1
 4454 000e 0363     		str	r3, [r0, #48]
3519:Drivers/STM32F1xx_HAL_Driver/Src/stm32f1xx_hal_spi.c **** 
 4455              		.loc 1 3519 3 is_stmt 1 view .LVU1533
3519:Drivers/STM32F1xx_HAL_Driver/Src/stm32f1xx_hal_spi.c **** 
 4456              		.loc 1 3519 7 is_stmt 0 view .LVU1534
 4457 0010 C38E     		ldrh	r3, [r0, #54]
 4458 0012 9BB2     		uxth	r3, r3
3519:Drivers/STM32F1xx_HAL_Driver/Src/stm32f1xx_hal_spi.c **** 
 4459              		.loc 1 3519 20 view .LVU1535
 4460 0014 013B     		subs	r3, r3, #1
 4461 0016 9BB2     		uxth	r3, r3
 4462 0018 C386     		strh	r3, [r0, #54]	@ movhi
3521:Drivers/STM32F1xx_HAL_Driver/Src/stm32f1xx_hal_spi.c ****   {
 4463              		.loc 1 3521 3 is_stmt 1 view .LVU1536
3521:Drivers/STM32F1xx_HAL_Driver/Src/stm32f1xx_hal_spi.c ****   {
 4464              		.loc 1 3521 11 is_stmt 0 view .LVU1537
 4465 001a C38E     		ldrh	r3, [r0, #54]
 4466 001c 9BB2     		uxth	r3, r3
3521:Drivers/STM32F1xx_HAL_Driver/Src/stm32f1xx_hal_spi.c ****   {
 4467              		.loc 1 3521 6 view .LVU1538
 4468 001e 03B1     		cbz	r3, .L316
 4469              	.LVL294:
 4470              	.L313:
3532:Drivers/STM32F1xx_HAL_Driver/Src/stm32f1xx_hal_spi.c **** 
 4471              		.loc 1 3532 1 view .LVU1539
 4472 0020 08BD     		pop	{r3, pc}
 4473              	.LVL295:
 4474              	.L316:
3530:Drivers/STM32F1xx_HAL_Driver/Src/stm32f1xx_hal_spi.c ****   }
 4475              		.loc 1 3530 5 is_stmt 1 view .LVU1540
 4476 0022 FFF7FEFF 		bl	SPI_CloseTx_ISR
 4477              	.LVL296:
3532:Drivers/STM32F1xx_HAL_Driver/Src/stm32f1xx_hal_spi.c **** 
 4478              		.loc 1 3532 1 is_stmt 0 view .LVU1541
 4479 0026 FBE7     		b	.L313
 4480              		.cfi_endproc
 4481              	.LFE110:
 4483              		.section	.text.SPI_TxISR_16BIT,"ax",%progbits
 4484              		.align	1
 4485              		.syntax unified
 4486              		.thumb
 4487              		.thumb_func
 4489              	SPI_TxISR_16BIT:
 4490              	.LVL297:
 4491              	.LFB111:
3541:Drivers/STM32F1xx_HAL_Driver/Src/stm32f1xx_hal_spi.c ****   /* Transmit data in 16 Bit mode */
 4492              		.loc 1 3541 1 is_stmt 1 view -0
 4493              		.cfi_startproc
 4494              		@ args = 0, pretend = 0, frame = 0
 4495              		@ frame_needed = 0, uses_anonymous_args = 0
3541:Drivers/STM32F1xx_HAL_Driver/Src/stm32f1xx_hal_spi.c ****   /* Transmit data in 16 Bit mode */
 4496              		.loc 1 3541 1 is_stmt 0 view .LVU1543
 4497 0000 08B5     		push	{r3, lr}
 4498              		.cfi_def_cfa_offset 8
 4499              		.cfi_offset 3, -8
ARM GAS  C:\Users\zhmis\AppData\Local\Temp\ccgFfHBP.s 			page 175


 4500              		.cfi_offset 14, -4
3543:Drivers/STM32F1xx_HAL_Driver/Src/stm32f1xx_hal_spi.c ****   hspi->pTxBuffPtr += sizeof(uint16_t);
 4501              		.loc 1 3543 3 is_stmt 1 view .LVU1544
3543:Drivers/STM32F1xx_HAL_Driver/Src/stm32f1xx_hal_spi.c ****   hspi->pTxBuffPtr += sizeof(uint16_t);
 4502              		.loc 1 3543 42 is_stmt 0 view .LVU1545
 4503 0002 026B     		ldr	r2, [r0, #48]
3543:Drivers/STM32F1xx_HAL_Driver/Src/stm32f1xx_hal_spi.c ****   hspi->pTxBuffPtr += sizeof(uint16_t);
 4504              		.loc 1 3543 7 view .LVU1546
 4505 0004 0368     		ldr	r3, [r0]
3543:Drivers/STM32F1xx_HAL_Driver/Src/stm32f1xx_hal_spi.c ****   hspi->pTxBuffPtr += sizeof(uint16_t);
 4506              		.loc 1 3543 24 view .LVU1547
 4507 0006 1288     		ldrh	r2, [r2]
3543:Drivers/STM32F1xx_HAL_Driver/Src/stm32f1xx_hal_spi.c ****   hspi->pTxBuffPtr += sizeof(uint16_t);
 4508              		.loc 1 3543 22 view .LVU1548
 4509 0008 DA60     		str	r2, [r3, #12]
3544:Drivers/STM32F1xx_HAL_Driver/Src/stm32f1xx_hal_spi.c ****   hspi->TxXferCount--;
 4510              		.loc 1 3544 3 is_stmt 1 view .LVU1549
3544:Drivers/STM32F1xx_HAL_Driver/Src/stm32f1xx_hal_spi.c ****   hspi->TxXferCount--;
 4511              		.loc 1 3544 7 is_stmt 0 view .LVU1550
 4512 000a 036B     		ldr	r3, [r0, #48]
3544:Drivers/STM32F1xx_HAL_Driver/Src/stm32f1xx_hal_spi.c ****   hspi->TxXferCount--;
 4513              		.loc 1 3544 20 view .LVU1551
 4514 000c 0233     		adds	r3, r3, #2
 4515 000e 0363     		str	r3, [r0, #48]
3545:Drivers/STM32F1xx_HAL_Driver/Src/stm32f1xx_hal_spi.c **** 
 4516              		.loc 1 3545 3 is_stmt 1 view .LVU1552
3545:Drivers/STM32F1xx_HAL_Driver/Src/stm32f1xx_hal_spi.c **** 
 4517              		.loc 1 3545 7 is_stmt 0 view .LVU1553
 4518 0010 C38E     		ldrh	r3, [r0, #54]
 4519 0012 9BB2     		uxth	r3, r3
3545:Drivers/STM32F1xx_HAL_Driver/Src/stm32f1xx_hal_spi.c **** 
 4520              		.loc 1 3545 20 view .LVU1554
 4521 0014 013B     		subs	r3, r3, #1
 4522 0016 9BB2     		uxth	r3, r3
 4523 0018 C386     		strh	r3, [r0, #54]	@ movhi
3547:Drivers/STM32F1xx_HAL_Driver/Src/stm32f1xx_hal_spi.c ****   {
 4524              		.loc 1 3547 3 is_stmt 1 view .LVU1555
3547:Drivers/STM32F1xx_HAL_Driver/Src/stm32f1xx_hal_spi.c ****   {
 4525              		.loc 1 3547 11 is_stmt 0 view .LVU1556
 4526 001a C38E     		ldrh	r3, [r0, #54]
 4527 001c 9BB2     		uxth	r3, r3
3547:Drivers/STM32F1xx_HAL_Driver/Src/stm32f1xx_hal_spi.c ****   {
 4528              		.loc 1 3547 6 view .LVU1557
 4529 001e 03B1     		cbz	r3, .L320
 4530              	.LVL298:
 4531              	.L317:
3558:Drivers/STM32F1xx_HAL_Driver/Src/stm32f1xx_hal_spi.c **** 
 4532              		.loc 1 3558 1 view .LVU1558
 4533 0020 08BD     		pop	{r3, pc}
 4534              	.LVL299:
 4535              	.L320:
3556:Drivers/STM32F1xx_HAL_Driver/Src/stm32f1xx_hal_spi.c ****   }
 4536              		.loc 1 3556 5 is_stmt 1 view .LVU1559
 4537 0022 FFF7FEFF 		bl	SPI_CloseTx_ISR
 4538              	.LVL300:
3558:Drivers/STM32F1xx_HAL_Driver/Src/stm32f1xx_hal_spi.c **** 
 4539              		.loc 1 3558 1 is_stmt 0 view .LVU1560
ARM GAS  C:\Users\zhmis\AppData\Local\Temp\ccgFfHBP.s 			page 176


 4540 0026 FBE7     		b	.L317
 4541              		.cfi_endproc
 4542              	.LFE111:
 4544              		.section	.text.SPI_CloseRx_ISR,"ax",%progbits
 4545              		.align	1
 4546              		.syntax unified
 4547              		.thumb
 4548              		.thumb_func
 4550              	SPI_CloseRx_ISR:
 4551              	.LVL301:
 4552              	.LFB116:
3798:Drivers/STM32F1xx_HAL_Driver/Src/stm32f1xx_hal_spi.c ****   /* Disable RXNE and ERR interrupt */
 4553              		.loc 1 3798 1 is_stmt 1 view -0
 4554              		.cfi_startproc
 4555              		@ args = 0, pretend = 0, frame = 8
 4556              		@ frame_needed = 0, uses_anonymous_args = 0
3798:Drivers/STM32F1xx_HAL_Driver/Src/stm32f1xx_hal_spi.c ****   /* Disable RXNE and ERR interrupt */
 4557              		.loc 1 3798 1 is_stmt 0 view .LVU1562
 4558 0000 10B5     		push	{r4, lr}
 4559              		.cfi_def_cfa_offset 8
 4560              		.cfi_offset 4, -8
 4561              		.cfi_offset 14, -4
 4562 0002 82B0     		sub	sp, sp, #8
 4563              		.cfi_def_cfa_offset 16
 4564 0004 0446     		mov	r4, r0
3800:Drivers/STM32F1xx_HAL_Driver/Src/stm32f1xx_hal_spi.c **** 
 4565              		.loc 1 3800 3 is_stmt 1 view .LVU1563
 4566 0006 0268     		ldr	r2, [r0]
 4567 0008 5368     		ldr	r3, [r2, #4]
 4568 000a 23F06003 		bic	r3, r3, #96
 4569 000e 5360     		str	r3, [r2, #4]
3803:Drivers/STM32F1xx_HAL_Driver/Src/stm32f1xx_hal_spi.c ****   {
 4570              		.loc 1 3803 3 view .LVU1564
3803:Drivers/STM32F1xx_HAL_Driver/Src/stm32f1xx_hal_spi.c ****   {
 4571              		.loc 1 3803 7 is_stmt 0 view .LVU1565
 4572 0010 FFF7FEFF 		bl	HAL_GetTick
 4573              	.LVL302:
3803:Drivers/STM32F1xx_HAL_Driver/Src/stm32f1xx_hal_spi.c ****   {
 4574              		.loc 1 3803 7 view .LVU1566
 4575 0014 0246     		mov	r2, r0
3803:Drivers/STM32F1xx_HAL_Driver/Src/stm32f1xx_hal_spi.c ****   {
 4576              		.loc 1 3803 7 discriminator 1 view .LVU1567
 4577 0016 6421     		movs	r1, #100
 4578 0018 2046     		mov	r0, r4
 4579 001a FFF7FEFF 		bl	SPI_EndRxTransaction
 4580              	.LVL303:
3803:Drivers/STM32F1xx_HAL_Driver/Src/stm32f1xx_hal_spi.c ****   {
 4581              		.loc 1 3803 6 discriminator 2 view .LVU1568
 4582 001e 18B1     		cbz	r0, .L322
3805:Drivers/STM32F1xx_HAL_Driver/Src/stm32f1xx_hal_spi.c ****   }
 4583              		.loc 1 3805 5 is_stmt 1 view .LVU1569
 4584 0020 636D     		ldr	r3, [r4, #84]
 4585 0022 43F02003 		orr	r3, r3, #32
 4586 0026 6365     		str	r3, [r4, #84]
 4587              	.L322:
3809:Drivers/STM32F1xx_HAL_Driver/Src/stm32f1xx_hal_spi.c ****   {
 4588              		.loc 1 3809 3 view .LVU1570
ARM GAS  C:\Users\zhmis\AppData\Local\Temp\ccgFfHBP.s 			page 177


3809:Drivers/STM32F1xx_HAL_Driver/Src/stm32f1xx_hal_spi.c ****   {
 4589              		.loc 1 3809 17 is_stmt 0 view .LVU1571
 4590 0028 A368     		ldr	r3, [r4, #8]
3809:Drivers/STM32F1xx_HAL_Driver/Src/stm32f1xx_hal_spi.c ****   {
 4591              		.loc 1 3809 6 view .LVU1572
 4592 002a 33B9     		cbnz	r3, .L323
3811:Drivers/STM32F1xx_HAL_Driver/Src/stm32f1xx_hal_spi.c ****   }
 4593              		.loc 1 3811 5 is_stmt 1 view .LVU1573
 4594              	.LBB6:
3811:Drivers/STM32F1xx_HAL_Driver/Src/stm32f1xx_hal_spi.c ****   }
 4595              		.loc 1 3811 5 view .LVU1574
 4596 002c 0193     		str	r3, [sp, #4]
3811:Drivers/STM32F1xx_HAL_Driver/Src/stm32f1xx_hal_spi.c ****   }
 4597              		.loc 1 3811 5 view .LVU1575
 4598 002e 2368     		ldr	r3, [r4]
 4599 0030 DA68     		ldr	r2, [r3, #12]
 4600 0032 0192     		str	r2, [sp, #4]
3811:Drivers/STM32F1xx_HAL_Driver/Src/stm32f1xx_hal_spi.c ****   }
 4601              		.loc 1 3811 5 view .LVU1576
 4602 0034 9B68     		ldr	r3, [r3, #8]
 4603 0036 0193     		str	r3, [sp, #4]
3811:Drivers/STM32F1xx_HAL_Driver/Src/stm32f1xx_hal_spi.c ****   }
 4604              		.loc 1 3811 5 view .LVU1577
 4605 0038 019B     		ldr	r3, [sp, #4]
 4606              	.L323:
 4607              	.LBE6:
3811:Drivers/STM32F1xx_HAL_Driver/Src/stm32f1xx_hal_spi.c ****   }
 4608              		.loc 1 3811 5 discriminator 1 view .LVU1578
3813:Drivers/STM32F1xx_HAL_Driver/Src/stm32f1xx_hal_spi.c **** 
 4609              		.loc 1 3813 3 view .LVU1579
3813:Drivers/STM32F1xx_HAL_Driver/Src/stm32f1xx_hal_spi.c **** 
 4610              		.loc 1 3813 15 is_stmt 0 view .LVU1580
 4611 003a 0123     		movs	r3, #1
 4612 003c 84F85130 		strb	r3, [r4, #81]
3842:Drivers/STM32F1xx_HAL_Driver/Src/stm32f1xx_hal_spi.c ****     {
 4613              		.loc 1 3842 5 is_stmt 1 view .LVU1581
3842:Drivers/STM32F1xx_HAL_Driver/Src/stm32f1xx_hal_spi.c ****     {
 4614              		.loc 1 3842 13 is_stmt 0 view .LVU1582
 4615 0040 636D     		ldr	r3, [r4, #84]
3842:Drivers/STM32F1xx_HAL_Driver/Src/stm32f1xx_hal_spi.c ****     {
 4616              		.loc 1 3842 8 view .LVU1583
 4617 0042 23B9     		cbnz	r3, .L324
3848:Drivers/STM32F1xx_HAL_Driver/Src/stm32f1xx_hal_spi.c **** #endif /* USE_HAL_SPI_REGISTER_CALLBACKS */
 4618              		.loc 1 3848 7 is_stmt 1 view .LVU1584
 4619 0044 2046     		mov	r0, r4
 4620 0046 FFF7FEFF 		bl	HAL_SPI_RxCpltCallback
 4621              	.LVL304:
 4622              	.L321:
3863:Drivers/STM32F1xx_HAL_Driver/Src/stm32f1xx_hal_spi.c **** 
 4623              		.loc 1 3863 1 is_stmt 0 view .LVU1585
 4624 004a 02B0     		add	sp, sp, #8
 4625              		.cfi_remember_state
 4626              		.cfi_def_cfa_offset 8
 4627              		@ sp needed
 4628 004c 10BD     		pop	{r4, pc}
 4629              	.LVL305:
 4630              	.L324:
ARM GAS  C:\Users\zhmis\AppData\Local\Temp\ccgFfHBP.s 			page 178


 4631              		.cfi_restore_state
3857:Drivers/STM32F1xx_HAL_Driver/Src/stm32f1xx_hal_spi.c **** #endif /* USE_HAL_SPI_REGISTER_CALLBACKS */
 4632              		.loc 1 3857 7 is_stmt 1 view .LVU1586
 4633 004e 2046     		mov	r0, r4
 4634 0050 FFF7FEFF 		bl	HAL_SPI_ErrorCallback
 4635              	.LVL306:
3863:Drivers/STM32F1xx_HAL_Driver/Src/stm32f1xx_hal_spi.c **** 
 4636              		.loc 1 3863 1 is_stmt 0 view .LVU1587
 4637 0054 F9E7     		b	.L321
 4638              		.cfi_endproc
 4639              	.LFE116:
 4641              		.section	.text.SPI_RxISR_8BIT,"ax",%progbits
 4642              		.align	1
 4643              		.syntax unified
 4644              		.thumb
 4645              		.thumb_func
 4647              	SPI_RxISR_8BIT:
 4648              	.LVL307:
 4649              	.LFB108:
3413:Drivers/STM32F1xx_HAL_Driver/Src/stm32f1xx_hal_spi.c ****   *hspi->pRxBuffPtr = (*(__IO uint8_t *)&hspi->Instance->DR);
 4650              		.loc 1 3413 1 is_stmt 1 view -0
 4651              		.cfi_startproc
 4652              		@ args = 0, pretend = 0, frame = 0
 4653              		@ frame_needed = 0, uses_anonymous_args = 0
3413:Drivers/STM32F1xx_HAL_Driver/Src/stm32f1xx_hal_spi.c ****   *hspi->pRxBuffPtr = (*(__IO uint8_t *)&hspi->Instance->DR);
 4654              		.loc 1 3413 1 is_stmt 0 view .LVU1589
 4655 0000 08B5     		push	{r3, lr}
 4656              		.cfi_def_cfa_offset 8
 4657              		.cfi_offset 3, -8
 4658              		.cfi_offset 14, -4
3414:Drivers/STM32F1xx_HAL_Driver/Src/stm32f1xx_hal_spi.c ****   hspi->pRxBuffPtr++;
 4659              		.loc 1 3414 3 is_stmt 1 view .LVU1590
3414:Drivers/STM32F1xx_HAL_Driver/Src/stm32f1xx_hal_spi.c ****   hspi->pRxBuffPtr++;
 4660              		.loc 1 3414 46 is_stmt 0 view .LVU1591
 4661 0002 0268     		ldr	r2, [r0]
3414:Drivers/STM32F1xx_HAL_Driver/Src/stm32f1xx_hal_spi.c ****   hspi->pRxBuffPtr++;
 4662              		.loc 1 3414 8 view .LVU1592
 4663 0004 836B     		ldr	r3, [r0, #56]
3414:Drivers/STM32F1xx_HAL_Driver/Src/stm32f1xx_hal_spi.c ****   hspi->pRxBuffPtr++;
 4664              		.loc 1 3414 24 view .LVU1593
 4665 0006 127B     		ldrb	r2, [r2, #12]	@ zero_extendqisi2
3414:Drivers/STM32F1xx_HAL_Driver/Src/stm32f1xx_hal_spi.c ****   hspi->pRxBuffPtr++;
 4666              		.loc 1 3414 21 view .LVU1594
 4667 0008 1A70     		strb	r2, [r3]
3415:Drivers/STM32F1xx_HAL_Driver/Src/stm32f1xx_hal_spi.c ****   hspi->RxXferCount--;
 4668              		.loc 1 3415 3 is_stmt 1 view .LVU1595
3415:Drivers/STM32F1xx_HAL_Driver/Src/stm32f1xx_hal_spi.c ****   hspi->RxXferCount--;
 4669              		.loc 1 3415 7 is_stmt 0 view .LVU1596
 4670 000a 836B     		ldr	r3, [r0, #56]
3415:Drivers/STM32F1xx_HAL_Driver/Src/stm32f1xx_hal_spi.c ****   hspi->RxXferCount--;
 4671              		.loc 1 3415 19 view .LVU1597
 4672 000c 0133     		adds	r3, r3, #1
 4673 000e 8363     		str	r3, [r0, #56]
3416:Drivers/STM32F1xx_HAL_Driver/Src/stm32f1xx_hal_spi.c **** 
 4674              		.loc 1 3416 3 is_stmt 1 view .LVU1598
3416:Drivers/STM32F1xx_HAL_Driver/Src/stm32f1xx_hal_spi.c **** 
 4675              		.loc 1 3416 7 is_stmt 0 view .LVU1599
ARM GAS  C:\Users\zhmis\AppData\Local\Temp\ccgFfHBP.s 			page 179


 4676 0010 C38F     		ldrh	r3, [r0, #62]
 4677 0012 9BB2     		uxth	r3, r3
3416:Drivers/STM32F1xx_HAL_Driver/Src/stm32f1xx_hal_spi.c **** 
 4678              		.loc 1 3416 20 view .LVU1600
 4679 0014 013B     		subs	r3, r3, #1
 4680 0016 9BB2     		uxth	r3, r3
 4681 0018 C387     		strh	r3, [r0, #62]	@ movhi
3433:Drivers/STM32F1xx_HAL_Driver/Src/stm32f1xx_hal_spi.c ****   {
 4682              		.loc 1 3433 3 is_stmt 1 view .LVU1601
3433:Drivers/STM32F1xx_HAL_Driver/Src/stm32f1xx_hal_spi.c ****   {
 4683              		.loc 1 3433 11 is_stmt 0 view .LVU1602
 4684 001a C38F     		ldrh	r3, [r0, #62]
 4685 001c 9BB2     		uxth	r3, r3
3433:Drivers/STM32F1xx_HAL_Driver/Src/stm32f1xx_hal_spi.c ****   {
 4686              		.loc 1 3433 6 view .LVU1603
 4687 001e 03B1     		cbz	r3, .L330
 4688              	.LVL308:
 4689              	.L327:
3444:Drivers/STM32F1xx_HAL_Driver/Src/stm32f1xx_hal_spi.c **** 
 4690              		.loc 1 3444 1 view .LVU1604
 4691 0020 08BD     		pop	{r3, pc}
 4692              	.LVL309:
 4693              	.L330:
3442:Drivers/STM32F1xx_HAL_Driver/Src/stm32f1xx_hal_spi.c ****   }
 4694              		.loc 1 3442 5 is_stmt 1 view .LVU1605
 4695 0022 FFF7FEFF 		bl	SPI_CloseRx_ISR
 4696              	.LVL310:
3444:Drivers/STM32F1xx_HAL_Driver/Src/stm32f1xx_hal_spi.c **** 
 4697              		.loc 1 3444 1 is_stmt 0 view .LVU1606
 4698 0026 FBE7     		b	.L327
 4699              		.cfi_endproc
 4700              	.LFE108:
 4702              		.section	.text.SPI_RxISR_16BIT,"ax",%progbits
 4703              		.align	1
 4704              		.syntax unified
 4705              		.thumb
 4706              		.thumb_func
 4708              	SPI_RxISR_16BIT:
 4709              	.LVL311:
 4710              	.LFB109:
3476:Drivers/STM32F1xx_HAL_Driver/Src/stm32f1xx_hal_spi.c ****   *((uint16_t *)hspi->pRxBuffPtr) = (uint16_t)(hspi->Instance->DR);
 4711              		.loc 1 3476 1 is_stmt 1 view -0
 4712              		.cfi_startproc
 4713              		@ args = 0, pretend = 0, frame = 0
 4714              		@ frame_needed = 0, uses_anonymous_args = 0
3476:Drivers/STM32F1xx_HAL_Driver/Src/stm32f1xx_hal_spi.c ****   *((uint16_t *)hspi->pRxBuffPtr) = (uint16_t)(hspi->Instance->DR);
 4715              		.loc 1 3476 1 is_stmt 0 view .LVU1608
 4716 0000 08B5     		push	{r3, lr}
 4717              		.cfi_def_cfa_offset 8
 4718              		.cfi_offset 3, -8
 4719              		.cfi_offset 14, -4
3477:Drivers/STM32F1xx_HAL_Driver/Src/stm32f1xx_hal_spi.c ****   hspi->pRxBuffPtr += sizeof(uint16_t);
 4720              		.loc 1 3477 3 is_stmt 1 view .LVU1609
3477:Drivers/STM32F1xx_HAL_Driver/Src/stm32f1xx_hal_spi.c ****   hspi->pRxBuffPtr += sizeof(uint16_t);
 4721              		.loc 1 3477 52 is_stmt 0 view .LVU1610
 4722 0002 0368     		ldr	r3, [r0]
3477:Drivers/STM32F1xx_HAL_Driver/Src/stm32f1xx_hal_spi.c ****   hspi->pRxBuffPtr += sizeof(uint16_t);
ARM GAS  C:\Users\zhmis\AppData\Local\Temp\ccgFfHBP.s 			page 180


 4723              		.loc 1 3477 62 view .LVU1611
 4724 0004 DA68     		ldr	r2, [r3, #12]
3477:Drivers/STM32F1xx_HAL_Driver/Src/stm32f1xx_hal_spi.c ****   hspi->pRxBuffPtr += sizeof(uint16_t);
 4725              		.loc 1 3477 21 view .LVU1612
 4726 0006 836B     		ldr	r3, [r0, #56]
3477:Drivers/STM32F1xx_HAL_Driver/Src/stm32f1xx_hal_spi.c ****   hspi->pRxBuffPtr += sizeof(uint16_t);
 4727              		.loc 1 3477 35 view .LVU1613
 4728 0008 1A80     		strh	r2, [r3]	@ movhi
3478:Drivers/STM32F1xx_HAL_Driver/Src/stm32f1xx_hal_spi.c ****   hspi->RxXferCount--;
 4729              		.loc 1 3478 3 is_stmt 1 view .LVU1614
3478:Drivers/STM32F1xx_HAL_Driver/Src/stm32f1xx_hal_spi.c ****   hspi->RxXferCount--;
 4730              		.loc 1 3478 7 is_stmt 0 view .LVU1615
 4731 000a 836B     		ldr	r3, [r0, #56]
3478:Drivers/STM32F1xx_HAL_Driver/Src/stm32f1xx_hal_spi.c ****   hspi->RxXferCount--;
 4732              		.loc 1 3478 20 view .LVU1616
 4733 000c 0233     		adds	r3, r3, #2
 4734 000e 8363     		str	r3, [r0, #56]
3479:Drivers/STM32F1xx_HAL_Driver/Src/stm32f1xx_hal_spi.c **** 
 4735              		.loc 1 3479 3 is_stmt 1 view .LVU1617
3479:Drivers/STM32F1xx_HAL_Driver/Src/stm32f1xx_hal_spi.c **** 
 4736              		.loc 1 3479 7 is_stmt 0 view .LVU1618
 4737 0010 C38F     		ldrh	r3, [r0, #62]
 4738 0012 9BB2     		uxth	r3, r3
3479:Drivers/STM32F1xx_HAL_Driver/Src/stm32f1xx_hal_spi.c **** 
 4739              		.loc 1 3479 20 view .LVU1619
 4740 0014 013B     		subs	r3, r3, #1
 4741 0016 9BB2     		uxth	r3, r3
 4742 0018 C387     		strh	r3, [r0, #62]	@ movhi
3496:Drivers/STM32F1xx_HAL_Driver/Src/stm32f1xx_hal_spi.c ****   {
 4743              		.loc 1 3496 3 is_stmt 1 view .LVU1620
3496:Drivers/STM32F1xx_HAL_Driver/Src/stm32f1xx_hal_spi.c ****   {
 4744              		.loc 1 3496 11 is_stmt 0 view .LVU1621
 4745 001a C38F     		ldrh	r3, [r0, #62]
 4746 001c 9BB2     		uxth	r3, r3
3496:Drivers/STM32F1xx_HAL_Driver/Src/stm32f1xx_hal_spi.c ****   {
 4747              		.loc 1 3496 6 view .LVU1622
 4748 001e 03B1     		cbz	r3, .L334
 4749              	.LVL312:
 4750              	.L331:
3507:Drivers/STM32F1xx_HAL_Driver/Src/stm32f1xx_hal_spi.c **** 
 4751              		.loc 1 3507 1 view .LVU1623
 4752 0020 08BD     		pop	{r3, pc}
 4753              	.LVL313:
 4754              	.L334:
3505:Drivers/STM32F1xx_HAL_Driver/Src/stm32f1xx_hal_spi.c ****   }
 4755              		.loc 1 3505 5 is_stmt 1 view .LVU1624
 4756 0022 FFF7FEFF 		bl	SPI_CloseRx_ISR
 4757              	.LVL314:
3507:Drivers/STM32F1xx_HAL_Driver/Src/stm32f1xx_hal_spi.c **** 
 4758              		.loc 1 3507 1 is_stmt 0 view .LVU1625
 4759 0026 FBE7     		b	.L331
 4760              		.cfi_endproc
 4761              	.LFE109:
 4763              		.section	.text.SPI_CloseRxTx_ISR,"ax",%progbits
 4764              		.align	1
 4765              		.syntax unified
 4766              		.thumb
ARM GAS  C:\Users\zhmis\AppData\Local\Temp\ccgFfHBP.s 			page 181


 4767              		.thumb_func
 4769              	SPI_CloseRxTx_ISR:
 4770              	.LVL315:
 4771              	.LFB115:
3692:Drivers/STM32F1xx_HAL_Driver/Src/stm32f1xx_hal_spi.c ****   uint32_t tickstart;
 4772              		.loc 1 3692 1 is_stmt 1 view -0
 4773              		.cfi_startproc
 4774              		@ args = 0, pretend = 0, frame = 8
 4775              		@ frame_needed = 0, uses_anonymous_args = 0
3692:Drivers/STM32F1xx_HAL_Driver/Src/stm32f1xx_hal_spi.c ****   uint32_t tickstart;
 4776              		.loc 1 3692 1 is_stmt 0 view .LVU1627
 4777 0000 10B5     		push	{r4, lr}
 4778              		.cfi_def_cfa_offset 8
 4779              		.cfi_offset 4, -8
 4780              		.cfi_offset 14, -4
 4781 0002 82B0     		sub	sp, sp, #8
 4782              		.cfi_def_cfa_offset 16
 4783 0004 0446     		mov	r4, r0
3693:Drivers/STM32F1xx_HAL_Driver/Src/stm32f1xx_hal_spi.c ****   __IO uint32_t count = SPI_DEFAULT_TIMEOUT * (SystemCoreClock / 24U / 1000U);
 4784              		.loc 1 3693 3 is_stmt 1 view .LVU1628
3694:Drivers/STM32F1xx_HAL_Driver/Src/stm32f1xx_hal_spi.c **** 
 4785              		.loc 1 3694 3 view .LVU1629
3694:Drivers/STM32F1xx_HAL_Driver/Src/stm32f1xx_hal_spi.c **** 
 4786              		.loc 1 3694 70 is_stmt 0 view .LVU1630
 4787 0006 284B     		ldr	r3, .L347
 4788 0008 1B68     		ldr	r3, [r3]
 4789 000a 284A     		ldr	r2, .L347+4
 4790 000c A2FB0323 		umull	r2, r3, r2, r3
 4791 0010 5B0A     		lsrs	r3, r3, #9
3694:Drivers/STM32F1xx_HAL_Driver/Src/stm32f1xx_hal_spi.c **** 
 4792              		.loc 1 3694 45 view .LVU1631
 4793 0012 6422     		movs	r2, #100
 4794 0014 02FB03F3 		mul	r3, r2, r3
3694:Drivers/STM32F1xx_HAL_Driver/Src/stm32f1xx_hal_spi.c **** 
 4795              		.loc 1 3694 17 view .LVU1632
 4796 0018 0193     		str	r3, [sp, #4]
3697:Drivers/STM32F1xx_HAL_Driver/Src/stm32f1xx_hal_spi.c **** 
 4797              		.loc 1 3697 3 is_stmt 1 view .LVU1633
3697:Drivers/STM32F1xx_HAL_Driver/Src/stm32f1xx_hal_spi.c **** 
 4798              		.loc 1 3697 15 is_stmt 0 view .LVU1634
 4799 001a FFF7FEFF 		bl	HAL_GetTick
 4800              	.LVL316:
3697:Drivers/STM32F1xx_HAL_Driver/Src/stm32f1xx_hal_spi.c **** 
 4801              		.loc 1 3697 15 view .LVU1635
 4802 001e 0246     		mov	r2, r0
 4803              	.LVL317:
3700:Drivers/STM32F1xx_HAL_Driver/Src/stm32f1xx_hal_spi.c **** 
 4804              		.loc 1 3700 3 is_stmt 1 view .LVU1636
 4805 0020 2168     		ldr	r1, [r4]
 4806 0022 4B68     		ldr	r3, [r1, #4]
 4807 0024 23F02003 		bic	r3, r3, #32
 4808 0028 4B60     		str	r3, [r1, #4]
 4809              	.L338:
3703:Drivers/STM32F1xx_HAL_Driver/Src/stm32f1xx_hal_spi.c ****   {
 4810              		.loc 1 3703 3 view .LVU1637
3705:Drivers/STM32F1xx_HAL_Driver/Src/stm32f1xx_hal_spi.c ****     {
 4811              		.loc 1 3705 5 view .LVU1638
ARM GAS  C:\Users\zhmis\AppData\Local\Temp\ccgFfHBP.s 			page 182


3705:Drivers/STM32F1xx_HAL_Driver/Src/stm32f1xx_hal_spi.c ****     {
 4812              		.loc 1 3705 15 is_stmt 0 view .LVU1639
 4813 002a 019B     		ldr	r3, [sp, #4]
3705:Drivers/STM32F1xx_HAL_Driver/Src/stm32f1xx_hal_spi.c ****     {
 4814              		.loc 1 3705 8 view .LVU1640
 4815 002c 43B1     		cbz	r3, .L345
3710:Drivers/STM32F1xx_HAL_Driver/Src/stm32f1xx_hal_spi.c ****   } while ((hspi->Instance->SR & SPI_FLAG_TXE) == RESET);
 4816              		.loc 1 3710 5 is_stmt 1 view .LVU1641
3710:Drivers/STM32F1xx_HAL_Driver/Src/stm32f1xx_hal_spi.c ****   } while ((hspi->Instance->SR & SPI_FLAG_TXE) == RESET);
 4817              		.loc 1 3710 10 is_stmt 0 view .LVU1642
 4818 002e 019B     		ldr	r3, [sp, #4]
 4819 0030 013B     		subs	r3, r3, #1
 4820 0032 0193     		str	r3, [sp, #4]
3711:Drivers/STM32F1xx_HAL_Driver/Src/stm32f1xx_hal_spi.c **** 
 4821              		.loc 1 3711 48 is_stmt 1 view .LVU1643
3711:Drivers/STM32F1xx_HAL_Driver/Src/stm32f1xx_hal_spi.c **** 
 4822              		.loc 1 3711 17 is_stmt 0 view .LVU1644
 4823 0034 2368     		ldr	r3, [r4]
3711:Drivers/STM32F1xx_HAL_Driver/Src/stm32f1xx_hal_spi.c **** 
 4824              		.loc 1 3711 27 view .LVU1645
 4825 0036 9B68     		ldr	r3, [r3, #8]
3711:Drivers/STM32F1xx_HAL_Driver/Src/stm32f1xx_hal_spi.c **** 
 4826              		.loc 1 3711 48 view .LVU1646
 4827 0038 13F0020F 		tst	r3, #2
 4828 003c F5D0     		beq	.L338
 4829 003e 03E0     		b	.L337
 4830              	.L345:
3707:Drivers/STM32F1xx_HAL_Driver/Src/stm32f1xx_hal_spi.c ****       break;
 4831              		.loc 1 3707 7 is_stmt 1 view .LVU1647
 4832 0040 636D     		ldr	r3, [r4, #84]
 4833 0042 43F02003 		orr	r3, r3, #32
 4834 0046 6365     		str	r3, [r4, #84]
3708:Drivers/STM32F1xx_HAL_Driver/Src/stm32f1xx_hal_spi.c ****     }
 4835              		.loc 1 3708 7 view .LVU1648
 4836              	.L337:
3714:Drivers/STM32F1xx_HAL_Driver/Src/stm32f1xx_hal_spi.c ****   {
 4837              		.loc 1 3714 3 view .LVU1649
3714:Drivers/STM32F1xx_HAL_Driver/Src/stm32f1xx_hal_spi.c ****   {
 4838              		.loc 1 3714 7 is_stmt 0 view .LVU1650
 4839 0048 6421     		movs	r1, #100
 4840 004a 2046     		mov	r0, r4
 4841              	.LVL318:
3714:Drivers/STM32F1xx_HAL_Driver/Src/stm32f1xx_hal_spi.c ****   {
 4842              		.loc 1 3714 7 view .LVU1651
 4843 004c FFF7FEFF 		bl	SPI_EndRxTxTransaction
 4844              	.LVL319:
3714:Drivers/STM32F1xx_HAL_Driver/Src/stm32f1xx_hal_spi.c ****   {
 4845              		.loc 1 3714 6 discriminator 1 view .LVU1652
 4846 0050 18B1     		cbz	r0, .L339
3716:Drivers/STM32F1xx_HAL_Driver/Src/stm32f1xx_hal_spi.c ****   }
 4847              		.loc 1 3716 5 is_stmt 1 view .LVU1653
 4848 0052 636D     		ldr	r3, [r4, #84]
 4849 0054 43F02003 		orr	r3, r3, #32
 4850 0058 6365     		str	r3, [r4, #84]
 4851              	.L339:
3720:Drivers/STM32F1xx_HAL_Driver/Src/stm32f1xx_hal_spi.c ****   {
 4852              		.loc 1 3720 3 view .LVU1654
ARM GAS  C:\Users\zhmis\AppData\Local\Temp\ccgFfHBP.s 			page 183


3720:Drivers/STM32F1xx_HAL_Driver/Src/stm32f1xx_hal_spi.c ****   {
 4853              		.loc 1 3720 17 is_stmt 0 view .LVU1655
 4854 005a A368     		ldr	r3, [r4, #8]
3720:Drivers/STM32F1xx_HAL_Driver/Src/stm32f1xx_hal_spi.c ****   {
 4855              		.loc 1 3720 6 view .LVU1656
 4856 005c 33B9     		cbnz	r3, .L340
3722:Drivers/STM32F1xx_HAL_Driver/Src/stm32f1xx_hal_spi.c ****   }
 4857              		.loc 1 3722 5 is_stmt 1 view .LVU1657
 4858              	.LBB7:
3722:Drivers/STM32F1xx_HAL_Driver/Src/stm32f1xx_hal_spi.c ****   }
 4859              		.loc 1 3722 5 view .LVU1658
 4860 005e 0093     		str	r3, [sp]
3722:Drivers/STM32F1xx_HAL_Driver/Src/stm32f1xx_hal_spi.c ****   }
 4861              		.loc 1 3722 5 view .LVU1659
 4862 0060 2368     		ldr	r3, [r4]
 4863 0062 DA68     		ldr	r2, [r3, #12]
 4864 0064 0092     		str	r2, [sp]
3722:Drivers/STM32F1xx_HAL_Driver/Src/stm32f1xx_hal_spi.c ****   }
 4865              		.loc 1 3722 5 view .LVU1660
 4866 0066 9B68     		ldr	r3, [r3, #8]
 4867 0068 0093     		str	r3, [sp]
3722:Drivers/STM32F1xx_HAL_Driver/Src/stm32f1xx_hal_spi.c ****   }
 4868              		.loc 1 3722 5 view .LVU1661
 4869 006a 009B     		ldr	r3, [sp]
 4870              	.L340:
 4871              	.LBE7:
3722:Drivers/STM32F1xx_HAL_Driver/Src/stm32f1xx_hal_spi.c ****   }
 4872              		.loc 1 3722 5 discriminator 1 view .LVU1662
3753:Drivers/STM32F1xx_HAL_Driver/Src/stm32f1xx_hal_spi.c ****     {
 4873              		.loc 1 3753 5 view .LVU1663
3753:Drivers/STM32F1xx_HAL_Driver/Src/stm32f1xx_hal_spi.c ****     {
 4874              		.loc 1 3753 13 is_stmt 0 view .LVU1664
 4875 006c 636D     		ldr	r3, [r4, #84]
3753:Drivers/STM32F1xx_HAL_Driver/Src/stm32f1xx_hal_spi.c ****     {
 4876              		.loc 1 3753 8 view .LVU1665
 4877 006e 9BB9     		cbnz	r3, .L341
3755:Drivers/STM32F1xx_HAL_Driver/Src/stm32f1xx_hal_spi.c ****       {
 4878              		.loc 1 3755 7 is_stmt 1 view .LVU1666
3755:Drivers/STM32F1xx_HAL_Driver/Src/stm32f1xx_hal_spi.c ****       {
 4879              		.loc 1 3755 15 is_stmt 0 view .LVU1667
 4880 0070 94F85130 		ldrb	r3, [r4, #81]	@ zero_extendqisi2
 4881 0074 DBB2     		uxtb	r3, r3
3755:Drivers/STM32F1xx_HAL_Driver/Src/stm32f1xx_hal_spi.c ****       {
 4882              		.loc 1 3755 10 view .LVU1668
 4883 0076 042B     		cmp	r3, #4
 4884 0078 07D0     		beq	.L346
3767:Drivers/STM32F1xx_HAL_Driver/Src/stm32f1xx_hal_spi.c ****         /* Call user TxRx complete callback */
 4885              		.loc 1 3767 9 is_stmt 1 view .LVU1669
3767:Drivers/STM32F1xx_HAL_Driver/Src/stm32f1xx_hal_spi.c ****         /* Call user TxRx complete callback */
 4886              		.loc 1 3767 21 is_stmt 0 view .LVU1670
 4887 007a 0123     		movs	r3, #1
 4888 007c 84F85130 		strb	r3, [r4, #81]
3772:Drivers/STM32F1xx_HAL_Driver/Src/stm32f1xx_hal_spi.c **** #endif /* USE_HAL_SPI_REGISTER_CALLBACKS */
 4889              		.loc 1 3772 9 is_stmt 1 view .LVU1671
 4890 0080 2046     		mov	r0, r4
 4891 0082 FFF7FEFF 		bl	HAL_SPI_TxRxCpltCallback
 4892              	.LVL320:
ARM GAS  C:\Users\zhmis\AppData\Local\Temp\ccgFfHBP.s 			page 184


 4893              	.L335:
3789:Drivers/STM32F1xx_HAL_Driver/Src/stm32f1xx_hal_spi.c **** 
 4894              		.loc 1 3789 1 is_stmt 0 view .LVU1672
 4895 0086 02B0     		add	sp, sp, #8
 4896              		.cfi_remember_state
 4897              		.cfi_def_cfa_offset 8
 4898              		@ sp needed
 4899 0088 10BD     		pop	{r4, pc}
 4900              	.LVL321:
 4901              	.L346:
 4902              		.cfi_restore_state
3757:Drivers/STM32F1xx_HAL_Driver/Src/stm32f1xx_hal_spi.c ****         /* Call user Rx complete callback */
 4903              		.loc 1 3757 9 is_stmt 1 view .LVU1673
3757:Drivers/STM32F1xx_HAL_Driver/Src/stm32f1xx_hal_spi.c ****         /* Call user Rx complete callback */
 4904              		.loc 1 3757 21 is_stmt 0 view .LVU1674
 4905 008a 0123     		movs	r3, #1
 4906 008c 84F85130 		strb	r3, [r4, #81]
3762:Drivers/STM32F1xx_HAL_Driver/Src/stm32f1xx_hal_spi.c **** #endif /* USE_HAL_SPI_REGISTER_CALLBACKS */
 4907              		.loc 1 3762 9 is_stmt 1 view .LVU1675
 4908 0090 2046     		mov	r0, r4
 4909 0092 FFF7FEFF 		bl	HAL_SPI_RxCpltCallback
 4910              	.LVL322:
 4911 0096 F6E7     		b	.L335
 4912              	.L341:
3778:Drivers/STM32F1xx_HAL_Driver/Src/stm32f1xx_hal_spi.c ****       /* Call user error callback */
 4913              		.loc 1 3778 7 view .LVU1676
3778:Drivers/STM32F1xx_HAL_Driver/Src/stm32f1xx_hal_spi.c ****       /* Call user error callback */
 4914              		.loc 1 3778 19 is_stmt 0 view .LVU1677
 4915 0098 0123     		movs	r3, #1
 4916 009a 84F85130 		strb	r3, [r4, #81]
3783:Drivers/STM32F1xx_HAL_Driver/Src/stm32f1xx_hal_spi.c **** #endif /* USE_HAL_SPI_REGISTER_CALLBACKS */
 4917              		.loc 1 3783 7 is_stmt 1 view .LVU1678
 4918 009e 2046     		mov	r0, r4
 4919 00a0 FFF7FEFF 		bl	HAL_SPI_ErrorCallback
 4920              	.LVL323:
3789:Drivers/STM32F1xx_HAL_Driver/Src/stm32f1xx_hal_spi.c **** 
 4921              		.loc 1 3789 1 is_stmt 0 view .LVU1679
 4922 00a4 EFE7     		b	.L335
 4923              	.L348:
 4924 00a6 00BF     		.align	2
 4925              	.L347:
 4926 00a8 00000000 		.word	SystemCoreClock
 4927 00ac F1197605 		.word	91625969
 4928              		.cfi_endproc
 4929              	.LFE115:
 4931              		.section	.text.SPI_2linesTxISR_8BIT,"ax",%progbits
 4932              		.align	1
 4933              		.syntax unified
 4934              		.thumb
 4935              		.thumb_func
 4937              	SPI_2linesTxISR_8BIT:
 4938              	.LVL324:
 4939              	.LFB105:
3261:Drivers/STM32F1xx_HAL_Driver/Src/stm32f1xx_hal_spi.c ****   *(__IO uint8_t *)&hspi->Instance->DR = (*hspi->pTxBuffPtr);
 4940              		.loc 1 3261 1 is_stmt 1 view -0
 4941              		.cfi_startproc
 4942              		@ args = 0, pretend = 0, frame = 0
ARM GAS  C:\Users\zhmis\AppData\Local\Temp\ccgFfHBP.s 			page 185


 4943              		@ frame_needed = 0, uses_anonymous_args = 0
3261:Drivers/STM32F1xx_HAL_Driver/Src/stm32f1xx_hal_spi.c ****   *(__IO uint8_t *)&hspi->Instance->DR = (*hspi->pTxBuffPtr);
 4944              		.loc 1 3261 1 is_stmt 0 view .LVU1681
 4945 0000 08B5     		push	{r3, lr}
 4946              		.cfi_def_cfa_offset 8
 4947              		.cfi_offset 3, -8
 4948              		.cfi_offset 14, -4
3262:Drivers/STM32F1xx_HAL_Driver/Src/stm32f1xx_hal_spi.c ****   hspi->pTxBuffPtr++;
 4949              		.loc 1 3262 3 is_stmt 1 view .LVU1682
3262:Drivers/STM32F1xx_HAL_Driver/Src/stm32f1xx_hal_spi.c ****   hspi->pTxBuffPtr++;
 4950              		.loc 1 3262 48 is_stmt 0 view .LVU1683
 4951 0002 026B     		ldr	r2, [r0, #48]
3262:Drivers/STM32F1xx_HAL_Driver/Src/stm32f1xx_hal_spi.c ****   hspi->pTxBuffPtr++;
 4952              		.loc 1 3262 25 view .LVU1684
 4953 0004 0368     		ldr	r3, [r0]
3262:Drivers/STM32F1xx_HAL_Driver/Src/stm32f1xx_hal_spi.c ****   hspi->pTxBuffPtr++;
 4954              		.loc 1 3262 43 view .LVU1685
 4955 0006 1278     		ldrb	r2, [r2]	@ zero_extendqisi2
3262:Drivers/STM32F1xx_HAL_Driver/Src/stm32f1xx_hal_spi.c ****   hspi->pTxBuffPtr++;
 4956              		.loc 1 3262 40 view .LVU1686
 4957 0008 1A73     		strb	r2, [r3, #12]
3263:Drivers/STM32F1xx_HAL_Driver/Src/stm32f1xx_hal_spi.c ****   hspi->TxXferCount--;
 4958              		.loc 1 3263 3 is_stmt 1 view .LVU1687
3263:Drivers/STM32F1xx_HAL_Driver/Src/stm32f1xx_hal_spi.c ****   hspi->TxXferCount--;
 4959              		.loc 1 3263 7 is_stmt 0 view .LVU1688
 4960 000a 036B     		ldr	r3, [r0, #48]
3263:Drivers/STM32F1xx_HAL_Driver/Src/stm32f1xx_hal_spi.c ****   hspi->TxXferCount--;
 4961              		.loc 1 3263 19 view .LVU1689
 4962 000c 0133     		adds	r3, r3, #1
 4963 000e 0363     		str	r3, [r0, #48]
3264:Drivers/STM32F1xx_HAL_Driver/Src/stm32f1xx_hal_spi.c **** 
 4964              		.loc 1 3264 3 is_stmt 1 view .LVU1690
3264:Drivers/STM32F1xx_HAL_Driver/Src/stm32f1xx_hal_spi.c **** 
 4965              		.loc 1 3264 7 is_stmt 0 view .LVU1691
 4966 0010 C38E     		ldrh	r3, [r0, #54]
 4967 0012 9BB2     		uxth	r3, r3
3264:Drivers/STM32F1xx_HAL_Driver/Src/stm32f1xx_hal_spi.c **** 
 4968              		.loc 1 3264 20 view .LVU1692
 4969 0014 013B     		subs	r3, r3, #1
 4970 0016 9BB2     		uxth	r3, r3
 4971 0018 C386     		strh	r3, [r0, #54]	@ movhi
3267:Drivers/STM32F1xx_HAL_Driver/Src/stm32f1xx_hal_spi.c ****   {
 4972              		.loc 1 3267 3 is_stmt 1 view .LVU1693
3267:Drivers/STM32F1xx_HAL_Driver/Src/stm32f1xx_hal_spi.c ****   {
 4973              		.loc 1 3267 11 is_stmt 0 view .LVU1694
 4974 001a C38E     		ldrh	r3, [r0, #54]
 4975 001c 9BB2     		uxth	r3, r3
3267:Drivers/STM32F1xx_HAL_Driver/Src/stm32f1xx_hal_spi.c ****   {
 4976              		.loc 1 3267 6 view .LVU1695
 4977 001e 3BB9     		cbnz	r3, .L349
3281:Drivers/STM32F1xx_HAL_Driver/Src/stm32f1xx_hal_spi.c **** 
 4978              		.loc 1 3281 5 is_stmt 1 view .LVU1696
 4979 0020 0268     		ldr	r2, [r0]
 4980 0022 5368     		ldr	r3, [r2, #4]
 4981 0024 23F08003 		bic	r3, r3, #128
 4982 0028 5360     		str	r3, [r2, #4]
3283:Drivers/STM32F1xx_HAL_Driver/Src/stm32f1xx_hal_spi.c ****     {
ARM GAS  C:\Users\zhmis\AppData\Local\Temp\ccgFfHBP.s 			page 186


 4983              		.loc 1 3283 5 view .LVU1697
3283:Drivers/STM32F1xx_HAL_Driver/Src/stm32f1xx_hal_spi.c ****     {
 4984              		.loc 1 3283 13 is_stmt 0 view .LVU1698
 4985 002a C38F     		ldrh	r3, [r0, #62]
 4986 002c 9BB2     		uxth	r3, r3
3283:Drivers/STM32F1xx_HAL_Driver/Src/stm32f1xx_hal_spi.c ****     {
 4987              		.loc 1 3283 8 view .LVU1699
 4988 002e 03B1     		cbz	r3, .L352
 4989              	.LVL325:
 4990              	.L349:
3288:Drivers/STM32F1xx_HAL_Driver/Src/stm32f1xx_hal_spi.c **** 
 4991              		.loc 1 3288 1 view .LVU1700
 4992 0030 08BD     		pop	{r3, pc}
 4993              	.LVL326:
 4994              	.L352:
3285:Drivers/STM32F1xx_HAL_Driver/Src/stm32f1xx_hal_spi.c ****     }
 4995              		.loc 1 3285 7 is_stmt 1 view .LVU1701
 4996 0032 FFF7FEFF 		bl	SPI_CloseRxTx_ISR
 4997              	.LVL327:
3288:Drivers/STM32F1xx_HAL_Driver/Src/stm32f1xx_hal_spi.c **** 
 4998              		.loc 1 3288 1 is_stmt 0 view .LVU1702
 4999 0036 FBE7     		b	.L349
 5000              		.cfi_endproc
 5001              	.LFE105:
 5003              		.section	.text.SPI_2linesRxISR_8BIT,"ax",%progbits
 5004              		.align	1
 5005              		.syntax unified
 5006              		.thumb
 5007              		.thumb_func
 5009              	SPI_2linesRxISR_8BIT:
 5010              	.LVL328:
 5011              	.LFB104:
3198:Drivers/STM32F1xx_HAL_Driver/Src/stm32f1xx_hal_spi.c ****   /* Receive data in 8bit mode */
 5012              		.loc 1 3198 1 is_stmt 1 view -0
 5013              		.cfi_startproc
 5014              		@ args = 0, pretend = 0, frame = 0
 5015              		@ frame_needed = 0, uses_anonymous_args = 0
3198:Drivers/STM32F1xx_HAL_Driver/Src/stm32f1xx_hal_spi.c ****   /* Receive data in 8bit mode */
 5016              		.loc 1 3198 1 is_stmt 0 view .LVU1704
 5017 0000 08B5     		push	{r3, lr}
 5018              		.cfi_def_cfa_offset 8
 5019              		.cfi_offset 3, -8
 5020              		.cfi_offset 14, -4
3200:Drivers/STM32F1xx_HAL_Driver/Src/stm32f1xx_hal_spi.c ****   hspi->pRxBuffPtr++;
 5021              		.loc 1 3200 3 is_stmt 1 view .LVU1705
3200:Drivers/STM32F1xx_HAL_Driver/Src/stm32f1xx_hal_spi.c ****   hspi->pRxBuffPtr++;
 5022              		.loc 1 3200 46 is_stmt 0 view .LVU1706
 5023 0002 0268     		ldr	r2, [r0]
3200:Drivers/STM32F1xx_HAL_Driver/Src/stm32f1xx_hal_spi.c ****   hspi->pRxBuffPtr++;
 5024              		.loc 1 3200 8 view .LVU1707
 5025 0004 836B     		ldr	r3, [r0, #56]
3200:Drivers/STM32F1xx_HAL_Driver/Src/stm32f1xx_hal_spi.c ****   hspi->pRxBuffPtr++;
 5026              		.loc 1 3200 23 view .LVU1708
 5027 0006 127B     		ldrb	r2, [r2, #12]	@ zero_extendqisi2
3200:Drivers/STM32F1xx_HAL_Driver/Src/stm32f1xx_hal_spi.c ****   hspi->pRxBuffPtr++;
 5028              		.loc 1 3200 21 view .LVU1709
 5029 0008 1A70     		strb	r2, [r3]
ARM GAS  C:\Users\zhmis\AppData\Local\Temp\ccgFfHBP.s 			page 187


3201:Drivers/STM32F1xx_HAL_Driver/Src/stm32f1xx_hal_spi.c ****   hspi->RxXferCount--;
 5030              		.loc 1 3201 3 is_stmt 1 view .LVU1710
3201:Drivers/STM32F1xx_HAL_Driver/Src/stm32f1xx_hal_spi.c ****   hspi->RxXferCount--;
 5031              		.loc 1 3201 7 is_stmt 0 view .LVU1711
 5032 000a 836B     		ldr	r3, [r0, #56]
3201:Drivers/STM32F1xx_HAL_Driver/Src/stm32f1xx_hal_spi.c ****   hspi->RxXferCount--;
 5033              		.loc 1 3201 19 view .LVU1712
 5034 000c 0133     		adds	r3, r3, #1
 5035 000e 8363     		str	r3, [r0, #56]
3202:Drivers/STM32F1xx_HAL_Driver/Src/stm32f1xx_hal_spi.c **** 
 5036              		.loc 1 3202 3 is_stmt 1 view .LVU1713
3202:Drivers/STM32F1xx_HAL_Driver/Src/stm32f1xx_hal_spi.c **** 
 5037              		.loc 1 3202 7 is_stmt 0 view .LVU1714
 5038 0010 C38F     		ldrh	r3, [r0, #62]
 5039 0012 9BB2     		uxth	r3, r3
3202:Drivers/STM32F1xx_HAL_Driver/Src/stm32f1xx_hal_spi.c **** 
 5040              		.loc 1 3202 20 view .LVU1715
 5041 0014 013B     		subs	r3, r3, #1
 5042 0016 9BB2     		uxth	r3, r3
 5043 0018 C387     		strh	r3, [r0, #62]	@ movhi
3205:Drivers/STM32F1xx_HAL_Driver/Src/stm32f1xx_hal_spi.c ****   {
 5044              		.loc 1 3205 3 is_stmt 1 view .LVU1716
3205:Drivers/STM32F1xx_HAL_Driver/Src/stm32f1xx_hal_spi.c ****   {
 5045              		.loc 1 3205 11 is_stmt 0 view .LVU1717
 5046 001a C38F     		ldrh	r3, [r0, #62]
 5047 001c 9BB2     		uxth	r3, r3
3205:Drivers/STM32F1xx_HAL_Driver/Src/stm32f1xx_hal_spi.c ****   {
 5048              		.loc 1 3205 6 view .LVU1718
 5049 001e 3BB9     		cbnz	r3, .L353
3216:Drivers/STM32F1xx_HAL_Driver/Src/stm32f1xx_hal_spi.c **** 
 5050              		.loc 1 3216 5 is_stmt 1 view .LVU1719
 5051 0020 0268     		ldr	r2, [r0]
 5052 0022 5368     		ldr	r3, [r2, #4]
 5053 0024 23F06003 		bic	r3, r3, #96
 5054 0028 5360     		str	r3, [r2, #4]
3218:Drivers/STM32F1xx_HAL_Driver/Src/stm32f1xx_hal_spi.c ****     {
 5055              		.loc 1 3218 5 view .LVU1720
3218:Drivers/STM32F1xx_HAL_Driver/Src/stm32f1xx_hal_spi.c ****     {
 5056              		.loc 1 3218 13 is_stmt 0 view .LVU1721
 5057 002a C38E     		ldrh	r3, [r0, #54]
 5058 002c 9BB2     		uxth	r3, r3
3218:Drivers/STM32F1xx_HAL_Driver/Src/stm32f1xx_hal_spi.c ****     {
 5059              		.loc 1 3218 8 view .LVU1722
 5060 002e 03B1     		cbz	r3, .L356
 5061              	.LVL329:
 5062              	.L353:
3223:Drivers/STM32F1xx_HAL_Driver/Src/stm32f1xx_hal_spi.c **** 
 5063              		.loc 1 3223 1 view .LVU1723
 5064 0030 08BD     		pop	{r3, pc}
 5065              	.LVL330:
 5066              	.L356:
3220:Drivers/STM32F1xx_HAL_Driver/Src/stm32f1xx_hal_spi.c ****     }
 5067              		.loc 1 3220 7 is_stmt 1 view .LVU1724
 5068 0032 FFF7FEFF 		bl	SPI_CloseRxTx_ISR
 5069              	.LVL331:
3223:Drivers/STM32F1xx_HAL_Driver/Src/stm32f1xx_hal_spi.c **** 
 5070              		.loc 1 3223 1 is_stmt 0 view .LVU1725
ARM GAS  C:\Users\zhmis\AppData\Local\Temp\ccgFfHBP.s 			page 188


 5071 0036 FBE7     		b	.L353
 5072              		.cfi_endproc
 5073              	.LFE104:
 5075              		.section	.text.SPI_2linesTxISR_16BIT,"ax",%progbits
 5076              		.align	1
 5077              		.syntax unified
 5078              		.thumb
 5079              		.thumb_func
 5081              	SPI_2linesTxISR_16BIT:
 5082              	.LVL332:
 5083              	.LFB107:
3353:Drivers/STM32F1xx_HAL_Driver/Src/stm32f1xx_hal_spi.c ****   /* Transmit data in 16 Bit mode */
 5084              		.loc 1 3353 1 is_stmt 1 view -0
 5085              		.cfi_startproc
 5086              		@ args = 0, pretend = 0, frame = 0
 5087              		@ frame_needed = 0, uses_anonymous_args = 0
3353:Drivers/STM32F1xx_HAL_Driver/Src/stm32f1xx_hal_spi.c ****   /* Transmit data in 16 Bit mode */
 5088              		.loc 1 3353 1 is_stmt 0 view .LVU1727
 5089 0000 08B5     		push	{r3, lr}
 5090              		.cfi_def_cfa_offset 8
 5091              		.cfi_offset 3, -8
 5092              		.cfi_offset 14, -4
3355:Drivers/STM32F1xx_HAL_Driver/Src/stm32f1xx_hal_spi.c ****   hspi->pTxBuffPtr += sizeof(uint16_t);
 5093              		.loc 1 3355 3 is_stmt 1 view .LVU1728
3355:Drivers/STM32F1xx_HAL_Driver/Src/stm32f1xx_hal_spi.c ****   hspi->pTxBuffPtr += sizeof(uint16_t);
 5094              		.loc 1 3355 42 is_stmt 0 view .LVU1729
 5095 0002 026B     		ldr	r2, [r0, #48]
3355:Drivers/STM32F1xx_HAL_Driver/Src/stm32f1xx_hal_spi.c ****   hspi->pTxBuffPtr += sizeof(uint16_t);
 5096              		.loc 1 3355 7 view .LVU1730
 5097 0004 0368     		ldr	r3, [r0]
3355:Drivers/STM32F1xx_HAL_Driver/Src/stm32f1xx_hal_spi.c ****   hspi->pTxBuffPtr += sizeof(uint16_t);
 5098              		.loc 1 3355 24 view .LVU1731
 5099 0006 1288     		ldrh	r2, [r2]
3355:Drivers/STM32F1xx_HAL_Driver/Src/stm32f1xx_hal_spi.c ****   hspi->pTxBuffPtr += sizeof(uint16_t);
 5100              		.loc 1 3355 22 view .LVU1732
 5101 0008 DA60     		str	r2, [r3, #12]
3356:Drivers/STM32F1xx_HAL_Driver/Src/stm32f1xx_hal_spi.c ****   hspi->TxXferCount--;
 5102              		.loc 1 3356 3 is_stmt 1 view .LVU1733
3356:Drivers/STM32F1xx_HAL_Driver/Src/stm32f1xx_hal_spi.c ****   hspi->TxXferCount--;
 5103              		.loc 1 3356 7 is_stmt 0 view .LVU1734
 5104 000a 036B     		ldr	r3, [r0, #48]
3356:Drivers/STM32F1xx_HAL_Driver/Src/stm32f1xx_hal_spi.c ****   hspi->TxXferCount--;
 5105              		.loc 1 3356 20 view .LVU1735
 5106 000c 0233     		adds	r3, r3, #2
 5107 000e 0363     		str	r3, [r0, #48]
3357:Drivers/STM32F1xx_HAL_Driver/Src/stm32f1xx_hal_spi.c **** 
 5108              		.loc 1 3357 3 is_stmt 1 view .LVU1736
3357:Drivers/STM32F1xx_HAL_Driver/Src/stm32f1xx_hal_spi.c **** 
 5109              		.loc 1 3357 7 is_stmt 0 view .LVU1737
 5110 0010 C38E     		ldrh	r3, [r0, #54]
 5111 0012 9BB2     		uxth	r3, r3
3357:Drivers/STM32F1xx_HAL_Driver/Src/stm32f1xx_hal_spi.c **** 
 5112              		.loc 1 3357 20 view .LVU1738
 5113 0014 013B     		subs	r3, r3, #1
 5114 0016 9BB2     		uxth	r3, r3
 5115 0018 C386     		strh	r3, [r0, #54]	@ movhi
3360:Drivers/STM32F1xx_HAL_Driver/Src/stm32f1xx_hal_spi.c ****   {
ARM GAS  C:\Users\zhmis\AppData\Local\Temp\ccgFfHBP.s 			page 189


 5116              		.loc 1 3360 3 is_stmt 1 view .LVU1739
3360:Drivers/STM32F1xx_HAL_Driver/Src/stm32f1xx_hal_spi.c ****   {
 5117              		.loc 1 3360 11 is_stmt 0 view .LVU1740
 5118 001a C38E     		ldrh	r3, [r0, #54]
 5119 001c 9BB2     		uxth	r3, r3
3360:Drivers/STM32F1xx_HAL_Driver/Src/stm32f1xx_hal_spi.c ****   {
 5120              		.loc 1 3360 6 view .LVU1741
 5121 001e 3BB9     		cbnz	r3, .L357
3374:Drivers/STM32F1xx_HAL_Driver/Src/stm32f1xx_hal_spi.c **** 
 5122              		.loc 1 3374 5 is_stmt 1 view .LVU1742
 5123 0020 0268     		ldr	r2, [r0]
 5124 0022 5368     		ldr	r3, [r2, #4]
 5125 0024 23F08003 		bic	r3, r3, #128
 5126 0028 5360     		str	r3, [r2, #4]
3376:Drivers/STM32F1xx_HAL_Driver/Src/stm32f1xx_hal_spi.c ****     {
 5127              		.loc 1 3376 5 view .LVU1743
3376:Drivers/STM32F1xx_HAL_Driver/Src/stm32f1xx_hal_spi.c ****     {
 5128              		.loc 1 3376 13 is_stmt 0 view .LVU1744
 5129 002a C38F     		ldrh	r3, [r0, #62]
 5130 002c 9BB2     		uxth	r3, r3
3376:Drivers/STM32F1xx_HAL_Driver/Src/stm32f1xx_hal_spi.c ****     {
 5131              		.loc 1 3376 8 view .LVU1745
 5132 002e 03B1     		cbz	r3, .L360
 5133              	.LVL333:
 5134              	.L357:
3381:Drivers/STM32F1xx_HAL_Driver/Src/stm32f1xx_hal_spi.c **** 
 5135              		.loc 1 3381 1 view .LVU1746
 5136 0030 08BD     		pop	{r3, pc}
 5137              	.LVL334:
 5138              	.L360:
3378:Drivers/STM32F1xx_HAL_Driver/Src/stm32f1xx_hal_spi.c ****     }
 5139              		.loc 1 3378 7 is_stmt 1 view .LVU1747
 5140 0032 FFF7FEFF 		bl	SPI_CloseRxTx_ISR
 5141              	.LVL335:
3381:Drivers/STM32F1xx_HAL_Driver/Src/stm32f1xx_hal_spi.c **** 
 5142              		.loc 1 3381 1 is_stmt 0 view .LVU1748
 5143 0036 FBE7     		b	.L357
 5144              		.cfi_endproc
 5145              	.LFE107:
 5147              		.section	.text.SPI_2linesRxISR_16BIT,"ax",%progbits
 5148              		.align	1
 5149              		.syntax unified
 5150              		.thumb
 5151              		.thumb_func
 5153              	SPI_2linesRxISR_16BIT:
 5154              	.LVL336:
 5155              	.LFB106:
3297:Drivers/STM32F1xx_HAL_Driver/Src/stm32f1xx_hal_spi.c ****   /* Receive data in 16 Bit mode */
 5156              		.loc 1 3297 1 is_stmt 1 view -0
 5157              		.cfi_startproc
 5158              		@ args = 0, pretend = 0, frame = 0
 5159              		@ frame_needed = 0, uses_anonymous_args = 0
3297:Drivers/STM32F1xx_HAL_Driver/Src/stm32f1xx_hal_spi.c ****   /* Receive data in 16 Bit mode */
 5160              		.loc 1 3297 1 is_stmt 0 view .LVU1750
 5161 0000 08B5     		push	{r3, lr}
 5162              		.cfi_def_cfa_offset 8
 5163              		.cfi_offset 3, -8
ARM GAS  C:\Users\zhmis\AppData\Local\Temp\ccgFfHBP.s 			page 190


 5164              		.cfi_offset 14, -4
3299:Drivers/STM32F1xx_HAL_Driver/Src/stm32f1xx_hal_spi.c ****   hspi->pRxBuffPtr += sizeof(uint16_t);
 5165              		.loc 1 3299 3 is_stmt 1 view .LVU1751
3299:Drivers/STM32F1xx_HAL_Driver/Src/stm32f1xx_hal_spi.c ****   hspi->pRxBuffPtr += sizeof(uint16_t);
 5166              		.loc 1 3299 52 is_stmt 0 view .LVU1752
 5167 0002 0368     		ldr	r3, [r0]
3299:Drivers/STM32F1xx_HAL_Driver/Src/stm32f1xx_hal_spi.c ****   hspi->pRxBuffPtr += sizeof(uint16_t);
 5168              		.loc 1 3299 62 view .LVU1753
 5169 0004 DA68     		ldr	r2, [r3, #12]
3299:Drivers/STM32F1xx_HAL_Driver/Src/stm32f1xx_hal_spi.c ****   hspi->pRxBuffPtr += sizeof(uint16_t);
 5170              		.loc 1 3299 21 view .LVU1754
 5171 0006 836B     		ldr	r3, [r0, #56]
3299:Drivers/STM32F1xx_HAL_Driver/Src/stm32f1xx_hal_spi.c ****   hspi->pRxBuffPtr += sizeof(uint16_t);
 5172              		.loc 1 3299 35 view .LVU1755
 5173 0008 1A80     		strh	r2, [r3]	@ movhi
3300:Drivers/STM32F1xx_HAL_Driver/Src/stm32f1xx_hal_spi.c ****   hspi->RxXferCount--;
 5174              		.loc 1 3300 3 is_stmt 1 view .LVU1756
3300:Drivers/STM32F1xx_HAL_Driver/Src/stm32f1xx_hal_spi.c ****   hspi->RxXferCount--;
 5175              		.loc 1 3300 7 is_stmt 0 view .LVU1757
 5176 000a 836B     		ldr	r3, [r0, #56]
3300:Drivers/STM32F1xx_HAL_Driver/Src/stm32f1xx_hal_spi.c ****   hspi->RxXferCount--;
 5177              		.loc 1 3300 20 view .LVU1758
 5178 000c 0233     		adds	r3, r3, #2
 5179 000e 8363     		str	r3, [r0, #56]
3301:Drivers/STM32F1xx_HAL_Driver/Src/stm32f1xx_hal_spi.c **** 
 5180              		.loc 1 3301 3 is_stmt 1 view .LVU1759
3301:Drivers/STM32F1xx_HAL_Driver/Src/stm32f1xx_hal_spi.c **** 
 5181              		.loc 1 3301 7 is_stmt 0 view .LVU1760
 5182 0010 C38F     		ldrh	r3, [r0, #62]
 5183 0012 9BB2     		uxth	r3, r3
3301:Drivers/STM32F1xx_HAL_Driver/Src/stm32f1xx_hal_spi.c **** 
 5184              		.loc 1 3301 20 view .LVU1761
 5185 0014 013B     		subs	r3, r3, #1
 5186 0016 9BB2     		uxth	r3, r3
 5187 0018 C387     		strh	r3, [r0, #62]	@ movhi
3303:Drivers/STM32F1xx_HAL_Driver/Src/stm32f1xx_hal_spi.c ****   {
 5188              		.loc 1 3303 3 is_stmt 1 view .LVU1762
3303:Drivers/STM32F1xx_HAL_Driver/Src/stm32f1xx_hal_spi.c ****   {
 5189              		.loc 1 3303 11 is_stmt 0 view .LVU1763
 5190 001a C38F     		ldrh	r3, [r0, #62]
 5191 001c 9BB2     		uxth	r3, r3
3303:Drivers/STM32F1xx_HAL_Driver/Src/stm32f1xx_hal_spi.c ****   {
 5192              		.loc 1 3303 6 view .LVU1764
 5193 001e 3BB9     		cbnz	r3, .L361
3314:Drivers/STM32F1xx_HAL_Driver/Src/stm32f1xx_hal_spi.c **** 
 5194              		.loc 1 3314 5 is_stmt 1 view .LVU1765
 5195 0020 0268     		ldr	r2, [r0]
 5196 0022 5368     		ldr	r3, [r2, #4]
 5197 0024 23F04003 		bic	r3, r3, #64
 5198 0028 5360     		str	r3, [r2, #4]
3316:Drivers/STM32F1xx_HAL_Driver/Src/stm32f1xx_hal_spi.c ****     {
 5199              		.loc 1 3316 5 view .LVU1766
3316:Drivers/STM32F1xx_HAL_Driver/Src/stm32f1xx_hal_spi.c ****     {
 5200              		.loc 1 3316 13 is_stmt 0 view .LVU1767
 5201 002a C38E     		ldrh	r3, [r0, #54]
 5202 002c 9BB2     		uxth	r3, r3
3316:Drivers/STM32F1xx_HAL_Driver/Src/stm32f1xx_hal_spi.c ****     {
ARM GAS  C:\Users\zhmis\AppData\Local\Temp\ccgFfHBP.s 			page 191


 5203              		.loc 1 3316 8 view .LVU1768
 5204 002e 03B1     		cbz	r3, .L364
 5205              	.LVL337:
 5206              	.L361:
3321:Drivers/STM32F1xx_HAL_Driver/Src/stm32f1xx_hal_spi.c **** 
 5207              		.loc 1 3321 1 view .LVU1769
 5208 0030 08BD     		pop	{r3, pc}
 5209              	.LVL338:
 5210              	.L364:
3318:Drivers/STM32F1xx_HAL_Driver/Src/stm32f1xx_hal_spi.c ****     }
 5211              		.loc 1 3318 7 is_stmt 1 view .LVU1770
 5212 0032 FFF7FEFF 		bl	SPI_CloseRxTx_ISR
 5213              	.LVL339:
3321:Drivers/STM32F1xx_HAL_Driver/Src/stm32f1xx_hal_spi.c **** 
 5214              		.loc 1 3321 1 is_stmt 0 view .LVU1771
 5215 0036 FBE7     		b	.L361
 5216              		.cfi_endproc
 5217              	.LFE106:
 5219              		.section	.text.SPI_DMAError,"ax",%progbits
 5220              		.align	1
 5221              		.syntax unified
 5222              		.thumb
 5223              		.thumb_func
 5225              	SPI_DMAError:
 5226              	.LVL340:
 5227              	.LFB100:
3031:Drivers/STM32F1xx_HAL_Driver/Src/stm32f1xx_hal_spi.c ****   SPI_HandleTypeDef *hspi = (SPI_HandleTypeDef *)(((DMA_HandleTypeDef *)hdma)->Parent); /* Derogati
 5228              		.loc 1 3031 1 is_stmt 1 view -0
 5229              		.cfi_startproc
 5230              		@ args = 0, pretend = 0, frame = 0
 5231              		@ frame_needed = 0, uses_anonymous_args = 0
3031:Drivers/STM32F1xx_HAL_Driver/Src/stm32f1xx_hal_spi.c ****   SPI_HandleTypeDef *hspi = (SPI_HandleTypeDef *)(((DMA_HandleTypeDef *)hdma)->Parent); /* Derogati
 5232              		.loc 1 3031 1 is_stmt 0 view .LVU1773
 5233 0000 08B5     		push	{r3, lr}
 5234              		.cfi_def_cfa_offset 8
 5235              		.cfi_offset 3, -8
 5236              		.cfi_offset 14, -4
3032:Drivers/STM32F1xx_HAL_Driver/Src/stm32f1xx_hal_spi.c **** 
 5237              		.loc 1 3032 3 is_stmt 1 view .LVU1774
3032:Drivers/STM32F1xx_HAL_Driver/Src/stm32f1xx_hal_spi.c **** 
 5238              		.loc 1 3032 22 is_stmt 0 view .LVU1775
 5239 0002 406A     		ldr	r0, [r0, #36]
 5240              	.LVL341:
3035:Drivers/STM32F1xx_HAL_Driver/Src/stm32f1xx_hal_spi.c **** 
 5241              		.loc 1 3035 3 is_stmt 1 view .LVU1776
 5242 0004 0268     		ldr	r2, [r0]
 5243 0006 5368     		ldr	r3, [r2, #4]
 5244 0008 23F00303 		bic	r3, r3, #3
 5245 000c 5360     		str	r3, [r2, #4]
3037:Drivers/STM32F1xx_HAL_Driver/Src/stm32f1xx_hal_spi.c ****   hspi->State = HAL_SPI_STATE_READY;
 5246              		.loc 1 3037 3 view .LVU1777
 5247 000e 436D     		ldr	r3, [r0, #84]
 5248 0010 43F01003 		orr	r3, r3, #16
 5249 0014 4365     		str	r3, [r0, #84]
3038:Drivers/STM32F1xx_HAL_Driver/Src/stm32f1xx_hal_spi.c ****   /* Call user error callback */
 5250              		.loc 1 3038 3 view .LVU1778
3038:Drivers/STM32F1xx_HAL_Driver/Src/stm32f1xx_hal_spi.c ****   /* Call user error callback */
ARM GAS  C:\Users\zhmis\AppData\Local\Temp\ccgFfHBP.s 			page 192


 5251              		.loc 1 3038 15 is_stmt 0 view .LVU1779
 5252 0016 0123     		movs	r3, #1
 5253 0018 80F85130 		strb	r3, [r0, #81]
3043:Drivers/STM32F1xx_HAL_Driver/Src/stm32f1xx_hal_spi.c **** #endif /* USE_HAL_SPI_REGISTER_CALLBACKS */
 5254              		.loc 1 3043 3 is_stmt 1 view .LVU1780
 5255 001c FFF7FEFF 		bl	HAL_SPI_ErrorCallback
 5256              	.LVL342:
3045:Drivers/STM32F1xx_HAL_Driver/Src/stm32f1xx_hal_spi.c **** 
 5257              		.loc 1 3045 1 is_stmt 0 view .LVU1781
 5258 0020 08BD     		pop	{r3, pc}
 5259              		.cfi_endproc
 5260              	.LFE100:
 5262              		.section	.text.SPI_DMATransmitCplt,"ax",%progbits
 5263              		.align	1
 5264              		.syntax unified
 5265              		.thumb
 5266              		.thumb_func
 5268              	SPI_DMATransmitCplt:
 5269              	.LVL343:
 5270              	.LFB94:
2731:Drivers/STM32F1xx_HAL_Driver/Src/stm32f1xx_hal_spi.c ****   SPI_HandleTypeDef *hspi = (SPI_HandleTypeDef *)(((DMA_HandleTypeDef *)hdma)->Parent); /* Derogati
 5271              		.loc 1 2731 1 is_stmt 1 view -0
 5272              		.cfi_startproc
 5273              		@ args = 0, pretend = 0, frame = 8
 5274              		@ frame_needed = 0, uses_anonymous_args = 0
2731:Drivers/STM32F1xx_HAL_Driver/Src/stm32f1xx_hal_spi.c ****   SPI_HandleTypeDef *hspi = (SPI_HandleTypeDef *)(((DMA_HandleTypeDef *)hdma)->Parent); /* Derogati
 5275              		.loc 1 2731 1 is_stmt 0 view .LVU1783
 5276 0000 30B5     		push	{r4, r5, lr}
 5277              		.cfi_def_cfa_offset 12
 5278              		.cfi_offset 4, -12
 5279              		.cfi_offset 5, -8
 5280              		.cfi_offset 14, -4
 5281 0002 83B0     		sub	sp, sp, #12
 5282              		.cfi_def_cfa_offset 24
 5283 0004 0546     		mov	r5, r0
2732:Drivers/STM32F1xx_HAL_Driver/Src/stm32f1xx_hal_spi.c ****   uint32_t tickstart;
 5284              		.loc 1 2732 3 is_stmt 1 view .LVU1784
2732:Drivers/STM32F1xx_HAL_Driver/Src/stm32f1xx_hal_spi.c ****   uint32_t tickstart;
 5285              		.loc 1 2732 22 is_stmt 0 view .LVU1785
 5286 0006 446A     		ldr	r4, [r0, #36]
 5287              	.LVL344:
2733:Drivers/STM32F1xx_HAL_Driver/Src/stm32f1xx_hal_spi.c **** 
 5288              		.loc 1 2733 3 is_stmt 1 view .LVU1786
2736:Drivers/STM32F1xx_HAL_Driver/Src/stm32f1xx_hal_spi.c **** 
 5289              		.loc 1 2736 3 view .LVU1787
2736:Drivers/STM32F1xx_HAL_Driver/Src/stm32f1xx_hal_spi.c **** 
 5290              		.loc 1 2736 15 is_stmt 0 view .LVU1788
 5291 0008 FFF7FEFF 		bl	HAL_GetTick
 5292              	.LVL345:
2739:Drivers/STM32F1xx_HAL_Driver/Src/stm32f1xx_hal_spi.c ****   {
 5293              		.loc 1 2739 3 is_stmt 1 view .LVU1789
2739:Drivers/STM32F1xx_HAL_Driver/Src/stm32f1xx_hal_spi.c ****   {
 5294              		.loc 1 2739 12 is_stmt 0 view .LVU1790
 5295 000c 2B68     		ldr	r3, [r5]
2739:Drivers/STM32F1xx_HAL_Driver/Src/stm32f1xx_hal_spi.c ****   {
 5296              		.loc 1 2739 22 view .LVU1791
 5297 000e 1B68     		ldr	r3, [r3]
ARM GAS  C:\Users\zhmis\AppData\Local\Temp\ccgFfHBP.s 			page 193


2739:Drivers/STM32F1xx_HAL_Driver/Src/stm32f1xx_hal_spi.c ****   {
 5298              		.loc 1 2739 6 view .LVU1792
 5299 0010 13F0200F 		tst	r3, #32
 5300 0014 23D1     		bne	.L368
 5301 0016 0246     		mov	r2, r0
2742:Drivers/STM32F1xx_HAL_Driver/Src/stm32f1xx_hal_spi.c **** 
 5302              		.loc 1 2742 5 is_stmt 1 view .LVU1793
 5303 0018 2168     		ldr	r1, [r4]
 5304 001a 4B68     		ldr	r3, [r1, #4]
 5305 001c 23F02003 		bic	r3, r3, #32
 5306 0020 4B60     		str	r3, [r1, #4]
2745:Drivers/STM32F1xx_HAL_Driver/Src/stm32f1xx_hal_spi.c **** 
 5307              		.loc 1 2745 5 view .LVU1794
 5308 0022 2168     		ldr	r1, [r4]
 5309 0024 4B68     		ldr	r3, [r1, #4]
 5310 0026 23F00203 		bic	r3, r3, #2
 5311 002a 4B60     		str	r3, [r1, #4]
2748:Drivers/STM32F1xx_HAL_Driver/Src/stm32f1xx_hal_spi.c ****     {
 5312              		.loc 1 2748 5 view .LVU1795
2748:Drivers/STM32F1xx_HAL_Driver/Src/stm32f1xx_hal_spi.c ****     {
 5313              		.loc 1 2748 9 is_stmt 0 view .LVU1796
 5314 002c 6421     		movs	r1, #100
 5315 002e 2046     		mov	r0, r4
 5316              	.LVL346:
2748:Drivers/STM32F1xx_HAL_Driver/Src/stm32f1xx_hal_spi.c ****     {
 5317              		.loc 1 2748 9 view .LVU1797
 5318 0030 FFF7FEFF 		bl	SPI_EndRxTxTransaction
 5319              	.LVL347:
2748:Drivers/STM32F1xx_HAL_Driver/Src/stm32f1xx_hal_spi.c ****     {
 5320              		.loc 1 2748 8 discriminator 1 view .LVU1798
 5321 0034 18B1     		cbz	r0, .L369
2750:Drivers/STM32F1xx_HAL_Driver/Src/stm32f1xx_hal_spi.c ****     }
 5322              		.loc 1 2750 7 is_stmt 1 view .LVU1799
 5323 0036 636D     		ldr	r3, [r4, #84]
 5324 0038 43F02003 		orr	r3, r3, #32
 5325 003c 6365     		str	r3, [r4, #84]
 5326              	.L369:
2754:Drivers/STM32F1xx_HAL_Driver/Src/stm32f1xx_hal_spi.c ****     {
 5327              		.loc 1 2754 5 view .LVU1800
2754:Drivers/STM32F1xx_HAL_Driver/Src/stm32f1xx_hal_spi.c ****     {
 5328              		.loc 1 2754 19 is_stmt 0 view .LVU1801
 5329 003e A368     		ldr	r3, [r4, #8]
2754:Drivers/STM32F1xx_HAL_Driver/Src/stm32f1xx_hal_spi.c ****     {
 5330              		.loc 1 2754 8 view .LVU1802
 5331 0040 33B9     		cbnz	r3, .L370
2756:Drivers/STM32F1xx_HAL_Driver/Src/stm32f1xx_hal_spi.c ****     }
 5332              		.loc 1 2756 7 is_stmt 1 view .LVU1803
 5333              	.LBB8:
2756:Drivers/STM32F1xx_HAL_Driver/Src/stm32f1xx_hal_spi.c ****     }
 5334              		.loc 1 2756 7 view .LVU1804
 5335 0042 0193     		str	r3, [sp, #4]
2756:Drivers/STM32F1xx_HAL_Driver/Src/stm32f1xx_hal_spi.c ****     }
 5336              		.loc 1 2756 7 view .LVU1805
 5337 0044 2368     		ldr	r3, [r4]
 5338 0046 DA68     		ldr	r2, [r3, #12]
 5339 0048 0192     		str	r2, [sp, #4]
2756:Drivers/STM32F1xx_HAL_Driver/Src/stm32f1xx_hal_spi.c ****     }
ARM GAS  C:\Users\zhmis\AppData\Local\Temp\ccgFfHBP.s 			page 194


 5340              		.loc 1 2756 7 view .LVU1806
 5341 004a 9B68     		ldr	r3, [r3, #8]
 5342 004c 0193     		str	r3, [sp, #4]
2756:Drivers/STM32F1xx_HAL_Driver/Src/stm32f1xx_hal_spi.c ****     }
 5343              		.loc 1 2756 7 view .LVU1807
 5344 004e 019B     		ldr	r3, [sp, #4]
 5345              	.L370:
 5346              	.LBE8:
2756:Drivers/STM32F1xx_HAL_Driver/Src/stm32f1xx_hal_spi.c ****     }
 5347              		.loc 1 2756 7 discriminator 1 view .LVU1808
2759:Drivers/STM32F1xx_HAL_Driver/Src/stm32f1xx_hal_spi.c ****     hspi->State = HAL_SPI_STATE_READY;
 5348              		.loc 1 2759 5 view .LVU1809
2759:Drivers/STM32F1xx_HAL_Driver/Src/stm32f1xx_hal_spi.c ****     hspi->State = HAL_SPI_STATE_READY;
 5349              		.loc 1 2759 23 is_stmt 0 view .LVU1810
 5350 0050 0023     		movs	r3, #0
 5351 0052 E386     		strh	r3, [r4, #54]	@ movhi
2760:Drivers/STM32F1xx_HAL_Driver/Src/stm32f1xx_hal_spi.c **** 
 5352              		.loc 1 2760 5 is_stmt 1 view .LVU1811
2760:Drivers/STM32F1xx_HAL_Driver/Src/stm32f1xx_hal_spi.c **** 
 5353              		.loc 1 2760 17 is_stmt 0 view .LVU1812
 5354 0054 0123     		movs	r3, #1
 5355 0056 84F85130 		strb	r3, [r4, #81]
2762:Drivers/STM32F1xx_HAL_Driver/Src/stm32f1xx_hal_spi.c ****     {
 5356              		.loc 1 2762 5 is_stmt 1 view .LVU1813
2762:Drivers/STM32F1xx_HAL_Driver/Src/stm32f1xx_hal_spi.c ****     {
 5357              		.loc 1 2762 13 is_stmt 0 view .LVU1814
 5358 005a 636D     		ldr	r3, [r4, #84]
2762:Drivers/STM32F1xx_HAL_Driver/Src/stm32f1xx_hal_spi.c ****     {
 5359              		.loc 1 2762 8 view .LVU1815
 5360 005c 23B9     		cbnz	r3, .L373
 5361              	.L368:
2777:Drivers/STM32F1xx_HAL_Driver/Src/stm32f1xx_hal_spi.c **** #endif /* USE_HAL_SPI_REGISTER_CALLBACKS */
 5362              		.loc 1 2777 3 is_stmt 1 view .LVU1816
 5363 005e 2046     		mov	r0, r4
 5364 0060 FFF7FEFF 		bl	HAL_SPI_TxCpltCallback
 5365              	.LVL348:
 5366              	.L367:
2779:Drivers/STM32F1xx_HAL_Driver/Src/stm32f1xx_hal_spi.c **** 
 5367              		.loc 1 2779 1 is_stmt 0 view .LVU1817
 5368 0064 03B0     		add	sp, sp, #12
 5369              		.cfi_remember_state
 5370              		.cfi_def_cfa_offset 12
 5371              		@ sp needed
 5372 0066 30BD     		pop	{r4, r5, pc}
 5373              	.LVL349:
 5374              	.L373:
 5375              		.cfi_restore_state
2768:Drivers/STM32F1xx_HAL_Driver/Src/stm32f1xx_hal_spi.c **** #endif /* USE_HAL_SPI_REGISTER_CALLBACKS */
 5376              		.loc 1 2768 7 is_stmt 1 view .LVU1818
 5377 0068 2046     		mov	r0, r4
 5378 006a FFF7FEFF 		bl	HAL_SPI_ErrorCallback
 5379              	.LVL350:
2770:Drivers/STM32F1xx_HAL_Driver/Src/stm32f1xx_hal_spi.c ****     }
 5380              		.loc 1 2770 7 view .LVU1819
 5381 006e F9E7     		b	.L367
 5382              		.cfi_endproc
 5383              	.LFE94:
ARM GAS  C:\Users\zhmis\AppData\Local\Temp\ccgFfHBP.s 			page 195


 5385              		.section	.text.SPI_DMAReceiveCplt,"ax",%progbits
 5386              		.align	1
 5387              		.syntax unified
 5388              		.thumb
 5389              		.thumb_func
 5391              	SPI_DMAReceiveCplt:
 5392              	.LVL351:
 5393              	.LFB95:
2788:Drivers/STM32F1xx_HAL_Driver/Src/stm32f1xx_hal_spi.c ****   SPI_HandleTypeDef *hspi = (SPI_HandleTypeDef *)(((DMA_HandleTypeDef *)hdma)->Parent); /* Derogati
 5394              		.loc 1 2788 1 view -0
 5395              		.cfi_startproc
 5396              		@ args = 0, pretend = 0, frame = 0
 5397              		@ frame_needed = 0, uses_anonymous_args = 0
2788:Drivers/STM32F1xx_HAL_Driver/Src/stm32f1xx_hal_spi.c ****   SPI_HandleTypeDef *hspi = (SPI_HandleTypeDef *)(((DMA_HandleTypeDef *)hdma)->Parent); /* Derogati
 5398              		.loc 1 2788 1 is_stmt 0 view .LVU1821
 5399 0000 38B5     		push	{r3, r4, r5, lr}
 5400              		.cfi_def_cfa_offset 16
 5401              		.cfi_offset 3, -16
 5402              		.cfi_offset 4, -12
 5403              		.cfi_offset 5, -8
 5404              		.cfi_offset 14, -4
 5405 0002 0546     		mov	r5, r0
2789:Drivers/STM32F1xx_HAL_Driver/Src/stm32f1xx_hal_spi.c ****   uint32_t tickstart;
 5406              		.loc 1 2789 3 is_stmt 1 view .LVU1822
2789:Drivers/STM32F1xx_HAL_Driver/Src/stm32f1xx_hal_spi.c ****   uint32_t tickstart;
 5407              		.loc 1 2789 22 is_stmt 0 view .LVU1823
 5408 0004 446A     		ldr	r4, [r0, #36]
 5409              	.LVL352:
2790:Drivers/STM32F1xx_HAL_Driver/Src/stm32f1xx_hal_spi.c **** #if (USE_SPI_CRC != 0U)
 5410              		.loc 1 2790 3 is_stmt 1 view .LVU1824
2796:Drivers/STM32F1xx_HAL_Driver/Src/stm32f1xx_hal_spi.c **** 
 5411              		.loc 1 2796 3 view .LVU1825
2796:Drivers/STM32F1xx_HAL_Driver/Src/stm32f1xx_hal_spi.c **** 
 5412              		.loc 1 2796 15 is_stmt 0 view .LVU1826
 5413 0006 FFF7FEFF 		bl	HAL_GetTick
 5414              	.LVL353:
2799:Drivers/STM32F1xx_HAL_Driver/Src/stm32f1xx_hal_spi.c ****   {
 5415              		.loc 1 2799 3 is_stmt 1 view .LVU1827
2799:Drivers/STM32F1xx_HAL_Driver/Src/stm32f1xx_hal_spi.c ****   {
 5416              		.loc 1 2799 12 is_stmt 0 view .LVU1828
 5417 000a 2B68     		ldr	r3, [r5]
2799:Drivers/STM32F1xx_HAL_Driver/Src/stm32f1xx_hal_spi.c ****   {
 5418              		.loc 1 2799 22 view .LVU1829
 5419 000c 1B68     		ldr	r3, [r3]
2799:Drivers/STM32F1xx_HAL_Driver/Src/stm32f1xx_hal_spi.c ****   {
 5420              		.loc 1 2799 6 view .LVU1830
 5421 000e 13F0200F 		tst	r3, #32
 5422 0012 1ED1     		bne	.L375
 5423 0014 0246     		mov	r2, r0
2802:Drivers/STM32F1xx_HAL_Driver/Src/stm32f1xx_hal_spi.c **** 
 5424              		.loc 1 2802 5 is_stmt 1 view .LVU1831
 5425 0016 2168     		ldr	r1, [r4]
 5426 0018 4B68     		ldr	r3, [r1, #4]
 5427 001a 23F02003 		bic	r3, r3, #32
 5428 001e 4B60     		str	r3, [r1, #4]
2822:Drivers/STM32F1xx_HAL_Driver/Src/stm32f1xx_hal_spi.c ****     {
 5429              		.loc 1 2822 5 view .LVU1832
ARM GAS  C:\Users\zhmis\AppData\Local\Temp\ccgFfHBP.s 			page 196


2822:Drivers/STM32F1xx_HAL_Driver/Src/stm32f1xx_hal_spi.c ****     {
 5430              		.loc 1 2822 20 is_stmt 0 view .LVU1833
 5431 0020 A368     		ldr	r3, [r4, #8]
2822:Drivers/STM32F1xx_HAL_Driver/Src/stm32f1xx_hal_spi.c ****     {
 5432              		.loc 1 2822 8 view .LVU1834
 5433 0022 1BB9     		cbnz	r3, .L376
2822:Drivers/STM32F1xx_HAL_Driver/Src/stm32f1xx_hal_spi.c ****     {
 5434              		.loc 1 2822 70 discriminator 1 view .LVU1835
 5435 0024 6368     		ldr	r3, [r4, #4]
2822:Drivers/STM32F1xx_HAL_Driver/Src/stm32f1xx_hal_spi.c ****     {
 5436              		.loc 1 2822 56 discriminator 1 view .LVU1836
 5437 0026 B3F5827F 		cmp	r3, #260
 5438 002a 16D0     		beq	.L381
 5439              	.L376:
2830:Drivers/STM32F1xx_HAL_Driver/Src/stm32f1xx_hal_spi.c ****     }
 5440              		.loc 1 2830 7 is_stmt 1 view .LVU1837
 5441 002c 2168     		ldr	r1, [r4]
 5442 002e 4B68     		ldr	r3, [r1, #4]
 5443 0030 23F00103 		bic	r3, r3, #1
 5444 0034 4B60     		str	r3, [r1, #4]
 5445              	.L377:
2834:Drivers/STM32F1xx_HAL_Driver/Src/stm32f1xx_hal_spi.c ****     {
 5446              		.loc 1 2834 5 view .LVU1838
2834:Drivers/STM32F1xx_HAL_Driver/Src/stm32f1xx_hal_spi.c ****     {
 5447              		.loc 1 2834 9 is_stmt 0 view .LVU1839
 5448 0036 6421     		movs	r1, #100
 5449 0038 2046     		mov	r0, r4
 5450              	.LVL354:
2834:Drivers/STM32F1xx_HAL_Driver/Src/stm32f1xx_hal_spi.c ****     {
 5451              		.loc 1 2834 9 view .LVU1840
 5452 003a FFF7FEFF 		bl	SPI_EndRxTransaction
 5453              	.LVL355:
2834:Drivers/STM32F1xx_HAL_Driver/Src/stm32f1xx_hal_spi.c ****     {
 5454              		.loc 1 2834 8 discriminator 1 view .LVU1841
 5455 003e 08B1     		cbz	r0, .L378
2836:Drivers/STM32F1xx_HAL_Driver/Src/stm32f1xx_hal_spi.c ****     }
 5456              		.loc 1 2836 7 is_stmt 1 view .LVU1842
2836:Drivers/STM32F1xx_HAL_Driver/Src/stm32f1xx_hal_spi.c ****     }
 5457              		.loc 1 2836 23 is_stmt 0 view .LVU1843
 5458 0040 2023     		movs	r3, #32
 5459 0042 6365     		str	r3, [r4, #84]
 5460              	.L378:
2839:Drivers/STM32F1xx_HAL_Driver/Src/stm32f1xx_hal_spi.c ****     hspi->State = HAL_SPI_STATE_READY;
 5461              		.loc 1 2839 5 is_stmt 1 view .LVU1844
2839:Drivers/STM32F1xx_HAL_Driver/Src/stm32f1xx_hal_spi.c ****     hspi->State = HAL_SPI_STATE_READY;
 5462              		.loc 1 2839 23 is_stmt 0 view .LVU1845
 5463 0044 0023     		movs	r3, #0
 5464 0046 E387     		strh	r3, [r4, #62]	@ movhi
2840:Drivers/STM32F1xx_HAL_Driver/Src/stm32f1xx_hal_spi.c **** 
 5465              		.loc 1 2840 5 is_stmt 1 view .LVU1846
2840:Drivers/STM32F1xx_HAL_Driver/Src/stm32f1xx_hal_spi.c **** 
 5466              		.loc 1 2840 17 is_stmt 0 view .LVU1847
 5467 0048 0123     		movs	r3, #1
 5468 004a 84F85130 		strb	r3, [r4, #81]
2861:Drivers/STM32F1xx_HAL_Driver/Src/stm32f1xx_hal_spi.c ****     {
 5469              		.loc 1 2861 5 is_stmt 1 view .LVU1848
2861:Drivers/STM32F1xx_HAL_Driver/Src/stm32f1xx_hal_spi.c ****     {
ARM GAS  C:\Users\zhmis\AppData\Local\Temp\ccgFfHBP.s 			page 197


 5470              		.loc 1 2861 13 is_stmt 0 view .LVU1849
 5471 004e 636D     		ldr	r3, [r4, #84]
2861:Drivers/STM32F1xx_HAL_Driver/Src/stm32f1xx_hal_spi.c ****     {
 5472              		.loc 1 2861 8 view .LVU1850
 5473 0050 4BB9     		cbnz	r3, .L382
 5474              	.L375:
2876:Drivers/STM32F1xx_HAL_Driver/Src/stm32f1xx_hal_spi.c **** #endif /* USE_HAL_SPI_REGISTER_CALLBACKS */
 5475              		.loc 1 2876 3 is_stmt 1 view .LVU1851
 5476 0052 2046     		mov	r0, r4
 5477 0054 FFF7FEFF 		bl	HAL_SPI_RxCpltCallback
 5478              	.LVL356:
 5479              	.L374:
2878:Drivers/STM32F1xx_HAL_Driver/Src/stm32f1xx_hal_spi.c **** 
 5480              		.loc 1 2878 1 is_stmt 0 view .LVU1852
 5481 0058 38BD     		pop	{r3, r4, r5, pc}
 5482              	.LVL357:
 5483              	.L381:
2825:Drivers/STM32F1xx_HAL_Driver/Src/stm32f1xx_hal_spi.c ****     }
 5484              		.loc 1 2825 7 is_stmt 1 view .LVU1853
 5485 005a 2168     		ldr	r1, [r4]
 5486 005c 4B68     		ldr	r3, [r1, #4]
 5487 005e 23F00303 		bic	r3, r3, #3
 5488 0062 4B60     		str	r3, [r1, #4]
 5489 0064 E7E7     		b	.L377
 5490              	.LVL358:
 5491              	.L382:
2867:Drivers/STM32F1xx_HAL_Driver/Src/stm32f1xx_hal_spi.c **** #endif /* USE_HAL_SPI_REGISTER_CALLBACKS */
 5492              		.loc 1 2867 7 view .LVU1854
 5493 0066 2046     		mov	r0, r4
 5494 0068 FFF7FEFF 		bl	HAL_SPI_ErrorCallback
 5495              	.LVL359:
2869:Drivers/STM32F1xx_HAL_Driver/Src/stm32f1xx_hal_spi.c ****     }
 5496              		.loc 1 2869 7 view .LVU1855
 5497 006c F4E7     		b	.L374
 5498              		.cfi_endproc
 5499              	.LFE95:
 5501              		.section	.text.SPI_DMATransmitReceiveCplt,"ax",%progbits
 5502              		.align	1
 5503              		.syntax unified
 5504              		.thumb
 5505              		.thumb_func
 5507              	SPI_DMATransmitReceiveCplt:
 5508              	.LVL360:
 5509              	.LFB96:
2887:Drivers/STM32F1xx_HAL_Driver/Src/stm32f1xx_hal_spi.c ****   SPI_HandleTypeDef *hspi = (SPI_HandleTypeDef *)(((DMA_HandleTypeDef *)hdma)->Parent); /* Derogati
 5510              		.loc 1 2887 1 view -0
 5511              		.cfi_startproc
 5512              		@ args = 0, pretend = 0, frame = 0
 5513              		@ frame_needed = 0, uses_anonymous_args = 0
2887:Drivers/STM32F1xx_HAL_Driver/Src/stm32f1xx_hal_spi.c ****   SPI_HandleTypeDef *hspi = (SPI_HandleTypeDef *)(((DMA_HandleTypeDef *)hdma)->Parent); /* Derogati
 5514              		.loc 1 2887 1 is_stmt 0 view .LVU1857
 5515 0000 38B5     		push	{r3, r4, r5, lr}
 5516              		.cfi_def_cfa_offset 16
 5517              		.cfi_offset 3, -16
 5518              		.cfi_offset 4, -12
 5519              		.cfi_offset 5, -8
 5520              		.cfi_offset 14, -4
ARM GAS  C:\Users\zhmis\AppData\Local\Temp\ccgFfHBP.s 			page 198


 5521 0002 0546     		mov	r5, r0
2888:Drivers/STM32F1xx_HAL_Driver/Src/stm32f1xx_hal_spi.c ****   uint32_t tickstart;
 5522              		.loc 1 2888 3 is_stmt 1 view .LVU1858
2888:Drivers/STM32F1xx_HAL_Driver/Src/stm32f1xx_hal_spi.c ****   uint32_t tickstart;
 5523              		.loc 1 2888 22 is_stmt 0 view .LVU1859
 5524 0004 446A     		ldr	r4, [r0, #36]
 5525              	.LVL361:
2889:Drivers/STM32F1xx_HAL_Driver/Src/stm32f1xx_hal_spi.c **** #if (USE_SPI_CRC != 0U)
 5526              		.loc 1 2889 3 is_stmt 1 view .LVU1860
2895:Drivers/STM32F1xx_HAL_Driver/Src/stm32f1xx_hal_spi.c **** 
 5527              		.loc 1 2895 3 view .LVU1861
2895:Drivers/STM32F1xx_HAL_Driver/Src/stm32f1xx_hal_spi.c **** 
 5528              		.loc 1 2895 15 is_stmt 0 view .LVU1862
 5529 0006 FFF7FEFF 		bl	HAL_GetTick
 5530              	.LVL362:
2898:Drivers/STM32F1xx_HAL_Driver/Src/stm32f1xx_hal_spi.c ****   {
 5531              		.loc 1 2898 3 is_stmt 1 view .LVU1863
2898:Drivers/STM32F1xx_HAL_Driver/Src/stm32f1xx_hal_spi.c ****   {
 5532              		.loc 1 2898 12 is_stmt 0 view .LVU1864
 5533 000a 2B68     		ldr	r3, [r5]
2898:Drivers/STM32F1xx_HAL_Driver/Src/stm32f1xx_hal_spi.c ****   {
 5534              		.loc 1 2898 22 view .LVU1865
 5535 000c 1B68     		ldr	r3, [r3]
2898:Drivers/STM32F1xx_HAL_Driver/Src/stm32f1xx_hal_spi.c ****   {
 5536              		.loc 1 2898 6 view .LVU1866
 5537 000e 13F0200F 		tst	r3, #32
 5538 0012 1BD1     		bne	.L384
 5539 0014 0246     		mov	r2, r0
2901:Drivers/STM32F1xx_HAL_Driver/Src/stm32f1xx_hal_spi.c **** 
 5540              		.loc 1 2901 5 is_stmt 1 view .LVU1867
 5541 0016 2168     		ldr	r1, [r4]
 5542 0018 4B68     		ldr	r3, [r1, #4]
 5543 001a 23F02003 		bic	r3, r3, #32
 5544 001e 4B60     		str	r3, [r1, #4]
2920:Drivers/STM32F1xx_HAL_Driver/Src/stm32f1xx_hal_spi.c ****     {
 5545              		.loc 1 2920 5 view .LVU1868
2920:Drivers/STM32F1xx_HAL_Driver/Src/stm32f1xx_hal_spi.c ****     {
 5546              		.loc 1 2920 9 is_stmt 0 view .LVU1869
 5547 0020 6421     		movs	r1, #100
 5548 0022 2046     		mov	r0, r4
 5549              	.LVL363:
2920:Drivers/STM32F1xx_HAL_Driver/Src/stm32f1xx_hal_spi.c ****     {
 5550              		.loc 1 2920 9 view .LVU1870
 5551 0024 FFF7FEFF 		bl	SPI_EndRxTxTransaction
 5552              	.LVL364:
2920:Drivers/STM32F1xx_HAL_Driver/Src/stm32f1xx_hal_spi.c ****     {
 5553              		.loc 1 2920 8 discriminator 1 view .LVU1871
 5554 0028 18B1     		cbz	r0, .L385
2922:Drivers/STM32F1xx_HAL_Driver/Src/stm32f1xx_hal_spi.c ****     }
 5555              		.loc 1 2922 7 is_stmt 1 view .LVU1872
 5556 002a 636D     		ldr	r3, [r4, #84]
 5557 002c 43F02003 		orr	r3, r3, #32
 5558 0030 6365     		str	r3, [r4, #84]
 5559              	.L385:
2926:Drivers/STM32F1xx_HAL_Driver/Src/stm32f1xx_hal_spi.c **** 
 5560              		.loc 1 2926 5 view .LVU1873
 5561 0032 2268     		ldr	r2, [r4]
ARM GAS  C:\Users\zhmis\AppData\Local\Temp\ccgFfHBP.s 			page 199


 5562 0034 5368     		ldr	r3, [r2, #4]
 5563 0036 23F00303 		bic	r3, r3, #3
 5564 003a 5360     		str	r3, [r2, #4]
2928:Drivers/STM32F1xx_HAL_Driver/Src/stm32f1xx_hal_spi.c ****     hspi->RxXferCount = 0U;
 5565              		.loc 1 2928 5 view .LVU1874
2928:Drivers/STM32F1xx_HAL_Driver/Src/stm32f1xx_hal_spi.c ****     hspi->RxXferCount = 0U;
 5566              		.loc 1 2928 23 is_stmt 0 view .LVU1875
 5567 003c 0023     		movs	r3, #0
 5568 003e E386     		strh	r3, [r4, #54]	@ movhi
2929:Drivers/STM32F1xx_HAL_Driver/Src/stm32f1xx_hal_spi.c ****     hspi->State = HAL_SPI_STATE_READY;
 5569              		.loc 1 2929 5 is_stmt 1 view .LVU1876
2929:Drivers/STM32F1xx_HAL_Driver/Src/stm32f1xx_hal_spi.c ****     hspi->State = HAL_SPI_STATE_READY;
 5570              		.loc 1 2929 23 is_stmt 0 view .LVU1877
 5571 0040 E387     		strh	r3, [r4, #62]	@ movhi
2930:Drivers/STM32F1xx_HAL_Driver/Src/stm32f1xx_hal_spi.c **** 
 5572              		.loc 1 2930 5 is_stmt 1 view .LVU1878
2930:Drivers/STM32F1xx_HAL_Driver/Src/stm32f1xx_hal_spi.c **** 
 5573              		.loc 1 2930 17 is_stmt 0 view .LVU1879
 5574 0042 0123     		movs	r3, #1
 5575 0044 84F85130 		strb	r3, [r4, #81]
2951:Drivers/STM32F1xx_HAL_Driver/Src/stm32f1xx_hal_spi.c ****     {
 5576              		.loc 1 2951 5 is_stmt 1 view .LVU1880
2951:Drivers/STM32F1xx_HAL_Driver/Src/stm32f1xx_hal_spi.c ****     {
 5577              		.loc 1 2951 13 is_stmt 0 view .LVU1881
 5578 0048 636D     		ldr	r3, [r4, #84]
2951:Drivers/STM32F1xx_HAL_Driver/Src/stm32f1xx_hal_spi.c ****     {
 5579              		.loc 1 2951 8 view .LVU1882
 5580 004a 1BB9     		cbnz	r3, .L388
 5581              	.L384:
2966:Drivers/STM32F1xx_HAL_Driver/Src/stm32f1xx_hal_spi.c **** #endif /* USE_HAL_SPI_REGISTER_CALLBACKS */
 5582              		.loc 1 2966 3 is_stmt 1 view .LVU1883
 5583 004c 2046     		mov	r0, r4
 5584 004e FFF7FEFF 		bl	HAL_SPI_TxRxCpltCallback
 5585              	.LVL365:
 5586              	.L383:
2968:Drivers/STM32F1xx_HAL_Driver/Src/stm32f1xx_hal_spi.c **** 
 5587              		.loc 1 2968 1 is_stmt 0 view .LVU1884
 5588 0052 38BD     		pop	{r3, r4, r5, pc}
 5589              	.LVL366:
 5590              	.L388:
2957:Drivers/STM32F1xx_HAL_Driver/Src/stm32f1xx_hal_spi.c **** #endif /* USE_HAL_SPI_REGISTER_CALLBACKS */
 5591              		.loc 1 2957 7 is_stmt 1 view .LVU1885
 5592 0054 2046     		mov	r0, r4
 5593 0056 FFF7FEFF 		bl	HAL_SPI_ErrorCallback
 5594              	.LVL367:
2959:Drivers/STM32F1xx_HAL_Driver/Src/stm32f1xx_hal_spi.c ****     }
 5595              		.loc 1 2959 7 view .LVU1886
 5596 005a FAE7     		b	.L383
 5597              		.cfi_endproc
 5598              	.LFE96:
 5600              		.section	.text.HAL_SPI_IRQHandler,"ax",%progbits
 5601              		.align	1
 5602              		.global	HAL_SPI_IRQHandler
 5603              		.syntax unified
 5604              		.thumb
 5605              		.thumb_func
 5607              	HAL_SPI_IRQHandler:
ARM GAS  C:\Users\zhmis\AppData\Local\Temp\ccgFfHBP.s 			page 200


 5608              	.LVL368:
 5609              	.LFB83:
2443:Drivers/STM32F1xx_HAL_Driver/Src/stm32f1xx_hal_spi.c ****   uint32_t itsource = hspi->Instance->CR2;
 5610              		.loc 1 2443 1 view -0
 5611              		.cfi_startproc
 5612              		@ args = 0, pretend = 0, frame = 16
 5613              		@ frame_needed = 0, uses_anonymous_args = 0
2443:Drivers/STM32F1xx_HAL_Driver/Src/stm32f1xx_hal_spi.c ****   uint32_t itsource = hspi->Instance->CR2;
 5614              		.loc 1 2443 1 is_stmt 0 view .LVU1888
 5615 0000 30B5     		push	{r4, r5, lr}
 5616              		.cfi_def_cfa_offset 12
 5617              		.cfi_offset 4, -12
 5618              		.cfi_offset 5, -8
 5619              		.cfi_offset 14, -4
 5620 0002 85B0     		sub	sp, sp, #20
 5621              		.cfi_def_cfa_offset 32
 5622 0004 0446     		mov	r4, r0
2444:Drivers/STM32F1xx_HAL_Driver/Src/stm32f1xx_hal_spi.c ****   uint32_t itflag   = hspi->Instance->SR;
 5623              		.loc 1 2444 3 is_stmt 1 view .LVU1889
2444:Drivers/STM32F1xx_HAL_Driver/Src/stm32f1xx_hal_spi.c ****   uint32_t itflag   = hspi->Instance->SR;
 5624              		.loc 1 2444 27 is_stmt 0 view .LVU1890
 5625 0006 0268     		ldr	r2, [r0]
2444:Drivers/STM32F1xx_HAL_Driver/Src/stm32f1xx_hal_spi.c ****   uint32_t itflag   = hspi->Instance->SR;
 5626              		.loc 1 2444 12 view .LVU1891
 5627 0008 5168     		ldr	r1, [r2, #4]
 5628              	.LVL369:
2445:Drivers/STM32F1xx_HAL_Driver/Src/stm32f1xx_hal_spi.c **** 
 5629              		.loc 1 2445 3 is_stmt 1 view .LVU1892
2445:Drivers/STM32F1xx_HAL_Driver/Src/stm32f1xx_hal_spi.c **** 
 5630              		.loc 1 2445 12 is_stmt 0 view .LVU1893
 5631 000a 9368     		ldr	r3, [r2, #8]
 5632              	.LVL370:
2448:Drivers/STM32F1xx_HAL_Driver/Src/stm32f1xx_hal_spi.c ****       (SPI_CHECK_FLAG(itflag, SPI_FLAG_RXNE) != RESET) && (SPI_CHECK_IT_SOURCE(itsource, SPI_IT_RXN
 5633              		.loc 1 2448 3 is_stmt 1 view .LVU1894
 5634 000c C3F38010 		ubfx	r0, r3, #6, #1
 5635              	.LVL371:
2448:Drivers/STM32F1xx_HAL_Driver/Src/stm32f1xx_hal_spi.c ****       (SPI_CHECK_FLAG(itflag, SPI_FLAG_RXNE) != RESET) && (SPI_CHECK_IT_SOURCE(itsource, SPI_IT_RXN
 5636              		.loc 1 2448 6 is_stmt 0 view .LVU1895
 5637 0010 13F0400F 		tst	r3, #64
 5638 0014 05D1     		bne	.L390
2448:Drivers/STM32F1xx_HAL_Driver/Src/stm32f1xx_hal_spi.c ****       (SPI_CHECK_FLAG(itflag, SPI_FLAG_RXNE) != RESET) && (SPI_CHECK_IT_SOURCE(itsource, SPI_IT_RXN
 5639              		.loc 1 2448 55 discriminator 1 view .LVU1896
 5640 0016 13F0010F 		tst	r3, #1
 5641 001a 02D0     		beq	.L390
2449:Drivers/STM32F1xx_HAL_Driver/Src/stm32f1xx_hal_spi.c ****   {
 5642              		.loc 1 2449 56 view .LVU1897
 5643 001c 11F0400F 		tst	r1, #64
 5644 0020 5AD1     		bne	.L401
 5645              	.L390:
2456:Drivers/STM32F1xx_HAL_Driver/Src/stm32f1xx_hal_spi.c ****   {
 5646              		.loc 1 2456 3 is_stmt 1 view .LVU1898
2456:Drivers/STM32F1xx_HAL_Driver/Src/stm32f1xx_hal_spi.c ****   {
 5647              		.loc 1 2456 6 is_stmt 0 view .LVU1899
 5648 0022 13F0020F 		tst	r3, #2
 5649 0026 02D0     		beq	.L392
2456:Drivers/STM32F1xx_HAL_Driver/Src/stm32f1xx_hal_spi.c ****   {
 5650              		.loc 1 2456 55 discriminator 1 view .LVU1900
ARM GAS  C:\Users\zhmis\AppData\Local\Temp\ccgFfHBP.s 			page 201


 5651 0028 11F0800F 		tst	r1, #128
 5652 002c 58D1     		bne	.L402
 5653              	.L392:
2463:Drivers/STM32F1xx_HAL_Driver/Src/stm32f1xx_hal_spi.c ****       && (SPI_CHECK_IT_SOURCE(itsource, SPI_IT_ERR) != RESET))
 5654              		.loc 1 2463 3 is_stmt 1 view .LVU1901
 5655 002e C3F34015 		ubfx	r5, r3, #5, #1
2463:Drivers/STM32F1xx_HAL_Driver/Src/stm32f1xx_hal_spi.c ****       && (SPI_CHECK_IT_SOURCE(itsource, SPI_IT_ERR) != RESET))
 5656              		.loc 1 2463 6 is_stmt 0 view .LVU1902
 5657 0032 13F0200F 		tst	r3, #32
 5658 0036 01D1     		bne	.L393
2463:Drivers/STM32F1xx_HAL_Driver/Src/stm32f1xx_hal_spi.c ****       && (SPI_CHECK_IT_SOURCE(itsource, SPI_IT_ERR) != RESET))
 5659              		.loc 1 2463 57 discriminator 1 view .LVU1903
 5660 0038 0028     		cmp	r0, #0
 5661 003a 54D0     		beq	.L389
 5662              	.L393:
2464:Drivers/STM32F1xx_HAL_Driver/Src/stm32f1xx_hal_spi.c ****   {
 5663              		.loc 1 2464 7 view .LVU1904
 5664 003c 11F0200F 		tst	r1, #32
 5665 0040 51D0     		beq	.L389
2467:Drivers/STM32F1xx_HAL_Driver/Src/stm32f1xx_hal_spi.c ****     {
 5666              		.loc 1 2467 5 is_stmt 1 view .LVU1905
2467:Drivers/STM32F1xx_HAL_Driver/Src/stm32f1xx_hal_spi.c ****     {
 5667              		.loc 1 2467 8 is_stmt 0 view .LVU1906
 5668 0042 78B1     		cbz	r0, .L394
2469:Drivers/STM32F1xx_HAL_Driver/Src/stm32f1xx_hal_spi.c ****       {
 5669              		.loc 1 2469 7 is_stmt 1 view .LVU1907
2469:Drivers/STM32F1xx_HAL_Driver/Src/stm32f1xx_hal_spi.c ****       {
 5670              		.loc 1 2469 15 is_stmt 0 view .LVU1908
 5671 0044 94F85130 		ldrb	r3, [r4, #81]	@ zero_extendqisi2
 5672              	.LVL372:
2469:Drivers/STM32F1xx_HAL_Driver/Src/stm32f1xx_hal_spi.c ****       {
 5673              		.loc 1 2469 15 view .LVU1909
 5674 0048 DBB2     		uxtb	r3, r3
2469:Drivers/STM32F1xx_HAL_Driver/Src/stm32f1xx_hal_spi.c ****       {
 5675              		.loc 1 2469 10 view .LVU1910
 5676 004a 032B     		cmp	r3, #3
 5677 004c 4DD0     		beq	.L395
2471:Drivers/STM32F1xx_HAL_Driver/Src/stm32f1xx_hal_spi.c ****         __HAL_SPI_CLEAR_OVRFLAG(hspi);
 5678              		.loc 1 2471 9 is_stmt 1 view .LVU1911
 5679 004e 636D     		ldr	r3, [r4, #84]
 5680 0050 43F00403 		orr	r3, r3, #4
 5681 0054 6365     		str	r3, [r4, #84]
2472:Drivers/STM32F1xx_HAL_Driver/Src/stm32f1xx_hal_spi.c ****       }
 5682              		.loc 1 2472 9 view .LVU1912
 5683              	.LBB9:
2472:Drivers/STM32F1xx_HAL_Driver/Src/stm32f1xx_hal_spi.c ****       }
 5684              		.loc 1 2472 9 view .LVU1913
 5685 0056 0023     		movs	r3, #0
 5686 0058 0193     		str	r3, [sp, #4]
2472:Drivers/STM32F1xx_HAL_Driver/Src/stm32f1xx_hal_spi.c ****       }
 5687              		.loc 1 2472 9 view .LVU1914
 5688 005a D368     		ldr	r3, [r2, #12]
 5689 005c 0193     		str	r3, [sp, #4]
2472:Drivers/STM32F1xx_HAL_Driver/Src/stm32f1xx_hal_spi.c ****       }
 5690              		.loc 1 2472 9 view .LVU1915
 5691 005e 9368     		ldr	r3, [r2, #8]
 5692 0060 0193     		str	r3, [sp, #4]
ARM GAS  C:\Users\zhmis\AppData\Local\Temp\ccgFfHBP.s 			page 202


2472:Drivers/STM32F1xx_HAL_Driver/Src/stm32f1xx_hal_spi.c ****       }
 5693              		.loc 1 2472 9 view .LVU1916
 5694 0062 019B     		ldr	r3, [sp, #4]
 5695              	.LBE9:
2472:Drivers/STM32F1xx_HAL_Driver/Src/stm32f1xx_hal_spi.c ****       }
 5696              		.loc 1 2472 9 view .LVU1917
 5697              	.L394:
2482:Drivers/STM32F1xx_HAL_Driver/Src/stm32f1xx_hal_spi.c ****     {
 5698              		.loc 1 2482 5 view .LVU1918
2482:Drivers/STM32F1xx_HAL_Driver/Src/stm32f1xx_hal_spi.c ****     {
 5699              		.loc 1 2482 8 is_stmt 0 view .LVU1919
 5700 0064 65B1     		cbz	r5, .L396
2484:Drivers/STM32F1xx_HAL_Driver/Src/stm32f1xx_hal_spi.c ****       __HAL_SPI_CLEAR_MODFFLAG(hspi);
 5701              		.loc 1 2484 7 is_stmt 1 view .LVU1920
 5702 0066 636D     		ldr	r3, [r4, #84]
 5703 0068 43F00103 		orr	r3, r3, #1
 5704 006c 6365     		str	r3, [r4, #84]
2485:Drivers/STM32F1xx_HAL_Driver/Src/stm32f1xx_hal_spi.c ****     }
 5705              		.loc 1 2485 7 view .LVU1921
 5706              	.LBB10:
2485:Drivers/STM32F1xx_HAL_Driver/Src/stm32f1xx_hal_spi.c ****     }
 5707              		.loc 1 2485 7 view .LVU1922
 5708 006e 0023     		movs	r3, #0
 5709 0070 0393     		str	r3, [sp, #12]
2485:Drivers/STM32F1xx_HAL_Driver/Src/stm32f1xx_hal_spi.c ****     }
 5710              		.loc 1 2485 7 view .LVU1923
 5711 0072 9368     		ldr	r3, [r2, #8]
 5712 0074 0393     		str	r3, [sp, #12]
2485:Drivers/STM32F1xx_HAL_Driver/Src/stm32f1xx_hal_spi.c ****     }
 5713              		.loc 1 2485 7 view .LVU1924
 5714 0076 1368     		ldr	r3, [r2]
 5715 0078 23F04003 		bic	r3, r3, #64
 5716 007c 1360     		str	r3, [r2]
2485:Drivers/STM32F1xx_HAL_Driver/Src/stm32f1xx_hal_spi.c ****     }
 5717              		.loc 1 2485 7 view .LVU1925
 5718 007e 039B     		ldr	r3, [sp, #12]
 5719              	.L396:
2485:Drivers/STM32F1xx_HAL_Driver/Src/stm32f1xx_hal_spi.c ****     }
 5720              		.loc 1 2485 7 is_stmt 0 view .LVU1926
 5721              	.LBE10:
2485:Drivers/STM32F1xx_HAL_Driver/Src/stm32f1xx_hal_spi.c ****     }
 5722              		.loc 1 2485 7 is_stmt 1 discriminator 1 view .LVU1927
2490:Drivers/STM32F1xx_HAL_Driver/Src/stm32f1xx_hal_spi.c ****     {
 5723              		.loc 1 2490 5 view .LVU1928
2490:Drivers/STM32F1xx_HAL_Driver/Src/stm32f1xx_hal_spi.c ****     {
 5724              		.loc 1 2490 13 is_stmt 0 view .LVU1929
 5725 0080 636D     		ldr	r3, [r4, #84]
2490:Drivers/STM32F1xx_HAL_Driver/Src/stm32f1xx_hal_spi.c ****     {
 5726              		.loc 1 2490 8 view .LVU1930
 5727 0082 002B     		cmp	r3, #0
 5728 0084 2FD0     		beq	.L389
2493:Drivers/STM32F1xx_HAL_Driver/Src/stm32f1xx_hal_spi.c **** 
 5729              		.loc 1 2493 7 is_stmt 1 view .LVU1931
 5730 0086 2268     		ldr	r2, [r4]
 5731 0088 5368     		ldr	r3, [r2, #4]
 5732 008a 23F0E003 		bic	r3, r3, #224
 5733 008e 5360     		str	r3, [r2, #4]
ARM GAS  C:\Users\zhmis\AppData\Local\Temp\ccgFfHBP.s 			page 203


2495:Drivers/STM32F1xx_HAL_Driver/Src/stm32f1xx_hal_spi.c ****       /* Disable the SPI DMA requests if enabled */
 5734              		.loc 1 2495 7 view .LVU1932
2495:Drivers/STM32F1xx_HAL_Driver/Src/stm32f1xx_hal_spi.c ****       /* Disable the SPI DMA requests if enabled */
 5735              		.loc 1 2495 19 is_stmt 0 view .LVU1933
 5736 0090 0123     		movs	r3, #1
 5737 0092 84F85130 		strb	r3, [r4, #81]
2497:Drivers/STM32F1xx_HAL_Driver/Src/stm32f1xx_hal_spi.c ****       {
 5738              		.loc 1 2497 7 is_stmt 1 view .LVU1934
2497:Drivers/STM32F1xx_HAL_Driver/Src/stm32f1xx_hal_spi.c ****       {
 5739              		.loc 1 2497 10 is_stmt 0 view .LVU1935
 5740 0096 11F0030F 		tst	r1, #3
 5741 009a 2ED0     		beq	.L398
2499:Drivers/STM32F1xx_HAL_Driver/Src/stm32f1xx_hal_spi.c **** 
 5742              		.loc 1 2499 9 is_stmt 1 view .LVU1936
 5743 009c 2268     		ldr	r2, [r4]
 5744 009e 5368     		ldr	r3, [r2, #4]
 5745 00a0 23F00303 		bic	r3, r3, #3
 5746 00a4 5360     		str	r3, [r2, #4]
2502:Drivers/STM32F1xx_HAL_Driver/Src/stm32f1xx_hal_spi.c ****         {
 5747              		.loc 1 2502 9 view .LVU1937
2502:Drivers/STM32F1xx_HAL_Driver/Src/stm32f1xx_hal_spi.c ****         {
 5748              		.loc 1 2502 17 is_stmt 0 view .LVU1938
 5749 00a6 E36C     		ldr	r3, [r4, #76]
2502:Drivers/STM32F1xx_HAL_Driver/Src/stm32f1xx_hal_spi.c ****         {
 5750              		.loc 1 2502 12 view .LVU1939
 5751 00a8 4BB1     		cbz	r3, .L399
2506:Drivers/STM32F1xx_HAL_Driver/Src/stm32f1xx_hal_spi.c ****           if (HAL_OK != HAL_DMA_Abort_IT(hspi->hdmarx))
 5752              		.loc 1 2506 11 is_stmt 1 view .LVU1940
2506:Drivers/STM32F1xx_HAL_Driver/Src/stm32f1xx_hal_spi.c ****           if (HAL_OK != HAL_DMA_Abort_IT(hspi->hdmarx))
 5753              		.loc 1 2506 43 is_stmt 0 view .LVU1941
 5754 00aa 164A     		ldr	r2, .L403
 5755 00ac 5A63     		str	r2, [r3, #52]
2507:Drivers/STM32F1xx_HAL_Driver/Src/stm32f1xx_hal_spi.c ****           {
 5756              		.loc 1 2507 11 is_stmt 1 view .LVU1942
2507:Drivers/STM32F1xx_HAL_Driver/Src/stm32f1xx_hal_spi.c ****           {
 5757              		.loc 1 2507 25 is_stmt 0 view .LVU1943
 5758 00ae E06C     		ldr	r0, [r4, #76]
 5759 00b0 FFF7FEFF 		bl	HAL_DMA_Abort_IT
 5760              	.LVL373:
2507:Drivers/STM32F1xx_HAL_Driver/Src/stm32f1xx_hal_spi.c ****           {
 5761              		.loc 1 2507 14 discriminator 1 view .LVU1944
 5762 00b4 18B1     		cbz	r0, .L399
2509:Drivers/STM32F1xx_HAL_Driver/Src/stm32f1xx_hal_spi.c ****           }
 5763              		.loc 1 2509 13 is_stmt 1 view .LVU1945
 5764 00b6 636D     		ldr	r3, [r4, #84]
 5765 00b8 43F04003 		orr	r3, r3, #64
 5766 00bc 6365     		str	r3, [r4, #84]
 5767              	.L399:
2513:Drivers/STM32F1xx_HAL_Driver/Src/stm32f1xx_hal_spi.c ****         {
 5768              		.loc 1 2513 9 view .LVU1946
2513:Drivers/STM32F1xx_HAL_Driver/Src/stm32f1xx_hal_spi.c ****         {
 5769              		.loc 1 2513 17 is_stmt 0 view .LVU1947
 5770 00be A36C     		ldr	r3, [r4, #72]
2513:Drivers/STM32F1xx_HAL_Driver/Src/stm32f1xx_hal_spi.c ****         {
 5771              		.loc 1 2513 12 view .LVU1948
 5772 00c0 8BB1     		cbz	r3, .L389
2517:Drivers/STM32F1xx_HAL_Driver/Src/stm32f1xx_hal_spi.c ****           if (HAL_OK != HAL_DMA_Abort_IT(hspi->hdmatx))
ARM GAS  C:\Users\zhmis\AppData\Local\Temp\ccgFfHBP.s 			page 204


 5773              		.loc 1 2517 11 is_stmt 1 view .LVU1949
2517:Drivers/STM32F1xx_HAL_Driver/Src/stm32f1xx_hal_spi.c ****           if (HAL_OK != HAL_DMA_Abort_IT(hspi->hdmatx))
 5774              		.loc 1 2517 43 is_stmt 0 view .LVU1950
 5775 00c2 104A     		ldr	r2, .L403
 5776 00c4 5A63     		str	r2, [r3, #52]
2518:Drivers/STM32F1xx_HAL_Driver/Src/stm32f1xx_hal_spi.c ****           {
 5777              		.loc 1 2518 11 is_stmt 1 view .LVU1951
2518:Drivers/STM32F1xx_HAL_Driver/Src/stm32f1xx_hal_spi.c ****           {
 5778              		.loc 1 2518 25 is_stmt 0 view .LVU1952
 5779 00c6 A06C     		ldr	r0, [r4, #72]
 5780 00c8 FFF7FEFF 		bl	HAL_DMA_Abort_IT
 5781              	.LVL374:
2518:Drivers/STM32F1xx_HAL_Driver/Src/stm32f1xx_hal_spi.c ****           {
 5782              		.loc 1 2518 14 discriminator 1 view .LVU1953
 5783 00cc 58B1     		cbz	r0, .L389
2520:Drivers/STM32F1xx_HAL_Driver/Src/stm32f1xx_hal_spi.c ****           }
 5784              		.loc 1 2520 13 is_stmt 1 view .LVU1954
 5785 00ce 636D     		ldr	r3, [r4, #84]
 5786 00d0 43F04003 		orr	r3, r3, #64
 5787 00d4 6365     		str	r3, [r4, #84]
 5788 00d6 06E0     		b	.L389
 5789              	.LVL375:
 5790              	.L401:
2451:Drivers/STM32F1xx_HAL_Driver/Src/stm32f1xx_hal_spi.c ****     return;
 5791              		.loc 1 2451 5 view .LVU1955
2451:Drivers/STM32F1xx_HAL_Driver/Src/stm32f1xx_hal_spi.c ****     return;
 5792              		.loc 1 2451 9 is_stmt 0 view .LVU1956
 5793 00d8 236C     		ldr	r3, [r4, #64]
 5794              	.LVL376:
2451:Drivers/STM32F1xx_HAL_Driver/Src/stm32f1xx_hal_spi.c ****     return;
 5795              		.loc 1 2451 5 view .LVU1957
 5796 00da 2046     		mov	r0, r4
 5797 00dc 9847     		blx	r3
 5798              	.LVL377:
2452:Drivers/STM32F1xx_HAL_Driver/Src/stm32f1xx_hal_spi.c ****   }
 5799              		.loc 1 2452 5 is_stmt 1 view .LVU1958
 5800 00de 02E0     		b	.L389
 5801              	.LVL378:
 5802              	.L402:
2458:Drivers/STM32F1xx_HAL_Driver/Src/stm32f1xx_hal_spi.c ****     return;
 5803              		.loc 1 2458 5 view .LVU1959
2458:Drivers/STM32F1xx_HAL_Driver/Src/stm32f1xx_hal_spi.c ****     return;
 5804              		.loc 1 2458 9 is_stmt 0 view .LVU1960
 5805 00e0 636C     		ldr	r3, [r4, #68]
 5806              	.LVL379:
2458:Drivers/STM32F1xx_HAL_Driver/Src/stm32f1xx_hal_spi.c ****     return;
 5807              		.loc 1 2458 5 view .LVU1961
 5808 00e2 2046     		mov	r0, r4
 5809 00e4 9847     		blx	r3
 5810              	.LVL380:
2459:Drivers/STM32F1xx_HAL_Driver/Src/stm32f1xx_hal_spi.c ****   }
 5811              		.loc 1 2459 5 is_stmt 1 view .LVU1962
 5812              	.L389:
2536:Drivers/STM32F1xx_HAL_Driver/Src/stm32f1xx_hal_spi.c **** 
 5813              		.loc 1 2536 1 is_stmt 0 view .LVU1963
 5814 00e6 05B0     		add	sp, sp, #20
 5815              		.cfi_remember_state
ARM GAS  C:\Users\zhmis\AppData\Local\Temp\ccgFfHBP.s 			page 205


 5816              		.cfi_def_cfa_offset 12
 5817              		@ sp needed
 5818 00e8 30BD     		pop	{r4, r5, pc}
 5819              	.LVL381:
 5820              	.L395:
 5821              		.cfi_restore_state
2476:Drivers/STM32F1xx_HAL_Driver/Src/stm32f1xx_hal_spi.c ****         return;
 5822              		.loc 1 2476 9 is_stmt 1 view .LVU1964
 5823              	.LBB11:
2476:Drivers/STM32F1xx_HAL_Driver/Src/stm32f1xx_hal_spi.c ****         return;
 5824              		.loc 1 2476 9 view .LVU1965
 5825 00ea 0023     		movs	r3, #0
 5826 00ec 0293     		str	r3, [sp, #8]
2476:Drivers/STM32F1xx_HAL_Driver/Src/stm32f1xx_hal_spi.c ****         return;
 5827              		.loc 1 2476 9 view .LVU1966
 5828 00ee D368     		ldr	r3, [r2, #12]
 5829 00f0 0293     		str	r3, [sp, #8]
2476:Drivers/STM32F1xx_HAL_Driver/Src/stm32f1xx_hal_spi.c ****         return;
 5830              		.loc 1 2476 9 view .LVU1967
 5831 00f2 9368     		ldr	r3, [r2, #8]
 5832 00f4 0293     		str	r3, [sp, #8]
2476:Drivers/STM32F1xx_HAL_Driver/Src/stm32f1xx_hal_spi.c ****         return;
 5833              		.loc 1 2476 9 view .LVU1968
 5834 00f6 029B     		ldr	r3, [sp, #8]
 5835              	.LBE11:
2476:Drivers/STM32F1xx_HAL_Driver/Src/stm32f1xx_hal_spi.c ****         return;
 5836              		.loc 1 2476 9 view .LVU1969
2477:Drivers/STM32F1xx_HAL_Driver/Src/stm32f1xx_hal_spi.c ****       }
 5837              		.loc 1 2477 9 view .LVU1970
 5838 00f8 F5E7     		b	.L389
 5839              	.L398:
2530:Drivers/STM32F1xx_HAL_Driver/Src/stm32f1xx_hal_spi.c **** #endif /* USE_HAL_SPI_REGISTER_CALLBACKS */
 5840              		.loc 1 2530 9 view .LVU1971
 5841 00fa 2046     		mov	r0, r4
 5842 00fc FFF7FEFF 		bl	HAL_SPI_ErrorCallback
 5843              	.LVL382:
2534:Drivers/STM32F1xx_HAL_Driver/Src/stm32f1xx_hal_spi.c ****   }
 5844              		.loc 1 2534 5 view .LVU1972
 5845 0100 F1E7     		b	.L389
 5846              	.L404:
 5847 0102 00BF     		.align	2
 5848              	.L403:
 5849 0104 00000000 		.word	SPI_DMAAbortOnError
 5850              		.cfi_endproc
 5851              	.LFE83:
 5853              		.section	.text.SPI_DMAAbortOnError,"ax",%progbits
 5854              		.align	1
 5855              		.syntax unified
 5856              		.thumb
 5857              		.thumb_func
 5859              	SPI_DMAAbortOnError:
 5860              	.LVL383:
 5861              	.LFB101:
3054:Drivers/STM32F1xx_HAL_Driver/Src/stm32f1xx_hal_spi.c ****   SPI_HandleTypeDef *hspi = (SPI_HandleTypeDef *)(((DMA_HandleTypeDef *)hdma)->Parent); /* Derogati
 5862              		.loc 1 3054 1 view -0
 5863              		.cfi_startproc
 5864              		@ args = 0, pretend = 0, frame = 0
ARM GAS  C:\Users\zhmis\AppData\Local\Temp\ccgFfHBP.s 			page 206


 5865              		@ frame_needed = 0, uses_anonymous_args = 0
3054:Drivers/STM32F1xx_HAL_Driver/Src/stm32f1xx_hal_spi.c ****   SPI_HandleTypeDef *hspi = (SPI_HandleTypeDef *)(((DMA_HandleTypeDef *)hdma)->Parent); /* Derogati
 5866              		.loc 1 3054 1 is_stmt 0 view .LVU1974
 5867 0000 08B5     		push	{r3, lr}
 5868              		.cfi_def_cfa_offset 8
 5869              		.cfi_offset 3, -8
 5870              		.cfi_offset 14, -4
3055:Drivers/STM32F1xx_HAL_Driver/Src/stm32f1xx_hal_spi.c ****   hspi->RxXferCount = 0U;
 5871              		.loc 1 3055 3 is_stmt 1 view .LVU1975
3055:Drivers/STM32F1xx_HAL_Driver/Src/stm32f1xx_hal_spi.c ****   hspi->RxXferCount = 0U;
 5872              		.loc 1 3055 22 is_stmt 0 view .LVU1976
 5873 0002 406A     		ldr	r0, [r0, #36]
 5874              	.LVL384:
3056:Drivers/STM32F1xx_HAL_Driver/Src/stm32f1xx_hal_spi.c ****   hspi->TxXferCount = 0U;
 5875              		.loc 1 3056 3 is_stmt 1 view .LVU1977
3056:Drivers/STM32F1xx_HAL_Driver/Src/stm32f1xx_hal_spi.c ****   hspi->TxXferCount = 0U;
 5876              		.loc 1 3056 21 is_stmt 0 view .LVU1978
 5877 0004 0023     		movs	r3, #0
 5878 0006 C387     		strh	r3, [r0, #62]	@ movhi
3057:Drivers/STM32F1xx_HAL_Driver/Src/stm32f1xx_hal_spi.c **** 
 5879              		.loc 1 3057 3 is_stmt 1 view .LVU1979
3057:Drivers/STM32F1xx_HAL_Driver/Src/stm32f1xx_hal_spi.c **** 
 5880              		.loc 1 3057 21 is_stmt 0 view .LVU1980
 5881 0008 C386     		strh	r3, [r0, #54]	@ movhi
3063:Drivers/STM32F1xx_HAL_Driver/Src/stm32f1xx_hal_spi.c **** #endif /* USE_HAL_SPI_REGISTER_CALLBACKS */
 5882              		.loc 1 3063 3 is_stmt 1 view .LVU1981
 5883 000a FFF7FEFF 		bl	HAL_SPI_ErrorCallback
 5884              	.LVL385:
3065:Drivers/STM32F1xx_HAL_Driver/Src/stm32f1xx_hal_spi.c **** 
 5885              		.loc 1 3065 1 is_stmt 0 view .LVU1982
 5886 000e 08BD     		pop	{r3, pc}
 5887              		.cfi_endproc
 5888              	.LFE101:
 5890              		.section	.text.HAL_SPI_AbortCpltCallback,"ax",%progbits
 5891              		.align	1
 5892              		.weak	HAL_SPI_AbortCpltCallback
 5893              		.syntax unified
 5894              		.thumb
 5895              		.thumb_func
 5897              	HAL_SPI_AbortCpltCallback:
 5898              	.LVL386:
 5899              	.LFB91:
2659:Drivers/STM32F1xx_HAL_Driver/Src/stm32f1xx_hal_spi.c ****   /* Prevent unused argument(s) compilation warning */
 5900              		.loc 1 2659 1 is_stmt 1 view -0
 5901              		.cfi_startproc
 5902              		@ args = 0, pretend = 0, frame = 0
 5903              		@ frame_needed = 0, uses_anonymous_args = 0
 5904              		@ link register save eliminated.
2661:Drivers/STM32F1xx_HAL_Driver/Src/stm32f1xx_hal_spi.c **** 
 5905              		.loc 1 2661 3 view .LVU1984
2666:Drivers/STM32F1xx_HAL_Driver/Src/stm32f1xx_hal_spi.c **** 
 5906              		.loc 1 2666 1 is_stmt 0 view .LVU1985
 5907 0000 7047     		bx	lr
 5908              		.cfi_endproc
 5909              	.LFE91:
 5911              		.section	.text.HAL_SPI_Abort_IT,"ax",%progbits
 5912              		.align	1
ARM GAS  C:\Users\zhmis\AppData\Local\Temp\ccgFfHBP.s 			page 207


 5913              		.global	HAL_SPI_Abort_IT
 5914              		.syntax unified
 5915              		.thumb
 5916              		.thumb_func
 5918              	HAL_SPI_Abort_IT:
 5919              	.LVL387:
 5920              	.LFB79:
2203:Drivers/STM32F1xx_HAL_Driver/Src/stm32f1xx_hal_spi.c ****   HAL_StatusTypeDef errorcode;
 5921              		.loc 1 2203 1 is_stmt 1 view -0
 5922              		.cfi_startproc
 5923              		@ args = 0, pretend = 0, frame = 16
 5924              		@ frame_needed = 0, uses_anonymous_args = 0
2203:Drivers/STM32F1xx_HAL_Driver/Src/stm32f1xx_hal_spi.c ****   HAL_StatusTypeDef errorcode;
 5925              		.loc 1 2203 1 is_stmt 0 view .LVU1987
 5926 0000 70B5     		push	{r4, r5, r6, lr}
 5927              		.cfi_def_cfa_offset 16
 5928              		.cfi_offset 4, -16
 5929              		.cfi_offset 5, -12
 5930              		.cfi_offset 6, -8
 5931              		.cfi_offset 14, -4
 5932 0002 84B0     		sub	sp, sp, #16
 5933              		.cfi_def_cfa_offset 32
 5934 0004 0446     		mov	r4, r0
2204:Drivers/STM32F1xx_HAL_Driver/Src/stm32f1xx_hal_spi.c ****   uint32_t abortcplt ;
 5935              		.loc 1 2204 3 is_stmt 1 view .LVU1988
2205:Drivers/STM32F1xx_HAL_Driver/Src/stm32f1xx_hal_spi.c ****   __IO uint32_t count;
 5936              		.loc 1 2205 3 view .LVU1989
2206:Drivers/STM32F1xx_HAL_Driver/Src/stm32f1xx_hal_spi.c ****   __IO uint32_t resetcount;
 5937              		.loc 1 2206 3 view .LVU1990
2207:Drivers/STM32F1xx_HAL_Driver/Src/stm32f1xx_hal_spi.c **** 
 5938              		.loc 1 2207 3 view .LVU1991
2210:Drivers/STM32F1xx_HAL_Driver/Src/stm32f1xx_hal_spi.c ****   abortcplt = 1U;
 5939              		.loc 1 2210 3 view .LVU1992
 5940              	.LVL388:
2211:Drivers/STM32F1xx_HAL_Driver/Src/stm32f1xx_hal_spi.c ****   resetcount = SPI_DEFAULT_TIMEOUT * (SystemCoreClock / 24U / 1000U);
 5941              		.loc 1 2211 3 view .LVU1993
2212:Drivers/STM32F1xx_HAL_Driver/Src/stm32f1xx_hal_spi.c ****   count = resetcount;
 5942              		.loc 1 2212 3 view .LVU1994
2212:Drivers/STM32F1xx_HAL_Driver/Src/stm32f1xx_hal_spi.c ****   count = resetcount;
 5943              		.loc 1 2212 61 is_stmt 0 view .LVU1995
 5944 0006 4D4B     		ldr	r3, .L434
 5945 0008 1B68     		ldr	r3, [r3]
 5946 000a 4D4A     		ldr	r2, .L434+4
 5947 000c A2FB0323 		umull	r2, r3, r2, r3
 5948 0010 5B0A     		lsrs	r3, r3, #9
2212:Drivers/STM32F1xx_HAL_Driver/Src/stm32f1xx_hal_spi.c ****   count = resetcount;
 5949              		.loc 1 2212 36 view .LVU1996
 5950 0012 6422     		movs	r2, #100
 5951 0014 02FB03F3 		mul	r3, r2, r3
2212:Drivers/STM32F1xx_HAL_Driver/Src/stm32f1xx_hal_spi.c ****   count = resetcount;
 5952              		.loc 1 2212 14 view .LVU1997
 5953 0018 0293     		str	r3, [sp, #8]
2213:Drivers/STM32F1xx_HAL_Driver/Src/stm32f1xx_hal_spi.c **** 
 5954              		.loc 1 2213 3 is_stmt 1 view .LVU1998
2213:Drivers/STM32F1xx_HAL_Driver/Src/stm32f1xx_hal_spi.c **** 
 5955              		.loc 1 2213 9 is_stmt 0 view .LVU1999
 5956 001a 029B     		ldr	r3, [sp, #8]
ARM GAS  C:\Users\zhmis\AppData\Local\Temp\ccgFfHBP.s 			page 208


 5957 001c 0393     		str	r3, [sp, #12]
2216:Drivers/STM32F1xx_HAL_Driver/Src/stm32f1xx_hal_spi.c **** 
 5958              		.loc 1 2216 3 is_stmt 1 view .LVU2000
 5959 001e 0268     		ldr	r2, [r0]
 5960 0020 5368     		ldr	r3, [r2, #4]
 5961 0022 23F02003 		bic	r3, r3, #32
 5962 0026 5360     		str	r3, [r2, #4]
2219:Drivers/STM32F1xx_HAL_Driver/Src/stm32f1xx_hal_spi.c ****   {
 5963              		.loc 1 2219 3 view .LVU2001
2219:Drivers/STM32F1xx_HAL_Driver/Src/stm32f1xx_hal_spi.c ****   {
 5964              		.loc 1 2219 7 is_stmt 0 view .LVU2002
 5965 0028 0268     		ldr	r2, [r0]
 5966 002a 5368     		ldr	r3, [r2, #4]
2219:Drivers/STM32F1xx_HAL_Driver/Src/stm32f1xx_hal_spi.c ****   {
 5967              		.loc 1 2219 6 view .LVU2003
 5968 002c 13F0800F 		tst	r3, #128
 5969 0030 12D0     		beq	.L409
2221:Drivers/STM32F1xx_HAL_Driver/Src/stm32f1xx_hal_spi.c ****     /* Wait HAL_SPI_STATE_ABORT state */
 5970              		.loc 1 2221 5 is_stmt 1 view .LVU2004
2221:Drivers/STM32F1xx_HAL_Driver/Src/stm32f1xx_hal_spi.c ****     /* Wait HAL_SPI_STATE_ABORT state */
 5971              		.loc 1 2221 17 is_stmt 0 view .LVU2005
 5972 0032 444B     		ldr	r3, .L434+8
 5973 0034 4364     		str	r3, [r0, #68]
 5974              	.L412:
2223:Drivers/STM32F1xx_HAL_Driver/Src/stm32f1xx_hal_spi.c ****     {
 5975              		.loc 1 2223 5 is_stmt 1 view .LVU2006
2225:Drivers/STM32F1xx_HAL_Driver/Src/stm32f1xx_hal_spi.c ****       {
 5976              		.loc 1 2225 7 view .LVU2007
2225:Drivers/STM32F1xx_HAL_Driver/Src/stm32f1xx_hal_spi.c ****       {
 5977              		.loc 1 2225 17 is_stmt 0 view .LVU2008
 5978 0036 039B     		ldr	r3, [sp, #12]
2225:Drivers/STM32F1xx_HAL_Driver/Src/stm32f1xx_hal_spi.c ****       {
 5979              		.loc 1 2225 10 view .LVU2009
 5980 0038 43B1     		cbz	r3, .L431
2230:Drivers/STM32F1xx_HAL_Driver/Src/stm32f1xx_hal_spi.c ****     } while (hspi->State != HAL_SPI_STATE_ABORT);
 5981              		.loc 1 2230 7 is_stmt 1 view .LVU2010
2230:Drivers/STM32F1xx_HAL_Driver/Src/stm32f1xx_hal_spi.c ****     } while (hspi->State != HAL_SPI_STATE_ABORT);
 5982              		.loc 1 2230 12 is_stmt 0 view .LVU2011
 5983 003a 039B     		ldr	r3, [sp, #12]
 5984 003c 013B     		subs	r3, r3, #1
 5985 003e 0393     		str	r3, [sp, #12]
2231:Drivers/STM32F1xx_HAL_Driver/Src/stm32f1xx_hal_spi.c ****     /* Reset Timeout Counter */
 5986              		.loc 1 2231 26 is_stmt 1 view .LVU2012
2231:Drivers/STM32F1xx_HAL_Driver/Src/stm32f1xx_hal_spi.c ****     /* Reset Timeout Counter */
 5987              		.loc 1 2231 18 is_stmt 0 view .LVU2013
 5988 0040 94F85130 		ldrb	r3, [r4, #81]	@ zero_extendqisi2
 5989 0044 DBB2     		uxtb	r3, r3
2231:Drivers/STM32F1xx_HAL_Driver/Src/stm32f1xx_hal_spi.c ****     /* Reset Timeout Counter */
 5990              		.loc 1 2231 26 view .LVU2014
 5991 0046 072B     		cmp	r3, #7
 5992 0048 F5D1     		bne	.L412
 5993 004a 03E0     		b	.L411
 5994              	.L431:
2227:Drivers/STM32F1xx_HAL_Driver/Src/stm32f1xx_hal_spi.c ****         break;
 5995              		.loc 1 2227 9 is_stmt 1 view .LVU2015
 5996 004c 636D     		ldr	r3, [r4, #84]
 5997 004e 43F04003 		orr	r3, r3, #64
ARM GAS  C:\Users\zhmis\AppData\Local\Temp\ccgFfHBP.s 			page 209


 5998 0052 6365     		str	r3, [r4, #84]
2228:Drivers/STM32F1xx_HAL_Driver/Src/stm32f1xx_hal_spi.c ****       }
 5999              		.loc 1 2228 9 view .LVU2016
 6000              	.L411:
2233:Drivers/STM32F1xx_HAL_Driver/Src/stm32f1xx_hal_spi.c ****   }
 6001              		.loc 1 2233 5 view .LVU2017
2233:Drivers/STM32F1xx_HAL_Driver/Src/stm32f1xx_hal_spi.c ****   }
 6002              		.loc 1 2233 11 is_stmt 0 view .LVU2018
 6003 0054 029B     		ldr	r3, [sp, #8]
 6004 0056 0393     		str	r3, [sp, #12]
 6005              	.L409:
2236:Drivers/STM32F1xx_HAL_Driver/Src/stm32f1xx_hal_spi.c ****   {
 6006              		.loc 1 2236 3 is_stmt 1 view .LVU2019
2236:Drivers/STM32F1xx_HAL_Driver/Src/stm32f1xx_hal_spi.c ****   {
 6007              		.loc 1 2236 7 is_stmt 0 view .LVU2020
 6008 0058 5368     		ldr	r3, [r2, #4]
2236:Drivers/STM32F1xx_HAL_Driver/Src/stm32f1xx_hal_spi.c ****   {
 6009              		.loc 1 2236 6 view .LVU2021
 6010 005a 13F0400F 		tst	r3, #64
 6011 005e 12D0     		beq	.L413
2238:Drivers/STM32F1xx_HAL_Driver/Src/stm32f1xx_hal_spi.c ****     /* Wait HAL_SPI_STATE_ABORT state */
 6012              		.loc 1 2238 5 is_stmt 1 view .LVU2022
2238:Drivers/STM32F1xx_HAL_Driver/Src/stm32f1xx_hal_spi.c ****     /* Wait HAL_SPI_STATE_ABORT state */
 6013              		.loc 1 2238 17 is_stmt 0 view .LVU2023
 6014 0060 394B     		ldr	r3, .L434+12
 6015 0062 2364     		str	r3, [r4, #64]
 6016              	.L416:
2240:Drivers/STM32F1xx_HAL_Driver/Src/stm32f1xx_hal_spi.c ****     {
 6017              		.loc 1 2240 5 is_stmt 1 view .LVU2024
2242:Drivers/STM32F1xx_HAL_Driver/Src/stm32f1xx_hal_spi.c ****       {
 6018              		.loc 1 2242 7 view .LVU2025
2242:Drivers/STM32F1xx_HAL_Driver/Src/stm32f1xx_hal_spi.c ****       {
 6019              		.loc 1 2242 17 is_stmt 0 view .LVU2026
 6020 0064 039B     		ldr	r3, [sp, #12]
2242:Drivers/STM32F1xx_HAL_Driver/Src/stm32f1xx_hal_spi.c ****       {
 6021              		.loc 1 2242 10 view .LVU2027
 6022 0066 43B1     		cbz	r3, .L432
2247:Drivers/STM32F1xx_HAL_Driver/Src/stm32f1xx_hal_spi.c ****     } while (hspi->State != HAL_SPI_STATE_ABORT);
 6023              		.loc 1 2247 7 is_stmt 1 view .LVU2028
2247:Drivers/STM32F1xx_HAL_Driver/Src/stm32f1xx_hal_spi.c ****     } while (hspi->State != HAL_SPI_STATE_ABORT);
 6024              		.loc 1 2247 12 is_stmt 0 view .LVU2029
 6025 0068 039B     		ldr	r3, [sp, #12]
 6026 006a 013B     		subs	r3, r3, #1
 6027 006c 0393     		str	r3, [sp, #12]
2248:Drivers/STM32F1xx_HAL_Driver/Src/stm32f1xx_hal_spi.c ****     /* Reset Timeout Counter */
 6028              		.loc 1 2248 26 is_stmt 1 view .LVU2030
2248:Drivers/STM32F1xx_HAL_Driver/Src/stm32f1xx_hal_spi.c ****     /* Reset Timeout Counter */
 6029              		.loc 1 2248 18 is_stmt 0 view .LVU2031
 6030 006e 94F85130 		ldrb	r3, [r4, #81]	@ zero_extendqisi2
 6031 0072 DBB2     		uxtb	r3, r3
2248:Drivers/STM32F1xx_HAL_Driver/Src/stm32f1xx_hal_spi.c ****     /* Reset Timeout Counter */
 6032              		.loc 1 2248 26 view .LVU2032
 6033 0074 072B     		cmp	r3, #7
 6034 0076 F5D1     		bne	.L416
 6035 0078 03E0     		b	.L415
 6036              	.L432:
2244:Drivers/STM32F1xx_HAL_Driver/Src/stm32f1xx_hal_spi.c ****         break;
ARM GAS  C:\Users\zhmis\AppData\Local\Temp\ccgFfHBP.s 			page 210


 6037              		.loc 1 2244 9 is_stmt 1 view .LVU2033
 6038 007a 636D     		ldr	r3, [r4, #84]
 6039 007c 43F04003 		orr	r3, r3, #64
 6040 0080 6365     		str	r3, [r4, #84]
2245:Drivers/STM32F1xx_HAL_Driver/Src/stm32f1xx_hal_spi.c ****       }
 6041              		.loc 1 2245 9 view .LVU2034
 6042              	.L415:
2250:Drivers/STM32F1xx_HAL_Driver/Src/stm32f1xx_hal_spi.c ****   }
 6043              		.loc 1 2250 5 view .LVU2035
2250:Drivers/STM32F1xx_HAL_Driver/Src/stm32f1xx_hal_spi.c ****   }
 6044              		.loc 1 2250 11 is_stmt 0 view .LVU2036
 6045 0082 029B     		ldr	r3, [sp, #8]
 6046 0084 0393     		str	r3, [sp, #12]
 6047              	.L413:
2256:Drivers/STM32F1xx_HAL_Driver/Src/stm32f1xx_hal_spi.c ****   {
 6048              		.loc 1 2256 3 is_stmt 1 view .LVU2037
2256:Drivers/STM32F1xx_HAL_Driver/Src/stm32f1xx_hal_spi.c ****   {
 6049              		.loc 1 2256 11 is_stmt 0 view .LVU2038
 6050 0086 A36C     		ldr	r3, [r4, #72]
2256:Drivers/STM32F1xx_HAL_Driver/Src/stm32f1xx_hal_spi.c ****   {
 6051              		.loc 1 2256 6 view .LVU2039
 6052 0088 2BB1     		cbz	r3, .L417
2260:Drivers/STM32F1xx_HAL_Driver/Src/stm32f1xx_hal_spi.c ****     {
 6053              		.loc 1 2260 5 is_stmt 1 view .LVU2040
2260:Drivers/STM32F1xx_HAL_Driver/Src/stm32f1xx_hal_spi.c ****     {
 6054              		.loc 1 2260 9 is_stmt 0 view .LVU2041
 6055 008a 5268     		ldr	r2, [r2, #4]
2260:Drivers/STM32F1xx_HAL_Driver/Src/stm32f1xx_hal_spi.c ****     {
 6056              		.loc 1 2260 8 view .LVU2042
 6057 008c 12F0020F 		tst	r2, #2
 6058 0090 1BD0     		beq	.L418
2262:Drivers/STM32F1xx_HAL_Driver/Src/stm32f1xx_hal_spi.c ****     }
 6059              		.loc 1 2262 7 is_stmt 1 view .LVU2043
2262:Drivers/STM32F1xx_HAL_Driver/Src/stm32f1xx_hal_spi.c ****     }
 6060              		.loc 1 2262 39 is_stmt 0 view .LVU2044
 6061 0092 2E4A     		ldr	r2, .L434+16
 6062 0094 5A63     		str	r2, [r3, #52]
 6063              	.L417:
2270:Drivers/STM32F1xx_HAL_Driver/Src/stm32f1xx_hal_spi.c ****   {
 6064              		.loc 1 2270 3 is_stmt 1 view .LVU2045
2270:Drivers/STM32F1xx_HAL_Driver/Src/stm32f1xx_hal_spi.c ****   {
 6065              		.loc 1 2270 11 is_stmt 0 view .LVU2046
 6066 0096 E36C     		ldr	r3, [r4, #76]
2270:Drivers/STM32F1xx_HAL_Driver/Src/stm32f1xx_hal_spi.c ****   {
 6067              		.loc 1 2270 6 view .LVU2047
 6068 0098 33B1     		cbz	r3, .L419
2274:Drivers/STM32F1xx_HAL_Driver/Src/stm32f1xx_hal_spi.c ****     {
 6069              		.loc 1 2274 5 is_stmt 1 view .LVU2048
2274:Drivers/STM32F1xx_HAL_Driver/Src/stm32f1xx_hal_spi.c ****     {
 6070              		.loc 1 2274 9 is_stmt 0 view .LVU2049
 6071 009a 2268     		ldr	r2, [r4]
 6072 009c 5268     		ldr	r2, [r2, #4]
2274:Drivers/STM32F1xx_HAL_Driver/Src/stm32f1xx_hal_spi.c ****     {
 6073              		.loc 1 2274 8 view .LVU2050
 6074 009e 12F0010F 		tst	r2, #1
 6075 00a2 15D0     		beq	.L420
2276:Drivers/STM32F1xx_HAL_Driver/Src/stm32f1xx_hal_spi.c ****     }
ARM GAS  C:\Users\zhmis\AppData\Local\Temp\ccgFfHBP.s 			page 211


 6076              		.loc 1 2276 7 is_stmt 1 view .LVU2051
2276:Drivers/STM32F1xx_HAL_Driver/Src/stm32f1xx_hal_spi.c ****     }
 6077              		.loc 1 2276 39 is_stmt 0 view .LVU2052
 6078 00a4 2A4A     		ldr	r2, .L434+20
 6079 00a6 5A63     		str	r2, [r3, #52]
 6080              	.L419:
2285:Drivers/STM32F1xx_HAL_Driver/Src/stm32f1xx_hal_spi.c ****   {
 6081              		.loc 1 2285 3 is_stmt 1 view .LVU2053
2285:Drivers/STM32F1xx_HAL_Driver/Src/stm32f1xx_hal_spi.c ****   {
 6082              		.loc 1 2285 7 is_stmt 0 view .LVU2054
 6083 00a8 2368     		ldr	r3, [r4]
 6084 00aa 5B68     		ldr	r3, [r3, #4]
2285:Drivers/STM32F1xx_HAL_Driver/Src/stm32f1xx_hal_spi.c ****   {
 6085              		.loc 1 2285 6 view .LVU2055
 6086 00ac 13F0020F 		tst	r3, #2
 6087 00b0 11D0     		beq	.L425
2288:Drivers/STM32F1xx_HAL_Driver/Src/stm32f1xx_hal_spi.c ****     {
 6088              		.loc 1 2288 5 is_stmt 1 view .LVU2056
2288:Drivers/STM32F1xx_HAL_Driver/Src/stm32f1xx_hal_spi.c ****     {
 6089              		.loc 1 2288 13 is_stmt 0 view .LVU2057
 6090 00b2 A06C     		ldr	r0, [r4, #72]
 6091              	.LVL389:
2288:Drivers/STM32F1xx_HAL_Driver/Src/stm32f1xx_hal_spi.c ****     {
 6092              		.loc 1 2288 8 view .LVU2058
 6093 00b4 28B3     		cbz	r0, .L426
2291:Drivers/STM32F1xx_HAL_Driver/Src/stm32f1xx_hal_spi.c ****       {
 6094              		.loc 1 2291 7 is_stmt 1 view .LVU2059
2291:Drivers/STM32F1xx_HAL_Driver/Src/stm32f1xx_hal_spi.c ****       {
 6095              		.loc 1 2291 11 is_stmt 0 view .LVU2060
 6096 00b6 FFF7FEFF 		bl	HAL_DMA_Abort_IT
 6097              	.LVL390:
2291:Drivers/STM32F1xx_HAL_Driver/Src/stm32f1xx_hal_spi.c ****       {
 6098              		.loc 1 2291 10 discriminator 1 view .LVU2061
 6099 00ba 20B3     		cbz	r0, .L427
2293:Drivers/STM32F1xx_HAL_Driver/Src/stm32f1xx_hal_spi.c ****         hspi->ErrorCode = HAL_SPI_ERROR_ABORT;
 6100              		.loc 1 2293 9 is_stmt 1 view .LVU2062
2293:Drivers/STM32F1xx_HAL_Driver/Src/stm32f1xx_hal_spi.c ****         hspi->ErrorCode = HAL_SPI_ERROR_ABORT;
 6101              		.loc 1 2293 13 is_stmt 0 view .LVU2063
 6102 00bc A36C     		ldr	r3, [r4, #72]
2293:Drivers/STM32F1xx_HAL_Driver/Src/stm32f1xx_hal_spi.c ****         hspi->ErrorCode = HAL_SPI_ERROR_ABORT;
 6103              		.loc 1 2293 41 view .LVU2064
 6104 00be 0022     		movs	r2, #0
 6105 00c0 5A63     		str	r2, [r3, #52]
2294:Drivers/STM32F1xx_HAL_Driver/Src/stm32f1xx_hal_spi.c ****       }
 6106              		.loc 1 2294 9 is_stmt 1 view .LVU2065
2294:Drivers/STM32F1xx_HAL_Driver/Src/stm32f1xx_hal_spi.c ****       }
 6107              		.loc 1 2294 25 is_stmt 0 view .LVU2066
 6108 00c2 4023     		movs	r3, #64
 6109 00c4 6365     		str	r3, [r4, #84]
2211:Drivers/STM32F1xx_HAL_Driver/Src/stm32f1xx_hal_spi.c ****   resetcount = SPI_DEFAULT_TIMEOUT * (SystemCoreClock / 24U / 1000U);
 6110              		.loc 1 2211 13 view .LVU2067
 6111 00c6 0126     		movs	r6, #1
 6112 00c8 06E0     		b	.L421
 6113              	.LVL391:
 6114              	.L418:
2266:Drivers/STM32F1xx_HAL_Driver/Src/stm32f1xx_hal_spi.c ****     }
 6115              		.loc 1 2266 7 is_stmt 1 view .LVU2068
ARM GAS  C:\Users\zhmis\AppData\Local\Temp\ccgFfHBP.s 			page 212


2266:Drivers/STM32F1xx_HAL_Driver/Src/stm32f1xx_hal_spi.c ****     }
 6116              		.loc 1 2266 39 is_stmt 0 view .LVU2069
 6117 00ca 0022     		movs	r2, #0
 6118 00cc 5A63     		str	r2, [r3, #52]
 6119 00ce E2E7     		b	.L417
 6120              	.L420:
2280:Drivers/STM32F1xx_HAL_Driver/Src/stm32f1xx_hal_spi.c ****     }
 6121              		.loc 1 2280 7 is_stmt 1 view .LVU2070
2280:Drivers/STM32F1xx_HAL_Driver/Src/stm32f1xx_hal_spi.c ****     }
 6122              		.loc 1 2280 39 is_stmt 0 view .LVU2071
 6123 00d0 0022     		movs	r2, #0
 6124 00d2 5A63     		str	r2, [r3, #52]
 6125 00d4 E8E7     		b	.L419
 6126              	.L425:
2211:Drivers/STM32F1xx_HAL_Driver/Src/stm32f1xx_hal_spi.c ****   resetcount = SPI_DEFAULT_TIMEOUT * (SystemCoreClock / 24U / 1000U);
 6127              		.loc 1 2211 13 view .LVU2072
 6128 00d6 0126     		movs	r6, #1
 6129              	.LVL392:
 6130              	.L421:
2303:Drivers/STM32F1xx_HAL_Driver/Src/stm32f1xx_hal_spi.c ****   {
 6131              		.loc 1 2303 3 is_stmt 1 view .LVU2073
2303:Drivers/STM32F1xx_HAL_Driver/Src/stm32f1xx_hal_spi.c ****   {
 6132              		.loc 1 2303 7 is_stmt 0 view .LVU2074
 6133 00d8 2368     		ldr	r3, [r4]
 6134 00da 5B68     		ldr	r3, [r3, #4]
2303:Drivers/STM32F1xx_HAL_Driver/Src/stm32f1xx_hal_spi.c ****   {
 6135              		.loc 1 2303 6 view .LVU2075
 6136 00dc 13F0010F 		tst	r3, #1
 6137 00e0 0AD0     		beq	.L422
2306:Drivers/STM32F1xx_HAL_Driver/Src/stm32f1xx_hal_spi.c ****     {
 6138              		.loc 1 2306 5 is_stmt 1 view .LVU2076
2306:Drivers/STM32F1xx_HAL_Driver/Src/stm32f1xx_hal_spi.c ****     {
 6139              		.loc 1 2306 13 is_stmt 0 view .LVU2077
 6140 00e2 E06C     		ldr	r0, [r4, #76]
2306:Drivers/STM32F1xx_HAL_Driver/Src/stm32f1xx_hal_spi.c ****     {
 6141              		.loc 1 2306 8 view .LVU2078
 6142 00e4 40B1     		cbz	r0, .L422
2309:Drivers/STM32F1xx_HAL_Driver/Src/stm32f1xx_hal_spi.c ****       {
 6143              		.loc 1 2309 7 is_stmt 1 view .LVU2079
2309:Drivers/STM32F1xx_HAL_Driver/Src/stm32f1xx_hal_spi.c ****       {
 6144              		.loc 1 2309 11 is_stmt 0 view .LVU2080
 6145 00e6 FFF7FEFF 		bl	HAL_DMA_Abort_IT
 6146              	.LVL393:
2309:Drivers/STM32F1xx_HAL_Driver/Src/stm32f1xx_hal_spi.c ****       {
 6147              		.loc 1 2309 10 discriminator 1 view .LVU2081
 6148 00ea 0546     		mov	r5, r0
 6149 00ec 30B1     		cbz	r0, .L423
2311:Drivers/STM32F1xx_HAL_Driver/Src/stm32f1xx_hal_spi.c ****         hspi->ErrorCode = HAL_SPI_ERROR_ABORT;
 6150              		.loc 1 2311 9 is_stmt 1 view .LVU2082
2311:Drivers/STM32F1xx_HAL_Driver/Src/stm32f1xx_hal_spi.c ****         hspi->ErrorCode = HAL_SPI_ERROR_ABORT;
 6151              		.loc 1 2311 13 is_stmt 0 view .LVU2083
 6152 00ee E36C     		ldr	r3, [r4, #76]
2311:Drivers/STM32F1xx_HAL_Driver/Src/stm32f1xx_hal_spi.c ****         hspi->ErrorCode = HAL_SPI_ERROR_ABORT;
 6153              		.loc 1 2311 41 view .LVU2084
 6154 00f0 0022     		movs	r2, #0
 6155 00f2 5A63     		str	r2, [r3, #52]
2312:Drivers/STM32F1xx_HAL_Driver/Src/stm32f1xx_hal_spi.c ****       }
ARM GAS  C:\Users\zhmis\AppData\Local\Temp\ccgFfHBP.s 			page 213


 6156              		.loc 1 2312 9 is_stmt 1 view .LVU2085
2312:Drivers/STM32F1xx_HAL_Driver/Src/stm32f1xx_hal_spi.c ****       }
 6157              		.loc 1 2312 25 is_stmt 0 view .LVU2086
 6158 00f4 4023     		movs	r3, #64
 6159 00f6 6365     		str	r3, [r4, #84]
 6160              	.L422:
2321:Drivers/STM32F1xx_HAL_Driver/Src/stm32f1xx_hal_spi.c ****   {
 6161              		.loc 1 2321 3 is_stmt 1 view .LVU2087
2321:Drivers/STM32F1xx_HAL_Driver/Src/stm32f1xx_hal_spi.c ****   {
 6162              		.loc 1 2321 6 is_stmt 0 view .LVU2088
 6163 00f8 3EB9     		cbnz	r6, .L433
2210:Drivers/STM32F1xx_HAL_Driver/Src/stm32f1xx_hal_spi.c ****   abortcplt = 1U;
 6164              		.loc 1 2210 13 view .LVU2089
 6165 00fa 0025     		movs	r5, #0
 6166              	.LVL394:
 6167              	.L423:
2353:Drivers/STM32F1xx_HAL_Driver/Src/stm32f1xx_hal_spi.c **** }
 6168              		.loc 1 2353 3 is_stmt 1 view .LVU2090
2354:Drivers/STM32F1xx_HAL_Driver/Src/stm32f1xx_hal_spi.c **** 
 6169              		.loc 1 2354 1 is_stmt 0 view .LVU2091
 6170 00fc 2846     		mov	r0, r5
 6171 00fe 04B0     		add	sp, sp, #16
 6172              		.cfi_remember_state
 6173              		.cfi_def_cfa_offset 16
 6174              		@ sp needed
 6175 0100 70BD     		pop	{r4, r5, r6, pc}
 6176              	.LVL395:
 6177              	.L426:
 6178              		.cfi_restore_state
2211:Drivers/STM32F1xx_HAL_Driver/Src/stm32f1xx_hal_spi.c ****   resetcount = SPI_DEFAULT_TIMEOUT * (SystemCoreClock / 24U / 1000U);
 6179              		.loc 1 2211 13 view .LVU2092
 6180 0102 0126     		movs	r6, #1
 6181 0104 E8E7     		b	.L421
 6182              	.L427:
2298:Drivers/STM32F1xx_HAL_Driver/Src/stm32f1xx_hal_spi.c ****       }
 6183              		.loc 1 2298 19 view .LVU2093
 6184 0106 0026     		movs	r6, #0
 6185 0108 E6E7     		b	.L421
 6186              	.LVL396:
 6187              	.L433:
2324:Drivers/STM32F1xx_HAL_Driver/Src/stm32f1xx_hal_spi.c ****     hspi->TxXferCount = 0U;
 6188              		.loc 1 2324 5 is_stmt 1 view .LVU2094
2324:Drivers/STM32F1xx_HAL_Driver/Src/stm32f1xx_hal_spi.c ****     hspi->TxXferCount = 0U;
 6189              		.loc 1 2324 23 is_stmt 0 view .LVU2095
 6190 010a 0023     		movs	r3, #0
 6191 010c E387     		strh	r3, [r4, #62]	@ movhi
2325:Drivers/STM32F1xx_HAL_Driver/Src/stm32f1xx_hal_spi.c **** 
 6192              		.loc 1 2325 5 is_stmt 1 view .LVU2096
2325:Drivers/STM32F1xx_HAL_Driver/Src/stm32f1xx_hal_spi.c **** 
 6193              		.loc 1 2325 23 is_stmt 0 view .LVU2097
 6194 010e E386     		strh	r3, [r4, #54]	@ movhi
2328:Drivers/STM32F1xx_HAL_Driver/Src/stm32f1xx_hal_spi.c ****     {
 6195              		.loc 1 2328 5 is_stmt 1 view .LVU2098
2328:Drivers/STM32F1xx_HAL_Driver/Src/stm32f1xx_hal_spi.c ****     {
 6196              		.loc 1 2328 13 is_stmt 0 view .LVU2099
 6197 0110 636D     		ldr	r3, [r4, #84]
2328:Drivers/STM32F1xx_HAL_Driver/Src/stm32f1xx_hal_spi.c ****     {
ARM GAS  C:\Users\zhmis\AppData\Local\Temp\ccgFfHBP.s 			page 214


 6198              		.loc 1 2328 8 view .LVU2100
 6199 0112 402B     		cmp	r3, #64
 6200 0114 10D0     		beq	.L429
2336:Drivers/STM32F1xx_HAL_Driver/Src/stm32f1xx_hal_spi.c ****     }
 6201              		.loc 1 2336 7 is_stmt 1 view .LVU2101
2336:Drivers/STM32F1xx_HAL_Driver/Src/stm32f1xx_hal_spi.c ****     }
 6202              		.loc 1 2336 23 is_stmt 0 view .LVU2102
 6203 0116 0025     		movs	r5, #0
 6204 0118 6565     		str	r5, [r4, #84]
 6205              	.L424:
 6206              	.LVL397:
2340:Drivers/STM32F1xx_HAL_Driver/Src/stm32f1xx_hal_spi.c **** 
 6207              		.loc 1 2340 5 is_stmt 1 view .LVU2103
 6208              	.LBB12:
2340:Drivers/STM32F1xx_HAL_Driver/Src/stm32f1xx_hal_spi.c **** 
 6209              		.loc 1 2340 5 view .LVU2104
 6210 011a 0023     		movs	r3, #0
 6211 011c 0193     		str	r3, [sp, #4]
2340:Drivers/STM32F1xx_HAL_Driver/Src/stm32f1xx_hal_spi.c **** 
 6212              		.loc 1 2340 5 view .LVU2105
 6213 011e 2368     		ldr	r3, [r4]
 6214 0120 DA68     		ldr	r2, [r3, #12]
 6215 0122 0192     		str	r2, [sp, #4]
2340:Drivers/STM32F1xx_HAL_Driver/Src/stm32f1xx_hal_spi.c **** 
 6216              		.loc 1 2340 5 view .LVU2106
 6217 0124 9B68     		ldr	r3, [r3, #8]
 6218 0126 0193     		str	r3, [sp, #4]
2340:Drivers/STM32F1xx_HAL_Driver/Src/stm32f1xx_hal_spi.c **** 
 6219              		.loc 1 2340 5 view .LVU2107
 6220 0128 019B     		ldr	r3, [sp, #4]
 6221              	.LBE12:
2340:Drivers/STM32F1xx_HAL_Driver/Src/stm32f1xx_hal_spi.c **** 
 6222              		.loc 1 2340 5 view .LVU2108
2343:Drivers/STM32F1xx_HAL_Driver/Src/stm32f1xx_hal_spi.c **** 
 6223              		.loc 1 2343 5 view .LVU2109
2343:Drivers/STM32F1xx_HAL_Driver/Src/stm32f1xx_hal_spi.c **** 
 6224              		.loc 1 2343 17 is_stmt 0 view .LVU2110
 6225 012a 0123     		movs	r3, #1
 6226 012c 84F85130 		strb	r3, [r4, #81]
2349:Drivers/STM32F1xx_HAL_Driver/Src/stm32f1xx_hal_spi.c **** #endif /* USE_HAL_SPI_REGISTER_CALLBACKS */
 6227              		.loc 1 2349 5 is_stmt 1 view .LVU2111
 6228 0130 2046     		mov	r0, r4
 6229 0132 FFF7FEFF 		bl	HAL_SPI_AbortCpltCallback
 6230              	.LVL398:
 6231 0136 E1E7     		b	.L423
 6232              	.LVL399:
 6233              	.L429:
2331:Drivers/STM32F1xx_HAL_Driver/Src/stm32f1xx_hal_spi.c ****     }
 6234              		.loc 1 2331 17 is_stmt 0 view .LVU2112
 6235 0138 0125     		movs	r5, #1
 6236 013a EEE7     		b	.L424
 6237              	.L435:
 6238              		.align	2
 6239              	.L434:
 6240 013c 00000000 		.word	SystemCoreClock
 6241 0140 F1197605 		.word	91625969
 6242 0144 00000000 		.word	SPI_AbortTx_ISR
ARM GAS  C:\Users\zhmis\AppData\Local\Temp\ccgFfHBP.s 			page 215


 6243 0148 00000000 		.word	SPI_AbortRx_ISR
 6244 014c 00000000 		.word	SPI_DMATxAbortCallback
 6245 0150 00000000 		.word	SPI_DMARxAbortCallback
 6246              		.cfi_endproc
 6247              	.LFE79:
 6249              		.section	.text.SPI_DMARxAbortCallback,"ax",%progbits
 6250              		.align	1
 6251              		.syntax unified
 6252              		.thumb
 6253              		.thumb_func
 6255              	SPI_DMARxAbortCallback:
 6256              	.LVL400:
 6257              	.LFB103:
3140:Drivers/STM32F1xx_HAL_Driver/Src/stm32f1xx_hal_spi.c ****   SPI_HandleTypeDef *hspi = (SPI_HandleTypeDef *)(((DMA_HandleTypeDef *)hdma)->Parent); /* Derogati
 6258              		.loc 1 3140 1 is_stmt 1 view -0
 6259              		.cfi_startproc
 6260              		@ args = 0, pretend = 0, frame = 8
 6261              		@ frame_needed = 0, uses_anonymous_args = 0
3140:Drivers/STM32F1xx_HAL_Driver/Src/stm32f1xx_hal_spi.c ****   SPI_HandleTypeDef *hspi = (SPI_HandleTypeDef *)(((DMA_HandleTypeDef *)hdma)->Parent); /* Derogati
 6262              		.loc 1 3140 1 is_stmt 0 view .LVU2114
 6263 0000 10B5     		push	{r4, lr}
 6264              		.cfi_def_cfa_offset 8
 6265              		.cfi_offset 4, -8
 6266              		.cfi_offset 14, -4
 6267 0002 82B0     		sub	sp, sp, #8
 6268              		.cfi_def_cfa_offset 16
3141:Drivers/STM32F1xx_HAL_Driver/Src/stm32f1xx_hal_spi.c **** 
 6269              		.loc 1 3141 3 is_stmt 1 view .LVU2115
3141:Drivers/STM32F1xx_HAL_Driver/Src/stm32f1xx_hal_spi.c **** 
 6270              		.loc 1 3141 22 is_stmt 0 view .LVU2116
 6271 0004 446A     		ldr	r4, [r0, #36]
 6272              	.LVL401:
3144:Drivers/STM32F1xx_HAL_Driver/Src/stm32f1xx_hal_spi.c **** 
 6273              		.loc 1 3144 3 is_stmt 1 view .LVU2117
 6274 0006 2268     		ldr	r2, [r4]
 6275 0008 1368     		ldr	r3, [r2]
 6276 000a 23F04003 		bic	r3, r3, #64
 6277 000e 1360     		str	r3, [r2]
3146:Drivers/STM32F1xx_HAL_Driver/Src/stm32f1xx_hal_spi.c **** 
 6278              		.loc 1 3146 3 view .LVU2118
3146:Drivers/STM32F1xx_HAL_Driver/Src/stm32f1xx_hal_spi.c **** 
 6279              		.loc 1 3146 7 is_stmt 0 view .LVU2119
 6280 0010 E36C     		ldr	r3, [r4, #76]
3146:Drivers/STM32F1xx_HAL_Driver/Src/stm32f1xx_hal_spi.c **** 
 6281              		.loc 1 3146 35 view .LVU2120
 6282 0012 0022     		movs	r2, #0
 6283 0014 5A63     		str	r2, [r3, #52]
3149:Drivers/STM32F1xx_HAL_Driver/Src/stm32f1xx_hal_spi.c **** 
 6284              		.loc 1 3149 3 is_stmt 1 view .LVU2121
 6285 0016 2268     		ldr	r2, [r4]
 6286 0018 5368     		ldr	r3, [r2, #4]
 6287 001a 23F00103 		bic	r3, r3, #1
 6288 001e 5360     		str	r3, [r2, #4]
3152:Drivers/STM32F1xx_HAL_Driver/Src/stm32f1xx_hal_spi.c ****   {
 6289              		.loc 1 3152 3 view .LVU2122
3152:Drivers/STM32F1xx_HAL_Driver/Src/stm32f1xx_hal_spi.c ****   {
 6290              		.loc 1 3152 7 is_stmt 0 view .LVU2123
ARM GAS  C:\Users\zhmis\AppData\Local\Temp\ccgFfHBP.s 			page 216


 6291 0020 FFF7FEFF 		bl	HAL_GetTick
 6292              	.LVL402:
3152:Drivers/STM32F1xx_HAL_Driver/Src/stm32f1xx_hal_spi.c ****   {
 6293              		.loc 1 3152 7 view .LVU2124
 6294 0024 0246     		mov	r2, r0
3152:Drivers/STM32F1xx_HAL_Driver/Src/stm32f1xx_hal_spi.c ****   {
 6295              		.loc 1 3152 7 discriminator 1 view .LVU2125
 6296 0026 6421     		movs	r1, #100
 6297 0028 2046     		mov	r0, r4
 6298 002a FFF7FEFF 		bl	SPI_EndRxTxTransaction
 6299              	.LVL403:
3152:Drivers/STM32F1xx_HAL_Driver/Src/stm32f1xx_hal_spi.c ****   {
 6300              		.loc 1 3152 6 discriminator 2 view .LVU2126
 6301 002e 18B1     		cbz	r0, .L437
3154:Drivers/STM32F1xx_HAL_Driver/Src/stm32f1xx_hal_spi.c ****   }
 6302              		.loc 1 3154 5 is_stmt 1 view .LVU2127
 6303 0030 636D     		ldr	r3, [r4, #84]
 6304 0032 43F04003 		orr	r3, r3, #64
 6305 0036 6365     		str	r3, [r4, #84]
 6306              	.L437:
3158:Drivers/STM32F1xx_HAL_Driver/Src/stm32f1xx_hal_spi.c ****   {
 6307              		.loc 1 3158 3 view .LVU2128
3158:Drivers/STM32F1xx_HAL_Driver/Src/stm32f1xx_hal_spi.c ****   {
 6308              		.loc 1 3158 11 is_stmt 0 view .LVU2129
 6309 0038 A36C     		ldr	r3, [r4, #72]
3158:Drivers/STM32F1xx_HAL_Driver/Src/stm32f1xx_hal_spi.c ****   {
 6310              		.loc 1 3158 6 view .LVU2130
 6311 003a 0BB1     		cbz	r3, .L438
3160:Drivers/STM32F1xx_HAL_Driver/Src/stm32f1xx_hal_spi.c ****     {
 6312              		.loc 1 3160 5 is_stmt 1 view .LVU2131
3160:Drivers/STM32F1xx_HAL_Driver/Src/stm32f1xx_hal_spi.c ****     {
 6313              		.loc 1 3160 21 is_stmt 0 view .LVU2132
 6314 003c 5B6B     		ldr	r3, [r3, #52]
3160:Drivers/STM32F1xx_HAL_Driver/Src/stm32f1xx_hal_spi.c ****     {
 6315              		.loc 1 3160 8 view .LVU2133
 6316 003e ABB9     		cbnz	r3, .L436
 6317              	.L438:
3167:Drivers/STM32F1xx_HAL_Driver/Src/stm32f1xx_hal_spi.c ****   hspi->TxXferCount = 0U;
 6318              		.loc 1 3167 3 is_stmt 1 view .LVU2134
3167:Drivers/STM32F1xx_HAL_Driver/Src/stm32f1xx_hal_spi.c ****   hspi->TxXferCount = 0U;
 6319              		.loc 1 3167 21 is_stmt 0 view .LVU2135
 6320 0040 0023     		movs	r3, #0
 6321 0042 E387     		strh	r3, [r4, #62]	@ movhi
3168:Drivers/STM32F1xx_HAL_Driver/Src/stm32f1xx_hal_spi.c **** 
 6322              		.loc 1 3168 3 is_stmt 1 view .LVU2136
3168:Drivers/STM32F1xx_HAL_Driver/Src/stm32f1xx_hal_spi.c **** 
 6323              		.loc 1 3168 21 is_stmt 0 view .LVU2137
 6324 0044 E386     		strh	r3, [r4, #54]	@ movhi
3171:Drivers/STM32F1xx_HAL_Driver/Src/stm32f1xx_hal_spi.c ****   {
 6325              		.loc 1 3171 3 is_stmt 1 view .LVU2138
3171:Drivers/STM32F1xx_HAL_Driver/Src/stm32f1xx_hal_spi.c ****   {
 6326              		.loc 1 3171 11 is_stmt 0 view .LVU2139
 6327 0046 636D     		ldr	r3, [r4, #84]
3171:Drivers/STM32F1xx_HAL_Driver/Src/stm32f1xx_hal_spi.c ****   {
 6328              		.loc 1 3171 6 view .LVU2140
 6329 0048 402B     		cmp	r3, #64
 6330 004a 01D0     		beq	.L440
ARM GAS  C:\Users\zhmis\AppData\Local\Temp\ccgFfHBP.s 			page 217


3174:Drivers/STM32F1xx_HAL_Driver/Src/stm32f1xx_hal_spi.c ****   }
 6331              		.loc 1 3174 5 is_stmt 1 view .LVU2141
3174:Drivers/STM32F1xx_HAL_Driver/Src/stm32f1xx_hal_spi.c ****   }
 6332              		.loc 1 3174 21 is_stmt 0 view .LVU2142
 6333 004c 0023     		movs	r3, #0
 6334 004e 6365     		str	r3, [r4, #84]
 6335              	.L440:
3178:Drivers/STM32F1xx_HAL_Driver/Src/stm32f1xx_hal_spi.c **** 
 6336              		.loc 1 3178 3 is_stmt 1 view .LVU2143
 6337              	.LBB13:
3178:Drivers/STM32F1xx_HAL_Driver/Src/stm32f1xx_hal_spi.c **** 
 6338              		.loc 1 3178 3 view .LVU2144
 6339 0050 0023     		movs	r3, #0
 6340 0052 0193     		str	r3, [sp, #4]
3178:Drivers/STM32F1xx_HAL_Driver/Src/stm32f1xx_hal_spi.c **** 
 6341              		.loc 1 3178 3 view .LVU2145
 6342 0054 2368     		ldr	r3, [r4]
 6343 0056 DA68     		ldr	r2, [r3, #12]
 6344 0058 0192     		str	r2, [sp, #4]
3178:Drivers/STM32F1xx_HAL_Driver/Src/stm32f1xx_hal_spi.c **** 
 6345              		.loc 1 3178 3 view .LVU2146
 6346 005a 9B68     		ldr	r3, [r3, #8]
 6347 005c 0193     		str	r3, [sp, #4]
3178:Drivers/STM32F1xx_HAL_Driver/Src/stm32f1xx_hal_spi.c **** 
 6348              		.loc 1 3178 3 view .LVU2147
 6349 005e 019B     		ldr	r3, [sp, #4]
 6350              	.LBE13:
3178:Drivers/STM32F1xx_HAL_Driver/Src/stm32f1xx_hal_spi.c **** 
 6351              		.loc 1 3178 3 view .LVU2148
3181:Drivers/STM32F1xx_HAL_Driver/Src/stm32f1xx_hal_spi.c **** 
 6352              		.loc 1 3181 3 view .LVU2149
3181:Drivers/STM32F1xx_HAL_Driver/Src/stm32f1xx_hal_spi.c **** 
 6353              		.loc 1 3181 16 is_stmt 0 view .LVU2150
 6354 0060 0123     		movs	r3, #1
 6355 0062 84F85130 		strb	r3, [r4, #81]
3187:Drivers/STM32F1xx_HAL_Driver/Src/stm32f1xx_hal_spi.c **** #endif /* USE_HAL_SPI_REGISTER_CALLBACKS */
 6356              		.loc 1 3187 3 is_stmt 1 view .LVU2151
 6357 0066 2046     		mov	r0, r4
 6358 0068 FFF7FEFF 		bl	HAL_SPI_AbortCpltCallback
 6359              	.LVL404:
 6360              	.L436:
3189:Drivers/STM32F1xx_HAL_Driver/Src/stm32f1xx_hal_spi.c **** 
 6361              		.loc 1 3189 1 is_stmt 0 view .LVU2152
 6362 006c 02B0     		add	sp, sp, #8
 6363              		.cfi_def_cfa_offset 8
 6364              		@ sp needed
 6365 006e 10BD     		pop	{r4, pc}
3189:Drivers/STM32F1xx_HAL_Driver/Src/stm32f1xx_hal_spi.c **** 
 6366              		.loc 1 3189 1 view .LVU2153
 6367              		.cfi_endproc
 6368              	.LFE103:
 6370              		.section	.text.SPI_DMATxAbortCallback,"ax",%progbits
 6371              		.align	1
 6372              		.syntax unified
 6373              		.thumb
 6374              		.thumb_func
 6376              	SPI_DMATxAbortCallback:
ARM GAS  C:\Users\zhmis\AppData\Local\Temp\ccgFfHBP.s 			page 218


 6377              	.LVL405:
 6378              	.LFB102:
3076:Drivers/STM32F1xx_HAL_Driver/Src/stm32f1xx_hal_spi.c ****   SPI_HandleTypeDef *hspi = (SPI_HandleTypeDef *)(((DMA_HandleTypeDef *)hdma)->Parent); /* Derogati
 6379              		.loc 1 3076 1 is_stmt 1 view -0
 6380              		.cfi_startproc
 6381              		@ args = 0, pretend = 0, frame = 8
 6382              		@ frame_needed = 0, uses_anonymous_args = 0
3076:Drivers/STM32F1xx_HAL_Driver/Src/stm32f1xx_hal_spi.c ****   SPI_HandleTypeDef *hspi = (SPI_HandleTypeDef *)(((DMA_HandleTypeDef *)hdma)->Parent); /* Derogati
 6383              		.loc 1 3076 1 is_stmt 0 view .LVU2155
 6384 0000 00B5     		push	{lr}
 6385              		.cfi_def_cfa_offset 4
 6386              		.cfi_offset 14, -4
 6387 0002 83B0     		sub	sp, sp, #12
 6388              		.cfi_def_cfa_offset 16
3077:Drivers/STM32F1xx_HAL_Driver/Src/stm32f1xx_hal_spi.c ****   __IO uint32_t count;
 6389              		.loc 1 3077 3 is_stmt 1 view .LVU2156
3077:Drivers/STM32F1xx_HAL_Driver/Src/stm32f1xx_hal_spi.c ****   __IO uint32_t count;
 6390              		.loc 1 3077 22 is_stmt 0 view .LVU2157
 6391 0004 406A     		ldr	r0, [r0, #36]
 6392              	.LVL406:
3078:Drivers/STM32F1xx_HAL_Driver/Src/stm32f1xx_hal_spi.c **** 
 6393              		.loc 1 3078 3 is_stmt 1 view .LVU2158
3080:Drivers/STM32F1xx_HAL_Driver/Src/stm32f1xx_hal_spi.c ****   count = SPI_DEFAULT_TIMEOUT * (SystemCoreClock / 24U / 1000U);
 6394              		.loc 1 3080 3 view .LVU2159
3080:Drivers/STM32F1xx_HAL_Driver/Src/stm32f1xx_hal_spi.c ****   count = SPI_DEFAULT_TIMEOUT * (SystemCoreClock / 24U / 1000U);
 6395              		.loc 1 3080 7 is_stmt 0 view .LVU2160
 6396 0006 836C     		ldr	r3, [r0, #72]
3080:Drivers/STM32F1xx_HAL_Driver/Src/stm32f1xx_hal_spi.c ****   count = SPI_DEFAULT_TIMEOUT * (SystemCoreClock / 24U / 1000U);
 6397              		.loc 1 3080 35 view .LVU2161
 6398 0008 0022     		movs	r2, #0
 6399 000a 5A63     		str	r2, [r3, #52]
3081:Drivers/STM32F1xx_HAL_Driver/Src/stm32f1xx_hal_spi.c **** 
 6400              		.loc 1 3081 3 is_stmt 1 view .LVU2162
3081:Drivers/STM32F1xx_HAL_Driver/Src/stm32f1xx_hal_spi.c **** 
 6401              		.loc 1 3081 56 is_stmt 0 view .LVU2163
 6402 000c 1C4B     		ldr	r3, .L451
 6403 000e 1B68     		ldr	r3, [r3]
 6404 0010 1C4A     		ldr	r2, .L451+4
 6405 0012 A2FB0323 		umull	r2, r3, r2, r3
 6406 0016 5B0A     		lsrs	r3, r3, #9
3081:Drivers/STM32F1xx_HAL_Driver/Src/stm32f1xx_hal_spi.c **** 
 6407              		.loc 1 3081 31 view .LVU2164
 6408 0018 6422     		movs	r2, #100
 6409 001a 02FB03F3 		mul	r3, r2, r3
3081:Drivers/STM32F1xx_HAL_Driver/Src/stm32f1xx_hal_spi.c **** 
 6410              		.loc 1 3081 9 view .LVU2165
 6411 001e 0193     		str	r3, [sp, #4]
3084:Drivers/STM32F1xx_HAL_Driver/Src/stm32f1xx_hal_spi.c **** 
 6412              		.loc 1 3084 3 is_stmt 1 view .LVU2166
 6413 0020 0268     		ldr	r2, [r0]
 6414 0022 5368     		ldr	r3, [r2, #4]
 6415 0024 23F00203 		bic	r3, r3, #2
 6416 0028 5360     		str	r3, [r2, #4]
 6417              	.L445:
3087:Drivers/STM32F1xx_HAL_Driver/Src/stm32f1xx_hal_spi.c ****   {
 6418              		.loc 1 3087 3 view .LVU2167
3089:Drivers/STM32F1xx_HAL_Driver/Src/stm32f1xx_hal_spi.c ****     {
ARM GAS  C:\Users\zhmis\AppData\Local\Temp\ccgFfHBP.s 			page 219


 6419              		.loc 1 3089 5 view .LVU2168
3089:Drivers/STM32F1xx_HAL_Driver/Src/stm32f1xx_hal_spi.c ****     {
 6420              		.loc 1 3089 15 is_stmt 0 view .LVU2169
 6421 002a 019B     		ldr	r3, [sp, #4]
3089:Drivers/STM32F1xx_HAL_Driver/Src/stm32f1xx_hal_spi.c ****     {
 6422              		.loc 1 3089 8 view .LVU2170
 6423 002c 43B1     		cbz	r3, .L450
3094:Drivers/STM32F1xx_HAL_Driver/Src/stm32f1xx_hal_spi.c ****   } while ((hspi->Instance->SR & SPI_FLAG_TXE) == RESET);
 6424              		.loc 1 3094 5 is_stmt 1 view .LVU2171
3094:Drivers/STM32F1xx_HAL_Driver/Src/stm32f1xx_hal_spi.c ****   } while ((hspi->Instance->SR & SPI_FLAG_TXE) == RESET);
 6425              		.loc 1 3094 10 is_stmt 0 view .LVU2172
 6426 002e 019B     		ldr	r3, [sp, #4]
 6427 0030 013B     		subs	r3, r3, #1
 6428 0032 0193     		str	r3, [sp, #4]
3095:Drivers/STM32F1xx_HAL_Driver/Src/stm32f1xx_hal_spi.c **** 
 6429              		.loc 1 3095 48 is_stmt 1 view .LVU2173
3095:Drivers/STM32F1xx_HAL_Driver/Src/stm32f1xx_hal_spi.c **** 
 6430              		.loc 1 3095 17 is_stmt 0 view .LVU2174
 6431 0034 0368     		ldr	r3, [r0]
3095:Drivers/STM32F1xx_HAL_Driver/Src/stm32f1xx_hal_spi.c **** 
 6432              		.loc 1 3095 27 view .LVU2175
 6433 0036 9B68     		ldr	r3, [r3, #8]
3095:Drivers/STM32F1xx_HAL_Driver/Src/stm32f1xx_hal_spi.c **** 
 6434              		.loc 1 3095 48 view .LVU2176
 6435 0038 13F0020F 		tst	r3, #2
 6436 003c F5D0     		beq	.L445
 6437 003e 03E0     		b	.L444
 6438              	.L450:
3091:Drivers/STM32F1xx_HAL_Driver/Src/stm32f1xx_hal_spi.c ****       break;
 6439              		.loc 1 3091 7 is_stmt 1 view .LVU2177
 6440 0040 436D     		ldr	r3, [r0, #84]
 6441 0042 43F04003 		orr	r3, r3, #64
 6442 0046 4365     		str	r3, [r0, #84]
3092:Drivers/STM32F1xx_HAL_Driver/Src/stm32f1xx_hal_spi.c ****     }
 6443              		.loc 1 3092 7 view .LVU2178
 6444              	.L444:
3098:Drivers/STM32F1xx_HAL_Driver/Src/stm32f1xx_hal_spi.c ****   {
 6445              		.loc 1 3098 3 view .LVU2179
3098:Drivers/STM32F1xx_HAL_Driver/Src/stm32f1xx_hal_spi.c ****   {
 6446              		.loc 1 3098 11 is_stmt 0 view .LVU2180
 6447 0048 C36C     		ldr	r3, [r0, #76]
3098:Drivers/STM32F1xx_HAL_Driver/Src/stm32f1xx_hal_spi.c ****   {
 6448              		.loc 1 3098 6 view .LVU2181
 6449 004a 0BB1     		cbz	r3, .L446
3100:Drivers/STM32F1xx_HAL_Driver/Src/stm32f1xx_hal_spi.c ****     {
 6450              		.loc 1 3100 5 is_stmt 1 view .LVU2182
3100:Drivers/STM32F1xx_HAL_Driver/Src/stm32f1xx_hal_spi.c ****     {
 6451              		.loc 1 3100 21 is_stmt 0 view .LVU2183
 6452 004c 5B6B     		ldr	r3, [r3, #52]
3100:Drivers/STM32F1xx_HAL_Driver/Src/stm32f1xx_hal_spi.c ****     {
 6453              		.loc 1 3100 8 view .LVU2184
 6454 004e A3B9     		cbnz	r3, .L442
 6455              	.L446:
3107:Drivers/STM32F1xx_HAL_Driver/Src/stm32f1xx_hal_spi.c ****   hspi->TxXferCount = 0U;
 6456              		.loc 1 3107 3 is_stmt 1 view .LVU2185
3107:Drivers/STM32F1xx_HAL_Driver/Src/stm32f1xx_hal_spi.c ****   hspi->TxXferCount = 0U;
 6457              		.loc 1 3107 21 is_stmt 0 view .LVU2186
ARM GAS  C:\Users\zhmis\AppData\Local\Temp\ccgFfHBP.s 			page 220


 6458 0050 0023     		movs	r3, #0
 6459 0052 C387     		strh	r3, [r0, #62]	@ movhi
3108:Drivers/STM32F1xx_HAL_Driver/Src/stm32f1xx_hal_spi.c **** 
 6460              		.loc 1 3108 3 is_stmt 1 view .LVU2187
3108:Drivers/STM32F1xx_HAL_Driver/Src/stm32f1xx_hal_spi.c **** 
 6461              		.loc 1 3108 21 is_stmt 0 view .LVU2188
 6462 0054 C386     		strh	r3, [r0, #54]	@ movhi
3111:Drivers/STM32F1xx_HAL_Driver/Src/stm32f1xx_hal_spi.c ****   {
 6463              		.loc 1 3111 3 is_stmt 1 view .LVU2189
3111:Drivers/STM32F1xx_HAL_Driver/Src/stm32f1xx_hal_spi.c ****   {
 6464              		.loc 1 3111 11 is_stmt 0 view .LVU2190
 6465 0056 436D     		ldr	r3, [r0, #84]
3111:Drivers/STM32F1xx_HAL_Driver/Src/stm32f1xx_hal_spi.c ****   {
 6466              		.loc 1 3111 6 view .LVU2191
 6467 0058 402B     		cmp	r3, #64
 6468 005a 01D0     		beq	.L448
3114:Drivers/STM32F1xx_HAL_Driver/Src/stm32f1xx_hal_spi.c ****   }
 6469              		.loc 1 3114 5 is_stmt 1 view .LVU2192
3114:Drivers/STM32F1xx_HAL_Driver/Src/stm32f1xx_hal_spi.c ****   }
 6470              		.loc 1 3114 21 is_stmt 0 view .LVU2193
 6471 005c 0023     		movs	r3, #0
 6472 005e 4365     		str	r3, [r0, #84]
 6473              	.L448:
3118:Drivers/STM32F1xx_HAL_Driver/Src/stm32f1xx_hal_spi.c **** 
 6474              		.loc 1 3118 3 is_stmt 1 view .LVU2194
 6475              	.LBB14:
3118:Drivers/STM32F1xx_HAL_Driver/Src/stm32f1xx_hal_spi.c **** 
 6476              		.loc 1 3118 3 view .LVU2195
 6477 0060 0023     		movs	r3, #0
 6478 0062 0093     		str	r3, [sp]
3118:Drivers/STM32F1xx_HAL_Driver/Src/stm32f1xx_hal_spi.c **** 
 6479              		.loc 1 3118 3 view .LVU2196
 6480 0064 0368     		ldr	r3, [r0]
 6481 0066 DA68     		ldr	r2, [r3, #12]
 6482 0068 0092     		str	r2, [sp]
3118:Drivers/STM32F1xx_HAL_Driver/Src/stm32f1xx_hal_spi.c **** 
 6483              		.loc 1 3118 3 view .LVU2197
 6484 006a 9B68     		ldr	r3, [r3, #8]
 6485 006c 0093     		str	r3, [sp]
3118:Drivers/STM32F1xx_HAL_Driver/Src/stm32f1xx_hal_spi.c **** 
 6486              		.loc 1 3118 3 view .LVU2198
 6487 006e 009B     		ldr	r3, [sp]
 6488              	.LBE14:
3118:Drivers/STM32F1xx_HAL_Driver/Src/stm32f1xx_hal_spi.c **** 
 6489              		.loc 1 3118 3 view .LVU2199
3121:Drivers/STM32F1xx_HAL_Driver/Src/stm32f1xx_hal_spi.c **** 
 6490              		.loc 1 3121 3 view .LVU2200
3121:Drivers/STM32F1xx_HAL_Driver/Src/stm32f1xx_hal_spi.c **** 
 6491              		.loc 1 3121 16 is_stmt 0 view .LVU2201
 6492 0070 0123     		movs	r3, #1
 6493 0072 80F85130 		strb	r3, [r0, #81]
3127:Drivers/STM32F1xx_HAL_Driver/Src/stm32f1xx_hal_spi.c **** #endif /* USE_HAL_SPI_REGISTER_CALLBACKS */
 6494              		.loc 1 3127 3 is_stmt 1 view .LVU2202
 6495 0076 FFF7FEFF 		bl	HAL_SPI_AbortCpltCallback
 6496              	.LVL407:
 6497              	.L442:
3129:Drivers/STM32F1xx_HAL_Driver/Src/stm32f1xx_hal_spi.c **** 
ARM GAS  C:\Users\zhmis\AppData\Local\Temp\ccgFfHBP.s 			page 221


 6498              		.loc 1 3129 1 is_stmt 0 view .LVU2203
 6499 007a 03B0     		add	sp, sp, #12
 6500              		.cfi_def_cfa_offset 4
 6501              		@ sp needed
 6502 007c 5DF804FB 		ldr	pc, [sp], #4
 6503              	.L452:
 6504              		.align	2
 6505              	.L451:
 6506 0080 00000000 		.word	SystemCoreClock
 6507 0084 F1197605 		.word	91625969
 6508              		.cfi_endproc
 6509              	.LFE102:
 6511              		.section	.text.HAL_SPI_GetState,"ax",%progbits
 6512              		.align	1
 6513              		.global	HAL_SPI_GetState
 6514              		.syntax unified
 6515              		.thumb
 6516              		.thumb_func
 6518              	HAL_SPI_GetState:
 6519              	.LVL408:
 6520              	.LFB92:
2694:Drivers/STM32F1xx_HAL_Driver/Src/stm32f1xx_hal_spi.c ****   /* Return SPI handle state */
 6521              		.loc 1 2694 1 is_stmt 1 view -0
 6522              		.cfi_startproc
 6523              		@ args = 0, pretend = 0, frame = 0
 6524              		@ frame_needed = 0, uses_anonymous_args = 0
 6525              		@ link register save eliminated.
2696:Drivers/STM32F1xx_HAL_Driver/Src/stm32f1xx_hal_spi.c **** }
 6526              		.loc 1 2696 3 view .LVU2205
2696:Drivers/STM32F1xx_HAL_Driver/Src/stm32f1xx_hal_spi.c **** }
 6527              		.loc 1 2696 14 is_stmt 0 view .LVU2206
 6528 0000 90F85100 		ldrb	r0, [r0, #81]	@ zero_extendqisi2
 6529              	.LVL409:
2697:Drivers/STM32F1xx_HAL_Driver/Src/stm32f1xx_hal_spi.c **** 
 6530              		.loc 1 2697 1 view .LVU2207
 6531 0004 7047     		bx	lr
 6532              		.cfi_endproc
 6533              	.LFE92:
 6535              		.section	.text.HAL_SPI_GetError,"ax",%progbits
 6536              		.align	1
 6537              		.global	HAL_SPI_GetError
 6538              		.syntax unified
 6539              		.thumb
 6540              		.thumb_func
 6542              	HAL_SPI_GetError:
 6543              	.LVL410:
 6544              	.LFB93:
2706:Drivers/STM32F1xx_HAL_Driver/Src/stm32f1xx_hal_spi.c ****   /* Return SPI ErrorCode */
 6545              		.loc 1 2706 1 is_stmt 1 view -0
 6546              		.cfi_startproc
 6547              		@ args = 0, pretend = 0, frame = 0
 6548              		@ frame_needed = 0, uses_anonymous_args = 0
 6549              		@ link register save eliminated.
2708:Drivers/STM32F1xx_HAL_Driver/Src/stm32f1xx_hal_spi.c **** }
 6550              		.loc 1 2708 3 view .LVU2209
2708:Drivers/STM32F1xx_HAL_Driver/Src/stm32f1xx_hal_spi.c **** }
 6551              		.loc 1 2708 14 is_stmt 0 view .LVU2210
ARM GAS  C:\Users\zhmis\AppData\Local\Temp\ccgFfHBP.s 			page 222


 6552 0000 406D     		ldr	r0, [r0, #84]
 6553              	.LVL411:
2709:Drivers/STM32F1xx_HAL_Driver/Src/stm32f1xx_hal_spi.c **** 
 6554              		.loc 1 2709 1 view .LVU2211
 6555 0002 7047     		bx	lr
 6556              		.cfi_endproc
 6557              	.LFE93:
 6559              		.text
 6560              	.Letext0:
 6561              		.file 2 "C:/Users/zhmis/AppData/Roaming/Code/User/globalStorage/bmd.stm32-for-vscode/@xpack-dev-to
 6562              		.file 3 "C:/Users/zhmis/AppData/Roaming/Code/User/globalStorage/bmd.stm32-for-vscode/@xpack-dev-to
 6563              		.file 4 "Drivers/CMSIS/Device/ST/STM32F1xx/Include/stm32f103xb.h"
 6564              		.file 5 "Drivers/CMSIS/Device/ST/STM32F1xx/Include/stm32f1xx.h"
 6565              		.file 6 "Drivers/STM32F1xx_HAL_Driver/Inc/stm32f1xx_hal_def.h"
 6566              		.file 7 "Drivers/STM32F1xx_HAL_Driver/Inc/stm32f1xx_hal_dma.h"
 6567              		.file 8 "Drivers/STM32F1xx_HAL_Driver/Inc/stm32f1xx_hal_spi.h"
 6568              		.file 9 "Drivers/CMSIS/Device/ST/STM32F1xx/Include/system_stm32f1xx.h"
 6569              		.file 10 "Drivers/STM32F1xx_HAL_Driver/Inc/stm32f1xx_hal.h"
ARM GAS  C:\Users\zhmis\AppData\Local\Temp\ccgFfHBP.s 			page 223


DEFINED SYMBOLS
                            *ABS*:00000000 stm32f1xx_hal_spi.c
C:\Users\zhmis\AppData\Local\Temp\ccgFfHBP.s:19     .text.SPI_AbortRx_ISR:00000000 $t
C:\Users\zhmis\AppData\Local\Temp\ccgFfHBP.s:24     .text.SPI_AbortRx_ISR:00000000 SPI_AbortRx_ISR
C:\Users\zhmis\AppData\Local\Temp\ccgFfHBP.s:109    .text.SPI_AbortRx_ISR:00000060 $d
C:\Users\zhmis\AppData\Local\Temp\ccgFfHBP.s:115    .text.SPI_AbortTx_ISR:00000000 $t
C:\Users\zhmis\AppData\Local\Temp\ccgFfHBP.s:120    .text.SPI_AbortTx_ISR:00000000 SPI_AbortTx_ISR
C:\Users\zhmis\AppData\Local\Temp\ccgFfHBP.s:148    .text.SPI_WaitFlagStateUntilTimeout:00000000 $t
C:\Users\zhmis\AppData\Local\Temp\ccgFfHBP.s:153    .text.SPI_WaitFlagStateUntilTimeout:00000000 SPI_WaitFlagStateUntilTimeout
C:\Users\zhmis\AppData\Local\Temp\ccgFfHBP.s:327    .text.SPI_WaitFlagStateUntilTimeout:000000c4 $d
C:\Users\zhmis\AppData\Local\Temp\ccgFfHBP.s:332    .text.SPI_EndRxTxTransaction:00000000 $t
C:\Users\zhmis\AppData\Local\Temp\ccgFfHBP.s:337    .text.SPI_EndRxTxTransaction:00000000 SPI_EndRxTxTransaction
C:\Users\zhmis\AppData\Local\Temp\ccgFfHBP.s:388    .text.SPI_EndRxTransaction:00000000 $t
C:\Users\zhmis\AppData\Local\Temp\ccgFfHBP.s:393    .text.SPI_EndRxTransaction:00000000 SPI_EndRxTransaction
C:\Users\zhmis\AppData\Local\Temp\ccgFfHBP.s:504    .text.HAL_SPI_MspInit:00000000 $t
C:\Users\zhmis\AppData\Local\Temp\ccgFfHBP.s:510    .text.HAL_SPI_MspInit:00000000 HAL_SPI_MspInit
C:\Users\zhmis\AppData\Local\Temp\ccgFfHBP.s:525    .text.HAL_SPI_Init:00000000 $t
C:\Users\zhmis\AppData\Local\Temp\ccgFfHBP.s:531    .text.HAL_SPI_Init:00000000 HAL_SPI_Init
C:\Users\zhmis\AppData\Local\Temp\ccgFfHBP.s:681    .text.HAL_SPI_MspDeInit:00000000 $t
C:\Users\zhmis\AppData\Local\Temp\ccgFfHBP.s:687    .text.HAL_SPI_MspDeInit:00000000 HAL_SPI_MspDeInit
C:\Users\zhmis\AppData\Local\Temp\ccgFfHBP.s:702    .text.HAL_SPI_DeInit:00000000 $t
C:\Users\zhmis\AppData\Local\Temp\ccgFfHBP.s:708    .text.HAL_SPI_DeInit:00000000 HAL_SPI_DeInit
C:\Users\zhmis\AppData\Local\Temp\ccgFfHBP.s:765    .text.HAL_SPI_Transmit:00000000 $t
C:\Users\zhmis\AppData\Local\Temp\ccgFfHBP.s:771    .text.HAL_SPI_Transmit:00000000 HAL_SPI_Transmit
C:\Users\zhmis\AppData\Local\Temp\ccgFfHBP.s:1180   .text.HAL_SPI_TransmitReceive:00000000 $t
C:\Users\zhmis\AppData\Local\Temp\ccgFfHBP.s:1186   .text.HAL_SPI_TransmitReceive:00000000 HAL_SPI_TransmitReceive
C:\Users\zhmis\AppData\Local\Temp\ccgFfHBP.s:1785   .text.HAL_SPI_Receive:00000000 $t
C:\Users\zhmis\AppData\Local\Temp\ccgFfHBP.s:1791   .text.HAL_SPI_Receive:00000000 HAL_SPI_Receive
C:\Users\zhmis\AppData\Local\Temp\ccgFfHBP.s:2139   .text.HAL_SPI_Transmit_IT:00000000 $t
C:\Users\zhmis\AppData\Local\Temp\ccgFfHBP.s:2145   .text.HAL_SPI_Transmit_IT:00000000 HAL_SPI_Transmit_IT
C:\Users\zhmis\AppData\Local\Temp\ccgFfHBP.s:2309   .text.HAL_SPI_Transmit_IT:000000a0 $d
C:\Users\zhmis\AppData\Local\Temp\ccgFfHBP.s:4489   .text.SPI_TxISR_16BIT:00000000 SPI_TxISR_16BIT
C:\Users\zhmis\AppData\Local\Temp\ccgFfHBP.s:4428   .text.SPI_TxISR_8BIT:00000000 SPI_TxISR_8BIT
C:\Users\zhmis\AppData\Local\Temp\ccgFfHBP.s:2315   .text.HAL_SPI_TransmitReceive_IT:00000000 $t
C:\Users\zhmis\AppData\Local\Temp\ccgFfHBP.s:2321   .text.HAL_SPI_TransmitReceive_IT:00000000 HAL_SPI_TransmitReceive_IT
C:\Users\zhmis\AppData\Local\Temp\ccgFfHBP.s:2542   .text.HAL_SPI_TransmitReceive_IT:000000d8 $d
C:\Users\zhmis\AppData\Local\Temp\ccgFfHBP.s:5153   .text.SPI_2linesRxISR_16BIT:00000000 SPI_2linesRxISR_16BIT
C:\Users\zhmis\AppData\Local\Temp\ccgFfHBP.s:5081   .text.SPI_2linesTxISR_16BIT:00000000 SPI_2linesTxISR_16BIT
C:\Users\zhmis\AppData\Local\Temp\ccgFfHBP.s:5009   .text.SPI_2linesRxISR_8BIT:00000000 SPI_2linesRxISR_8BIT
C:\Users\zhmis\AppData\Local\Temp\ccgFfHBP.s:4937   .text.SPI_2linesTxISR_8BIT:00000000 SPI_2linesTxISR_8BIT
C:\Users\zhmis\AppData\Local\Temp\ccgFfHBP.s:2550   .text.HAL_SPI_Receive_IT:00000000 $t
C:\Users\zhmis\AppData\Local\Temp\ccgFfHBP.s:2556   .text.HAL_SPI_Receive_IT:00000000 HAL_SPI_Receive_IT
C:\Users\zhmis\AppData\Local\Temp\ccgFfHBP.s:2748   .text.HAL_SPI_Receive_IT:000000dc $d
C:\Users\zhmis\AppData\Local\Temp\ccgFfHBP.s:4708   .text.SPI_RxISR_16BIT:00000000 SPI_RxISR_16BIT
C:\Users\zhmis\AppData\Local\Temp\ccgFfHBP.s:4647   .text.SPI_RxISR_8BIT:00000000 SPI_RxISR_8BIT
C:\Users\zhmis\AppData\Local\Temp\ccgFfHBP.s:2754   .text.HAL_SPI_Transmit_DMA:00000000 $t
C:\Users\zhmis\AppData\Local\Temp\ccgFfHBP.s:2760   .text.HAL_SPI_Transmit_DMA:00000000 HAL_SPI_Transmit_DMA
C:\Users\zhmis\AppData\Local\Temp\ccgFfHBP.s:2962   .text.HAL_SPI_Transmit_DMA:000000cc $d
C:\Users\zhmis\AppData\Local\Temp\ccgFfHBP.s:4125   .text.SPI_DMAHalfTransmitCplt:00000000 SPI_DMAHalfTransmitCplt
C:\Users\zhmis\AppData\Local\Temp\ccgFfHBP.s:5268   .text.SPI_DMATransmitCplt:00000000 SPI_DMATransmitCplt
C:\Users\zhmis\AppData\Local\Temp\ccgFfHBP.s:5225   .text.SPI_DMAError:00000000 SPI_DMAError
C:\Users\zhmis\AppData\Local\Temp\ccgFfHBP.s:2969   .text.HAL_SPI_TransmitReceive_DMA:00000000 $t
C:\Users\zhmis\AppData\Local\Temp\ccgFfHBP.s:2975   .text.HAL_SPI_TransmitReceive_DMA:00000000 HAL_SPI_TransmitReceive_DMA
C:\Users\zhmis\AppData\Local\Temp\ccgFfHBP.s:3304   .text.HAL_SPI_TransmitReceive_DMA:00000134 $d
C:\Users\zhmis\AppData\Local\Temp\ccgFfHBP.s:4229   .text.SPI_DMAHalfTransmitReceiveCplt:00000000 SPI_DMAHalfTransmitReceiveCplt
C:\Users\zhmis\AppData\Local\Temp\ccgFfHBP.s:5507   .text.SPI_DMATransmitReceiveCplt:00000000 SPI_DMATransmitReceiveCplt
C:\Users\zhmis\AppData\Local\Temp\ccgFfHBP.s:4177   .text.SPI_DMAHalfReceiveCplt:00000000 SPI_DMAHalfReceiveCplt
ARM GAS  C:\Users\zhmis\AppData\Local\Temp\ccgFfHBP.s 			page 224


C:\Users\zhmis\AppData\Local\Temp\ccgFfHBP.s:5391   .text.SPI_DMAReceiveCplt:00000000 SPI_DMAReceiveCplt
C:\Users\zhmis\AppData\Local\Temp\ccgFfHBP.s:3313   .text.HAL_SPI_Receive_DMA:00000000 $t
C:\Users\zhmis\AppData\Local\Temp\ccgFfHBP.s:3319   .text.HAL_SPI_Receive_DMA:00000000 HAL_SPI_Receive_DMA
C:\Users\zhmis\AppData\Local\Temp\ccgFfHBP.s:3543   .text.HAL_SPI_Receive_DMA:000000e8 $d
C:\Users\zhmis\AppData\Local\Temp\ccgFfHBP.s:3550   .text.HAL_SPI_Abort:00000000 $t
C:\Users\zhmis\AppData\Local\Temp\ccgFfHBP.s:3556   .text.HAL_SPI_Abort:00000000 HAL_SPI_Abort
C:\Users\zhmis\AppData\Local\Temp\ccgFfHBP.s:3838   .text.HAL_SPI_Abort:0000012c $d
C:\Users\zhmis\AppData\Local\Temp\ccgFfHBP.s:3846   .text.HAL_SPI_DMAPause:00000000 $t
C:\Users\zhmis\AppData\Local\Temp\ccgFfHBP.s:3852   .text.HAL_SPI_DMAPause:00000000 HAL_SPI_DMAPause
C:\Users\zhmis\AppData\Local\Temp\ccgFfHBP.s:3896   .text.HAL_SPI_DMAResume:00000000 $t
C:\Users\zhmis\AppData\Local\Temp\ccgFfHBP.s:3902   .text.HAL_SPI_DMAResume:00000000 HAL_SPI_DMAResume
C:\Users\zhmis\AppData\Local\Temp\ccgFfHBP.s:3946   .text.HAL_SPI_DMAStop:00000000 $t
C:\Users\zhmis\AppData\Local\Temp\ccgFfHBP.s:3952   .text.HAL_SPI_DMAStop:00000000 HAL_SPI_DMAStop
C:\Users\zhmis\AppData\Local\Temp\ccgFfHBP.s:4036   .text.HAL_SPI_TxCpltCallback:00000000 $t
C:\Users\zhmis\AppData\Local\Temp\ccgFfHBP.s:4042   .text.HAL_SPI_TxCpltCallback:00000000 HAL_SPI_TxCpltCallback
C:\Users\zhmis\AppData\Local\Temp\ccgFfHBP.s:4057   .text.HAL_SPI_RxCpltCallback:00000000 $t
C:\Users\zhmis\AppData\Local\Temp\ccgFfHBP.s:4063   .text.HAL_SPI_RxCpltCallback:00000000 HAL_SPI_RxCpltCallback
C:\Users\zhmis\AppData\Local\Temp\ccgFfHBP.s:4078   .text.HAL_SPI_TxRxCpltCallback:00000000 $t
C:\Users\zhmis\AppData\Local\Temp\ccgFfHBP.s:4084   .text.HAL_SPI_TxRxCpltCallback:00000000 HAL_SPI_TxRxCpltCallback
C:\Users\zhmis\AppData\Local\Temp\ccgFfHBP.s:4099   .text.HAL_SPI_TxHalfCpltCallback:00000000 $t
C:\Users\zhmis\AppData\Local\Temp\ccgFfHBP.s:4105   .text.HAL_SPI_TxHalfCpltCallback:00000000 HAL_SPI_TxHalfCpltCallback
C:\Users\zhmis\AppData\Local\Temp\ccgFfHBP.s:4120   .text.SPI_DMAHalfTransmitCplt:00000000 $t
C:\Users\zhmis\AppData\Local\Temp\ccgFfHBP.s:4151   .text.HAL_SPI_RxHalfCpltCallback:00000000 $t
C:\Users\zhmis\AppData\Local\Temp\ccgFfHBP.s:4157   .text.HAL_SPI_RxHalfCpltCallback:00000000 HAL_SPI_RxHalfCpltCallback
C:\Users\zhmis\AppData\Local\Temp\ccgFfHBP.s:4172   .text.SPI_DMAHalfReceiveCplt:00000000 $t
C:\Users\zhmis\AppData\Local\Temp\ccgFfHBP.s:4203   .text.HAL_SPI_TxRxHalfCpltCallback:00000000 $t
C:\Users\zhmis\AppData\Local\Temp\ccgFfHBP.s:4209   .text.HAL_SPI_TxRxHalfCpltCallback:00000000 HAL_SPI_TxRxHalfCpltCallback
C:\Users\zhmis\AppData\Local\Temp\ccgFfHBP.s:4224   .text.SPI_DMAHalfTransmitReceiveCplt:00000000 $t
C:\Users\zhmis\AppData\Local\Temp\ccgFfHBP.s:4255   .text.HAL_SPI_ErrorCallback:00000000 $t
C:\Users\zhmis\AppData\Local\Temp\ccgFfHBP.s:4261   .text.HAL_SPI_ErrorCallback:00000000 HAL_SPI_ErrorCallback
C:\Users\zhmis\AppData\Local\Temp\ccgFfHBP.s:4276   .text.SPI_CloseTx_ISR:00000000 $t
C:\Users\zhmis\AppData\Local\Temp\ccgFfHBP.s:4281   .text.SPI_CloseTx_ISR:00000000 SPI_CloseTx_ISR
C:\Users\zhmis\AppData\Local\Temp\ccgFfHBP.s:4417   .text.SPI_CloseTx_ISR:00000088 $d
C:\Users\zhmis\AppData\Local\Temp\ccgFfHBP.s:4423   .text.SPI_TxISR_8BIT:00000000 $t
C:\Users\zhmis\AppData\Local\Temp\ccgFfHBP.s:4484   .text.SPI_TxISR_16BIT:00000000 $t
C:\Users\zhmis\AppData\Local\Temp\ccgFfHBP.s:4545   .text.SPI_CloseRx_ISR:00000000 $t
C:\Users\zhmis\AppData\Local\Temp\ccgFfHBP.s:4550   .text.SPI_CloseRx_ISR:00000000 SPI_CloseRx_ISR
C:\Users\zhmis\AppData\Local\Temp\ccgFfHBP.s:4642   .text.SPI_RxISR_8BIT:00000000 $t
C:\Users\zhmis\AppData\Local\Temp\ccgFfHBP.s:4703   .text.SPI_RxISR_16BIT:00000000 $t
C:\Users\zhmis\AppData\Local\Temp\ccgFfHBP.s:4764   .text.SPI_CloseRxTx_ISR:00000000 $t
C:\Users\zhmis\AppData\Local\Temp\ccgFfHBP.s:4769   .text.SPI_CloseRxTx_ISR:00000000 SPI_CloseRxTx_ISR
C:\Users\zhmis\AppData\Local\Temp\ccgFfHBP.s:4926   .text.SPI_CloseRxTx_ISR:000000a8 $d
C:\Users\zhmis\AppData\Local\Temp\ccgFfHBP.s:4932   .text.SPI_2linesTxISR_8BIT:00000000 $t
C:\Users\zhmis\AppData\Local\Temp\ccgFfHBP.s:5004   .text.SPI_2linesRxISR_8BIT:00000000 $t
C:\Users\zhmis\AppData\Local\Temp\ccgFfHBP.s:5076   .text.SPI_2linesTxISR_16BIT:00000000 $t
C:\Users\zhmis\AppData\Local\Temp\ccgFfHBP.s:5148   .text.SPI_2linesRxISR_16BIT:00000000 $t
C:\Users\zhmis\AppData\Local\Temp\ccgFfHBP.s:5220   .text.SPI_DMAError:00000000 $t
C:\Users\zhmis\AppData\Local\Temp\ccgFfHBP.s:5263   .text.SPI_DMATransmitCplt:00000000 $t
C:\Users\zhmis\AppData\Local\Temp\ccgFfHBP.s:5386   .text.SPI_DMAReceiveCplt:00000000 $t
C:\Users\zhmis\AppData\Local\Temp\ccgFfHBP.s:5502   .text.SPI_DMATransmitReceiveCplt:00000000 $t
C:\Users\zhmis\AppData\Local\Temp\ccgFfHBP.s:5601   .text.HAL_SPI_IRQHandler:00000000 $t
C:\Users\zhmis\AppData\Local\Temp\ccgFfHBP.s:5607   .text.HAL_SPI_IRQHandler:00000000 HAL_SPI_IRQHandler
C:\Users\zhmis\AppData\Local\Temp\ccgFfHBP.s:5849   .text.HAL_SPI_IRQHandler:00000104 $d
C:\Users\zhmis\AppData\Local\Temp\ccgFfHBP.s:5859   .text.SPI_DMAAbortOnError:00000000 SPI_DMAAbortOnError
C:\Users\zhmis\AppData\Local\Temp\ccgFfHBP.s:5854   .text.SPI_DMAAbortOnError:00000000 $t
C:\Users\zhmis\AppData\Local\Temp\ccgFfHBP.s:5891   .text.HAL_SPI_AbortCpltCallback:00000000 $t
C:\Users\zhmis\AppData\Local\Temp\ccgFfHBP.s:5897   .text.HAL_SPI_AbortCpltCallback:00000000 HAL_SPI_AbortCpltCallback
ARM GAS  C:\Users\zhmis\AppData\Local\Temp\ccgFfHBP.s 			page 225


C:\Users\zhmis\AppData\Local\Temp\ccgFfHBP.s:5912   .text.HAL_SPI_Abort_IT:00000000 $t
C:\Users\zhmis\AppData\Local\Temp\ccgFfHBP.s:5918   .text.HAL_SPI_Abort_IT:00000000 HAL_SPI_Abort_IT
C:\Users\zhmis\AppData\Local\Temp\ccgFfHBP.s:6240   .text.HAL_SPI_Abort_IT:0000013c $d
C:\Users\zhmis\AppData\Local\Temp\ccgFfHBP.s:6376   .text.SPI_DMATxAbortCallback:00000000 SPI_DMATxAbortCallback
C:\Users\zhmis\AppData\Local\Temp\ccgFfHBP.s:6255   .text.SPI_DMARxAbortCallback:00000000 SPI_DMARxAbortCallback
C:\Users\zhmis\AppData\Local\Temp\ccgFfHBP.s:6250   .text.SPI_DMARxAbortCallback:00000000 $t
C:\Users\zhmis\AppData\Local\Temp\ccgFfHBP.s:6371   .text.SPI_DMATxAbortCallback:00000000 $t
C:\Users\zhmis\AppData\Local\Temp\ccgFfHBP.s:6506   .text.SPI_DMATxAbortCallback:00000080 $d
C:\Users\zhmis\AppData\Local\Temp\ccgFfHBP.s:6512   .text.HAL_SPI_GetState:00000000 $t
C:\Users\zhmis\AppData\Local\Temp\ccgFfHBP.s:6518   .text.HAL_SPI_GetState:00000000 HAL_SPI_GetState
C:\Users\zhmis\AppData\Local\Temp\ccgFfHBP.s:6536   .text.HAL_SPI_GetError:00000000 $t
C:\Users\zhmis\AppData\Local\Temp\ccgFfHBP.s:6542   .text.HAL_SPI_GetError:00000000 HAL_SPI_GetError

UNDEFINED SYMBOLS
SystemCoreClock
HAL_GetTick
HAL_DMA_Start_IT
HAL_DMA_Abort
HAL_DMA_Abort_IT
